EmployeeID,TotalDays,PresentDays,AbsentDays,LateDays,AvgWorkingHours,TotalOvertimeHrs,AttendanceRate
1,261,232,29,231,7.37,0.0,88.89
2,261,236,25,234,7.72,0.0,90.42
3,261,242,19,241,7.01,0.0,92.72
4,261,235,26,234,7.19,0.0,90.04
5,261,245,16,245,8.01,0.0,93.87
6,261,237,24,236,10.8,425.67,90.8
7,261,232,29,230,6.92,0.0,88.89
8,261,243,18,243,6.73,0.0,93.1
9,261,230,31,230,7.24,0.0,88.12
10,261,234,27,234,7.08,0.0,89.66
11,261,241,20,241,8.4,0.86,92.34
12,261,241,20,240,7.07,0.0,92.34
13,261,229,32,229,9.3,74.5,87.74
14,261,235,26,234,9.4,95.81,90.04
15,261,241,20,238,6.09,0.0,92.34
16,261,237,24,236,6.71,0.0,90.8
17,261,227,34,227,6.62,0.0,86.97
18,261,246,15,246,11.01,495.52,94.25
19,261,232,29,231,6.96,0.0,88.89
20,261,231,30,229,9.29,73.52,88.51
21,261,232,29,230,7.59,0.0,88.89
22,261,233,28,233,6.01,0.0,89.27
23,261,232,29,230,8.4,0.65,88.89
24,261,242,19,240,6.81,0.0,92.72
25,261,231,30,230,7.09,0.0,88.51
26,261,241,20,241,9.36,89.85,92.34
27,261,239,22,235,10.98,472.53,91.57
28,261,236,25,231,7.6,0.0,90.42
29,261,243,18,243,10.98,480.55,93.1
30,261,230,31,229,6.83,0.0,88.12
31,261,238,23,236,10.11,264.04,91.19
32,261,242,19,239,6.71,0.0,92.72
33,261,234,27,230,10.52,355.26,89.66
34,261,243,18,242,6.18,0.0,93.1
35,261,240,21,240,6.59,0.0,91.95
36,261,232,29,231,10.27,295.16,88.89
37,261,242,19,242,9.98,237.82,92.72
38,261,230,31,230,5.98,0.0,88.12
39,261,227,34,226,6.78,0.0,86.97
40,261,239,22,239,7.69,0.0,91.57
41,261,244,17,244,7.2,0.0,93.49
42,261,235,26,235,7.59,0.0,90.04
43,261,242,19,241,6.95,0.0,92.72
44,261,240,21,239,7.01,0.0,91.95
45,261,244,17,244,7.2,0.0,93.49
46,261,240,21,239,7.17,0.0,91.95
47,261,235,26,230,7.64,0.0,90.04
48,261,237,24,236,7.83,0.0,90.8
49,261,227,34,227,6.97,0.0,86.97
50,261,228,33,228,6.91,0.0,87.36
51,261,242,19,242,10.9,458.7,92.72
52,261,237,24,237,9.13,45.56,90.8
53,261,239,22,238,6.83,0.0,91.57
54,261,236,25,236,7.32,0.0,90.42
55,261,244,17,243,8.61,4.11,93.49
56,261,237,24,236,6.78,0.0,90.8
57,261,245,16,244,10.99,486.59,93.87
58,261,227,34,227,7.69,0.0,86.97
59,261,243,18,243,9.95,230.57,93.1
60,261,239,22,236,7.91,0.0,91.57
61,261,244,17,243,10.67,408.07,93.49
62,261,239,22,238,10.5,357.59,91.57
63,261,231,30,230,10.07,247.0,88.51
64,261,243,18,241,6.61,0.0,93.1
65,261,237,24,236,7.5,0.0,90.8
66,261,247,14,245,10.73,426.63,94.64
67,261,232,29,229,6.18,0.0,88.89
68,261,227,34,226,6.61,0.0,86.97
69,261,228,33,228,6.08,0.0,87.36
70,261,246,15,246,9.97,239.05,94.25
71,261,242,19,242,7.42,0.0,92.72
72,261,243,18,241,6.49,0.0,93.1
73,261,235,26,235,6.3,0.0,90.04
74,261,231,30,231,9.32,78.12,88.51
75,261,232,29,230,6.1,0.0,88.89
76,261,238,23,237,7.22,0.0,91.19
77,261,242,19,241,7.1,0.0,92.72
78,261,231,30,227,9.91,211.16,88.51
79,261,230,31,229,10.48,339.89,88.12
80,261,239,22,238,6.91,0.0,91.57
81,261,232,29,230,7.59,0.0,88.89
82,261,244,17,243,6.08,0.0,93.49
83,261,236,25,236,6.0,0.0,90.42
84,261,242,19,241,8.98,27.91,92.72
85,261,238,23,235,10.43,339.43,91.19
86,261,244,17,243,8.39,0.24,93.49
87,261,233,28,232,7.91,0.0,89.27
88,261,237,24,236,7.11,0.0,90.8
89,261,239,22,238,9.69,164.7,91.57
90,261,239,22,237,7.77,0.0,91.57
91,261,237,24,235,6.28,0.0,90.8
92,261,233,28,232,6.31,0.0,89.27
93,261,228,33,228,8.83,13.8,87.36
94,261,231,30,231,7.72,0.0,88.51
95,261,233,28,233,7.32,0.0,89.27
96,261,247,14,245,10.8,444.17,94.64
97,261,245,16,244,10.4,343.33,93.87
98,261,243,18,241,5.99,0.0,93.1
99,261,239,22,238,6.11,0.0,91.57
100,261,244,17,244,8.13,0.09,93.49
101,261,232,29,231,7.31,0.0,88.89
102,261,238,23,237,7.11,0.0,91.19
103,261,235,26,233,6.33,0.0,90.04
104,261,233,28,232,8.13,0.03,89.27
105,261,229,32,229,7.99,0.0,87.74
106,261,231,30,231,10.51,348.6,88.51
107,261,231,30,231,7.99,0.0,88.51
108,261,228,33,227,6.1,0.0,87.36
109,261,233,28,233,7.59,0.0,89.27
110,261,230,31,230,6.89,0.0,88.12
111,261,234,27,234,9.3,75.84,89.66
112,261,246,15,244,10.81,444.3,94.25
113,261,230,31,228,6.0,0.0,88.12
114,261,245,16,243,7.79,0.0,93.87
115,261,236,25,234,7.72,0.0,90.42
116,261,234,27,232,6.19,0.0,89.66
117,261,232,29,231,7.12,0.0,88.89
118,261,240,21,239,7.83,0.0,91.95
119,261,228,33,226,7.62,0.0,87.36
120,261,234,27,233,6.0,0.0,89.66
121,261,235,26,235,9.11,42.71,90.04
122,261,236,25,235,8.68,6.43,90.42
123,261,230,31,229,9.99,228.42,88.12
124,261,231,30,228,6.9,0.0,88.51
125,261,240,21,238,7.0,0.0,91.95
126,261,231,30,230,6.29,0.0,88.51
127,261,236,25,236,6.37,0.0,90.42
128,261,240,21,239,8.19,0.23,91.95
129,261,240,21,240,6.45,0.0,91.95
130,261,230,31,229,6.68,0.0,88.12
131,261,235,26,232,7.48,0.0,90.04
132,261,245,16,244,9.92,225.43,93.87
133,261,235,26,234,7.42,0.0,90.04
134,261,238,23,238,7.5,0.0,91.19
135,261,227,34,227,6.0,0.0,86.97
136,261,234,27,232,6.86,0.0,89.66
137,261,232,29,232,6.13,0.0,88.89
138,261,227,34,226,7.67,0.19,86.97
139,261,238,23,238,8.88,17.81,91.19
140,261,232,29,231,10.9,439.84,88.89
141,261,233,28,232,10.69,394.24,89.27
142,261,232,29,231,7.06,0.0,88.89
143,261,245,16,243,9.01,30.6,93.87
144,261,239,22,239,7.42,0.0,91.57
145,261,245,16,244,7.59,0.0,93.87
146,261,241,20,241,6.62,0.0,92.34
147,261,236,25,236,6.19,0.0,90.42
148,261,236,25,234,6.47,0.0,90.42
149,261,243,18,242,8.2,0.33,93.1
150,261,237,24,233,6.79,0.0,90.8
151,261,235,26,235,7.3,0.0,90.04
152,261,233,28,232,6.82,0.0,89.27
153,261,230,31,228,7.32,0.0,88.12
154,261,232,29,230,6.16,0.0,88.89
155,261,237,24,236,7.61,0.0,90.8
156,261,238,23,237,6.6,0.0,91.19
157,261,236,25,235,10.65,389.15,90.42
158,261,227,34,227,6.2,0.0,86.97
159,261,237,24,237,8.59,2.46,90.8
160,261,230,31,230,6.0,0.0,88.12
161,261,227,34,227,6.28,0.0,86.97
162,261,234,27,234,7.91,0.0,89.66
163,261,242,19,242,7.18,0.0,92.72
164,261,237,24,235,6.65,0.0,90.8
165,261,234,27,234,7.91,0.0,89.66
166,261,239,22,238,6.72,0.0,91.57
167,261,231,30,230,6.29,0.0,88.51
168,261,243,18,243,7.18,0.0,93.1
169,261,240,21,239,6.29,0.0,91.95
170,261,231,30,231,7.22,0.0,88.51
171,261,230,31,230,7.81,0.0,88.12
172,261,242,19,242,6.81,0.0,92.72
173,261,234,27,233,6.48,0.0,89.66
174,261,241,20,240,7.65,0.0,92.34
175,261,234,27,233,7.59,0.0,89.66
176,261,234,27,233,9.18,51.32,89.66
177,261,236,25,232,6.38,0.0,90.42
178,261,234,27,229,8.48,0.63,89.66
179,261,244,17,242,6.97,0.0,93.49
180,261,241,20,239,6.47,0.0,92.34
181,261,242,19,241,8.88,15.62,92.72
182,261,228,33,228,6.59,0.0,87.36
183,261,237,24,235,11.0,472.95,90.8
184,261,236,25,235,7.81,0.0,90.42
185,261,244,17,244,7.23,0.0,93.49
186,261,234,27,233,6.42,0.0,89.66
187,261,231,30,231,6.78,0.0,88.51
188,261,234,27,234,7.39,0.0,89.66
189,261,230,31,228,6.19,0.0,88.12
190,261,233,28,233,6.01,0.0,89.27
191,261,244,17,244,7.3,0.0,93.49
192,261,242,19,240,7.06,0.0,92.72
193,261,242,19,241,8.72,6.1,92.72
194,261,236,25,234,10.81,426.59,90.42
195,261,226,35,224,7.41,0.0,86.59
196,261,244,17,242,9.19,56.74,93.49
197,261,228,33,228,7.39,0.0,87.36
198,261,241,20,240,7.4,0.0,92.34
199,261,234,27,234,6.71,0.0,89.66
200,261,241,20,239,9.23,69.06,92.34
201,261,239,22,239,6.88,0.0,91.57
202,261,230,31,229,9.29,73.22,88.12
203,261,229,32,228,6.02,0.0,87.74
204,261,228,33,228,6.33,0.0,87.36
205,261,237,24,237,6.41,0.0,90.8
206,261,233,28,232,8.75,6.58,89.27
207,261,240,21,238,7.39,0.0,91.95
208,261,228,33,226,6.2,0.0,87.36
209,261,239,22,239,7.71,0.0,91.57
210,261,241,20,241,7.51,0.0,92.34
211,261,244,17,244,9.08,38.19,93.49
212,261,241,20,241,5.99,0.0,92.34
213,261,242,19,242,6.03,0.0,92.72
214,261,239,22,238,6.02,0.0,91.57
215,261,237,24,235,6.9,0.0,90.8
216,261,241,20,240,10.78,429.39,92.34
217,261,231,30,230,8.98,27.25,88.51
218,261,242,19,241,7.38,0.0,92.72
219,261,232,29,231,6.82,0.0,88.89
220,261,244,17,242,6.79,0.0,93.49
221,261,227,34,227,7.41,0.0,86.97
222,261,246,15,243,10.83,449.06,94.25
223,261,233,28,232,6.88,0.0,89.27
224,261,231,30,230,8.91,17.6,88.51
225,261,239,22,239,6.68,0.0,91.57
226,261,239,22,237,7.92,0.0,91.57
227,261,234,27,231,6.31,0.0,89.66
228,261,239,22,238,7.89,0.0,91.57
229,261,243,18,243,8.88,15.78,93.1
230,261,242,19,241,7.09,0.0,92.72
231,261,235,26,233,7.49,0.0,90.04
232,261,245,16,245,8.69,5.48,93.87
233,261,242,19,241,6.8,0.0,92.72
234,261,243,18,242,9.13,45.65,93.1
235,261,237,24,237,7.02,0.0,90.8
236,261,228,33,228,6.7,0.0,87.36
237,261,233,28,232,8.4,0.48,89.27
238,261,239,22,238,6.48,0.0,91.57
239,261,230,31,229,7.23,0.0,88.12
240,261,231,30,228,8.69,5.43,88.51
241,261,227,34,226,6.04,0.0,86.97
242,261,235,26,235,7.28,0.0,90.04
243,261,242,19,241,9.38,94.69,92.72
244,261,237,24,237,7.31,0.0,90.8
245,261,235,26,232,7.11,0.0,90.04
246,261,239,22,239,7.44,0.0,91.57
247,261,228,33,226,7.57,0.0,87.36
248,261,244,17,243,9.96,235.02,93.49
249,261,238,23,238,6.21,0.0,91.19
250,261,234,27,231,6.81,0.0,89.66
251,261,237,24,237,6.66,0.0,90.8
252,261,242,19,242,7.51,0.0,92.72
253,261,228,33,225,6.41,0.0,87.36
254,261,237,24,236,10.7,403.6,90.8
255,261,230,31,228,7.0,0.0,88.12
256,261,238,23,236,8.63,3.24,91.19
257,261,246,15,246,10.4,345.05,94.25
258,261,231,30,229,6.73,0.0,88.51
259,261,234,27,234,7.09,0.0,89.66
260,261,241,20,239,7.68,0.0,92.34
261,261,242,19,241,6.8,0.0,92.72
262,261,229,32,229,7.81,0.0,87.74
263,261,230,31,229,7.1,0.0,88.12
264,261,234,27,234,8.89,17.03,89.66
265,261,229,32,228,7.6,0.0,87.74
266,261,246,15,246,9.12,45.24,94.25
267,261,232,29,229,6.82,0.0,88.89
268,261,241,20,240,7.51,0.0,92.34
269,261,233,28,233,6.71,0.0,89.27
270,261,234,27,233,7.9,0.11,89.66
271,261,246,15,244,8.21,0.0,94.25
272,261,233,28,232,7.17,0.0,89.27
273,261,231,30,231,6.51,0.0,88.51
274,261,230,31,228,7.93,0.0,88.12
275,261,231,30,230,6.72,0.0,88.51
276,261,242,19,242,8.62,4.41,92.72
277,261,230,31,230,6.76,0.0,88.12
278,261,227,34,227,7.71,0.0,86.97
279,261,237,24,237,6.61,0.0,90.8
280,261,237,24,237,7.35,0.0,90.8
281,261,233,28,232,6.17,0.0,89.27
282,261,227,34,226,7.39,0.0,86.97
283,261,229,32,226,8.1,0.0,87.74
284,261,238,23,236,6.02,0.0,91.19
285,261,229,32,229,9.81,186.71,87.74
286,261,241,20,238,6.11,0.0,92.34
287,261,229,32,229,8.31,0.25,87.74
288,261,233,28,230,7.52,0.0,89.27
289,261,243,18,243,6.41,0.0,93.1
290,261,239,22,239,10.01,240.3,91.57
291,261,236,25,234,7.1,0.0,90.42
292,261,243,18,243,6.41,0.0,93.1
293,261,231,30,230,7.8,0.0,88.51
294,261,241,20,240,6.3,0.0,92.34
295,261,233,28,232,7.14,0.0,89.27
296,261,234,27,234,8.8,9.63,89.66
297,261,244,17,244,7.5,0.0,93.49
298,261,229,32,227,7.08,0.0,87.74
299,261,227,34,227,6.28,0.0,86.97
300,261,231,30,231,7.1,0.0,88.51
301,261,227,34,226,7.81,0.0,86.97
302,261,237,24,236,10.9,450.97,90.8
303,261,238,23,236,6.19,0.0,91.19
304,261,230,31,229,5.99,0.0,88.12
305,261,238,23,237,10.05,249.91,91.19
306,261,232,29,232,7.68,0.0,88.89
307,261,235,26,234,5.98,0.0,90.04
308,261,232,29,230,7.98,0.0,88.89
309,261,232,29,232,10.01,233.94,88.89
310,261,244,17,244,7.78,0.0,93.49
311,261,239,22,236,7.98,0.0,91.57
312,261,232,29,232,7.4,0.0,88.89
313,261,242,19,242,7.21,0.0,92.72
314,261,232,29,231,7.08,0.0,88.89
315,261,240,21,240,6.29,0.0,91.95
316,261,230,31,229,6.19,0.0,88.12
317,261,239,22,234,6.2,0.0,91.57
318,261,244,17,244,8.91,18.19,93.49
319,261,238,23,238,6.81,0.0,91.19
320,261,243,18,242,9.46,113.66,93.1
321,261,242,19,241,10.81,438.14,92.72
322,261,231,30,230,6.92,0.0,88.51
323,261,244,17,242,7.8,0.0,93.49
324,261,228,33,228,7.17,0.0,87.36
325,261,243,18,239,6.45,0.0,93.1
326,261,229,32,228,7.94,0.0,87.74
327,261,242,19,240,7.82,0.0,92.72
328,261,237,24,235,7.98,0.0,90.8
329,261,241,20,240,6.82,0.0,92.34
330,261,237,24,235,6.07,0.0,90.8
331,261,236,25,235,6.41,0.0,90.42
332,261,248,13,246,10.7,420.49,95.02
333,261,241,20,240,6.99,0.0,92.34
334,261,242,19,242,7.99,0.0,92.72
335,261,238,23,238,9.47,113.9,91.19
336,261,228,33,228,7.72,0.0,87.36
337,261,233,28,232,7.73,0.0,89.27
338,261,232,29,231,8.9,18.21,88.89
339,261,237,24,236,7.78,0.0,90.8
340,261,232,29,231,10.47,341.54,88.89
341,261,230,31,230,6.2,0.0,88.12
342,261,228,33,228,6.62,0.0,87.36
343,261,231,30,231,7.99,0.0,88.51
344,261,232,29,232,6.89,0.0,88.89
345,261,245,16,244,9.38,95.19,93.87
346,261,231,30,231,6.62,0.0,88.51
347,261,243,18,241,7.58,0.0,93.1
348,261,242,19,240,7.6,0.0,92.72
349,261,235,26,235,6.87,0.0,90.04
350,261,231,30,230,6.29,0.0,88.51
351,261,228,33,228,6.38,0.0,87.36
352,261,231,30,231,7.33,0.0,88.51
353,261,234,27,232,10.49,349.61,89.66
354,261,238,23,238,6.99,0.0,91.19
355,261,244,17,243,9.91,222.11,93.49
356,261,242,19,241,6.89,0.0,92.72
357,261,230,31,230,8.0,0.0,88.12
358,261,245,16,243,7.31,0.0,93.87
359,261,231,30,230,6.11,0.0,88.51
360,261,239,22,239,6.32,0.0,91.57
361,261,238,23,237,6.42,0.0,91.19
362,261,241,20,240,6.02,0.0,92.34
363,261,231,30,230,6.9,0.0,88.51
364,261,235,26,235,9.7,165.47,90.04
365,261,234,27,234,7.79,0.0,89.66
366,261,230,31,230,6.41,0.0,88.12
367,261,245,16,245,10.39,340.83,93.87
368,261,237,24,237,8.52,1.05,90.8
369,261,242,19,241,6.59,0.0,92.72
370,261,234,27,234,7.59,0.0,89.66
371,261,241,20,239,6.1,0.0,92.34
372,261,227,34,226,6.29,0.0,86.97
373,261,232,29,231,6.48,0.0,88.89
374,261,241,20,241,10.98,478.06,92.34
375,261,230,31,229,8.01,0.0,88.12
376,261,242,19,241,7.59,0.0,92.72
377,261,243,18,241,10.41,342.54,93.1
378,261,229,32,229,8.8,10.87,87.74
379,261,231,30,229,10.0,231.11,88.51
380,261,229,32,229,7.89,0.0,87.74
381,261,237,24,237,7.8,0.0,90.8
382,261,241,20,239,7.47,0.0,92.34
383,261,230,31,227,7.56,0.0,88.12
384,261,235,26,233,6.81,0.0,90.04
385,261,236,25,233,6.99,0.0,90.42
386,261,239,22,239,9.61,147.16,91.57
387,261,240,21,237,10.1,263.6,91.95
388,261,242,19,241,9.39,99.93,92.72
389,261,233,28,232,6.37,0.0,89.27
390,261,236,25,236,7.1,0.0,90.42
391,261,235,26,235,7.41,0.0,90.04
392,261,244,17,241,6.67,0.0,93.49
393,261,234,27,230,7.59,0.0,89.66
394,261,244,17,243,10.68,410.63,93.49
395,261,237,24,236,8.31,0.08,90.8
396,261,228,33,228,6.61,0.0,87.36
397,261,245,16,245,6.88,0.0,93.87
398,261,235,26,233,9.42,100.52,90.04
399,261,247,14,245,10.03,253.18,94.64
400,261,237,24,236,6.45,0.0,90.8
401,261,239,22,235,9.77,185.05,91.57
402,261,227,34,227,6.42,0.0,86.97
403,261,244,17,243,10.5,366.1,93.49
404,261,241,20,240,6.58,0.0,92.34
405,261,234,27,233,7.11,0.0,89.66
406,261,245,16,245,7.88,0.0,93.87
407,261,244,17,243,10.3,316.65,93.49
408,261,237,24,237,8.49,1.22,90.8
409,261,241,20,241,9.8,193.36,92.34
410,261,231,30,230,10.41,325.82,88.51
411,261,236,25,234,7.68,0.0,90.42
412,261,239,22,238,10.67,398.24,91.57
413,261,239,22,238,7.68,0.0,91.57
414,261,246,15,245,7.72,0.0,94.25
415,261,228,33,227,6.88,0.0,87.36
416,261,238,23,237,10.55,368.48,91.19
417,261,239,22,239,8.32,0.5,91.57
418,261,243,18,243,6.08,0.0,93.1
419,261,238,23,237,10.38,328.55,91.19
420,261,232,29,230,6.99,0.0,88.89
421,261,239,22,239,6.7,0.0,91.57
422,261,244,17,242,7.08,0.0,93.49
423,261,239,22,238,6.5,0.0,91.57
424,261,244,17,243,7.08,0.0,93.49
425,261,242,19,242,7.08,0.0,92.72
426,261,233,28,232,8.9,18.27,89.27
427,261,226,35,225,6.07,0.0,86.59
428,261,241,20,240,7.64,0.0,92.34
429,261,233,28,230,10.71,399.33,89.27
430,261,238,23,238,7.1,0.0,91.19
431,261,241,20,241,10.62,389.22,92.34
432,261,242,19,241,6.08,0.0,92.72
433,261,231,30,229,8.33,0.49,88.51
434,261,245,16,245,8.14,0.03,93.87
435,261,235,26,235,7.89,0.0,90.04
436,261,237,24,237,9.81,191.15,90.8
437,261,244,17,242,6.02,0.0,93.49
438,261,226,35,225,6.27,0.0,86.59
439,261,237,24,235,6.31,0.0,90.8
440,261,229,32,229,7.62,0.0,87.74
441,261,237,24,237,6.37,0.0,90.8
442,261,238,23,236,6.99,0.0,91.19
443,261,230,31,228,7.48,0.0,88.12
444,261,242,19,242,6.52,0.0,92.72
445,261,229,32,229,8.0,0.03,87.74
446,261,228,33,225,8.1,0.0,87.36
447,261,237,24,236,7.32,0.0,90.8
448,261,230,31,230,6.51,0.0,88.12
449,261,237,24,236,9.47,114.38,90.8
450,261,235,26,235,10.09,256.53,90.04
451,261,242,19,241,6.81,0.0,92.72
452,261,238,23,237,8.19,0.0,91.19
453,261,232,29,231,7.93,0.0,88.89
454,261,236,25,236,10.28,302.3,90.42
455,261,244,17,243,7.52,0.0,93.49
456,261,241,20,241,7.01,0.0,92.34
457,261,230,31,228,7.39,0.0,88.12
458,261,241,20,241,8.98,26.15,92.34
459,261,231,30,230,7.91,0.0,88.51
460,261,233,28,233,7.08,0.0,89.27
461,261,242,19,242,8.7,7.34,92.72
462,261,242,19,240,7.97,0.0,92.72
463,261,235,26,235,10.51,353.7,90.04
464,261,243,18,241,9.48,118.08,93.1
465,261,244,17,243,7.7,0.0,93.49
466,261,242,19,239,6.89,0.0,92.72
467,261,244,17,244,6.59,0.0,93.49
468,261,232,29,232,9.32,78.44,88.89
469,261,242,19,242,6.3,0.0,92.72
470,261,235,26,233,6.31,0.0,90.04
471,261,230,31,230,6.6,0.0,88.12
472,261,240,21,239,9.59,142.59,91.95
473,261,233,28,231,10.12,260.47,89.27
474,261,241,20,241,8.31,0.3,92.34
475,261,228,33,228,7.61,0.0,87.36
476,261,230,31,228,7.93,0.0,88.12
477,261,228,33,227,7.33,0.0,87.36
478,261,243,18,240,7.98,0.0,93.1
479,261,231,30,231,6.54,0.0,88.51
480,261,238,23,235,6.89,0.0,91.19
481,261,237,24,236,7.1,0.0,90.8
482,261,243,18,242,7.29,0.0,93.1
483,261,238,23,238,6.93,0.0,91.19
484,261,228,33,228,8.03,0.03,87.36
485,261,236,25,233,6.19,0.0,90.42
486,261,245,16,244,10.11,270.89,93.87
487,261,234,27,233,6.59,0.0,89.66
488,261,236,25,235,8.63,4.14,90.42
489,261,227,34,226,6.27,0.0,86.97
490,261,228,33,228,8.38,0.35,87.36
491,261,233,28,232,7.66,0.0,89.27
492,261,236,25,236,6.01,0.0,90.42
493,261,244,17,244,10.9,463.1,93.49
494,261,228,33,228,6.44,0.0,87.36
495,261,241,20,241,7.83,0.0,92.34
496,261,240,21,240,10.82,436.74,91.95
497,261,235,26,234,7.63,0.0,90.04
498,261,243,18,240,7.4,0.0,93.1
499,261,238,23,238,7.2,0.0,91.19
500,261,243,18,240,7.06,0.0,93.1
501,261,241,20,239,8.11,0.0,92.34
502,261,244,17,243,6.67,0.0,93.49
503,261,242,19,242,7.78,0.0,92.72
504,261,234,27,233,6.08,0.0,89.66
505,261,231,30,230,8.21,0.0,88.51
506,261,244,17,244,9.22,64.54,93.49
507,261,242,19,240,7.77,0.0,92.72
508,261,238,23,237,7.59,0.0,91.19
509,261,234,27,234,9.6,139.89,89.66
510,261,230,31,225,7.26,0.0,88.12
511,261,226,35,226,6.12,0.0,86.59
512,261,245,16,244,7.71,0.0,93.87
513,261,234,27,233,7.4,0.0,89.66
514,261,237,24,237,7.57,0.0,90.8
515,261,233,28,232,6.91,0.0,89.27
516,261,232,29,232,6.61,0.0,88.89
517,261,227,34,227,6.11,0.0,86.97
518,261,241,20,241,7.93,0.0,92.34
519,261,243,18,243,9.11,43.01,93.1
520,261,229,32,228,6.62,0.0,87.74
521,261,239,22,238,10.99,475.34,91.57
522,261,242,19,242,8.72,3.86,92.72
523,261,233,28,231,7.42,0.0,89.27
524,261,231,30,231,7.52,0.0,88.51
525,261,243,18,242,6.25,0.0,93.1
526,261,237,24,237,7.88,0.0,90.8
527,261,230,31,230,7.29,0.0,88.12
528,261,238,23,237,7.92,0.0,91.19
529,261,243,18,243,8.01,0.0,93.1
530,261,231,30,230,6.73,0.0,88.51
531,261,243,18,243,6.61,0.0,93.1
532,261,241,20,239,6.19,0.0,92.34
533,261,233,28,233,6.41,0.0,89.27
534,261,234,27,232,9.81,190.27,89.66
535,261,229,32,229,7.8,0.0,87.74
536,261,246,15,246,6.67,0.0,94.25
537,261,234,27,233,6.69,0.0,89.66
538,261,245,16,242,10.58,387.7,93.87
539,261,240,21,238,10.9,455.99,91.95
540,261,233,28,231,7.81,0.0,89.27
541,261,234,27,233,10.21,283.46,89.66
542,261,244,17,244,6.78,0.0,93.49
543,261,235,26,233,6.3,0.0,90.04
544,261,246,15,246,10.46,359.95,94.25
545,261,243,18,242,8.04,0.0,93.1
546,261,229,32,229,7.12,0.0,87.74
547,261,228,33,227,6.21,0.0,87.36
548,261,232,29,232,6.02,0.0,88.89
549,261,242,19,241,7.98,0.0,92.72
550,261,247,14,246,10.7,419.36,94.64
551,261,230,31,229,6.32,0.0,88.12
552,261,237,24,236,6.9,0.0,90.8
553,261,238,23,238,6.4,0.0,91.19
554,261,232,29,232,7.39,0.0,88.89
555,261,244,17,244,7.12,0.0,93.49
556,261,233,28,231,7.2,0.0,89.27
557,261,243,18,242,5.98,0.0,93.1
558,261,236,25,234,10.52,358.42,90.42
559,261,233,28,233,6.2,0.0,89.27
560,261,230,31,228,7.2,0.0,88.12
561,261,228,33,228,6.61,0.0,87.36
562,261,228,33,225,7.48,0.0,87.36
563,261,229,32,229,6.6,0.0,87.74
564,261,230,31,230,7.17,0.0,88.12
565,261,230,31,229,8.03,0.0,88.12
566,261,232,29,231,7.1,0.0,88.89
567,261,246,15,246,7.2,0.0,94.25
568,261,245,16,245,10.9,465.15,93.87
569,261,226,35,225,6.52,0.0,86.59
570,261,236,25,234,10.68,397.6,90.42
571,261,234,27,233,6.99,0.0,89.66
572,261,234,27,232,8.98,25.14,89.66
573,261,238,23,236,8.12,0.0,91.19
574,261,231,30,231,7.13,0.0,88.51
575,261,244,17,244,8.0,0.0,93.49
576,261,233,28,230,7.42,0.0,89.27
577,261,230,31,229,7.09,0.0,88.12
578,261,242,19,241,6.8,0.0,92.72
579,261,239,22,239,6.79,0.0,91.57
580,261,234,27,233,6.71,0.0,89.66
581,261,231,30,230,8.02,0.0,88.51
582,261,231,30,229,7.69,0.0,88.51
583,261,227,34,224,7.07,0.0,86.97
584,261,228,33,227,7.91,0.0,87.36
585,261,238,23,238,10.29,307.27,91.19
586,261,243,18,242,7.52,0.0,93.1
587,261,241,20,240,7.69,0.0,92.34
588,261,241,20,239,10.52,365.28,92.34
589,261,237,24,235,6.9,0.0,90.8
590,261,243,18,243,7.49,0.0,93.1
591,261,240,21,239,7.99,0.0,91.95
592,261,242,19,242,7.51,0.0,92.72
593,261,228,33,228,6.59,0.0,87.36
594,261,226,35,225,6.28,0.0,86.59
595,261,238,23,238,7.47,0.0,91.19
596,261,239,22,238,7.29,0.0,91.57
597,261,244,17,244,8.8,12.39,93.49
598,261,243,18,243,6.78,0.0,93.1
599,261,234,27,231,6.7,0.0,89.66
600,261,231,30,231,10.4,323.97,88.51
601,261,243,18,243,6.0,0.0,93.1
602,261,237,24,235,8.89,17.1,90.8
603,261,237,24,237,9.88,208.34,90.8
604,261,236,25,235,5.99,0.0,90.42
605,261,232,29,231,6.17,0.0,88.89
606,261,237,24,237,7.82,0.0,90.8
607,261,240,21,237,7.18,0.0,91.95
608,261,234,27,234,7.49,0.0,89.66
609,261,226,35,224,6.79,0.0,86.59
610,261,239,22,237,7.23,0.0,91.57
611,261,226,35,226,7.2,0.0,86.59
612,261,237,24,237,7.29,0.0,90.8
613,261,236,25,235,8.5,1.69,90.42
614,261,227,34,226,6.56,0.0,86.97
615,261,226,35,226,6.02,0.0,86.59
616,261,229,32,228,6.58,0.0,87.74
617,261,242,19,242,6.01,0.0,92.72
618,261,237,24,236,7.59,0.0,90.8
619,261,238,23,238,6.28,0.0,91.19
620,261,230,31,230,6.22,0.0,88.12
621,261,240,21,240,7.5,0.0,91.95
622,261,239,22,238,8.62,2.94,91.57
623,261,235,26,235,7.27,0.0,90.04
624,261,234,27,234,8.39,0.31,89.66
625,261,238,23,238,8.04,0.0,91.19
626,261,234,27,233,6.06,0.0,89.66
627,261,230,31,227,7.29,0.0,88.12
628,261,244,17,243,8.01,0.0,93.49
629,261,238,23,238,9.18,56.14,91.19
630,261,245,16,244,9.53,130.8,93.87
631,261,244,17,244,9.81,197.13,93.49
632,261,233,28,232,9.18,53.71,89.27
633,261,239,22,239,6.32,0.0,91.57
634,261,234,27,232,6.01,0.0,89.66
635,261,236,25,236,8.39,1.5,90.42
636,261,230,31,230,7.38,0.0,88.12
637,261,244,17,244,7.67,0.0,93.49
638,261,240,21,237,8.59,3.53,91.95
639,261,236,25,236,7.27,0.0,90.42
640,261,240,21,239,7.37,0.0,91.95
641,261,238,23,237,6.59,0.0,91.19
642,261,229,32,226,6.7,0.0,87.74
643,261,243,18,243,6.09,0.0,93.1
644,261,242,19,240,6.09,0.0,92.72
645,261,231,30,231,7.98,0.0,88.51
646,261,245,16,244,8.8,11.94,93.87
647,261,241,20,238,6.18,0.0,92.34
648,261,238,23,236,6.92,0.0,91.19
649,261,238,23,237,5.98,0.0,91.19
650,261,233,28,233,7.02,0.0,89.27
651,261,234,27,234,11.03,475.24,89.66
652,261,233,28,233,10.78,415.62,89.27
653,261,227,34,226,7.49,0.0,86.97
654,261,244,17,244,9.2,60.91,93.49
655,261,245,16,245,8.69,5.47,93.87
656,261,231,30,231,9.88,203.09,88.51
657,261,240,21,238,9.62,150.32,91.95
658,261,241,20,240,7.59,0.0,92.34
659,261,238,23,237,6.9,0.0,91.19
660,261,240,21,239,8.92,18.77,91.95
661,261,246,15,245,10.99,488.6,94.25
662,261,234,27,232,6.59,0.0,89.66
663,261,240,21,238,6.8,0.0,91.95
664,261,230,31,230,10.37,316.11,88.12
665,261,235,26,235,7.81,0.0,90.04
666,261,235,26,234,7.5,0.0,90.04
667,261,246,15,244,10.48,364.59,94.25
668,261,234,27,232,9.42,102.48,89.66
669,261,231,30,231,6.41,0.0,88.51
670,261,247,14,247,10.61,397.25,94.64
671,261,237,24,237,5.98,0.0,90.8
672,261,232,29,231,9.71,164.72,88.89
673,261,229,32,227,6.99,0.0,87.74
674,261,244,17,244,9.51,126.55,93.49
675,261,234,27,232,8.41,0.58,89.66
676,261,233,28,232,6.8,0.0,89.27
677,261,232,29,230,7.98,0.0,88.89
678,261,227,34,225,6.81,0.0,86.97
679,261,241,20,240,6.02,0.0,92.34
680,261,244,17,243,8.39,0.55,93.49
681,261,228,33,228,6.04,0.0,87.36
682,261,238,23,237,6.49,0.0,91.19
683,261,242,19,241,7.72,0.0,92.72
684,261,237,24,237,6.23,0.0,90.8
685,261,240,21,240,6.72,0.0,91.95
686,261,236,25,236,7.71,0.0,90.42
687,261,237,24,237,8.01,0.0,90.8
688,261,233,28,233,10.4,327.3,89.27
689,261,239,22,239,9.8,191.54,91.57
690,261,238,23,237,9.97,231.93,91.19
691,261,244,17,243,10.41,343.19,93.49
692,261,244,17,243,6.01,0.0,93.49
693,261,230,31,230,10.1,252.71,88.12
694,261,232,29,231,7.83,0.0,88.89
695,261,235,26,235,9.08,36.77,90.04
696,261,229,32,229,5.98,0.0,87.74
697,261,239,22,236,9.68,163.76,91.57
698,261,228,33,227,6.6,0.0,87.36
699,261,232,29,229,8.0,0.0,88.89
700,261,240,21,238,7.31,0.0,91.95
701,261,239,22,239,7.38,0.0,91.57
702,261,244,17,243,5.98,0.0,93.49
703,261,235,26,234,7.67,0.0,90.04
704,261,234,27,234,9.5,118.49,89.66
705,261,238,23,238,9.52,127.03,91.19
706,261,237,24,236,6.59,0.0,90.8
707,261,229,32,227,7.25,0.0,87.74
708,261,227,34,226,6.31,0.0,86.97
709,261,229,32,228,8.51,0.9,87.74
710,261,228,33,227,6.11,0.0,87.36
711,261,234,27,234,6.11,0.0,89.66
712,261,242,19,240,7.62,0.0,92.72
713,261,239,22,239,7.12,0.0,91.57
714,261,227,34,227,7.47,0.0,86.97
715,261,244,17,242,7.89,0.0,93.49
716,261,229,32,229,7.18,0.0,87.74
717,261,237,24,237,7.36,0.0,90.8
718,261,243,18,243,8.71,5.81,93.1
719,261,235,26,234,10.4,328.18,90.04
720,261,234,27,234,6.4,0.0,89.66
721,261,236,25,236,6.5,0.0,90.42
722,261,234,27,234,7.23,0.0,89.66
723,261,238,23,237,7.69,0.0,91.19
724,261,241,20,240,9.14,46.78,92.34
725,261,226,35,225,6.39,0.0,86.59
726,261,233,28,232,7.91,0.0,89.27
727,261,234,27,234,6.72,0.0,89.66
728,261,239,22,238,10.9,453.03,91.57
729,261,247,14,244,10.25,309.29,94.64
730,261,229,32,229,7.11,0.0,87.74
731,261,238,23,236,10.68,400.02,91.19
732,261,238,23,238,10.4,332.51,91.19
733,261,240,21,240,7.78,0.0,91.95
734,261,232,29,231,10.41,326.23,88.89
735,261,239,22,237,6.61,0.0,91.57
736,261,241,20,241,7.23,0.0,92.34
737,261,237,24,236,9.11,40.56,90.8
738,261,238,23,237,9.72,171.54,91.19
739,261,231,30,231,10.32,305.96,88.51
740,261,241,20,241,10.0,240.45,92.34
741,261,225,36,223,6.3,0.0,86.21
742,261,237,24,236,6.08,0.0,90.8
743,261,235,26,234,6.48,0.0,90.04
744,261,230,31,229,7.52,0.0,88.12
745,261,230,31,230,7.69,0.0,88.12
746,261,228,33,228,7.97,0.0,87.36
747,261,229,32,229,6.81,0.0,87.74
748,261,241,20,239,6.22,0.0,92.34
749,261,238,23,238,7.08,0.0,91.19
750,261,229,32,228,8.58,1.59,87.74
751,261,230,31,230,6.2,0.0,88.12
752,261,246,15,246,10.61,396.65,94.25
753,261,233,28,233,7.48,0.0,89.27
754,261,234,27,233,9.4,97.14,89.66
755,261,240,21,239,7.3,0.0,91.95
756,261,245,16,242,7.54,0.0,93.87
757,261,236,25,236,7.29,0.0,90.42
758,261,228,33,228,7.6,0.0,87.36
759,261,234,27,233,8.04,0.0,89.66
760,261,243,18,243,7.19,0.0,93.1
761,261,238,23,236,6.33,0.0,91.19
762,261,245,16,245,7.32,0.0,93.87
763,261,237,24,237,7.79,0.0,90.8
764,261,237,24,236,7.22,0.0,90.8
765,261,233,28,232,7.6,0.0,89.27
766,261,232,29,231,6.62,0.0,88.89
767,261,241,20,240,6.3,0.0,92.34
768,261,236,25,235,9.68,160.14,90.42
769,261,237,24,235,7.49,0.0,90.8
770,261,227,34,225,6.1,0.0,86.97
771,261,243,18,240,10.5,364.3,93.1
772,261,230,31,229,6.39,0.0,88.12
773,261,241,20,237,6.68,0.0,92.34
774,261,238,23,238,6.67,0.0,91.19
775,261,243,18,242,9.41,102.02,93.1
776,261,229,32,228,6.81,0.0,87.74
777,261,235,26,233,10.5,352.75,90.04
778,261,226,35,226,6.65,0.0,86.59
779,261,243,18,240,10.31,317.95,93.1
780,261,234,27,233,10.61,377.1,89.66
781,261,235,26,235,7.12,0.0,90.04
782,261,234,27,234,7.41,0.0,89.66
783,261,242,19,241,8.03,0.0,92.72
784,261,233,28,233,6.49,0.0,89.27
785,261,230,31,228,6.6,0.0,88.12
786,261,234,27,233,6.91,0.0,89.66
787,261,241,20,240,6.78,0.0,92.34
788,261,240,21,237,6.51,0.0,91.95
789,261,244,17,242,6.92,0.0,93.49
790,261,238,23,238,7.29,0.0,91.19
791,261,236,25,236,6.88,0.0,90.42
792,261,239,22,237,6.06,0.0,91.57
793,261,227,34,226,7.3,0.0,86.97
794,261,234,27,232,7.58,0.0,89.66
795,261,230,31,227,6.09,0.0,88.12
796,261,230,31,230,7.58,0.0,88.12
797,261,236,25,234,6.89,0.0,90.42
798,261,229,32,229,6.31,0.0,87.74
799,261,244,17,243,6.54,0.0,93.49
800,261,243,18,243,7.8,0.0,93.1
801,261,242,19,241,8.51,1.43,92.72
802,261,227,34,227,6.6,0.0,86.97
803,261,233,28,230,8.52,1.84,89.27
804,261,239,22,236,7.35,0.0,91.57
805,261,243,18,243,10.29,314.11,93.1
806,261,243,18,243,7.03,0.0,93.1
807,261,242,19,242,6.1,0.0,92.72
808,261,235,26,235,10.69,397.42,90.04
809,261,244,17,243,7.9,0.0,93.49
810,261,240,21,239,10.85,443.93,91.95
811,261,244,17,243,7.59,0.0,93.49
812,261,240,21,240,6.12,0.0,91.95
813,261,227,34,226,6.96,0.0,86.97
814,261,233,28,233,6.4,0.0,89.27
815,261,244,17,241,7.12,0.0,93.49
816,261,230,31,230,5.97,0.0,88.12
817,261,231,30,229,8.46,0.79,88.51
818,261,239,22,238,7.42,0.0,91.57
819,261,228,33,225,7.0,0.0,87.36
820,261,241,20,240,6.52,0.0,92.34
821,261,229,32,229,7.88,0.0,87.74
822,261,228,33,225,7.13,0.0,87.36
823,261,241,20,241,7.02,0.0,92.34
824,261,229,32,229,6.2,0.0,87.74
825,261,234,27,234,7.71,0.0,89.66
826,261,230,31,230,7.62,0.0,88.12
827,261,234,27,229,10.29,301.85,89.66
828,261,230,31,229,6.36,0.0,88.12
829,261,236,25,236,9.98,232.33,90.42
830,261,232,29,232,10.49,346.67,88.89
831,261,240,21,237,6.6,0.0,91.95
832,261,231,30,230,8.01,0.0,88.51
833,261,238,23,238,6.2,0.0,91.19
834,261,233,28,231,7.21,0.0,89.27
835,261,239,22,239,6.04,0.0,91.57
836,261,244,17,243,8.07,0.0,93.49
837,261,243,18,242,6.32,0.0,93.1
838,261,242,19,239,10.62,391.38,92.72
839,261,244,17,244,8.43,1.4,93.49
840,261,242,19,240,6.1,0.0,92.72
841,261,242,19,240,8.38,0.64,92.72
842,261,237,24,234,6.59,0.0,90.8
843,261,232,29,230,7.77,0.0,88.89
844,261,241,20,240,7.27,0.0,92.34
845,261,244,17,244,9.09,42.76,93.49
846,261,237,24,236,7.86,0.0,90.8
847,261,241,20,241,7.76,0.0,92.34
848,261,234,27,234,7.11,0.0,89.66
849,261,229,32,229,7.38,0.0,87.74
850,261,239,22,238,6.93,0.0,91.57
851,261,244,17,243,6.81,0.0,93.49
852,261,233,28,233,6.5,0.0,89.27
853,261,232,29,232,9.68,159.35,88.89
854,261,244,17,244,6.51,0.0,93.49
855,261,243,18,242,7.6,0.0,93.1
856,261,234,27,234,7.38,0.0,89.66
857,261,232,29,232,7.11,0.0,88.89
858,261,239,22,239,7.42,0.0,91.57
859,261,234,27,234,6.37,0.0,89.66
860,261,228,33,228,6.13,0.0,87.36
861,261,239,22,239,7.3,0.0,91.57
862,261,236,25,236,7.01,0.0,90.42
863,261,232,29,231,7.25,0.0,88.89
864,261,231,30,231,7.43,0.0,88.51
865,261,237,24,234,8.11,0.0,90.8
866,261,228,33,227,9.3,74.9,87.36
867,261,245,16,243,7.77,0.0,93.87
868,261,237,24,236,6.83,0.0,90.8
869,261,240,21,239,9.39,96.39,91.95
870,261,240,21,240,6.66,0.0,91.95
871,261,235,26,233,9.22,60.65,90.04
872,261,243,18,243,6.0,0.0,93.1
873,261,244,17,242,6.39,0.0,93.49
874,261,232,29,232,6.0,0.0,88.89
875,261,235,26,234,6.49,0.0,90.04
876,261,228,33,228,7.03,0.0,87.36
877,261,233,28,231,7.32,0.0,89.27
878,261,241,20,241,6.6,0.0,92.34
879,261,237,24,236,8.42,0.37,90.8
880,261,237,24,236,8.88,17.0,90.8
881,261,243,18,243,9.43,106.65,93.1
882,261,232,29,232,6.34,0.0,88.89
883,261,243,18,242,8.78,9.47,93.1
884,261,233,28,232,6.56,0.0,89.27
885,261,246,15,243,8.88,16.32,94.25
886,261,233,28,231,7.91,0.0,89.27
887,261,233,28,232,7.14,0.0,89.27
888,261,245,16,245,10.92,469.64,93.87
889,261,239,22,239,6.1,0.0,91.57
890,261,239,22,238,7.3,0.0,91.57
891,261,230,31,230,6.57,0.0,88.12
892,261,243,18,242,6.09,0.0,93.1
893,261,235,26,235,7.6,0.0,90.04
894,261,240,21,240,7.38,0.0,91.95
895,261,235,26,232,7.88,0.0,90.04
896,261,243,18,241,8.4,0.68,93.1
897,261,242,19,239,6.04,0.0,92.72
898,261,226,35,225,6.87,0.0,86.59
899,261,230,31,229,7.59,0.0,88.12
900,261,230,31,227,6.19,0.0,88.12
901,261,239,22,237,7.99,0.0,91.57
902,261,232,29,230,6.66,0.0,88.89
903,261,242,19,242,7.32,0.0,92.72
904,261,233,28,231,9.59,137.85,89.27
905,261,240,21,240,5.97,0.0,91.95
906,261,231,30,231,7.94,0.0,88.51
907,261,240,21,240,9.18,54.13,91.95
908,261,232,29,232,8.59,3.29,88.89
909,261,228,33,225,7.11,0.0,87.36
910,261,236,25,236,10.7,400.9,90.42
911,261,239,22,238,8.69,5.34,91.57
912,261,230,31,229,7.17,0.0,88.12
913,261,243,18,239,6.41,0.0,93.1
914,261,244,17,243,10.49,362.77,93.49
915,261,235,26,234,7.29,0.0,90.04
916,261,233,28,232,7.88,0.0,89.27
917,261,233,28,232,6.1,0.0,89.27
918,261,233,28,233,6.77,0.0,89.27
919,261,239,22,239,7.8,0.0,91.57
920,261,240,21,239,7.79,0.0,91.95
921,261,233,28,232,6.63,0.0,89.27
922,261,233,28,233,7.71,0.0,89.27
923,261,228,33,227,5.99,0.0,87.36
924,261,242,19,241,8.5,1.48,92.72
925,261,241,20,240,7.95,0.0,92.34
926,261,238,23,238,6.31,0.0,91.19
927,261,230,31,229,7.58,0.0,88.12
928,261,242,19,239,7.63,0.0,92.72
929,261,230,31,229,8.42,0.52,88.12
930,261,242,19,242,7.2,0.0,92.72
931,261,243,18,242,10.7,414.25,93.1
932,261,227,34,227,6.41,0.0,86.97
933,261,228,33,227,6.6,0.0,87.36
934,261,242,19,242,7.39,0.0,92.72
935,261,235,26,233,9.7,163.47,90.04
936,261,241,20,239,7.81,0.0,92.34
937,261,234,27,233,6.71,0.0,89.66
938,261,238,23,237,6.39,0.0,91.19
939,261,241,20,240,10.96,472.15,92.34
940,261,241,20,240,7.7,0.0,92.34
941,261,237,24,236,9.49,117.77,90.8
942,261,228,33,228,5.96,0.0,87.36
943,261,233,28,232,8.53,1.33,89.27
944,261,240,21,240,8.09,0.0,91.95
945,261,239,22,239,7.39,0.0,91.57
946,261,234,27,232,8.02,0.0,89.66
947,261,237,24,236,9.88,209.19,90.8
948,261,241,20,240,7.53,0.0,92.34
949,261,245,16,244,7.19,0.0,93.87
950,261,246,15,245,7.7,0.0,94.25
951,261,232,29,232,7.97,0.0,88.89
952,261,233,28,233,6.24,0.0,89.27
953,261,231,30,231,7.79,0.0,88.51
954,261,243,18,243,6.51,0.0,93.1
955,261,232,29,231,7.06,0.0,88.89
956,261,245,16,245,9.22,64.43,93.87
957,261,239,22,236,8.51,0.81,91.57
958,261,233,28,233,8.16,0.0,89.27
959,261,240,21,240,8.09,0.0,91.95
960,261,239,22,237,6.71,0.0,91.57
961,261,231,30,229,7.03,0.0,88.51
962,261,231,30,231,7.93,0.0,88.51
963,261,231,30,231,6.29,0.0,88.51
964,261,237,24,236,6.3,0.0,90.8
965,261,237,24,233,6.38,0.0,90.8
966,261,237,24,237,6.79,0.0,90.8
967,261,245,16,245,7.72,0.0,93.87
968,261,227,34,225,6.58,0.0,86.97
969,261,226,35,226,6.91,0.0,86.59
970,261,228,33,228,7.19,0.0,87.36
971,261,231,30,230,7.72,0.0,88.51
972,261,237,24,237,9.78,185.79,90.8
973,261,232,29,230,5.99,0.0,88.89
974,261,244,17,241,7.58,0.0,93.49
975,261,226,35,226,7.38,0.0,86.59
976,261,229,32,227,7.28,0.0,87.74
977,261,235,26,235,7.69,0.0,90.04
978,261,231,30,228,9.8,184.81,88.51
979,261,239,22,238,10.38,329.11,91.57
980,261,242,19,241,7.01,0.0,92.72
981,261,235,26,235,6.03,0.0,90.04
982,261,238,23,238,6.46,0.0,91.19
983,261,247,14,246,10.2,296.02,94.64
984,261,245,16,245,7.6,0.0,93.87
985,261,243,18,243,7.91,0.0,93.1
986,261,240,21,239,7.79,0.0,91.95
987,261,237,24,237,6.22,0.0,90.8
988,261,235,26,234,5.95,0.0,90.04
989,261,230,31,230,6.72,0.0,88.12
990,261,230,31,230,7.61,0.0,88.12
991,261,229,32,227,6.3,0.0,87.74
992,261,229,32,228,6.81,0.0,87.74
993,261,240,21,239,8.8,11.39,91.95
994,261,231,30,228,8.03,0.0,88.51
995,261,237,24,234,9.94,221.75,90.8
996,261,228,33,225,7.39,0.0,87.36
997,261,246,15,245,7.7,0.0,94.25
998,261,228,33,228,8.28,0.0,87.36
999,261,245,16,243,7.88,0.0,93.87
1000,261,242,19,239,6.19,0.0,92.72
1001,261,226,35,224,6.29,0.0,86.59
1002,261,239,22,237,6.83,0.0,91.57
1003,261,228,33,228,6.02,0.0,87.36
1004,261,235,26,235,9.02,28.37,90.04
1005,261,240,21,240,8.41,0.04,91.95
1006,261,234,27,234,6.68,0.0,89.66
1007,261,232,29,231,7.61,0.0,88.89
1008,261,232,29,231,6.71,0.0,88.89
1009,261,239,22,238,6.26,0.0,91.57
1010,261,239,22,239,8.17,0.19,91.57
1011,261,232,29,230,8.11,0.0,88.89
1012,261,234,27,234,6.09,0.0,89.66
1013,261,244,17,243,7.7,0.0,93.49
1014,261,235,26,234,7.49,0.0,90.04
1015,261,236,25,235,6.38,0.0,90.42
1016,261,243,18,242,8.88,16.01,93.1
1017,261,232,29,232,7.29,0.0,88.89
1018,261,237,24,236,6.72,0.0,90.8
1019,261,242,19,241,7.97,0.0,92.72
1020,261,245,16,242,10.02,249.71,93.87
1021,261,240,21,240,9.55,131.8,91.95
1022,261,230,31,228,9.28,71.41,88.12
1023,261,228,33,227,6.11,0.0,87.36
1024,261,229,32,227,8.59,2.43,87.74
1025,261,245,16,245,8.0,0.0,93.87
1026,261,229,32,228,7.4,0.0,87.74
1027,261,239,22,238,6.9,0.0,91.57
1028,261,243,18,240,6.69,0.0,93.1
1029,261,230,31,230,6.6,0.0,88.12
1030,261,231,30,231,6.6,0.0,88.51
1031,261,237,24,237,6.68,0.0,90.8
1032,261,244,17,243,7.8,0.0,93.49
1033,261,230,31,229,7.89,0.0,88.12
1034,261,243,18,242,6.21,0.0,93.1
1035,261,239,22,236,6.2,0.0,91.57
1036,261,226,35,226,7.42,0.0,86.59
1037,261,235,26,235,7.8,0.0,90.04
1038,261,244,17,243,10.32,322.91,93.49
1039,261,241,20,241,7.07,0.0,92.34
1040,261,230,31,230,8.69,3.21,88.12
1041,261,245,16,245,7.97,0.0,93.87
1042,261,233,28,232,6.59,0.0,89.27
1043,261,232,29,230,7.37,0.0,88.89
1044,261,243,18,243,6.6,0.0,93.1
1045,261,228,33,228,7.4,0.0,87.36
1046,261,235,26,235,10.71,401.78,90.04
1047,261,237,24,237,7.23,0.0,90.8
1048,261,229,32,227,7.08,0.0,87.74
1049,261,235,26,233,7.49,0.0,90.04
1050,261,230,31,229,7.55,0.0,88.12
1051,261,238,23,237,9.51,122.77,91.19
1052,261,239,22,237,6.12,0.0,91.57
1053,261,240,21,237,9.59,141.37,91.95
1054,261,235,26,234,7.65,0.0,90.04
1055,261,235,26,235,6.11,0.0,90.04
1056,261,243,18,243,8.7,6.69,93.1
1057,261,232,29,232,7.2,0.0,88.89
1058,261,235,26,234,10.66,389.82,90.04
1059,261,230,31,227,7.0,0.0,88.12
1060,261,242,19,242,10.21,291.86,92.72
1061,261,237,24,237,7.69,0.0,90.8
1062,261,230,31,229,7.6,0.0,88.12
1063,261,237,24,235,6.49,0.0,90.8
1064,261,226,35,226,6.1,0.0,86.59
1065,261,238,23,237,7.24,0.0,91.19
1066,261,233,28,232,7.69,0.0,89.27
1067,261,231,30,230,8.0,0.0,88.51
1068,261,241,20,240,6.59,0.0,92.34
1069,261,237,24,237,10.41,334.56,90.8
1070,261,238,23,237,7.87,0.0,91.19
1071,261,229,32,229,7.08,0.0,87.74
1072,261,235,26,233,7.98,0.0,90.04
1073,261,242,19,241,6.3,0.0,92.72
1074,261,237,24,237,6.1,0.0,90.8
1075,261,234,27,234,8.59,3.87,89.66
1076,261,230,31,230,7.88,0.0,88.12
1077,261,238,23,234,7.68,0.0,91.19
1078,261,240,21,239,6.52,0.0,91.95
1079,261,236,25,236,6.23,0.0,90.42
1080,261,227,34,227,7.03,0.0,86.97
1081,261,228,33,226,7.69,0.0,87.36
1082,261,243,18,242,10.5,365.43,93.1
1083,261,232,29,232,9.5,116.03,88.89
1084,261,236,25,234,7.48,0.0,90.42
1085,261,231,30,231,8.12,0.0,88.51
1086,261,234,27,233,7.12,0.0,89.66
1087,261,233,28,232,8.67,4.27,89.27
1088,261,243,18,241,10.47,357.33,93.1
1089,261,242,19,240,7.11,0.0,92.72
1090,261,227,34,227,6.5,0.0,86.97
1091,261,244,17,243,6.78,0.0,93.49
1092,261,238,23,236,9.3,78.14,91.19
1093,261,231,30,231,7.59,0.0,88.51
1094,261,243,18,243,7.23,0.0,93.1
1095,261,241,20,239,7.08,0.0,92.34
1096,261,235,26,233,10.19,279.14,90.04
1097,261,231,30,230,6.86,0.0,88.51
1098,261,228,33,227,7.29,0.0,87.36
1099,261,229,32,229,6.41,0.0,87.74
1100,261,232,29,232,7.38,0.0,88.89
1101,261,231,30,229,8.33,0.52,88.51
1102,261,239,22,239,9.21,60.06,91.57
1103,261,236,25,235,6.8,0.0,90.42
1104,261,228,33,228,6.07,0.0,87.36
1105,261,238,23,236,7.78,0.0,91.19
1106,261,229,32,227,6.45,0.0,87.74
1107,261,237,24,237,10.6,380.05,90.8
1108,261,230,31,229,6.81,0.0,88.12
1109,261,230,31,230,6.29,0.0,88.12
1110,261,228,33,227,7.29,0.0,87.36
1111,261,244,17,241,8.93,24.98,93.49
1112,261,245,16,244,9.43,105.92,93.87
1113,261,232,29,232,6.0,0.0,88.89
1114,261,231,30,231,7.89,0.0,88.51
1115,261,230,31,228,6.99,0.0,88.12
1116,261,246,15,245,10.81,444.77,94.25
1117,261,246,15,246,9.89,218.67,94.25
1118,261,235,26,235,10.22,286.91,90.04
1119,261,235,26,235,7.62,0.0,90.04
1120,261,235,26,234,6.28,0.0,90.04
1121,261,243,18,242,8.7,6.61,93.1
1122,261,241,20,240,6.5,0.0,92.34
1123,261,242,19,241,6.61,0.0,92.72
1124,261,232,29,232,6.67,0.0,88.89
1125,261,247,14,246,9.81,200.81,94.64
1126,261,242,19,241,7.1,0.0,92.72
1127,261,234,27,233,6.02,0.0,89.66
1128,261,237,24,237,6.8,0.0,90.8
1129,261,242,19,240,6.77,0.0,92.72
1130,261,240,21,239,7.72,0.0,91.95
1131,261,244,17,242,6.59,0.0,93.49
1132,261,237,24,237,6.92,0.0,90.8
1133,261,227,34,223,6.32,0.0,86.97
1134,261,243,18,241,7.18,0.0,93.1
1135,261,230,31,229,8.82,8.87,88.12
1136,261,243,18,241,7.89,0.0,93.1
1137,261,242,19,242,7.3,0.0,92.72
1138,261,232,29,230,10.32,305.71,88.89
1139,261,245,16,242,10.81,442.96,93.87
1140,261,230,31,229,7.9,0.0,88.12
1141,261,241,20,241,7.9,0.0,92.34
1142,261,244,17,242,7.48,0.0,93.49
1143,261,230,31,230,7.96,0.0,88.12
1144,261,235,26,235,8.19,0.0,90.04
1145,261,242,19,242,10.8,436.74,92.72
1146,261,229,32,226,6.09,0.0,87.74
1147,261,229,32,227,6.59,0.0,87.74
1148,261,238,23,236,6.1,0.0,91.19
1149,261,246,15,246,10.51,372.04,94.25
1150,261,241,20,241,6.88,0.0,92.34
1151,261,237,24,237,6.99,0.0,90.8
1152,261,241,20,240,7.81,0.0,92.34
1153,261,240,21,240,6.16,0.0,91.95
1154,261,227,34,225,6.21,0.0,86.97
1155,261,226,35,225,6.08,0.0,86.59
1156,261,233,28,232,10.19,278.23,89.27
1157,261,232,29,229,7.78,0.0,88.89
1158,261,232,29,231,6.17,0.0,88.89
1159,261,235,26,234,7.9,0.0,90.04
1160,261,230,31,229,7.18,0.0,88.12
1161,261,242,19,240,6.51,0.0,92.72
1162,261,244,17,244,9.77,187.37,93.49
1163,261,234,27,232,7.7,0.0,89.66
1164,261,242,19,242,7.23,0.0,92.72
1165,261,236,25,236,10.4,330.11,90.42
1166,261,228,33,226,6.4,0.0,87.36
1167,261,241,20,240,8.0,0.0,92.34
1168,261,241,20,240,9.1,40.98,92.34
1169,261,244,17,243,6.99,0.0,93.49
1170,261,228,33,227,6.16,0.0,87.36
1171,261,237,24,236,6.01,0.0,90.8
1172,261,233,28,233,8.02,0.0,89.27
1173,261,230,31,229,8.0,0.0,88.12
1174,261,235,26,234,7.9,0.0,90.04
1175,261,241,20,240,9.39,96.7,92.34
1176,261,243,18,243,7.97,0.0,93.1
1177,261,244,17,244,6.8,0.0,93.49
1178,261,232,29,231,10.81,418.84,88.89
1179,261,239,22,237,8.16,0.03,91.57
1180,261,244,17,243,6.31,0.0,93.49
1181,261,228,33,227,8.03,0.0,87.36
1182,261,243,18,242,7.79,0.0,93.1
1183,261,236,25,236,7.84,0.0,90.42
1184,261,231,30,231,6.59,0.0,88.51
1185,261,247,14,246,10.9,470.19,94.64
1186,261,244,17,243,7.4,0.0,93.49
1187,261,231,30,230,6.82,0.0,88.51
1188,261,235,26,233,7.8,0.0,90.04
1189,261,230,31,229,7.38,0.0,88.12
1190,261,229,32,228,7.68,0.0,87.74
1191,261,240,21,239,7.09,0.0,91.95
1192,261,235,26,234,6.73,0.0,90.04
1193,261,235,26,233,10.51,353.71,90.04
1194,261,241,20,241,6.91,0.0,92.34
1195,261,234,27,234,7.21,0.0,89.66
1196,261,234,27,233,6.28,0.0,89.66
1197,261,229,32,228,6.08,0.0,87.74
1198,261,236,25,235,6.21,0.0,90.42
1199,261,233,28,232,8.43,0.71,89.27
1200,261,235,26,235,7.48,0.0,90.04
1201,261,238,23,236,6.9,0.0,91.19
1202,261,242,19,241,9.82,197.92,92.72
1203,261,242,19,242,6.08,0.0,92.72
1204,261,242,19,242,9.62,149.8,92.72
1205,261,235,26,234,7.51,0.0,90.04
1206,261,235,26,234,7.31,0.0,90.04
1207,261,239,22,237,7.5,0.0,91.57
1208,261,240,21,236,7.69,0.0,91.95
1209,261,236,25,234,6.05,0.0,90.42
1210,261,229,32,229,9.29,71.91,87.74
1211,261,236,25,236,6.4,0.0,90.42
1212,261,229,32,228,6.46,0.0,87.74
1213,261,232,29,232,8.63,3.65,88.89
1214,261,236,25,235,6.71,0.0,90.42
1215,261,246,15,245,8.52,2.32,94.25
1216,261,237,24,236,9.48,115.64,90.8
1217,261,236,25,235,6.4,0.0,90.42
1218,261,234,27,233,7.28,0.0,89.66
1219,261,233,28,231,10.04,241.2,89.27
1220,261,241,20,239,6.39,0.0,92.34
1221,261,243,18,242,8.0,0.0,93.1
1222,261,242,19,242,7.83,0.0,92.72
1223,261,236,25,233,7.5,0.0,90.42
1224,261,235,26,235,10.72,405.3,90.04
1225,261,227,34,226,6.31,0.0,86.97
1226,261,228,33,228,7.61,0.0,87.36
1227,261,234,27,234,10.48,347.06,89.66
1228,261,231,30,231,7.97,0.0,88.51
1229,261,234,27,234,10.7,396.86,89.66
1230,261,235,26,234,10.0,235.69,90.04
1231,261,237,24,237,8.02,0.0,90.8
1232,261,240,21,239,9.69,164.5,91.95
1233,261,243,18,243,6.91,0.0,93.1
1234,261,229,32,229,6.48,0.0,87.74
1235,261,238,23,237,6.09,0.0,91.19
1236,261,229,32,228,6.0,0.0,87.74
1237,261,232,29,231,7.82,0.0,88.89
1238,261,228,33,228,7.48,0.0,87.36
1239,261,231,30,231,9.5,116.38,88.51
1240,261,242,19,240,6.89,0.0,92.72
1241,261,241,20,240,7.1,0.0,92.34
1242,261,230,31,230,8.01,0.0,88.12
1243,261,241,20,241,6.53,0.0,92.34
1244,261,241,20,240,8.53,1.7,92.34
1245,261,243,18,243,6.12,0.0,93.1
1246,261,232,29,231,6.52,0.0,88.89
1247,261,244,17,244,9.68,165.09,93.49
1248,261,234,27,232,6.49,0.0,89.66
1249,261,243,18,243,8.92,19.64,93.1
1250,261,242,19,240,7.09,0.0,92.72
1251,261,230,31,229,9.08,37.29,88.12
1252,261,238,23,238,6.56,0.0,91.19
1253,261,239,22,236,6.19,0.0,91.57
1254,261,229,32,228,7.62,0.0,87.74
1255,261,243,18,243,7.69,0.0,93.1
1256,261,239,22,239,6.84,0.0,91.57
1257,261,229,32,227,6.82,0.0,87.74
1258,261,229,32,227,5.96,0.0,87.74
1259,261,234,27,233,7.82,0.0,89.66
1260,261,231,30,231,6.1,0.0,88.51
1261,261,244,17,244,9.32,84.65,93.49
1262,261,230,31,228,6.91,0.0,88.12
1263,261,232,29,232,9.3,74.46,88.89
1264,261,236,25,236,10.68,397.29,90.42
1265,261,238,23,237,9.39,96.74,91.19
1266,261,237,24,237,9.51,121.71,90.8
1267,261,241,20,240,10.2,289.06,92.34
1268,261,245,16,243,8.21,0.12,93.87
1269,261,232,29,230,6.47,0.0,88.89
1270,261,233,28,230,8.79,10.17,89.27
1271,261,240,21,239,6.1,0.0,91.95
1272,261,234,27,230,7.42,0.0,89.66
1273,261,229,32,229,8.11,0.0,87.74
1274,261,234,27,232,6.24,0.0,89.66
1275,261,234,27,233,9.53,124.93,89.66
1276,261,235,26,234,6.92,0.0,90.04
1277,261,243,18,241,6.0,0.0,93.1
1278,261,242,19,242,8.11,0.0,92.72
1279,261,227,34,226,7.22,0.0,86.97
1280,261,240,21,238,6.81,0.0,91.95
1281,261,241,20,239,6.1,0.0,92.34
1282,261,243,18,243,8.89,17.83,93.1
1283,261,230,31,230,6.79,0.0,88.12
1284,261,236,25,235,7.83,0.0,90.42
1285,261,230,31,226,6.3,0.0,88.12
1286,261,241,20,238,7.52,0.0,92.34
1287,261,230,31,228,7.18,0.0,88.12
1288,261,242,19,241,6.1,0.0,92.72
1289,261,236,25,236,6.02,0.0,90.42
1290,261,236,25,236,8.9,16.92,90.42
1291,261,245,16,242,6.6,0.0,93.87
1292,261,238,23,238,10.27,302.26,91.19
1293,261,234,27,231,9.2,57.81,89.66
1294,261,232,29,230,7.9,0.0,88.89
1295,261,238,23,238,6.71,0.0,91.19
1296,261,228,33,228,8.81,11.0,87.36
1297,261,242,19,242,8.01,0.0,92.72
1298,261,241,20,240,6.31,0.0,92.34
1299,261,229,32,228,6.41,0.0,87.74
1300,261,238,23,237,6.76,0.0,91.19
1301,261,243,18,243,7.62,0.0,93.1
1302,261,242,19,240,6.2,0.0,92.72
1303,261,230,31,229,7.4,0.0,88.12
1304,261,236,25,235,10.09,256.56,90.42
1305,261,236,25,236,8.07,0.0,90.42
1306,261,236,25,235,9.02,31.17,90.42
1307,261,241,20,239,7.31,0.0,92.34
1308,261,241,20,240,7.59,0.0,92.34
1309,261,235,26,235,7.8,0.0,90.04
1310,261,242,19,242,5.99,0.0,92.72
1311,261,231,30,231,7.08,0.0,88.51
1312,261,243,18,241,6.73,0.0,93.1
1313,261,247,14,245,10.15,283.37,94.64
1314,261,234,27,233,7.96,0.0,89.66
1315,261,246,15,245,10.71,421.19,94.25
1316,261,237,24,237,7.62,0.0,90.8
1317,261,231,30,231,7.78,0.0,88.51
1318,261,234,27,232,7.21,0.0,89.66
1319,261,233,28,232,9.58,136.97,89.27
1320,261,241,20,240,8.51,1.8,92.34
1321,261,241,20,241,7.7,0.0,92.34
1322,261,242,19,242,6.26,0.0,92.72
1323,261,239,22,239,7.49,0.0,91.57
1324,261,238,23,237,8.22,0.02,91.19
1325,261,230,31,230,8.14,0.0,88.12
1326,261,238,23,237,6.49,0.0,91.19
1327,261,237,24,237,6.0,0.0,90.8
1328,261,232,29,232,6.22,0.0,88.89
1329,261,238,23,236,7.86,0.0,91.19
1330,261,238,23,238,7.98,0.0,91.19
1331,261,238,23,238,7.5,0.0,91.19
1332,261,235,26,234,8.7,6.67,90.04
1333,261,231,30,231,7.91,0.0,88.51
1334,261,243,18,243,6.71,0.0,93.1
1335,261,232,29,230,9.01,29.92,88.89
1336,261,240,21,239,6.69,0.0,91.95
1337,261,233,28,232,8.4,0.13,89.27
1338,261,236,25,233,7.69,0.0,90.42
1339,261,234,27,234,7.55,0.0,89.66
1340,261,239,22,238,9.36,90.75,91.57
1341,261,236,25,235,6.38,0.0,90.42
1342,261,240,21,239,7.19,0.0,91.95
1343,261,232,29,232,7.98,0.0,88.89
1344,261,239,22,237,7.08,0.0,91.57
1345,261,245,16,245,8.41,0.86,93.87
1346,261,229,32,228,8.12,0.07,87.74
1347,261,238,23,236,7.95,0.0,91.19
1348,261,236,25,236,6.8,0.0,90.42
1349,261,240,21,239,7.19,0.0,91.95
1350,261,245,16,245,7.88,0.0,93.87
1351,261,236,25,234,7.79,0.0,90.42
1352,261,231,30,229,10.0,229.89,88.51
1353,261,242,19,242,7.9,0.0,92.72
1354,261,230,31,230,7.37,0.0,88.12
1355,261,246,15,246,10.42,348.31,94.25
1356,261,235,26,235,6.68,0.0,90.04
1357,261,241,20,240,6.51,0.0,92.34
1358,261,228,33,228,6.72,0.0,87.36
1359,261,228,33,228,6.39,0.0,87.36
1360,261,242,19,240,7.32,0.0,92.72
1361,261,235,26,235,8.02,0.0,90.04
1362,261,242,19,241,6.38,0.0,92.72
1363,261,228,33,228,7.0,0.0,87.36
1364,261,232,29,228,7.4,0.0,88.89
1365,261,232,29,232,10.89,439.21,88.89
1366,261,230,31,227,6.79,0.0,88.12
1367,261,235,26,235,7.91,0.0,90.04
1368,261,236,25,233,6.1,0.0,90.42
1369,261,246,15,245,7.57,0.0,94.25
1370,261,246,15,246,9.99,243.2,94.25
1371,261,228,33,228,6.2,0.0,87.36
1372,261,232,29,231,6.98,0.0,88.89
1373,261,243,18,243,7.68,0.0,93.1
1374,261,238,23,237,6.3,0.0,91.19
1375,261,231,30,229,6.53,0.0,88.51
1376,261,246,15,244,10.87,461.12,94.25
1377,261,243,18,242,10.61,392.38,93.1
1378,261,233,28,233,6.21,0.0,89.27
1379,261,231,30,229,6.19,0.0,88.51
1380,261,232,29,231,6.91,0.0,88.89
1381,261,235,26,234,6.32,0.0,90.04
1382,261,232,29,231,6.93,0.0,88.89
1383,261,234,27,231,8.88,14.41,89.66
1384,261,230,31,229,7.51,0.0,88.12
1385,261,232,29,231,7.41,0.0,88.89
1386,261,235,26,234,6.81,0.0,90.04
1387,261,233,28,231,8.13,0.0,89.27
1388,261,244,17,242,8.28,0.05,93.49
1389,261,231,30,230,6.79,0.0,88.51
1390,261,231,30,230,7.21,0.0,88.51
1391,261,235,26,234,6.92,0.0,90.04
1392,261,239,22,238,7.93,0.0,91.57
1393,261,237,24,237,10.36,322.93,90.8
1394,261,240,21,240,6.25,0.0,91.95
1395,261,245,16,243,10.12,274.44,93.87
1396,261,230,31,229,6.78,0.0,88.12
1397,261,238,23,237,6.12,0.0,91.19
1398,261,245,16,244,7.52,0.0,93.87
1399,261,236,25,235,6.21,0.0,90.42
1400,261,235,26,234,6.11,0.0,90.04
1401,261,227,34,227,6.8,0.0,86.97
1402,261,232,29,230,7.39,0.0,88.89
1403,261,228,33,228,6.3,0.0,87.36
1404,261,236,25,234,7.53,0.0,90.42
1405,261,239,22,236,8.99,26.19,91.57
1406,261,238,23,237,8.01,0.04,91.19
1407,261,228,33,227,6.18,0.0,87.36
1408,261,238,23,238,10.13,268.42,91.19
1409,261,229,32,229,6.09,0.0,87.74
1410,261,228,33,227,6.4,0.0,87.36
1411,261,226,35,225,6.29,0.0,86.59
1412,261,239,22,239,7.26,0.0,91.57
1413,261,231,30,231,6.52,0.0,88.51
1414,261,246,15,245,9.59,146.16,94.25
1415,261,232,29,231,10.51,350.64,88.89
1416,261,237,24,236,10.4,331.97,90.8
1417,261,235,26,235,8.37,0.68,90.04
1418,261,242,19,242,6.71,0.0,92.72
1419,261,240,21,239,8.53,1.38,91.95
1420,261,231,30,230,7.5,0.0,88.51
1421,261,226,35,226,6.09,0.0,86.59
1422,261,229,32,229,5.99,0.0,87.74
1423,261,237,24,237,7.78,0.0,90.8
1424,261,237,24,234,7.99,0.0,90.8
1425,261,227,34,227,6.2,0.0,86.97
1426,261,237,24,234,6.7,0.0,90.8
1427,261,230,31,230,8.53,2.57,88.12
1428,261,232,29,231,9.09,39.86,88.89
1429,261,232,29,230,7.01,0.0,88.89
1430,261,240,21,240,7.79,0.0,91.95
1431,261,229,32,229,6.59,0.0,87.74
1432,261,231,30,231,6.42,0.0,88.51
1433,261,245,16,243,7.59,0.0,93.87
1434,261,242,19,241,7.49,0.0,92.72
1435,261,240,21,240,10.13,272.33,91.95
1436,261,233,28,232,6.88,0.0,89.27
1437,261,243,18,243,5.99,0.0,93.1
1438,261,240,21,240,6.18,0.0,91.95
1439,261,242,19,241,6.95,0.0,92.72
1440,261,238,23,236,6.32,0.0,91.19
1441,261,242,19,241,5.99,0.0,92.72
1442,261,239,22,238,8.35,0.27,91.57
1443,261,239,22,238,7.41,0.0,91.57
1444,261,234,27,232,6.37,0.0,89.66
1445,261,231,30,230,6.72,0.0,88.51
1446,261,232,29,232,7.7,0.0,88.89
1447,261,231,30,230,10.88,435.41,88.51
1448,261,232,29,232,9.29,74.51,88.89
1449,261,240,21,240,7.1,0.0,91.95
1450,261,236,25,235,8.8,8.64,90.42
1451,261,245,16,243,7.99,0.0,93.87
1452,261,240,21,239,10.2,287.01,91.95
1453,261,238,23,237,6.32,0.0,91.19
1454,261,240,21,239,6.24,0.0,91.95
1455,261,243,18,242,6.11,0.0,93.1
1456,261,241,20,239,7.43,0.0,92.34
1457,261,235,26,235,6.91,0.0,90.04
1458,261,236,25,236,7.31,0.0,90.42
1459,261,228,33,226,6.79,0.0,87.36
1460,261,235,26,235,6.43,0.0,90.04
1461,261,234,27,234,7.56,0.0,89.66
1462,261,228,33,227,8.01,0.0,87.36
1463,261,231,30,230,7.12,0.0,88.51
1464,261,232,29,232,7.39,0.0,88.89
1465,261,239,22,236,7.3,0.0,91.57
1466,261,242,19,241,8.49,1.0,92.72
1467,261,236,25,236,6.1,0.0,90.42
1468,261,243,18,241,7.7,0.0,93.1
1469,261,246,15,245,9.52,128.84,94.25
1470,261,228,33,228,7.04,0.0,87.36
1471,261,233,28,232,7.41,0.0,89.27
1472,261,231,30,230,7.66,0.0,88.51
1473,261,241,20,240,6.99,0.0,92.34
1474,261,231,30,230,7.2,0.0,88.51
1475,261,229,32,229,8.01,0.0,87.74
1476,261,233,28,233,10.77,413.57,89.27
1477,261,228,33,225,6.91,0.0,87.36
1478,261,237,24,236,6.72,0.0,90.8
1479,261,228,33,228,7.21,0.0,87.36
1480,261,233,28,232,7.13,0.0,89.27
1481,261,230,31,228,8.4,0.26,88.12
1482,261,233,28,233,7.08,0.0,89.27
1483,261,241,20,241,9.3,77.95,92.34
1484,261,242,19,242,9.45,109.96,92.72
1485,261,230,31,229,6.12,0.0,88.12
1486,261,243,18,243,6.7,0.0,93.1
1487,261,236,25,236,6.6,0.0,90.42
1488,261,237,24,236,11.02,478.64,90.8
1489,261,231,30,230,6.98,0.0,88.51
1490,261,242,19,241,9.29,77.25,92.72
1491,261,241,20,239,7.6,0.0,92.34
1492,261,240,21,239,5.98,0.0,91.95
1493,261,237,24,236,8.41,0.56,90.8
1494,261,230,31,227,6.79,0.0,88.12
1495,261,240,21,239,7.06,0.0,91.95
1496,261,232,29,232,9.41,98.51,88.89
1497,261,237,24,236,11.01,477.51,90.8
1498,261,233,28,232,7.63,0.0,89.27
1499,261,231,30,229,11.0,462.13,88.51
1500,261,242,19,241,6.82,0.0,92.72
1501,261,233,28,233,10.11,258.62,89.27
1502,261,244,17,241,6.7,0.0,93.49
1503,261,242,19,240,10.49,359.97,92.72
1504,261,229,32,227,6.19,0.0,87.74
1505,261,235,26,233,6.61,0.0,90.04
1506,261,247,14,247,10.26,311.29,94.64
1507,261,243,18,242,10.0,241.9,93.1
1508,261,238,23,235,5.99,0.0,91.19
1509,261,232,29,231,6.82,0.0,88.89
1510,261,232,29,231,7.72,0.0,88.89
1511,261,232,29,232,7.19,0.0,88.89
1512,261,230,31,229,7.57,0.0,88.12
1513,261,230,31,229,6.88,0.0,88.12
1514,261,238,23,237,6.99,0.0,91.19
1515,261,243,18,240,7.17,0.0,93.1
1516,261,233,28,232,7.16,0.0,89.27
1517,261,232,29,232,7.6,0.0,88.89
1518,261,231,30,230,7.82,0.0,88.51
1519,261,229,32,227,6.99,0.0,87.74
1520,261,227,34,227,6.9,0.0,86.97
1521,261,237,24,235,10.92,455.1,90.8
1522,261,245,16,243,9.11,44.96,93.87
1523,261,229,32,229,6.79,0.0,87.74
1524,261,242,19,242,7.29,0.0,92.72
1525,261,241,20,239,8.6,1.92,92.34
1526,261,234,27,233,6.79,0.0,89.66
1527,261,239,22,239,10.98,473.34,91.57
1528,261,243,18,243,7.72,0.0,93.1
1529,261,242,19,241,9.97,234.99,92.72
1530,261,241,20,239,7.88,0.0,92.34
1531,261,245,16,245,10.71,419.86,93.87
1532,261,230,31,229,10.54,353.58,88.12
1533,261,244,17,244,10.1,268.67,93.49
1534,261,234,27,232,6.6,0.0,89.66
1535,261,229,32,229,7.52,0.0,87.74
1536,261,230,31,229,10.71,393.56,88.12
1537,261,235,26,234,6.2,0.0,90.04
1538,261,232,29,232,6.61,0.0,88.89
1539,261,235,26,232,6.06,0.0,90.04
1540,261,235,26,235,10.01,236.6,90.04
1541,261,232,29,232,7.39,0.0,88.89
1542,261,246,15,244,6.53,0.0,94.25
1543,261,230,31,227,6.35,0.0,88.12
1544,261,233,28,232,9.28,71.25,89.27
1545,261,226,35,225,6.09,0.0,86.59
1546,261,240,21,238,7.2,0.0,91.95
1547,261,244,17,242,7.11,0.0,93.49
1548,261,237,24,237,9.91,214.65,90.8
1549,261,246,15,246,10.49,367.05,94.25
1550,261,236,25,236,6.91,0.0,90.42
1551,261,236,25,235,7.62,0.0,90.42
1552,261,225,36,224,6.11,0.0,86.21
1553,261,240,21,240,6.0,0.0,91.95
1554,261,245,16,244,9.01,27.78,93.87
1555,261,229,32,229,10.41,323.83,87.74
1556,261,231,30,231,8.42,0.63,88.51
1557,261,229,32,227,7.91,0.0,87.74
1558,261,241,20,240,7.07,0.0,92.34
1559,261,245,16,244,9.71,173.78,93.87
1560,261,238,23,237,7.82,0.0,91.19
1561,261,229,32,229,6.29,0.0,87.74
1562,261,237,24,236,6.32,0.0,90.8
1563,261,231,30,230,8.81,12.28,88.51
1564,261,243,18,241,7.73,0.0,93.1
1565,261,233,28,233,7.29,0.0,89.27
1566,261,237,24,235,10.8,427.38,90.8
1567,261,237,24,237,10.4,332.03,90.8
1568,261,235,26,235,5.98,0.0,90.04
1569,261,242,19,241,6.1,0.0,92.72
1570,261,242,19,241,8.1,0.0,92.72
1571,261,241,20,241,7.29,0.0,92.34
1572,261,233,28,233,7.08,0.0,89.27
1573,261,239,22,239,6.31,0.0,91.57
1574,261,237,24,237,8.09,0.0,90.8
1575,261,238,23,238,7.98,0.0,91.19
1576,261,242,19,241,10.5,361.96,92.72
1577,261,240,21,240,8.02,0.0,91.95
1578,261,243,18,240,6.11,0.0,93.1
1579,261,232,29,232,7.57,0.0,88.89
1580,261,245,16,242,6.92,0.0,93.87
1581,261,231,30,230,9.31,76.58,88.51
1582,261,230,31,230,10.8,414.53,88.12
1583,261,241,20,240,5.99,0.0,92.34
1584,261,241,20,241,7.79,0.0,92.34
1585,261,241,20,241,7.71,0.0,92.34
1586,261,226,35,225,6.21,0.0,86.59
1587,261,235,26,235,7.09,0.0,90.04
1588,261,230,31,230,7.8,0.0,88.12
1589,261,239,22,238,7.6,0.0,91.57
1590,261,227,34,225,6.01,0.0,86.97
1591,261,236,25,233,9.08,40.44,90.42
1592,261,230,31,229,8.69,5.25,88.12
1593,261,235,26,235,10.01,238.37,90.04
1594,261,230,31,227,6.9,0.0,88.12
1595,261,228,33,227,7.02,0.0,87.36
1596,261,231,30,230,6.26,0.0,88.51
1597,261,228,33,228,6.4,0.0,87.36
1598,261,237,24,237,8.19,0.21,90.8
1599,261,239,22,239,6.46,0.0,91.57
1600,261,237,24,237,6.68,0.0,90.8
1601,261,232,29,231,7.48,0.0,88.89
1602,261,243,18,241,9.92,223.97,93.1
1603,261,228,33,228,7.36,0.0,87.36
1604,261,233,28,232,7.51,0.0,89.27
1605,261,238,23,238,5.98,0.0,91.19
1606,261,245,16,245,6.87,0.0,93.87
1607,261,244,17,244,6.07,0.0,93.49
1608,261,241,20,240,7.73,0.0,92.34
1609,261,230,31,230,8.94,19.52,88.12
1610,261,237,24,236,10.9,450.89,90.8
1611,261,234,27,231,10.74,406.37,89.66
1612,261,228,33,226,7.13,0.0,87.36
1613,261,233,28,232,9.02,32.36,89.27
1614,261,232,29,231,7.39,0.0,88.89
1615,261,229,32,228,7.59,0.0,87.74
1616,261,232,29,230,6.64,0.0,88.89
1617,261,241,20,239,6.21,0.0,92.34
1618,261,233,28,230,6.49,0.0,89.27
1619,261,232,29,231,8.2,0.0,88.89
1620,261,234,27,233,6.78,0.0,89.66
1621,261,242,19,242,7.31,0.0,92.72
1622,261,244,17,243,6.82,0.0,93.49
1623,261,239,22,237,7.29,0.0,91.57
1624,261,237,24,236,6.16,0.0,90.8
1625,261,233,28,233,7.6,0.0,89.27
1626,261,237,24,237,6.61,0.0,90.8
1627,261,245,16,245,10.6,392.9,93.87
1628,261,242,19,241,6.18,0.0,92.72
1629,261,236,25,235,8.65,2.9,90.42
1630,261,237,24,235,6.01,0.0,90.8
1631,261,229,32,226,6.27,0.0,87.74
1632,261,233,28,233,7.88,0.19,89.27
1633,261,234,27,233,7.19,0.0,89.66
1634,261,245,16,242,6.61,0.0,93.87
1635,261,239,22,238,7.88,0.0,91.57
1636,261,239,22,237,6.68,0.0,91.57
1637,261,239,22,238,6.34,0.0,91.57
1638,261,234,27,233,7.2,0.0,89.66
1639,261,226,35,225,6.26,0.0,86.59
1640,261,227,34,227,7.21,0.0,86.97
1641,261,231,30,231,7.8,0.0,88.51
1642,261,238,23,236,6.79,0.0,91.19
1643,261,232,29,232,6.53,0.0,88.89
1644,261,242,19,241,7.68,0.0,92.72
1645,261,241,20,239,7.61,0.0,92.34
1646,261,245,16,244,9.22,62.46,93.87
1647,261,243,18,243,6.41,0.0,93.1
1648,261,241,20,239,8.51,1.73,92.34
1649,261,237,24,236,7.02,0.0,90.8
1650,261,240,21,239,6.54,0.0,91.95
1651,261,237,24,236,8.91,17.93,90.8
1652,261,243,18,242,6.61,0.0,93.1
1653,261,242,19,241,10.99,480.75,92.72
1654,261,246,15,243,7.78,0.0,94.25
1655,261,231,30,231,7.23,0.0,88.51
1656,261,235,26,233,6.45,0.0,90.04
1657,261,233,28,233,6.8,0.0,89.27
1658,261,242,19,239,7.37,0.0,92.72
1659,261,230,31,229,6.22,0.0,88.12
1660,261,230,31,229,5.99,0.0,88.12
1661,261,233,28,232,7.32,0.0,89.27
1662,261,240,21,237,7.12,0.0,91.95
1663,261,244,17,243,8.68,4.37,93.49
1664,261,235,26,235,10.77,416.97,90.04
1665,261,228,33,227,7.43,0.0,87.36
1666,261,243,18,242,9.17,55.1,93.1
1667,261,232,29,232,7.4,0.0,88.89
1668,261,238,23,238,7.38,0.0,91.19
1669,261,229,32,229,6.71,0.0,87.74
1670,261,245,16,244,9.18,54.84,93.87
1671,261,239,22,238,6.91,0.0,91.57
1672,261,232,29,230,9.31,78.38,88.89
1673,261,235,26,234,6.0,0.0,90.04
1674,261,242,19,242,6.31,0.0,92.72
1675,261,227,34,226,6.44,0.0,86.97
1676,261,244,17,244,8.71,8.04,93.49
1677,261,242,19,241,7.42,0.0,92.72
1678,261,233,28,230,6.17,0.0,89.27
1679,261,227,34,227,7.72,0.0,86.97
1680,261,230,31,228,7.49,0.0,88.12
1681,261,244,17,243,9.08,37.2,93.49
1682,261,235,26,234,6.01,0.0,90.04
1683,261,232,29,231,5.97,0.0,88.89
1684,261,228,33,228,6.02,0.0,87.36
1685,261,231,30,231,6.89,0.0,88.51
1686,261,244,17,244,10.8,438.59,93.49
1687,261,235,26,234,9.01,28.12,90.04
1688,261,228,33,226,7.38,0.0,87.36
1689,261,242,19,241,6.79,0.0,92.72
1690,261,242,19,241,6.77,0.0,92.72
1691,261,243,18,241,7.41,0.0,93.1
1692,261,232,29,232,10.8,416.79,88.89
1693,261,231,30,231,6.95,0.0,88.51
1694,261,235,26,235,8.88,14.68,90.04
1695,261,227,34,226,6.7,0.0,86.97
1696,261,246,15,245,7.86,0.0,94.25
1697,261,239,22,238,6.29,0.0,91.57
1698,261,231,30,231,7.85,0.0,88.51
1699,261,243,18,243,8.91,20.55,93.1
1700,261,239,22,239,7.09,0.0,91.57
1701,261,239,22,239,7.51,0.0,91.57
1702,261,238,23,236,8.72,6.89,91.19
1703,261,233,28,231,6.79,0.0,89.27
1704,261,234,27,233,9.14,48.28,89.66
1705,261,234,27,232,7.01,0.0,89.66
1706,261,245,16,244,6.7,0.0,93.87
1707,261,230,31,230,8.38,0.1,88.12
1708,261,241,20,239,6.51,0.0,92.34
1709,261,231,30,231,7.2,0.0,88.51
1710,261,238,23,238,8.65,5.8,91.19
1711,261,238,23,237,6.0,0.0,91.19
1712,261,231,30,229,7.33,0.0,88.51
1713,261,245,16,245,9.39,100.76,93.87
1714,261,229,32,228,7.31,0.0,87.74
1715,261,240,21,240,7.11,0.0,91.95
1716,261,228,33,227,7.4,0.0,87.36
1717,261,240,21,239,7.62,0.0,91.95
1718,261,231,30,230,10.01,232.17,88.51
1719,261,231,30,229,6.18,0.0,88.51
1720,261,227,34,226,6.8,0.0,86.97
1721,261,234,27,234,6.73,0.0,89.66
1722,261,240,21,239,7.5,0.0,91.95
1723,261,232,29,232,6.4,0.0,88.89
1724,261,240,21,239,10.71,409.31,91.95
1725,261,229,32,228,7.0,0.0,87.74
1726,261,241,20,241,8.61,4.18,92.34
1727,261,237,24,237,10.42,337.18,90.8
1728,261,243,18,241,6.67,0.0,93.1
1729,261,241,20,240,7.07,0.0,92.34
1730,261,243,18,243,7.71,0.0,93.1
1731,261,243,18,241,6.81,0.0,93.1
1732,261,239,22,238,7.78,0.0,91.57
1733,261,239,22,238,7.12,0.0,91.57
1734,261,235,26,234,8.94,21.49,90.04
1735,261,239,22,238,7.57,0.0,91.57
1736,261,233,28,233,9.12,45.71,89.27
1737,261,239,22,237,6.78,0.0,91.57
1738,261,242,19,242,7.5,0.0,92.72
1739,261,242,19,241,6.74,0.0,92.72
1740,261,242,19,241,7.89,0.0,92.72
1741,261,231,30,231,8.21,0.15,88.51
1742,261,230,31,229,7.2,0.0,88.12
1743,261,238,23,238,6.45,0.0,91.19
1744,261,245,16,245,7.89,0.0,93.87
1745,261,231,30,229,6.68,0.0,88.51
1746,261,238,23,238,8.57,3.42,91.19
1747,261,233,28,233,6.81,0.0,89.27
1748,261,243,18,241,7.71,0.0,93.1
1749,261,230,31,228,6.6,0.0,88.12
1750,261,238,23,238,7.41,0.0,91.19
1751,261,239,22,239,6.24,0.0,91.57
1752,261,227,34,226,7.41,0.0,86.97
1753,261,241,20,238,8.1,0.0,92.34
1754,261,236,25,236,5.98,0.0,90.42
1755,261,229,32,228,9.84,192.66,87.74
1756,261,238,23,237,6.12,0.0,91.19
1757,261,230,31,230,8.3,0.07,88.12
1758,261,245,16,242,7.52,0.0,93.87
1759,261,225,36,223,6.43,0.0,86.21
1760,261,244,17,244,9.96,233.61,93.49
1761,261,232,29,230,7.12,0.0,88.89
1762,261,232,29,229,6.39,0.0,88.89
1763,261,244,17,243,7.81,0.0,93.49
1764,261,238,23,238,6.29,0.0,91.19
1765,261,239,22,236,7.1,0.0,91.57
1766,261,246,15,242,8.8,11.17,94.25
1767,261,243,18,241,7.49,0.0,93.1
1768,261,246,15,245,7.07,0.0,94.25
1769,261,230,31,230,6.33,0.0,88.12
1770,261,236,25,234,7.08,0.0,90.42
1771,261,245,16,244,7.81,0.0,93.87
1772,261,245,16,245,10.87,459.29,93.87
1773,261,232,29,230,6.17,0.0,88.89
1774,261,227,34,226,6.0,0.0,86.97
1775,261,244,17,244,9.99,241.15,93.49
1776,261,240,21,239,7.72,0.0,91.95
1777,261,231,30,231,5.99,0.0,88.51
1778,261,245,16,245,8.0,0.0,93.87
1779,261,235,26,235,10.01,237.28,90.04
1780,261,232,29,232,7.8,0.0,88.89
1781,261,230,31,229,8.05,0.0,88.12
1782,261,240,21,240,7.4,0.0,91.95
1783,261,231,30,231,7.25,0.0,88.51
1784,261,227,34,227,7.09,0.0,86.97
1785,261,236,25,234,6.28,0.0,90.42
1786,261,234,27,233,6.2,0.0,89.66
1787,261,231,30,230,6.2,0.0,88.51
1788,261,230,31,230,8.9,15.21,88.12
1789,261,242,19,241,6.81,0.0,92.72
1790,261,231,30,229,9.5,116.13,88.51
1791,261,246,15,246,10.82,448.19,94.25
1792,261,235,26,234,6.89,0.0,90.04
1793,261,238,23,237,7.8,0.0,91.19
1794,261,230,31,228,7.19,0.0,88.12
1795,261,236,25,231,6.37,0.0,90.42
1796,261,230,31,227,7.89,0.0,88.12
1797,261,231,30,231,7.82,0.0,88.51
1798,261,245,16,243,8.0,0.04,93.87
1799,261,233,28,231,6.75,0.0,89.27
1800,261,236,25,233,6.06,0.0,90.42
1801,261,241,20,239,6.36,0.0,92.34
1802,261,246,15,246,10.67,411.85,94.25
1803,261,229,32,228,6.99,0.0,87.74
1804,261,230,31,228,8.02,0.0,88.12
1805,261,234,27,231,9.5,118.41,89.66
1806,261,242,19,242,7.69,0.0,92.72
1807,261,232,29,231,7.69,0.0,88.89
1808,261,240,21,238,8.9,16.21,91.95
1809,261,243,18,242,7.76,0.0,93.1
1810,261,234,27,233,10.5,350.54,89.66
1811,261,233,28,232,6.22,0.0,89.27
1812,261,231,30,230,6.59,0.0,88.51
1813,261,244,17,244,7.99,0.0,93.49
1814,261,239,22,239,6.91,0.0,91.57
1815,261,245,16,244,9.4,102.57,93.87
1816,261,233,28,233,6.6,0.0,89.27
1817,261,234,27,234,7.63,0.0,89.66
1818,261,231,30,228,7.59,0.0,88.51
1819,261,230,31,228,6.91,0.0,88.12
1820,261,230,31,229,6.31,0.0,88.12
1821,261,244,17,243,6.39,0.0,93.49
1822,261,236,25,232,7.29,0.0,90.42
1823,261,245,16,245,10.53,373.72,93.87
1824,261,229,32,228,7.02,0.0,87.74
1825,261,244,17,243,9.91,222.41,93.49
1826,261,239,22,237,6.91,0.0,91.57
1827,261,231,30,229,8.01,0.0,88.51
1828,261,230,31,230,7.25,0.0,88.12
1829,261,239,22,237,6.08,0.0,91.57
1830,261,234,27,234,6.3,0.0,89.66
1831,261,230,31,229,6.38,0.0,88.12
1832,261,228,33,226,6.02,0.0,87.36
1833,261,229,32,228,6.9,0.0,87.74
1834,261,238,23,236,9.71,169.33,91.19
1835,261,230,31,230,7.83,0.0,88.12
1836,261,233,28,232,6.38,0.0,89.27
1837,261,238,23,237,10.36,324.6,91.19
1838,261,228,33,228,8.49,0.33,87.36
1839,261,241,20,239,6.63,0.0,92.34
1840,261,235,26,234,7.63,0.0,90.04
1841,261,242,19,241,6.1,0.0,92.72
1842,261,243,18,242,6.29,0.0,93.1
1843,261,226,35,224,6.47,0.0,86.59
1844,261,247,14,247,10.99,492.01,94.64
1845,261,243,18,239,8.01,0.0,93.1
1846,261,233,28,233,7.61,0.0,89.27
1847,261,236,25,235,10.4,329.48,90.42
1848,261,232,29,231,8.78,7.82,88.89
1849,261,238,23,237,9.97,232.02,91.19
1850,261,227,34,226,7.9,0.0,86.97
1851,261,235,26,234,7.78,0.0,90.04
1852,261,236,25,232,7.52,0.0,90.42
1853,261,235,26,233,7.59,0.0,90.04
1854,261,237,24,237,6.82,0.0,90.8
1855,261,242,19,239,6.94,0.0,92.72
1856,261,237,24,237,9.6,142.11,90.8
1857,261,230,31,228,10.1,252.34,88.12
1858,261,246,15,246,9.41,102.79,94.25
1859,261,226,35,226,6.41,0.0,86.59
1860,261,242,19,241,7.12,0.0,92.72
1861,261,242,19,242,7.4,0.0,92.72
1862,261,241,20,240,6.7,0.0,92.34
1863,261,231,30,231,7.64,0.0,88.51
1864,261,231,30,229,10.68,387.31,88.51
1865,261,239,22,237,8.28,0.35,91.57
1866,261,226,35,226,6.58,0.0,86.59
1867,261,237,24,236,6.93,0.0,90.8
1868,261,241,20,241,9.43,104.57,92.34
1869,261,233,28,232,10.0,232.67,89.27
1870,261,243,18,242,6.4,0.0,93.1
1871,261,232,29,231,9.82,189.66,88.89
1872,261,231,30,229,6.43,0.0,88.51
1873,261,239,22,237,10.5,359.31,91.57
1874,261,240,21,239,6.6,0.0,91.95
1875,261,242,19,240,7.13,0.0,92.72
1876,261,229,32,226,7.93,0.0,87.74
1877,261,232,29,227,10.27,295.56,88.89
1878,261,245,16,241,8.48,0.89,93.87
1879,261,239,22,239,9.81,194.76,91.57
1880,261,233,28,232,10.45,337.5,89.27
1881,261,244,17,244,7.68,0.0,93.49
1882,261,241,20,239,10.69,407.84,92.34
1883,261,228,33,228,7.7,0.0,87.36
1884,261,232,29,232,7.69,0.0,88.89
1885,261,228,33,227,6.94,0.0,87.36
1886,261,243,18,243,10.53,371.54,93.1
1887,261,234,27,234,8.28,0.03,89.66
1888,261,231,30,230,6.12,0.0,88.51
1889,261,246,15,244,10.39,342.88,94.25
1890,261,229,32,227,6.99,0.0,87.74
1891,261,233,28,230,6.7,0.0,89.27
1892,261,238,23,238,7.08,0.0,91.19
1893,261,237,24,235,6.52,0.0,90.8
1894,261,237,24,237,7.1,0.0,90.8
1895,261,241,20,241,7.13,0.0,92.34
1896,261,231,30,230,8.88,15.23,88.51
1897,261,230,31,230,6.15,0.0,88.12
1898,261,235,26,233,7.62,0.0,90.04
1899,261,232,29,231,10.68,389.9,88.89
1900,261,229,32,227,7.1,0.0,87.74
1901,261,236,25,235,10.6,378.47,90.42
1902,261,233,28,233,6.12,0.0,89.27
1903,261,234,27,233,8.31,0.43,89.66
1904,261,236,25,235,8.09,0.0,90.42
1905,261,238,23,236,7.88,0.0,91.19
1906,261,240,21,240,9.8,191.59,91.95
1907,261,240,21,240,6.03,0.0,91.95
1908,261,227,34,226,6.28,0.0,86.97
1909,261,240,21,240,6.27,0.0,91.95
1910,261,246,15,246,7.61,0.0,94.25
1911,261,231,30,230,6.36,0.0,88.51
1912,261,244,17,242,7.02,0.0,93.49
1913,261,243,18,241,7.52,0.0,93.1
1914,261,229,32,228,6.51,0.0,87.74
1915,261,242,19,241,8.01,0.0,92.72
1916,261,241,20,240,8.11,0.15,92.34
1917,261,227,34,226,7.29,0.0,86.97
1918,261,234,27,234,6.52,0.0,89.66
1919,261,231,30,227,9.5,117.28,88.51
1920,261,239,22,239,10.11,265.8,91.57
1921,261,242,19,242,6.76,0.0,92.72
1922,261,236,25,234,8.2,0.05,90.42
1923,261,232,29,229,7.91,0.0,88.89
1924,261,246,15,245,10.3,319.51,94.25
1925,261,231,30,231,7.52,0.0,88.51
1926,261,227,34,225,7.0,0.0,86.97
1927,261,234,27,234,7.4,0.0,89.66
1928,261,242,19,241,8.98,27.21,92.72
1929,261,229,32,228,7.89,0.0,87.74
1930,261,244,17,244,7.09,0.0,93.49
1931,261,244,17,244,8.69,4.14,93.49
1932,261,240,21,240,8.02,0.0,91.95
1933,261,232,29,230,10.49,345.49,88.89
1934,261,242,19,239,9.49,120.53,92.72
1935,261,231,30,231,7.7,0.0,88.51
1936,261,244,17,244,6.91,0.0,93.49
1937,261,237,24,236,6.55,0.0,90.8
1938,261,246,15,244,9.33,86.34,94.25
1939,261,237,24,236,6.27,0.0,90.8
1940,261,228,33,228,6.32,0.0,87.36
1941,261,238,23,236,6.6,0.0,91.19
1942,261,240,21,239,9.6,144.51,91.95
1943,261,244,17,244,10.1,268.09,93.49
1944,261,229,32,228,8.31,0.14,87.74
1945,261,242,19,242,7.59,0.0,92.72
1946,261,233,28,230,7.94,0.0,89.27
1947,261,232,29,232,7.3,0.0,88.89
1948,261,235,26,233,8.02,0.0,90.04
1949,261,230,31,230,6.5,0.0,88.12
1950,261,244,17,241,6.91,0.0,93.49
1951,261,245,16,244,7.1,0.0,93.87
1952,261,240,21,239,7.3,0.0,91.95
1953,261,233,28,233,6.93,0.0,89.27
1954,261,233,28,232,8.01,0.0,89.27
1955,261,230,31,229,6.18,0.0,88.12
1956,261,244,17,244,10.11,272.04,93.49
1957,261,241,20,239,6.59,0.0,92.34
1958,261,243,18,242,8.59,1.92,93.1
1959,261,234,27,233,6.29,0.0,89.66
1960,261,242,19,240,8.4,1.29,92.72
1961,261,233,28,233,7.71,0.0,89.27
1962,261,240,21,240,6.02,0.0,91.95
1963,261,234,27,231,10.9,445.45,89.66
1964,261,229,32,228,6.51,0.0,87.74
1965,261,239,22,237,7.78,0.0,91.57
1966,261,232,29,232,10.82,422.17,88.89
1967,261,234,27,232,7.58,0.0,89.66
1968,261,237,24,235,7.4,0.0,90.8
1969,261,234,27,233,7.23,0.0,89.66
1970,261,233,28,233,7.09,0.0,89.27
1971,261,243,18,242,8.1,0.0,93.1
1972,261,243,18,241,6.71,0.0,93.1
1973,261,230,31,230,7.8,0.0,88.12
1974,261,229,32,229,6.08,0.0,87.74
1975,261,242,19,241,8.2,0.0,92.72
1976,261,246,15,246,9.19,59.0,94.25
1977,261,242,19,239,7.84,0.0,92.72
1978,261,240,21,240,7.57,0.0,91.95
1979,261,246,15,245,9.6,146.87,94.25
1980,261,230,31,230,7.31,0.0,88.12
1981,261,226,35,225,6.08,0.0,86.59
1982,261,237,24,236,7.71,0.0,90.8
1983,261,240,21,239,7.42,0.0,91.95
1984,261,229,32,226,7.66,0.0,87.74
1985,261,237,24,237,6.91,0.0,90.8
1986,261,233,28,233,6.62,0.0,89.27
1987,261,242,19,241,6.08,0.0,92.72
1988,261,236,25,236,7.92,0.0,90.42
1989,261,234,27,234,9.13,45.39,89.66
1990,261,233,28,232,6.65,0.0,89.27
1991,261,243,18,243,10.97,478.92,93.1
1992,261,233,28,233,8.69,4.89,89.27
1993,261,242,19,242,7.39,0.0,92.72
1994,261,242,19,241,7.49,0.0,92.72
1995,261,243,18,241,6.24,0.0,93.1
1996,261,245,16,244,7.89,0.0,93.87
1997,261,239,22,238,7.29,0.0,91.57
1998,261,233,28,233,7.92,0.0,89.27
1999,261,241,20,239,7.99,0.0,92.34
2000,261,240,21,238,6.7,0.0,91.95
2001,261,242,19,242,6.57,0.0,92.72
2002,261,229,32,229,6.17,0.0,87.74
2003,261,243,18,241,6.38,0.0,93.1
2004,261,236,25,236,9.78,184.89,90.42
2005,261,241,20,239,7.78,0.0,92.34
2006,261,241,20,241,6.71,0.0,92.34
2007,261,238,23,237,6.72,0.0,91.19
2008,261,244,17,243,10.59,388.48,93.49
2009,261,234,27,234,10.87,436.57,89.66
2010,261,233,28,232,7.79,0.0,89.27
2011,261,245,16,245,10.22,297.97,93.87
2012,261,240,21,240,6.81,0.0,91.95
2013,261,237,24,237,6.28,0.0,90.8
2014,261,234,27,233,10.51,353.06,89.66
2015,261,236,25,235,8.01,0.0,90.42
2016,261,243,18,243,7.1,0.0,93.1
2017,261,234,27,231,6.2,0.0,89.66
2018,261,239,22,238,6.02,0.0,91.57
2019,261,229,32,228,8.01,0.0,87.74
2020,261,239,22,237,10.69,404.5,91.57
2021,261,242,19,241,6.31,0.0,92.72
2022,261,232,29,229,6.91,0.0,88.89
2023,261,226,35,223,6.39,0.0,86.59
2024,261,231,30,228,7.38,0.0,88.51
2025,261,242,19,242,7.07,0.0,92.72
2026,261,229,32,229,7.21,0.0,87.74
2027,261,243,18,242,6.01,0.0,93.1
2028,261,231,30,230,10.51,348.31,88.51
2029,261,243,18,241,6.21,0.0,93.1
2030,261,239,22,238,7.21,0.0,91.57
2031,261,241,20,239,6.61,0.0,92.34
2032,261,237,24,235,7.52,0.0,90.8
2033,261,227,34,226,6.6,0.0,86.97
2034,261,239,22,239,7.18,0.0,91.57
2035,261,242,19,241,8.01,0.0,92.72
2036,261,240,21,239,7.09,0.0,91.95
2037,261,231,30,229,7.2,0.0,88.51
2038,261,239,22,236,10.87,446.48,91.57
2039,261,231,30,231,6.52,0.0,88.51
2040,261,244,17,244,10.72,420.54,93.49
2041,261,228,33,228,6.99,0.0,87.36
2042,261,246,15,246,8.96,28.91,94.25
2043,261,234,27,233,8.1,0.0,89.66
2044,261,241,20,241,7.06,0.0,92.34
2045,261,246,15,245,7.96,0.0,94.25
2046,261,231,30,230,7.4,0.0,88.51
2047,261,237,24,236,7.09,0.0,90.8
2048,261,243,18,242,6.79,0.0,93.1
2049,261,243,18,242,6.8,0.0,93.1
2050,261,238,23,238,6.73,0.0,91.19
2051,261,242,19,241,8.04,0.13,92.72
2052,261,231,30,231,7.69,0.0,88.51
2053,261,227,34,224,7.07,0.0,86.97
2054,261,228,33,226,7.87,0.0,87.36
2055,261,231,30,231,10.26,292.19,88.51
2056,261,232,29,232,7.49,0.0,88.89
2057,261,236,25,236,7.71,0.0,90.42
2058,261,235,26,233,10.54,361.23,90.04
2059,261,244,17,244,6.89,0.0,93.49
2060,261,237,24,235,7.55,0.0,90.8
2061,261,236,25,236,7.99,0.0,90.42
2062,261,240,21,239,7.5,0.0,91.95
2063,261,239,22,237,6.62,0.0,91.57
2064,261,241,20,236,6.28,0.0,92.34
2065,261,233,28,232,7.51,0.0,89.27
2066,261,237,24,236,7.28,0.0,90.8
2067,261,234,27,234,8.79,9.44,89.66
2068,261,227,34,226,6.77,0.0,86.97
2069,261,240,21,239,6.71,0.0,91.95
2070,261,243,18,243,10.43,347.07,93.1
2071,261,225,36,225,5.99,0.0,86.21
2072,261,233,28,230,8.9,16.5,89.27
2073,261,233,28,230,9.89,207.62,89.27
2074,261,229,32,229,6.03,0.0,87.74
2075,261,230,31,230,6.2,0.0,88.12
2076,261,245,16,244,7.84,0.0,93.87
2077,261,240,21,240,7.2,0.0,91.95
2078,261,232,29,231,7.49,0.0,88.89
2079,261,244,17,244,6.77,0.0,93.49
2080,261,233,28,231,7.2,0.0,89.27
2081,261,239,22,238,7.16,0.0,91.57
2082,261,240,21,239,7.31,0.0,91.95
2083,261,244,17,243,8.52,1.54,93.49
2084,261,228,33,227,6.63,0.0,87.36
2085,261,227,34,226,5.95,0.0,86.97
2086,261,230,31,230,6.63,0.0,88.12
2087,261,233,28,232,6.0,0.0,89.27
2088,261,244,17,243,7.63,0.0,93.49
2089,261,244,17,242,6.32,0.0,93.49
2090,261,240,21,238,6.2,0.0,91.95
2091,261,245,16,244,7.51,0.0,93.87
2092,261,240,21,239,8.59,2.26,91.95
2093,261,239,22,239,7.3,0.0,91.57
2094,261,239,22,238,8.46,0.82,91.57
2095,261,229,32,229,8.0,0.0,87.74
2096,261,240,21,240,6.09,0.0,91.95
2097,261,232,29,231,7.34,0.0,88.89
2098,261,232,29,231,8.0,0.0,88.89
2099,261,239,22,238,9.19,59.38,91.57
2100,261,232,29,232,9.49,114.63,88.89
2101,261,242,19,242,9.79,191.69,92.72
2102,261,234,27,231,9.21,58.88,89.66
2103,261,235,26,234,6.37,0.0,90.04
2104,261,242,19,241,5.98,0.0,92.72
2105,261,238,23,236,8.4,0.14,91.19
2106,261,238,23,238,7.4,0.0,91.19
2107,261,232,29,228,7.7,0.0,88.89
2108,261,244,17,241,8.59,3.94,93.49
2109,261,238,23,238,7.3,0.0,91.19
2110,261,242,19,241,7.44,0.0,92.72
2111,261,236,25,235,6.61,0.0,90.42
2112,261,232,29,232,6.69,0.0,88.89
2113,261,237,24,235,6.1,0.0,90.8
2114,261,228,33,228,6.11,0.0,87.36
2115,261,241,20,240,8.0,0.0,92.34
2116,261,237,24,235,8.8,10.2,90.8
2117,261,232,29,232,6.19,0.0,88.89
2118,261,242,19,240,6.88,0.0,92.72
2119,261,240,21,238,6.0,0.0,91.95
2120,261,230,31,229,6.99,0.0,88.12
2121,261,247,14,246,11.03,500.38,94.64
2122,261,241,20,241,10.81,436.6,92.34
2123,261,235,26,234,7.48,0.0,90.04
2124,261,228,33,226,9.17,51.32,87.36
2125,261,234,27,233,8.71,7.06,89.66
2126,261,245,16,244,9.91,223.29,93.87
2127,261,233,28,233,9.58,136.62,89.27
2128,261,239,22,239,7.61,0.0,91.57
2129,261,232,29,231,6.88,0.0,88.89
2130,261,237,24,235,8.91,17.77,90.8
2131,261,233,28,232,11.01,467.42,89.27
2132,261,243,18,242,6.61,0.0,93.1
2133,261,228,33,228,6.78,0.0,87.36
2134,261,243,18,242,10.42,345.21,93.1
2135,261,228,33,227,7.8,0.0,87.36
2136,261,232,29,232,7.47,0.0,88.89
2137,261,245,16,244,10.5,368.35,93.87
2138,261,245,16,245,9.42,106.51,93.87
2139,261,229,32,228,6.41,0.0,87.74
2140,261,242,19,239,10.61,389.09,92.72
2141,261,228,33,228,6.01,0.0,87.36
2142,261,232,29,228,9.68,157.89,88.89
2143,261,236,25,235,7.02,0.0,90.42
2144,261,236,25,236,9.5,119.06,90.42
2145,261,234,27,233,8.39,0.12,89.66
2146,261,226,35,223,6.77,0.0,86.59
2147,261,238,23,237,7.98,0.12,91.19
2148,261,234,27,234,6.82,0.0,89.66
2149,261,237,24,237,5.98,0.0,90.8
2150,261,236,25,235,8.4,0.66,90.42
2151,261,230,31,229,5.99,0.0,88.12
2152,261,236,25,235,6.48,0.0,90.42
2153,261,231,30,229,7.7,0.0,88.51
2154,261,243,18,243,6.17,0.0,93.1
2155,261,232,29,231,6.71,0.0,88.89
2156,261,242,19,242,7.71,0.0,92.72
2157,261,234,27,231,7.98,0.0,89.66
2158,261,238,23,238,10.44,342.97,91.19
2159,261,232,29,230,9.8,185.3,88.89
2160,261,244,17,244,10.02,248.4,93.49
2161,261,232,29,231,10.36,315.83,88.89
2162,261,245,16,245,5.98,0.0,93.87
2163,261,237,24,236,10.1,260.94,90.8
2164,261,245,16,243,7.8,0.0,93.87
2165,261,229,32,227,9.14,44.34,87.74
2166,261,237,24,236,6.03,0.0,90.8
2167,261,246,15,246,9.71,175.14,94.25
2168,261,231,30,229,6.63,0.0,88.51
2169,261,241,20,241,8.0,0.0,92.34
2170,261,232,29,232,7.34,0.0,88.89
2171,261,236,25,233,7.42,0.0,90.42
2172,261,240,21,238,6.0,0.0,91.95
2173,261,235,26,234,7.69,0.0,90.04
2174,261,247,14,244,9.51,126.18,94.64
2175,261,242,19,242,9.48,118.51,92.72
2176,261,236,25,236,6.59,0.0,90.42
2177,261,243,18,242,7.23,0.0,93.1
2178,261,225,36,223,6.29,0.0,86.21
2179,261,235,26,234,8.49,1.67,90.04
2180,261,236,25,235,6.12,0.0,90.42
2181,261,238,23,237,6.09,0.0,91.19
2182,261,230,31,230,7.6,0.0,88.12
2183,261,243,18,242,7.1,0.0,93.1
2184,261,227,34,226,7.49,0.0,86.97
2185,261,243,18,243,7.91,0.0,93.1
2186,261,230,31,229,7.18,0.0,88.12
2187,261,234,27,234,7.35,0.0,89.66
2188,261,243,18,242,8.68,5.15,93.1
2189,261,245,16,245,10.38,338.16,93.87
2190,261,238,23,236,6.38,0.0,91.19
2191,261,239,22,238,6.48,0.0,91.57
2192,261,234,27,233,7.18,0.0,89.66
2193,261,243,18,241,7.67,0.0,93.1
2194,261,243,18,243,9.07,38.41,93.1
2195,261,240,21,239,6.38,0.0,91.95
2196,261,241,20,240,7.91,0.0,92.34
2197,261,243,18,241,6.68,0.0,93.1
2198,261,233,28,232,10.89,439.5,89.27
2199,261,232,29,230,10.32,306.83,88.89
2200,261,244,17,243,7.08,0.0,93.49
2201,261,239,22,238,10.67,398.98,91.57
2202,261,236,25,234,10.39,328.22,90.42
2203,261,234,27,234,7.78,0.0,89.66
2204,261,247,14,245,10.4,344.78,94.64
2205,261,236,25,236,6.59,0.0,90.42
2206,261,234,27,231,7.21,0.0,89.66
2207,261,236,25,236,9.09,38.79,90.42
2208,261,234,27,232,9.69,160.93,89.66
2209,261,243,18,243,10.31,319.54,93.1
2210,261,230,31,227,10.0,231.07,88.12
2211,261,231,30,229,6.32,0.0,88.51
2212,261,229,32,229,6.13,0.0,87.74
2213,261,240,21,236,6.51,0.0,91.95
2214,261,227,34,225,7.47,0.0,86.97
2215,261,237,24,235,7.67,0.0,90.8
2216,261,244,17,244,8.0,0.0,93.49
2217,261,243,18,240,6.8,0.0,93.1
2218,261,228,33,225,6.21,0.0,87.36
2219,261,244,17,243,7.05,0.0,93.49
2220,261,239,22,239,8.61,2.56,91.57
2221,261,240,21,237,6.25,0.0,91.95
2222,261,236,25,236,10.57,370.38,90.42
2223,261,235,26,232,7.49,0.0,90.04
2224,261,246,15,246,9.4,100.81,94.25
2225,261,237,24,236,7.3,0.0,90.8
2226,261,236,25,234,7.49,0.0,90.42
2227,261,237,24,237,7.3,0.0,90.8
2228,261,244,17,243,7.59,0.0,93.49
2229,261,245,16,245,8.0,0.0,93.87
2230,261,245,16,244,7.18,0.0,93.87
2231,261,226,35,225,6.32,0.0,86.59
2232,261,241,20,240,7.31,0.0,92.34
2233,261,238,23,237,7.79,0.0,91.19
2234,261,230,31,230,7.19,0.0,88.12
2235,261,242,19,241,7.56,0.0,92.72
2236,261,229,32,227,6.61,0.0,87.74
2237,261,232,29,230,6.34,0.0,88.89
2238,261,247,14,244,9.7,172.18,94.64
2239,261,235,26,235,7.51,0.0,90.04
2240,261,243,18,240,6.13,0.0,93.1
2241,261,239,22,238,10.5,358.8,91.57
2242,261,236,25,235,6.37,0.0,90.42
2243,261,228,33,225,6.73,0.0,87.36
2244,261,230,31,229,6.68,0.0,88.12
2245,261,243,18,242,9.39,96.33,93.1
2246,261,243,18,243,6.79,0.0,93.1
2247,261,240,21,240,10.51,362.06,91.95
2248,261,232,29,231,6.73,0.0,88.89
2249,261,246,15,246,10.28,314.05,94.25
2250,261,237,24,237,10.57,371.11,90.8
2251,261,239,22,239,7.09,0.0,91.57
2252,261,234,27,233,7.42,0.0,89.66
2253,261,239,22,239,7.99,0.0,91.57
2254,261,245,16,244,6.51,0.0,93.87
2255,261,231,30,228,6.59,0.0,88.51
2256,261,228,33,227,6.9,0.0,87.36
2257,261,240,21,239,6.79,0.0,91.95
2258,261,229,32,229,6.51,0.0,87.74
2259,261,232,29,232,6.92,0.0,88.89
2260,261,231,30,231,7.29,0.0,88.51
2261,261,243,18,243,6.87,0.0,93.1
2262,261,231,30,230,6.13,0.0,88.51
2263,261,241,20,240,7.29,0.0,92.34
2264,261,236,25,232,7.6,0.0,90.42
2265,261,239,22,236,6.17,0.0,91.57
2266,261,232,29,231,7.6,0.0,88.89
2267,261,228,33,228,6.91,0.0,87.36
2268,261,225,36,225,6.29,0.0,86.21
2269,261,240,21,239,6.49,0.0,91.95
2270,261,229,32,228,7.81,0.0,87.74
2271,261,233,28,232,8.53,1.19,89.27
2272,261,227,34,225,6.61,0.0,86.97
2273,261,241,20,236,8.51,0.85,92.34
2274,261,242,19,242,7.41,0.0,92.72
2275,261,234,27,233,10.3,303.32,89.66
2276,261,236,25,236,6.98,0.0,90.42
2277,261,231,30,229,6.1,0.0,88.51
2278,261,243,18,241,10.7,413.34,93.1
2279,261,230,31,228,7.9,0.0,88.12
2280,261,231,30,230,10.88,435.23,88.51
2281,261,233,28,229,7.59,0.0,89.27
2282,261,236,25,234,6.11,0.0,90.42
2283,261,235,26,234,7.04,0.0,90.04
2284,261,230,31,229,6.41,0.0,88.12
2285,261,229,32,229,7.12,0.0,87.74
2286,261,244,17,244,5.99,0.0,93.49
2287,261,242,19,242,8.49,1.0,92.72
2288,261,230,31,229,7.44,0.0,88.12
2289,261,230,31,229,6.97,0.0,88.12
2290,261,235,26,235,6.55,0.0,90.04
2291,261,242,19,240,7.9,0.0,92.72
2292,261,235,26,235,7.13,0.0,90.04
2293,261,243,18,241,7.03,0.0,93.1
2294,261,241,20,241,6.21,0.0,92.34
2295,261,240,21,239,7.68,0.0,91.95
2296,261,241,20,240,7.59,0.0,92.34
2297,261,241,20,240,10.29,310.93,92.34
2298,261,228,33,227,6.37,0.0,87.36
2299,261,235,26,234,9.99,232.69,90.04
2300,261,240,21,240,10.5,359.9,91.95
2301,261,242,19,242,6.57,0.0,92.72
2302,261,236,25,236,8.04,0.0,90.42
2303,261,236,25,236,6.17,0.0,90.42
2304,261,241,20,238,7.2,0.0,92.34
2305,261,228,33,228,5.98,0.0,87.36
2306,261,234,27,231,8.11,0.0,89.66
2307,261,229,32,228,6.3,0.0,87.74
2308,261,246,15,245,10.62,399.3,94.25
2309,261,241,20,241,8.39,1.04,92.34
2310,261,240,21,240,6.11,0.0,91.95
2311,261,244,17,244,8.4,0.47,93.49
2312,261,228,33,227,6.56,0.0,87.36
2313,261,245,16,245,7.8,0.0,93.87
2314,261,237,24,237,7.29,0.0,90.8
2315,261,235,26,233,9.1,38.52,90.04
2316,261,236,25,234,7.87,0.0,90.42
2317,261,229,32,228,7.79,0.0,87.74
2318,261,243,18,240,7.1,0.0,93.1
2319,261,228,33,228,7.4,0.0,87.36
2320,261,243,18,243,6.9,0.0,93.1
2321,261,229,32,228,6.79,0.0,87.74
2322,261,227,34,226,6.51,0.0,86.97
2323,261,234,27,233,9.68,159.72,89.66
2324,261,241,20,239,6.49,0.0,92.34
2325,261,244,17,242,7.61,0.0,93.49
2326,261,244,17,242,7.39,0.0,93.49
2327,261,230,31,228,7.09,0.0,88.12
2328,261,228,33,228,7.42,0.0,87.36
2329,261,227,34,227,6.41,0.0,86.97
2330,261,226,35,225,6.11,0.0,86.59
2331,261,239,22,238,7.31,0.0,91.57
2332,261,244,17,244,6.97,0.0,93.49
2333,261,238,23,238,7.21,0.0,91.19
2334,261,234,27,233,7.39,0.0,89.66
2335,261,238,23,237,8.07,0.0,91.19
2336,261,237,24,235,9.31,80.61,90.8
2337,261,228,33,228,7.8,0.0,87.36
2338,261,238,23,236,6.81,0.0,91.19
2339,261,237,24,237,9.39,94.02,90.8
2340,261,227,34,225,6.71,0.0,86.97
2341,261,233,28,232,9.2,56.33,89.27
2342,261,241,20,238,6.0,0.0,92.34
2343,261,232,29,232,6.42,0.0,88.89
2344,261,226,35,226,6.02,0.0,86.59
2345,261,238,23,236,6.51,0.0,91.19
2346,261,236,25,233,7.0,0.0,90.42
2347,261,227,34,227,7.36,0.0,86.97
2348,261,228,33,226,6.6,0.0,87.36
2349,261,238,23,238,8.4,0.38,91.19
2350,261,242,19,242,8.88,16.05,92.72
2351,261,232,29,232,9.4,94.91,88.89
2352,261,235,26,234,6.29,0.0,90.04
2353,261,240,21,239,8.78,8.34,91.95
2354,261,231,30,230,6.61,0.0,88.51
2355,261,239,22,236,8.91,18.74,91.57
2356,261,242,19,241,7.88,0.0,92.72
2357,261,229,32,228,7.22,0.0,87.74
2358,261,248,13,248,10.91,474.56,95.02
2359,261,225,36,223,6.07,0.0,86.21
2360,261,244,17,244,7.27,0.0,93.49
2361,261,226,35,223,6.57,0.0,86.59
2362,261,232,29,232,6.11,0.0,88.89
2363,261,230,31,230,7.59,0.0,88.12
2364,261,236,25,233,7.43,0.0,90.42
2365,261,239,22,236,7.93,0.0,91.57
2366,261,229,32,228,8.38,0.37,87.74
2367,261,232,29,232,6.01,0.0,88.89
2368,261,226,35,224,6.89,0.0,86.59
2369,261,233,28,233,7.53,0.0,89.27
2370,261,230,31,229,6.19,0.0,88.12
2371,261,244,17,243,8.02,0.0,93.49
2372,261,235,26,231,6.66,0.0,90.04
2373,261,244,17,244,7.33,0.0,93.49
2374,261,243,18,242,9.6,146.45,93.1
2375,261,234,27,234,6.0,0.0,89.66
2376,261,230,31,230,7.99,0.05,88.12
2377,261,229,32,228,9.2,54.22,87.74
2378,261,229,32,229,8.62,3.12,87.74
2379,261,240,21,239,7.08,0.0,91.95
2380,261,247,14,246,10.7,420.53,94.64
2381,261,242,19,241,8.67,4.94,92.72
2382,261,243,18,242,7.23,0.0,93.1
2383,261,230,31,228,6.42,0.0,88.12
2384,261,245,16,242,10.47,360.47,93.87
2385,261,244,17,243,7.32,0.0,93.49
2386,261,243,18,242,7.93,0.0,93.1
2387,261,228,33,228,6.13,0.0,87.36
2388,261,229,32,228,6.76,0.0,87.74
2389,261,230,31,230,7.78,0.0,88.12
2390,261,235,26,232,7.8,0.0,90.04
2391,261,230,31,229,6.62,0.0,88.12
2392,261,236,25,236,7.67,0.0,90.42
2393,261,234,27,233,5.98,0.0,89.66
2394,261,239,22,239,8.47,1.45,91.57
2395,261,240,21,240,8.01,0.0,91.95
2396,261,239,22,239,6.28,0.0,91.57
2397,261,229,32,227,7.6,0.0,87.74
2398,261,233,28,232,7.58,0.0,89.27
2399,261,236,25,234,8.39,0.3,90.42
2400,261,243,18,242,7.19,0.0,93.1
2401,261,242,19,242,10.69,409.7,92.72
2402,261,228,33,227,6.36,0.0,87.36
2403,261,242,19,241,6.59,0.0,92.72
2404,261,242,19,239,7.42,0.0,92.72
2405,261,246,15,244,9.7,171.9,94.25
2406,261,235,26,233,7.83,0.0,90.04
2407,261,232,29,231,6.74,0.0,88.89
2408,261,241,20,241,6.41,0.0,92.34
2409,261,231,30,230,10.99,459.25,88.51
2410,261,243,18,243,7.67,0.0,93.1
2411,261,243,18,243,9.47,115.47,93.1
2412,261,242,19,241,5.99,0.0,92.72
2413,261,239,22,239,8.49,1.13,91.57
2414,261,229,32,228,8.13,0.0,87.74
2415,261,242,19,240,7.39,0.0,92.72
2416,261,234,27,233,8.0,0.0,89.66
2417,261,241,20,240,9.93,223.18,92.34
2418,261,229,32,229,7.49,0.0,87.74
2419,261,238,23,237,7.17,0.0,91.19
2420,261,229,32,229,7.69,0.0,87.74
2421,261,239,22,238,8.0,0.0,91.57
2422,261,232,29,232,6.19,0.0,88.89
2423,261,243,18,243,7.78,0.0,93.1
2424,261,234,27,232,6.48,0.0,89.66
2425,261,244,17,244,7.12,0.0,93.49
2426,261,234,27,234,9.21,60.56,89.66
2427,261,242,19,240,8.47,0.94,92.72
2428,261,236,25,234,8.17,0.0,90.42
2429,261,228,33,227,8.11,0.0,87.36
2430,261,235,26,234,6.72,0.0,90.04
2431,261,231,30,231,6.99,0.0,88.51
2432,261,230,31,229,7.87,0.0,88.12
2433,261,239,22,238,6.3,0.0,91.57
2434,261,237,24,235,6.32,0.0,90.8
2435,261,235,26,235,6.43,0.0,90.04
2436,261,229,32,226,6.8,0.0,87.74
2437,261,243,18,242,7.68,0.0,93.1
2438,261,228,33,226,6.63,0.0,87.36
2439,261,235,26,234,6.89,0.0,90.04
2440,261,235,26,235,7.2,0.0,90.04
2441,261,229,32,229,7.7,0.0,87.74
2442,261,247,14,247,9.82,203.58,94.64
2443,261,242,19,240,6.01,0.0,92.72
2444,261,231,30,230,7.56,0.0,88.51
2445,261,230,31,230,7.41,0.0,88.12
2446,261,227,34,226,7.3,0.0,86.97
2447,261,227,34,223,7.68,0.0,86.97
2448,261,241,20,241,9.79,191.21,92.34
2449,261,247,14,245,10.41,347.47,94.64
2450,261,244,17,244,7.0,0.0,93.49
2451,261,240,21,240,6.01,0.0,91.95
2452,261,242,19,242,6.5,0.0,92.72
2453,261,244,17,242,10.17,286.55,93.49
2454,261,239,22,239,7.65,0.0,91.57
2455,261,231,30,229,7.94,0.0,88.51
2456,261,245,16,242,7.8,0.0,93.87
2457,261,228,33,227,6.2,0.0,87.36
2458,261,239,22,239,5.99,0.0,91.57
2459,261,243,18,241,6.71,0.0,93.1
2460,261,245,16,243,7.62,0.0,93.87
2461,261,243,18,241,6.32,0.0,93.1
2462,261,229,32,228,6.81,0.0,87.74
2463,261,239,22,239,8.81,10.33,91.57
2464,261,244,17,242,7.97,0.0,93.49
2465,261,238,23,237,9.9,214.22,91.19
2466,261,238,23,236,7.39,0.0,91.19
2467,261,241,20,238,7.7,0.0,92.34
2468,261,245,16,245,8.29,0.0,93.87
2469,261,231,30,231,7.86,0.0,88.51
2470,261,229,32,227,6.19,0.0,87.74
2471,261,233,28,233,6.33,0.0,89.27
2472,261,226,35,225,6.78,0.0,86.59
2473,261,232,29,232,5.98,0.0,88.89
2474,261,237,24,236,9.0,28.12,90.8
2475,261,232,29,230,8.38,0.08,88.89
2476,261,233,28,233,6.71,0.0,89.27
2477,261,229,32,228,7.6,0.0,87.74
2478,261,241,20,241,6.7,0.0,92.34
2479,261,230,31,230,6.29,0.0,88.12
2480,261,240,21,240,8.19,0.48,91.95
2481,261,234,27,234,8.1,0.0,89.66
2482,261,232,29,231,6.1,0.0,88.89
2483,261,228,33,227,7.7,0.0,87.36
2484,261,233,28,233,7.52,0.0,89.27
2485,261,234,27,232,6.39,0.0,89.66
2486,261,244,17,244,8.89,16.24,93.49
2487,261,235,26,235,7.28,0.0,90.04
2488,261,233,28,231,6.7,0.0,89.27
2489,261,234,27,231,8.02,0.0,89.66
2490,261,235,26,233,9.99,233.6,90.04
2491,261,235,26,233,9.5,121.3,90.04
2492,261,232,29,232,9.29,73.23,88.89
2493,261,239,22,238,6.13,0.0,91.57
2494,261,241,20,239,8.58,2.47,92.34
2495,261,232,29,232,7.99,0.0,88.89
2496,261,235,26,235,7.39,0.0,90.04
2497,261,233,28,233,6.91,0.0,89.27
2498,261,239,22,238,6.69,0.0,91.57
2499,261,242,19,242,6.56,0.0,92.72
2500,261,238,23,238,6.6,0.0,91.19
2501,261,243,18,243,6.7,0.0,93.1
2502,261,229,32,229,7.76,0.0,87.74
2503,261,231,30,229,7.89,0.0,88.51
2504,261,240,21,239,6.2,0.0,91.95
2505,261,231,30,231,6.2,0.0,88.51
2506,261,231,30,230,7.4,0.0,88.51
2507,261,228,33,228,7.81,0.0,87.36
2508,261,240,21,240,10.28,307.62,91.95
2509,261,234,27,233,7.11,0.0,89.66
2510,261,238,23,237,8.72,8.06,91.19
2511,261,235,26,234,8.03,0.0,90.04
2512,261,244,17,244,6.61,0.0,93.49
2513,261,240,21,239,7.38,0.0,91.95
2514,261,244,17,243,6.6,0.0,93.49
2515,261,239,22,238,7.41,0.0,91.57
2516,261,235,26,234,10.68,394.54,90.04
2517,261,232,29,231,7.23,0.0,88.89
2518,261,226,35,222,7.07,0.0,86.59
2519,261,229,32,228,7.49,0.0,87.74
2520,261,243,18,242,7.61,0.0,93.1
2521,261,243,18,242,9.5,123.17,93.1
2522,261,237,24,236,6.12,0.0,90.8
2523,261,245,16,245,9.62,151.43,93.87
2524,261,229,32,229,7.63,0.0,87.74
2525,261,238,23,237,6.14,0.0,91.19
2526,261,246,15,246,8.67,3.82,94.25
2527,261,226,35,226,7.2,0.0,86.59
2528,261,241,20,237,10.68,405.36,92.34
2529,261,243,18,243,7.03,0.0,93.1
2530,261,245,16,244,10.22,299.23,93.87
2531,261,243,18,243,7.69,0.0,93.1
2532,261,229,32,227,7.6,0.0,87.74
2533,261,239,22,238,6.5,0.0,91.57
2534,261,234,27,232,6.12,0.0,89.66
2535,261,237,24,236,7.19,0.0,90.8
2536,261,234,27,233,7.72,0.0,89.66
2537,261,246,15,243,8.04,0.0,94.25
2538,261,233,28,233,6.6,0.0,89.27
2539,261,242,19,241,10.43,345.26,92.72
2540,261,228,33,228,7.88,0.0,87.36
2541,261,226,35,225,7.12,0.0,86.59
2542,261,237,24,235,7.96,0.0,90.8
2543,261,227,34,227,6.29,0.0,86.97
2544,261,229,32,229,6.09,0.0,87.74
2545,261,229,32,228,8.6,2.34,87.74
2546,261,240,21,240,7.89,0.0,91.95
2547,261,236,25,234,7.68,0.0,90.42
2548,261,231,30,231,6.54,0.0,88.51
2549,261,226,35,224,6.19,0.0,86.59
2550,261,241,20,241,6.99,0.0,92.34
2551,261,243,18,242,7.68,0.0,93.1
2552,261,242,19,241,10.51,365.09,92.72
2553,261,230,31,229,9.5,116.24,88.12
2554,261,243,18,241,7.52,0.0,93.1
2555,261,231,30,231,8.1,0.0,88.51
2556,261,242,19,240,7.08,0.0,92.72
2557,261,230,31,229,8.7,5.88,88.12
2558,261,242,19,242,10.52,366.8,92.72
2559,261,238,23,233,7.11,0.0,91.19
2560,261,231,30,230,6.54,0.0,88.51
2561,261,228,33,228,6.81,0.0,87.36
2562,261,241,20,239,9.31,80.29,92.34
2563,261,231,30,230,7.59,0.0,88.51
2564,261,243,18,242,7.19,0.0,93.1
2565,261,232,29,231,7.08,0.0,88.89
2566,261,231,30,231,10.21,280.46,88.51
2567,261,240,21,238,6.9,0.0,91.95
2568,261,236,25,234,7.32,0.0,90.42
2569,261,233,28,229,6.4,0.0,89.27
2570,261,230,31,230,7.42,0.0,88.12
2571,261,239,22,239,8.32,0.02,91.57
2572,261,244,17,244,9.21,60.08,93.49
2573,261,228,33,227,6.78,0.0,87.36
2574,261,243,18,243,6.09,0.0,93.1
2575,261,243,18,242,7.79,0.0,93.1
2576,261,238,23,237,6.37,0.0,91.19
2577,261,237,24,236,10.6,378.24,90.8
2578,261,244,17,243,6.79,0.0,93.49
2579,261,230,31,226,6.28,0.0,88.12
2580,261,245,16,245,7.28,0.0,93.87
2581,261,244,17,242,8.9,17.38,93.49
2582,261,239,22,238,9.39,97.54,91.57
2583,261,237,24,236,6.0,0.0,90.8
2584,261,232,29,231,7.91,0.0,88.89
2585,261,243,18,242,7.02,0.0,93.1
2586,261,238,23,237,10.8,428.43,91.19
2587,261,235,26,234,9.88,207.28,90.04
2588,261,235,26,233,10.22,286.76,90.04
2589,261,240,21,238,7.62,0.0,91.95
2590,261,238,23,238,6.34,0.0,91.19
2591,261,235,26,235,8.7,6.0,90.04
2592,261,232,29,232,6.45,0.0,88.89
2593,261,236,25,236,6.59,0.0,90.42
2594,261,229,32,229,6.67,0.0,87.74
2595,261,243,18,243,9.78,190.14,93.1
2596,261,240,21,239,7.09,0.0,91.95
2597,261,232,29,231,6.0,0.0,88.89
2598,261,240,21,240,6.76,0.0,91.95
2599,261,227,34,227,6.79,0.0,86.97
2600,261,232,29,231,7.75,0.0,88.89
2601,261,233,28,230,6.6,0.0,89.27
2602,261,239,22,238,6.88,0.0,91.57
2603,261,233,28,233,6.29,0.0,89.27
2604,261,234,27,233,7.18,0.0,89.66
2605,261,240,21,238,8.81,10.31,91.95
2606,261,231,30,231,7.91,0.0,88.51
2607,261,244,17,244,7.3,0.0,93.49
2608,261,236,25,236,10.3,307.98,90.42
2609,261,235,26,235,10.8,423.71,90.04
2610,261,229,32,229,7.91,0.0,87.74
2611,261,232,29,231,7.89,0.0,88.89
2612,261,230,31,230,7.49,0.0,88.12
2613,261,239,22,238,8.02,0.0,91.57
2614,261,237,24,235,8.24,0.4,90.8
2615,261,242,19,242,10.8,435.7,92.72
2616,261,243,18,243,6.1,0.0,93.1
2617,261,233,28,232,6.6,0.0,89.27
2618,261,229,32,229,6.11,0.0,87.74
2619,261,230,31,229,10.46,336.64,88.12
2620,261,242,19,241,6.88,0.0,92.72
2621,261,230,31,230,6.99,0.0,88.12
2622,261,230,31,230,7.81,0.0,88.12
2623,261,241,20,241,6.21,0.0,92.34
2624,261,236,25,235,6.19,0.0,90.42
2625,261,241,20,240,6.08,0.0,92.34
2626,261,230,31,230,10.19,272.79,88.12
2627,261,235,26,235,7.8,0.0,90.04
2628,261,235,26,235,6.21,0.0,90.04
2629,261,241,20,239,7.89,0.0,92.34
2630,261,241,20,241,7.2,0.0,92.34
2631,261,243,18,242,6.51,0.0,93.1
2632,261,237,24,236,9.82,194.43,90.8
2633,261,237,24,236,7.69,0.0,90.8
2634,261,233,28,233,7.18,0.0,89.27
2635,261,242,19,240,10.43,347.15,92.72
2636,261,243,18,242,6.44,0.0,93.1
2637,261,235,26,233,8.02,0.0,90.04
2638,261,237,24,235,9.09,42.87,90.8
2639,261,241,20,240,7.0,0.0,92.34
2640,261,243,18,243,6.18,0.0,93.1
2641,261,230,31,229,6.0,0.0,88.12
2642,261,240,21,239,8.02,0.0,91.95
2643,261,230,31,230,8.02,0.13,88.12
2644,261,242,19,240,7.89,0.0,92.72
2645,261,239,22,238,9.42,103.2,91.57
2646,261,232,29,232,8.03,0.0,88.89
2647,261,243,18,242,6.81,0.0,93.1
2648,261,246,15,244,10.77,435.18,94.25
2649,261,232,29,229,8.21,0.0,88.89
2650,261,226,35,226,6.31,0.0,86.59
2651,261,233,28,233,7.96,0.0,89.27
2652,261,229,32,229,7.83,0.0,87.74
2653,261,238,23,237,7.83,0.0,91.19
2654,261,234,27,233,6.62,0.0,89.66
2655,261,233,28,232,10.88,437.33,89.27
2656,261,236,25,235,7.38,0.0,90.42
2657,261,236,25,235,6.81,0.0,90.42
2658,261,236,25,236,7.81,0.0,90.42
2659,261,231,30,231,7.36,0.0,88.51
2660,261,242,19,241,7.69,0.0,92.72
2661,261,238,23,238,7.08,0.0,91.19
2662,261,237,24,235,6.7,0.0,90.8
2663,261,241,20,239,10.49,358.16,92.34
2664,261,244,17,242,6.91,0.0,93.49
2665,261,235,26,234,7.2,0.0,90.04
2666,261,240,21,239,6.3,0.0,91.95
2667,261,233,28,232,6.08,0.0,89.27
2668,261,233,28,233,6.22,0.0,89.27
2669,261,245,16,245,8.38,0.54,93.87
2670,261,230,31,229,7.51,0.0,88.12
2671,261,228,33,228,6.9,0.0,87.36
2672,261,238,23,238,9.8,189.3,91.19
2673,261,226,35,224,6.12,0.0,86.59
2674,261,234,27,234,9.6,140.02,89.66
2675,261,233,28,231,7.49,0.0,89.27
2676,261,235,26,234,7.26,0.0,90.04
2677,261,228,33,228,7.52,0.0,87.36
2678,261,244,17,243,7.7,0.0,93.49
2679,261,244,17,241,5.99,0.0,93.49
2680,261,239,22,238,9.3,75.5,91.57
2681,261,234,27,232,6.42,0.0,89.66
2682,261,231,30,231,6.47,0.0,88.51
2683,261,237,24,237,8.59,3.56,90.8
2684,261,228,33,226,6.7,0.0,87.36
2685,261,231,30,231,8.49,1.56,88.51
2686,261,231,30,231,9.52,120.69,88.51
2687,261,242,19,242,6.39,0.0,92.72
2688,261,237,24,236,7.25,0.0,90.8
2689,261,239,22,239,9.97,231.77,91.57
2690,261,234,27,234,6.4,0.0,89.66
2691,261,241,20,240,7.99,0.0,92.34
2692,261,227,34,225,7.82,0.0,86.97
2693,261,236,25,236,7.5,0.0,90.42
2694,261,232,29,229,10.73,401.2,88.89
2695,261,239,22,237,6.34,0.0,91.57
2696,261,232,29,229,7.59,0.0,88.89
2697,261,243,18,241,10.51,367.93,93.1
2698,261,229,32,228,8.01,0.0,87.74
2699,261,233,28,233,10.7,396.06,89.27
2700,261,244,17,243,9.99,241.01,93.49
2701,261,238,23,237,8.01,0.0,91.19
2702,261,238,23,238,9.68,161.88,91.19
2703,261,235,26,232,6.9,0.0,90.04
2704,261,228,33,228,6.5,0.0,87.36
2705,261,244,17,243,6.12,0.0,93.49
2706,261,231,30,229,5.98,0.0,88.51
2707,261,245,16,243,7.79,0.0,93.87
2708,261,241,20,240,7.5,0.0,92.34
2709,261,243,18,241,9.49,121.06,93.1
2710,261,234,27,234,6.88,0.0,89.66
2711,261,238,23,237,7.09,0.0,91.19
2712,261,237,24,236,8.01,0.0,90.8
2713,261,238,23,237,6.46,0.0,91.19
2714,261,238,23,238,8.5,1.39,91.19
2715,261,242,19,242,6.1,0.0,92.72
2716,261,238,23,237,6.49,0.0,91.19
2717,261,242,19,242,9.69,167.36,92.72
2718,261,244,17,244,6.5,0.0,93.49
2719,261,239,22,239,8.89,13.98,91.57
2720,261,236,25,233,7.1,0.0,90.42
2721,261,230,31,230,9.13,46.79,88.12
2722,261,235,26,234,6.6,0.0,90.04
2723,261,238,23,238,6.19,0.0,91.19
2724,261,239,22,238,7.59,0.0,91.57
2725,261,242,19,241,7.7,0.0,92.72
2726,261,231,30,228,6.77,0.0,88.51
2727,261,243,18,240,6.81,0.0,93.1
2728,261,239,22,238,6.01,0.0,91.57
2729,261,235,26,234,7.78,0.0,90.04
2730,261,230,31,229,6.08,0.0,88.12
2731,261,231,30,231,9.3,73.28,88.51
2732,261,238,23,237,6.92,0.0,91.19
2733,261,234,27,233,9.31,78.55,89.66
2734,261,241,20,241,10.67,402.87,92.34
2735,261,237,24,236,9.39,96.09,90.8
2736,261,234,27,233,9.48,114.71,89.66
2737,261,240,21,240,10.19,286.12,91.95
2738,261,245,16,245,8.22,0.0,93.87
2739,261,230,31,229,6.48,0.0,88.12
2740,261,245,16,243,8.8,11.72,93.87
2741,261,227,34,226,6.08,0.0,86.97
2742,261,234,27,234,7.41,0.0,89.66
2743,261,234,27,232,8.11,0.06,89.66
2744,261,228,33,228,6.18,0.0,87.36
2745,261,245,16,244,9.53,130.57,93.87
2746,261,240,21,240,6.9,0.0,91.95
2747,261,238,23,238,6.0,0.0,91.19
2748,261,230,31,230,8.12,0.0,88.12
2749,261,240,21,239,7.21,0.0,91.95
2750,261,238,23,237,6.77,0.0,91.19
2751,261,233,28,233,6.08,0.0,89.27
2752,261,240,21,239,8.87,12.99,91.95
2753,261,236,25,234,6.81,0.0,90.42
2754,261,242,19,241,7.8,0.0,92.72
2755,261,239,22,238,6.31,0.0,91.57
2756,261,235,26,234,7.5,0.0,90.04
2757,261,236,25,235,7.19,0.0,90.42
2758,261,243,18,243,6.1,0.0,93.1
2759,261,227,34,226,6.04,0.0,86.97
2760,261,229,32,227,8.94,20.63,87.74
2761,261,228,33,225,6.59,0.0,87.36
2762,261,233,28,231,10.29,300.96,89.27
2763,261,231,30,231,9.19,54.82,88.51
2764,261,232,29,231,7.9,0.0,88.89
2765,261,228,33,228,6.69,0.0,87.36
2766,261,240,21,240,8.8,12.22,91.95
2767,261,227,34,226,7.97,0.0,86.97
2768,261,237,24,236,6.3,0.0,90.8
2769,261,242,19,240,6.4,0.0,92.72
2770,261,242,19,240,6.68,0.0,92.72
2771,261,242,19,242,7.58,0.0,92.72
2772,261,235,26,234,6.21,0.0,90.04
2773,261,240,21,239,7.39,0.0,91.95
2774,261,247,14,246,10.11,273.69,94.64
2775,261,233,28,233,8.09,0.0,89.27
2776,261,244,17,242,9.03,32.25,93.49
2777,261,235,26,235,7.27,0.0,90.04
2778,261,236,25,234,7.63,0.0,90.42
2779,261,237,24,236,7.78,0.0,90.8
2780,261,230,31,230,5.98,0.0,88.12
2781,261,244,17,242,7.1,0.0,93.49
2782,261,240,21,240,6.71,0.0,91.95
2783,261,245,16,243,10.15,281.97,93.87
2784,261,229,32,228,7.98,0.0,87.74
2785,261,233,28,232,10.73,402.13,89.27
2786,261,243,18,243,7.59,0.0,93.1
2787,261,233,28,233,7.76,0.0,89.27
2788,261,235,26,234,7.19,0.0,90.04
2789,261,247,14,247,9.61,152.24,94.64
2790,261,238,23,238,8.53,1.85,91.19
2791,261,230,31,230,7.7,0.0,88.12
2792,261,230,31,229,6.31,0.0,88.12
2793,261,242,19,241,7.47,0.0,92.72
2794,261,232,29,230,8.2,0.03,88.89
2795,261,233,28,231,8.08,0.0,89.27
2796,261,231,30,231,6.53,0.0,88.51
2797,261,227,34,224,6.02,0.0,86.97
2798,261,229,32,228,6.22,0.0,87.74
2799,261,229,32,227,7.89,0.0,87.74
2800,261,245,16,245,8.03,0.0,93.87
2801,261,232,29,231,7.51,0.0,88.89
2802,261,244,17,243,8.67,4.6,93.49
2803,261,237,24,237,7.91,0.0,90.8
2804,261,231,30,229,6.74,0.0,88.51
2805,261,236,25,234,9.0,29.81,90.42
2806,261,236,25,236,6.72,0.0,90.42
2807,261,233,28,232,8.4,0.83,89.27
2808,261,228,33,228,7.72,0.0,87.36
2809,261,238,23,238,7.57,0.0,91.19
2810,261,239,22,239,9.41,100.54,91.57
2811,261,231,30,230,6.4,0.0,88.51
2812,261,235,26,232,7.2,0.0,90.04
2813,261,245,16,244,7.99,0.0,93.87
2814,261,229,32,228,7.08,0.0,87.74
2815,261,240,21,239,8.39,0.2,91.95
2816,261,243,18,243,8.09,0.0,93.1
2817,261,234,27,233,7.88,0.0,89.66
2818,261,245,16,244,6.79,0.0,93.87
2819,261,238,23,236,7.19,0.0,91.19
2820,261,236,25,236,7.93,0.0,90.42
2821,261,241,20,240,7.79,0.0,92.34
2822,261,229,32,228,10.03,236.02,87.74
2823,261,242,19,241,7.92,0.0,92.72
2824,261,234,27,232,7.41,0.0,89.66
2825,261,229,32,228,10.43,326.57,87.74
2826,261,243,18,243,6.69,0.0,93.1
2827,261,231,30,231,6.49,0.0,88.51
2828,261,230,31,228,6.67,0.0,88.12
2829,261,234,27,234,6.43,0.0,89.66
2830,261,235,26,231,7.28,0.0,90.04
2831,261,235,26,234,8.0,0.0,90.04
2832,261,238,23,238,6.41,0.0,91.19
2833,261,236,25,236,7.02,0.0,90.42
2834,261,235,26,234,7.36,0.0,90.04
2835,261,235,26,233,10.93,454.19,90.04
2836,261,242,19,241,6.84,0.0,92.72
2837,261,243,18,241,7.89,0.0,93.1
2838,261,240,21,239,6.12,0.0,91.95
2839,261,228,33,227,7.58,0.0,87.36
2840,261,240,21,239,9.95,228.94,91.95
2841,261,229,32,229,6.19,0.0,87.74
2842,261,228,33,226,7.03,0.0,87.36
2843,261,242,19,241,7.7,0.0,92.72
2844,261,230,31,230,6.28,0.0,88.12
2845,261,233,28,232,6.49,0.0,89.27
2846,261,235,26,235,10.89,443.49,90.04
2847,261,245,16,245,10.61,395.28,93.87
2848,261,243,18,243,6.22,0.0,93.1
2849,261,232,29,232,6.18,0.0,88.89
2850,261,239,22,237,6.89,0.0,91.57
2851,261,243,18,241,6.28,0.0,93.1
2852,261,228,33,227,6.93,0.0,87.36
2853,261,239,22,239,8.92,23.27,91.57
2854,261,229,32,229,7.51,0.0,87.74
2855,261,236,25,235,7.43,0.0,90.42
2856,261,242,19,241,6.83,0.0,92.72
2857,261,242,19,240,8.12,0.0,92.72
2858,261,242,19,241,8.3,0.26,92.72
2859,261,242,19,241,6.82,0.0,92.72
2860,261,240,21,240,7.2,0.0,91.95
2861,261,231,30,231,6.86,0.0,88.51
2862,261,238,23,238,7.9,0.0,91.19
2863,261,241,20,240,10.37,329.71,92.34
2864,261,230,31,228,6.21,0.0,88.12
2865,261,235,26,232,10.05,247.76,90.04
2866,261,229,32,229,6.78,0.0,87.74
2867,261,235,26,235,6.13,0.0,90.04
2868,261,240,21,240,7.51,0.0,91.95
2869,261,230,31,229,6.22,0.0,88.12
2870,261,242,19,241,6.09,0.0,92.72
2871,261,238,23,234,6.82,0.0,91.19
2872,261,243,18,242,7.38,0.0,93.1
2873,261,226,35,226,6.27,0.0,86.59
2874,261,245,16,243,7.53,0.0,93.87
2875,261,238,23,237,9.0,25.89,91.19
2876,261,231,30,229,8.01,0.01,88.51
2877,261,237,24,235,6.21,0.0,90.8
2878,261,237,24,236,10.08,256.9,90.8
2879,261,232,29,230,6.12,0.0,88.89
2880,261,239,22,237,6.39,0.0,91.57
2881,261,225,36,222,6.3,0.0,86.21
2882,261,234,27,232,7.28,0.0,89.66
2883,261,239,22,239,6.52,0.0,91.57
2884,261,245,16,242,9.59,145.55,93.87
2885,261,237,24,237,10.51,358.83,90.8
2886,261,245,16,242,10.4,343.11,93.87
2887,261,230,31,230,8.4,0.78,88.12
2888,261,238,23,236,6.72,0.0,91.19
2889,261,230,31,225,8.49,0.9,88.12
2890,261,231,30,230,7.51,0.0,88.51
2891,261,234,27,233,6.11,0.0,89.66
2892,261,236,25,236,6.02,0.0,90.42
2893,261,244,17,243,7.8,0.0,93.49
2894,261,235,26,234,8.03,0.0,90.04
2895,261,228,33,227,6.19,0.0,87.36
2896,261,239,22,237,6.69,0.0,91.57
2897,261,238,23,236,8.48,0.9,91.19
2898,261,236,25,235,9.08,39.78,90.42
2899,261,239,22,238,7.0,0.0,91.57
2900,261,238,23,238,7.8,0.0,91.19
2901,261,245,16,243,6.58,0.0,93.87
2902,261,239,22,239,6.37,0.0,91.57
2903,261,238,23,238,7.62,0.0,91.19
2904,261,239,22,236,7.51,0.0,91.57
2905,261,232,29,231,10.11,258.45,88.89
2906,261,232,29,231,6.93,0.0,88.89
2907,261,243,18,242,5.97,0.0,93.1
2908,261,236,25,235,6.21,0.0,90.42
2909,261,229,32,228,7.02,0.0,87.74
2910,261,240,21,238,6.29,0.0,91.95
2911,261,237,24,236,5.98,0.0,90.8
2912,261,241,20,239,8.37,0.28,92.34
2913,261,232,29,232,7.39,0.0,88.89
2914,261,233,28,232,6.4,0.0,89.27
2915,261,235,26,232,6.7,0.0,90.04
2916,261,244,17,244,7.68,0.0,93.49
2917,261,230,31,228,10.9,437.16,88.12
2918,261,238,23,237,9.32,80.67,91.19
2919,261,241,20,239,7.1,0.0,92.34
2920,261,230,31,228,8.8,9.77,88.12
2921,261,241,20,241,8.02,0.0,92.34
2922,261,234,27,232,10.18,276.77,89.66
2923,261,240,21,239,6.32,0.0,91.95
2924,261,236,25,236,6.21,0.0,90.42
2925,261,237,24,236,6.09,0.0,90.8
2926,261,238,23,237,7.35,0.0,91.19
2927,261,232,29,231,6.94,0.0,88.89
2928,261,243,18,242,7.32,0.0,93.1
2929,261,226,35,226,6.76,0.0,86.59
2930,261,244,17,241,6.39,0.0,93.49
2931,261,245,16,244,7.59,0.0,93.87
2932,261,234,27,233,8.0,0.0,89.66
2933,261,233,28,233,7.07,0.0,89.27
2934,261,231,30,228,7.44,0.0,88.51
2935,261,243,18,241,7.3,0.0,93.1
2936,261,229,32,228,8.51,1.54,87.74
2937,261,226,35,224,6.08,0.0,86.59
2938,261,241,20,239,7.72,0.0,92.34
2939,261,243,18,242,9.5,122.41,93.1
2940,261,244,17,244,7.02,0.0,93.49
2941,261,231,30,230,7.42,0.0,88.51
2942,261,237,24,237,7.7,0.0,90.8
2943,261,238,23,237,7.01,0.0,91.19
2944,261,232,29,232,7.22,0.0,88.89
2945,261,236,25,235,7.98,0.0,90.42
2946,261,238,23,238,10.82,432.2,91.19
2947,261,236,25,235,6.9,0.0,90.42
2948,261,228,33,228,6.73,0.0,87.36
2949,261,243,18,243,7.23,0.0,93.1
2950,261,242,19,242,7.09,0.0,92.72
2951,261,243,18,241,8.41,0.28,93.1
2952,261,236,25,236,7.07,0.0,90.42
2953,261,240,21,240,9.27,70.93,91.95
2954,261,244,17,243,9.42,105.4,93.49
2955,261,226,35,226,6.07,0.0,86.59
2956,261,238,23,238,6.7,0.0,91.19
2957,261,232,29,232,6.59,0.0,88.89
2958,261,246,15,245,11.0,492.46,94.25
2959,261,234,27,231,7.03,0.0,89.66
2960,261,246,15,245,9.29,78.95,94.25
2961,261,237,24,237,7.55,0.0,90.8
2962,261,229,32,227,5.98,0.0,87.74
2963,261,228,33,226,8.35,0.39,87.36
2964,261,227,34,225,6.81,0.0,86.97
2965,261,227,34,223,7.1,0.0,86.97
2966,261,229,32,228,9.4,95.22,87.74
2967,261,242,19,242,11.0,484.74,92.72
2968,261,229,32,228,7.61,0.0,87.74
2969,261,233,28,232,11.02,470.99,89.27
2970,261,236,25,236,6.78,0.0,90.42
2971,261,244,17,244,10.14,277.41,93.49
2972,261,234,27,234,6.7,0.0,89.66
2973,261,231,30,230,10.51,349.16,88.51
2974,261,237,24,236,6.2,0.0,90.8
2975,261,242,19,242,6.59,0.0,92.72
2976,261,234,27,233,10.27,297.97,89.66
2977,261,237,24,236,10.03,243.98,90.8
2978,261,228,33,227,6.03,0.0,87.36
2979,261,231,30,230,6.77,0.0,88.51
2980,261,241,20,241,7.7,0.0,92.34
2981,261,235,26,234,7.19,0.0,90.04
2982,261,238,23,236,7.61,0.0,91.19
2983,261,238,23,237,6.93,0.0,91.19
2984,261,237,24,237,6.97,0.0,90.8
2985,261,237,24,237,7.2,0.0,90.8
2986,261,241,20,237,7.21,0.0,92.34
2987,261,246,15,246,7.6,0.0,94.25
2988,261,231,30,231,7.83,0.0,88.51
2989,261,238,23,238,6.95,0.0,91.19
2990,261,226,35,225,6.88,0.0,86.59
2991,261,242,19,241,10.9,459.34,92.72
2992,261,234,27,233,9.1,38.55,89.66
2993,261,240,21,238,6.83,0.0,91.95
2994,261,233,28,231,7.3,0.0,89.27
2995,261,241,20,239,8.62,3.01,92.34
2996,261,241,20,240,6.76,0.0,92.34
2997,261,239,22,235,11.0,477.34,91.57
2998,261,231,30,230,7.68,0.0,88.51
2999,261,237,24,235,9.99,235.06,90.8
3000,261,230,31,229,7.91,0.0,88.12
3001,261,244,17,242,10.69,412.24,93.49
3002,261,239,22,238,10.53,365.53,91.57
3003,261,241,20,241,10.1,266.0,92.34
3004,261,235,26,234,6.62,0.0,90.04
3005,261,231,30,231,7.5,0.0,88.51
3006,261,240,21,237,10.72,413.47,91.95
3007,261,225,36,222,6.2,0.0,86.21
3008,261,238,23,236,6.59,0.0,91.19
3009,261,233,28,232,6.09,0.0,89.27
3010,261,235,26,233,10.02,239.32,90.04
3011,261,233,28,233,7.39,0.0,89.27
3012,261,239,22,239,6.51,0.0,91.57
3013,261,230,31,230,6.32,0.0,88.12
3014,261,234,27,234,9.3,75.03,89.66
3015,261,241,20,238,6.11,0.0,92.34
3016,261,227,34,226,7.2,0.0,86.97
3017,261,232,29,231,7.09,0.0,88.89
3018,261,244,17,244,9.89,217.99,93.49
3019,261,237,24,236,10.51,356.95,90.8
3020,261,244,17,244,6.92,0.0,93.49
3021,261,240,21,237,7.59,0.0,91.95
3022,261,234,27,234,6.13,0.0,89.66
3023,261,238,23,238,6.03,0.0,91.19
3024,261,237,24,236,8.99,28.33,90.8
3025,261,245,16,243,10.4,343.11,93.87
3026,261,235,26,235,8.38,0.83,90.04
3027,261,231,30,230,7.91,0.0,88.51
3028,261,239,22,238,7.13,0.0,91.57
3029,261,238,23,238,9.69,163.56,91.19
3030,261,240,21,239,7.78,0.0,91.95
3031,261,230,31,229,6.32,0.0,88.12
3032,261,236,25,236,6.3,0.0,90.42
3033,261,239,22,239,8.78,10.37,91.57
3034,261,231,30,230,7.72,0.0,88.51
3035,261,230,31,230,7.3,0.0,88.12
3036,261,239,22,236,10.82,433.95,91.57
3037,261,231,30,231,10.42,328.76,88.51
3038,261,240,21,239,5.98,0.0,91.95
3039,261,243,18,242,6.08,0.0,93.1
3040,261,235,26,233,8.08,0.0,90.04
3041,261,227,34,226,7.3,0.0,86.97
3042,261,230,31,230,7.09,0.0,88.12
3043,261,227,34,227,6.3,0.0,86.97
3044,261,240,21,240,8.11,0.0,91.95
3045,261,238,23,238,7.99,0.0,91.19
3046,261,240,21,240,10.47,352.89,91.95
3047,261,230,31,228,8.02,0.0,88.12
3048,261,239,22,236,6.1,0.0,91.57
3049,261,236,25,236,7.62,0.0,90.42
3050,261,240,21,239,6.92,0.0,91.95
3051,261,236,25,235,9.28,71.03,90.42
3052,261,248,13,248,10.79,442.86,95.02
3053,261,243,18,242,5.98,0.0,93.1
3054,261,245,16,244,7.77,0.0,93.87
3055,261,245,16,244,7.71,0.0,93.87
3056,261,234,27,234,6.21,0.0,89.66
3057,261,235,26,235,7.12,0.0,90.04
3058,261,239,22,239,7.83,0.0,91.57
3059,261,234,27,234,7.6,0.0,89.66
3060,261,244,17,244,6.04,0.0,93.49
3061,261,232,29,231,9.12,44.55,88.89
3062,261,243,18,241,8.71,7.23,93.1
3063,261,247,14,246,10.0,247.52,94.64
3064,261,226,35,225,6.88,0.0,86.59
3065,261,231,30,230,6.98,0.0,88.51
3066,261,241,20,239,6.3,0.0,92.34
3067,261,235,26,235,6.4,0.0,90.04
3068,261,234,27,233,8.18,0.01,89.66
3069,261,233,28,233,6.48,0.0,89.27
3070,261,235,26,235,6.71,0.0,90.04
3071,261,246,15,246,7.53,0.0,94.25
3072,261,243,18,242,9.87,210.34,93.1
3073,261,235,26,234,7.43,0.0,90.04
3074,261,234,27,234,7.5,0.0,89.66
3075,261,229,32,228,5.99,0.0,87.74
3076,261,235,26,234,6.85,0.0,90.04
3077,261,226,35,225,6.1,0.0,86.59
3078,261,244,17,244,7.7,0.0,93.49
3079,261,233,28,233,8.9,17.77,89.27
3080,261,230,31,227,10.91,438.5,88.12
3081,261,242,19,241,10.69,407.82,92.72
3082,261,240,21,239,7.14,0.0,91.95
3083,261,245,16,245,8.99,28.32,93.87
3084,261,227,34,226,7.44,0.0,86.97
3085,261,237,24,237,7.58,0.0,90.8
3086,261,236,25,236,6.6,0.0,90.42
3087,261,235,26,235,6.2,0.0,90.04
3088,261,237,24,236,6.49,0.0,90.8
3089,261,233,28,233,8.21,0.01,89.27
3090,261,242,19,241,6.79,0.0,92.72
3091,261,240,21,238,7.3,0.0,91.95
3092,261,242,19,242,6.8,0.0,92.72
3093,261,244,17,243,7.32,0.0,93.49
3094,261,236,25,236,6.21,0.0,90.42
3095,261,236,25,235,7.58,0.0,90.42
3096,261,233,28,233,6.62,0.0,89.27
3097,261,241,20,241,10.64,394.19,92.34
3098,261,232,29,229,6.2,0.0,88.89
3099,261,234,27,233,8.59,1.97,89.66
3100,261,232,29,232,6.01,0.0,88.89
3101,261,229,32,228,6.3,0.0,87.74
3102,261,242,19,241,7.91,0.0,92.72
3103,261,233,28,232,7.18,0.0,89.27
3104,261,228,33,226,6.6,0.0,87.36
3105,261,236,25,234,7.93,0.0,90.42
3106,261,240,21,240,6.71,0.0,91.95
3107,261,228,33,227,6.32,0.0,87.36
3108,261,230,31,229,7.22,0.0,88.12
3109,261,229,32,228,6.29,0.0,87.74
3110,261,240,21,240,7.2,0.0,91.95
3111,261,240,21,235,7.78,0.0,91.95
3112,261,231,30,231,6.78,0.0,88.51
3113,261,239,22,236,6.49,0.0,91.57
3114,261,236,25,235,7.71,0.0,90.42
3115,261,230,31,229,7.57,0.0,88.12
3116,261,242,19,242,9.19,58.57,92.72
3117,261,231,30,227,6.41,0.0,88.51
3118,261,241,20,241,8.49,1.55,92.34
3119,261,239,22,238,6.98,0.0,91.57
3120,261,238,23,237,6.5,0.0,91.19
3121,261,237,24,236,8.9,17.54,90.8
3122,261,237,24,235,6.61,0.0,90.8
3123,261,234,27,234,11.01,470.84,89.66
3124,261,228,33,227,7.8,0.0,87.36
3125,261,239,22,237,7.2,0.0,91.57
3126,261,233,28,230,6.43,0.0,89.27
3127,261,237,24,237,6.77,0.0,90.8
3128,261,229,32,227,7.42,0.0,87.74
3129,261,239,22,239,6.18,0.0,91.57
3130,261,239,22,236,6.01,0.0,91.57
3131,261,233,28,232,7.33,0.0,89.27
3132,261,239,22,239,7.07,0.0,91.57
3133,261,245,16,243,8.69,4.94,93.87
3134,261,231,30,229,10.8,415.03,88.51
3135,261,231,30,229,7.37,0.0,88.51
3136,261,237,24,235,9.18,56.75,90.8
3137,261,231,30,229,7.43,0.0,88.51
3138,261,229,32,229,7.41,0.0,87.74
3139,261,241,20,240,6.7,0.0,92.34
3140,261,235,26,234,9.2,59.38,90.04
3141,261,228,33,228,6.86,0.0,87.36
3142,261,229,32,229,9.29,72.91,87.74
3143,261,236,25,236,5.99,0.0,90.42
3144,261,229,32,227,6.29,0.0,87.74
3145,261,242,19,239,6.39,0.0,92.72
3146,261,232,29,231,8.7,5.24,88.89
3147,261,234,27,233,7.4,0.0,89.66
3148,261,233,28,233,6.24,0.0,89.27
3149,261,245,16,244,7.72,0.0,93.87
3150,261,236,25,235,7.51,0.0,90.42
3151,261,237,24,237,9.08,40.68,90.8
3152,261,240,21,237,5.98,0.0,91.95
3153,261,228,33,228,5.99,0.0,87.36
3154,261,233,28,233,6.01,0.0,89.27
3155,261,241,20,241,6.88,0.0,92.34
3156,261,247,14,246,10.81,447.3,94.64
3157,261,242,19,240,9.03,32.87,92.72
3158,261,240,21,237,7.41,0.0,91.95
3159,261,228,33,225,6.8,0.0,87.36
3160,261,237,24,231,6.81,0.0,90.8
3161,261,231,30,230,7.4,0.0,88.51
3162,261,237,24,235,10.79,424.61,90.8
3163,261,242,19,241,6.91,0.0,92.72
3164,261,244,17,243,8.94,23.02,93.49
3165,261,235,26,235,6.72,0.0,90.04
3166,261,234,27,234,7.89,0.0,89.66
3167,261,237,24,237,6.31,0.0,90.8
3168,261,240,21,240,7.89,0.0,91.95
3169,261,244,17,243,8.93,20.68,93.49
3170,261,239,22,238,7.15,0.0,91.57
3171,261,228,33,228,7.48,0.0,87.36
3172,261,237,24,236,8.69,4.85,90.8
3173,261,242,19,241,6.79,0.0,92.72
3174,261,238,23,236,9.06,34.24,91.19
3175,261,237,24,235,7.01,0.0,90.8
3176,261,241,20,240,6.72,0.0,92.34
3177,261,238,23,237,8.41,0.53,91.19
3178,261,230,31,230,6.51,0.0,88.12
3179,261,240,21,238,7.17,0.0,91.95
3180,261,242,19,240,8.71,7.15,92.72
3181,261,229,32,228,5.99,0.0,87.74
3182,261,239,22,238,7.3,0.0,91.57
3183,261,243,18,242,9.41,101.76,93.1
3184,261,237,24,236,7.32,0.0,90.8
3185,261,242,19,241,7.11,0.0,92.72
3186,261,244,17,244,7.38,0.0,93.49
3187,261,230,31,230,7.6,0.0,88.12
3188,261,231,30,229,9.99,228.9,88.51
3189,261,233,28,231,6.23,0.0,89.27
3190,261,241,20,241,6.8,0.0,92.34
3191,261,233,28,232,6.68,0.0,89.27
3192,261,227,34,227,7.48,0.0,86.97
3193,261,230,31,230,6.4,0.0,88.12
3194,261,239,22,238,10.7,405.32,91.57
3195,261,243,18,242,6.98,0.0,93.1
3196,261,244,17,242,8.59,2.05,93.49
3197,261,231,30,231,10.37,317.51,88.51
3198,261,229,32,224,6.72,0.0,87.74
3199,261,229,32,229,7.08,0.0,87.74
3200,261,236,25,235,7.68,0.0,90.42
3201,261,232,29,231,6.81,0.0,88.89
3202,261,234,27,233,7.77,0.0,89.66
3203,261,229,32,229,7.11,0.0,87.74
3204,261,236,25,233,8.89,16.18,90.42
3205,261,238,23,237,7.56,0.0,91.19
3206,261,236,25,234,9.11,42.92,90.42
3207,261,230,31,230,6.78,0.0,88.12
3208,261,228,33,227,7.51,0.0,87.36
3209,261,237,24,237,6.67,0.0,90.8
3210,261,232,29,231,7.88,0.0,88.89
3211,261,238,23,237,8.19,0.0,91.19
3212,261,228,33,228,7.2,0.0,87.36
3213,261,232,29,232,6.49,0.0,88.89
3214,261,228,33,226,7.87,0.0,87.36
3215,261,244,17,243,6.7,0.0,93.49
3216,261,243,18,243,8.61,3.94,93.1
3217,261,234,27,233,6.81,0.0,89.66
3218,261,238,23,237,7.72,0.0,91.19
3219,261,231,30,230,6.59,0.0,88.51
3220,261,228,33,226,7.4,0.0,87.36
3221,261,236,25,235,6.22,0.0,90.42
3222,261,233,28,231,7.4,0.0,89.27
3223,261,242,19,242,8.1,0.0,92.72
3224,261,238,23,237,6.01,0.0,91.19
3225,261,240,21,238,9.79,190.08,91.95
3226,261,232,29,232,6.09,0.0,88.89
3227,261,244,17,240,8.28,0.38,93.49
3228,261,242,19,241,7.52,0.0,92.72
3229,261,241,20,241,6.44,0.0,92.34
3230,261,234,27,233,9.95,221.23,89.66
3231,261,229,32,229,7.09,0.0,87.74
3232,261,230,31,228,6.4,0.0,88.12
3233,261,229,32,229,7.83,0.0,87.74
3234,261,229,32,228,6.31,0.0,87.74
3235,261,242,19,238,7.12,0.0,92.72
3236,261,243,18,242,8.8,10.43,93.1
3237,261,230,31,230,7.49,0.0,88.12
3238,261,241,20,241,7.09,0.0,92.34
3239,261,236,25,234,6.28,0.0,90.42
3240,261,231,30,231,7.13,0.0,88.51
3241,261,235,26,235,7.78,0.0,90.04
3242,261,245,16,245,10.9,465.22,93.87
3243,261,237,24,237,6.18,0.0,90.8
3244,261,234,27,234,6.0,0.0,89.66
3245,261,239,22,237,10.02,244.59,91.57
3246,261,243,18,242,7.71,0.0,93.1
3247,261,232,29,230,5.99,0.0,88.89
3248,261,243,18,243,8.02,0.0,93.1
3249,261,232,29,232,10.03,238.67,88.89
3250,261,240,21,238,7.77,0.0,91.95
3251,261,234,27,233,8.03,0.0,89.66
3252,261,231,30,231,7.42,0.0,88.51
3253,261,243,18,241,7.2,0.0,93.1
3254,261,228,33,226,7.12,0.0,87.36
3255,261,230,31,229,6.3,0.0,88.12
3256,261,229,32,228,6.16,0.0,87.74
3257,261,238,23,238,6.22,0.0,91.19
3258,261,229,32,229,8.9,17.02,87.74
3259,261,235,26,235,6.84,0.0,90.04
3260,261,241,20,239,9.53,129.5,92.34
3261,261,237,24,236,10.8,426.85,90.8
3262,261,241,20,239,6.86,0.0,92.34
3263,261,235,26,234,7.78,0.0,90.04
3264,261,239,22,238,7.16,0.0,91.57
3265,261,234,27,233,6.36,0.0,89.66
3266,261,232,29,231,7.91,0.0,88.89
3267,261,232,29,231,7.8,0.0,88.89
3268,261,244,17,244,7.98,0.0,93.49
3269,261,238,23,238,6.81,0.0,91.19
3270,261,235,26,235,6.11,0.0,90.04
3271,261,229,32,228,6.42,0.0,87.74
3272,261,234,27,233,10.67,390.45,89.66
3273,261,231,30,230,7.04,0.0,88.51
3274,261,243,18,243,7.96,0.0,93.1
3275,261,238,23,235,9.54,129.84,91.19
3276,261,239,22,238,7.69,0.0,91.57
3277,261,230,31,230,7.68,0.0,88.12
3278,261,232,29,231,8.93,19.33,88.89
3279,261,229,32,228,7.79,0.0,87.74
3280,261,240,21,239,10.51,362.13,91.95
3281,261,241,20,240,6.25,0.0,92.34
3282,261,244,17,242,6.59,0.0,93.49
3283,261,236,25,236,8.0,0.0,90.42
3284,261,237,24,234,6.9,0.0,90.8
3285,261,239,22,238,9.37,91.61,91.57
3286,261,241,20,241,6.6,0.0,92.34
3287,261,234,27,234,7.61,0.0,89.66
3288,261,238,23,237,7.58,0.0,91.19
3289,261,242,19,239,6.9,0.0,92.72
3290,261,228,33,227,6.29,0.0,87.36
3291,261,227,34,226,6.38,0.0,86.97
3292,261,243,18,243,7.3,0.0,93.1
3293,261,232,29,232,10.48,344.47,88.89
3294,261,231,30,231,7.01,0.0,88.51
3295,261,231,30,231,9.9,207.69,88.51
3296,261,232,29,232,6.88,0.0,88.89
3297,261,231,30,229,8.02,0.0,88.51
3298,261,232,29,232,7.3,0.0,88.89
3299,261,237,24,237,6.11,0.0,90.8
3300,261,235,26,234,6.29,0.0,90.04
3301,261,237,24,237,6.4,0.0,90.8
3302,261,235,26,235,5.99,0.0,90.04
3303,261,230,31,229,6.92,0.0,88.12
3304,261,234,27,233,9.69,161.91,89.66
3305,261,241,20,239,7.83,0.0,92.34
3306,261,229,32,228,6.4,0.0,87.74
3307,261,247,14,246,10.41,349.23,94.64
3308,261,240,21,239,8.5,0.85,91.95
3309,261,226,35,226,6.6,0.0,86.59
3310,261,236,25,234,7.59,0.0,90.42
3311,261,234,27,234,6.08,0.0,89.66
3312,261,228,33,228,6.34,0.0,87.36
3313,261,244,17,243,6.52,0.0,93.49
3314,261,247,14,244,10.97,486.38,94.64
3315,261,241,20,239,8.0,0.0,92.34
3316,261,238,23,238,7.63,0.0,91.19
3317,261,245,16,245,10.41,344.66,93.87
3318,261,238,23,237,8.79,8.63,91.19
3319,261,243,18,243,9.96,233.79,93.1
3320,261,236,25,235,7.89,0.0,90.42
3321,261,228,33,226,7.81,0.0,87.36
3322,261,232,29,230,7.49,0.0,88.89
3323,261,229,32,229,7.59,0.0,87.74
3324,261,244,17,244,6.82,0.0,93.49
3325,261,238,23,237,7.01,0.0,91.19
3326,261,229,32,229,9.61,140.93,87.74
3327,261,233,28,232,10.1,255.63,89.27
3328,261,235,26,233,9.38,91.88,90.04
3329,261,232,29,231,6.39,0.0,88.89
3330,261,236,25,236,7.07,0.0,90.42
3331,261,243,18,243,7.37,0.0,93.1
3332,261,239,22,237,6.7,0.0,91.57
3333,261,229,32,229,7.62,0.0,87.74
3334,261,241,20,241,10.68,406.01,92.34
3335,261,241,20,239,8.35,0.08,92.34
3336,261,240,21,239,6.63,0.0,91.95
3337,261,231,30,231,6.91,0.0,88.51
3338,261,238,23,238,9.4,99.21,91.19
3339,261,246,15,246,10.01,247.71,94.25
3340,261,242,19,241,6.39,0.0,92.72
3341,261,229,32,229,9.78,179.41,87.74
3342,261,230,31,228,6.4,0.0,88.12
3343,261,243,18,241,10.47,357.64,93.1
3344,261,232,29,231,6.6,0.0,88.89
3345,261,233,28,232,7.09,0.0,89.27
3346,261,241,20,240,7.89,0.0,92.34
3347,261,247,14,247,10.33,328.55,94.64
3348,261,243,18,241,8.5,2.12,93.1
3349,261,231,30,229,9.8,185.12,88.51
3350,261,234,27,233,10.4,328.01,89.66
3351,261,237,24,237,7.7,0.0,90.8
3352,261,234,27,232,10.71,399.69,89.66
3353,261,235,26,235,7.71,0.0,90.04
3354,261,245,16,244,7.69,0.0,93.87
3355,261,226,35,226,6.92,0.0,86.59
3356,261,236,25,236,10.56,367.24,90.42
3357,261,237,24,236,8.33,0.23,90.8
3358,261,241,20,238,6.08,0.0,92.34
3359,261,239,22,239,10.39,332.11,91.57
3360,261,242,19,241,7.0,0.0,92.72
3361,261,238,23,237,6.72,0.0,91.19
3362,261,233,28,233,7.06,0.0,89.27
3363,261,230,31,230,6.51,0.0,88.12
3364,261,231,30,231,7.08,0.0,88.51
3365,261,243,18,242,7.07,0.0,93.1
3366,261,241,20,238,8.87,16.95,92.34
3367,261,231,30,230,6.11,0.0,88.51
3368,261,245,16,243,7.58,0.0,93.87
3369,261,242,19,241,10.65,399.94,92.72
3370,261,242,19,240,7.1,0.0,92.72
3371,261,244,17,244,10.62,395.14,93.49
3372,261,237,24,236,6.09,0.0,90.8
3373,261,228,33,228,8.3,0.0,87.36
3374,261,240,21,237,8.1,0.0,91.95
3375,261,240,21,240,7.91,0.0,91.95
3376,261,243,18,242,9.8,194.54,93.1
3377,261,242,19,242,6.02,0.0,92.72
3378,261,233,28,233,6.33,0.0,89.27
3379,261,234,27,233,6.32,0.0,89.66
3380,261,243,18,242,7.6,0.0,93.1
3381,261,229,32,229,6.38,0.0,87.74
3382,261,226,35,223,6.98,0.0,86.59
3383,261,230,31,230,7.47,0.0,88.12
3384,261,238,23,236,6.52,0.0,91.19
3385,261,231,30,231,8.01,0.0,88.51
3386,261,233,28,232,8.08,0.0,89.27
3387,261,237,24,236,7.34,0.0,90.8
3388,261,230,31,230,6.5,0.0,88.12
3389,261,240,21,238,9.51,123.76,91.95
3390,261,245,16,243,10.08,264.37,93.87
3391,261,228,33,227,6.83,0.0,87.36
3392,261,245,16,244,8.2,0.0,93.87
3393,261,233,28,231,7.88,0.0,89.27
3394,261,239,22,239,10.33,316.68,91.57
3395,261,229,32,229,7.48,0.0,87.74
3396,261,244,17,242,7.01,0.0,93.49
3397,261,241,20,239,7.39,0.0,92.34
3398,261,237,24,236,8.98,23.66,90.8
3399,261,243,18,241,7.86,0.0,93.1
3400,261,243,18,242,7.1,0.0,93.1
3401,261,242,19,241,8.71,5.73,92.72
3402,261,241,20,241,8.01,0.0,92.34
3403,261,234,27,232,10.49,348.95,89.66
3404,261,233,28,231,9.49,114.55,89.27
3405,261,233,28,233,7.69,0.0,89.27
3406,261,242,19,241,6.92,0.0,92.72
3407,261,231,30,231,6.59,0.0,88.51
3408,261,239,22,238,9.32,82.1,91.57
3409,261,241,20,240,6.31,0.0,92.34
3410,261,237,24,236,6.33,0.0,90.8
3411,261,227,34,227,6.6,0.0,86.97
3412,261,231,30,231,9.6,138.51,88.51
3413,261,236,25,236,10.12,264.38,90.42
3414,261,232,29,232,8.32,0.21,88.89
3415,261,244,17,243,7.59,0.0,93.49
3416,261,242,19,241,7.9,0.0,92.72
3417,261,242,19,240,7.31,0.0,92.72
3418,261,243,18,243,8.02,0.0,93.1
3419,261,226,35,226,6.5,0.0,86.59
3420,261,235,26,235,6.91,0.0,90.04
3421,261,229,32,227,7.14,0.0,87.74
3422,261,228,33,227,7.31,0.0,87.36
3423,261,239,22,239,6.88,0.0,91.57
3424,261,232,29,230,8.01,0.0,88.89
3425,261,236,25,233,6.23,0.0,90.42
3426,261,234,27,232,10.12,262.29,89.66
3427,261,230,31,229,6.6,0.0,88.12
3428,261,235,26,235,8.6,3.03,90.04
3429,261,236,25,236,6.3,0.0,90.42
3430,261,235,26,234,8.41,0.36,90.04
3431,261,239,22,237,7.71,0.0,91.57
3432,261,235,26,235,6.01,0.0,90.04
3433,261,246,15,246,10.9,468.14,94.25
3434,261,235,26,235,6.48,0.0,90.04
3435,261,244,17,244,7.8,0.0,93.49
3436,261,243,18,242,10.8,437.87,93.1
3437,261,239,22,239,7.58,0.0,91.57
3438,261,240,21,238,7.39,0.0,91.95
3439,261,242,19,242,7.18,0.0,92.72
3440,261,234,27,234,7.11,0.0,89.66
3441,261,232,29,232,8.11,0.0,88.89
3442,261,235,26,235,6.69,0.0,90.04
3443,261,242,19,241,7.78,0.0,92.72
3444,261,232,29,232,6.07,0.0,88.89
3445,261,239,22,239,8.2,0.0,91.57
3446,261,235,26,234,9.21,58.46,90.04
3447,261,230,31,228,7.79,0.0,88.12
3448,261,228,33,227,7.59,0.0,87.36
3449,261,239,22,237,9.58,140.38,91.57
3450,261,244,17,242,7.28,0.0,93.49
3451,261,243,18,243,6.09,0.0,93.1
3452,261,234,27,233,7.71,0.0,89.66
3453,261,242,19,241,7.39,0.0,92.72
3454,261,240,21,240,7.61,0.0,91.95
3455,261,236,25,233,6.92,0.0,90.42
3456,261,232,29,231,6.63,0.0,88.89
3457,261,235,26,235,6.1,0.0,90.04
3458,261,229,32,228,7.89,0.0,87.74
3459,261,232,29,230,9.08,38.02,88.89
3460,261,238,23,238,6.6,0.0,91.19
3461,261,241,20,239,10.99,479.72,92.34
3462,261,230,31,230,8.7,6.11,88.12
3463,261,233,28,232,7.38,0.0,89.27
3464,261,230,31,230,7.52,0.0,88.12
3465,261,241,20,239,6.19,0.0,92.34
3466,261,241,20,240,7.91,0.0,92.34
3467,261,229,32,228,7.32,0.0,87.74
3468,261,241,20,241,7.9,0.0,92.34
3469,261,236,25,235,7.99,0.06,90.42
3470,261,233,28,232,6.68,0.0,89.27
3471,261,237,24,235,6.56,0.0,90.8
3472,261,243,18,241,6.18,0.0,93.1
3473,261,238,23,236,6.37,0.0,91.19
3474,261,239,22,239,9.82,195.86,91.57
3475,261,241,20,240,7.78,0.0,92.34
3476,261,237,24,235,6.73,0.0,90.8
3477,261,228,33,227,6.67,0.0,87.36
3478,261,237,24,235,10.62,384.52,90.8
3479,261,241,20,239,10.94,467.75,92.34
3480,261,236,25,235,7.83,0.0,90.42
3481,261,246,15,246,10.2,295.19,94.25
3482,261,235,26,234,6.82,0.0,90.04
3483,261,233,28,231,6.3,0.0,89.27
3484,261,235,26,234,10.51,354.75,90.04
3485,261,243,18,243,8.02,0.0,93.1
3486,261,240,21,238,7.08,0.0,91.95
3487,261,234,27,233,6.17,0.0,89.66
3488,261,229,32,228,6.01,0.0,87.74
3489,261,229,32,229,7.99,0.0,87.74
3490,261,242,19,240,10.69,408.98,92.72
3491,261,226,35,225,6.33,0.0,86.59
3492,261,227,34,227,6.9,0.0,86.97
3493,261,230,31,228,6.39,0.0,88.12
3494,261,234,27,232,7.41,0.0,89.66
3495,261,229,32,229,7.08,0.0,87.74
3496,261,237,24,237,7.18,0.0,90.8
3497,261,230,31,229,6.02,0.0,88.12
3498,261,247,14,243,10.47,362.79,94.64
3499,261,229,32,229,6.19,0.0,87.74
3500,261,237,24,237,7.2,0.0,90.8
3501,261,229,32,227,6.6,0.0,87.74
3502,261,237,24,234,7.49,0.0,90.8
3503,261,227,34,226,6.62,0.0,86.97
3504,261,238,23,236,7.22,0.0,91.19
3505,261,235,26,233,7.98,0.0,90.04
3506,261,233,28,233,7.09,0.0,89.27
3507,261,227,34,226,7.2,0.0,86.97
3508,261,244,17,244,10.9,463.67,93.49
3509,261,234,27,234,6.5,0.0,89.66
3510,261,239,22,237,10.68,400.62,91.57
3511,261,241,20,240,7.01,0.0,92.34
3512,261,241,20,240,8.98,27.06,92.34
3513,261,235,26,235,8.1,0.0,90.04
3514,261,231,30,230,7.13,0.0,88.51
3515,261,229,32,228,7.97,0.0,87.74
3516,261,239,22,236,7.36,0.0,91.57
3517,261,233,28,231,7.09,0.0,89.27
3518,261,232,29,230,6.8,0.0,88.89
3519,261,238,23,238,6.77,0.0,91.19
3520,261,235,26,235,6.72,0.0,90.04
3521,261,229,32,228,8.05,0.0,87.74
3522,261,229,32,229,7.71,0.0,87.74
3523,261,227,34,227,7.12,0.0,86.97
3524,261,234,27,233,7.94,0.0,89.66
3525,261,245,16,245,10.34,327.96,93.87
3526,261,233,28,231,7.47,0.0,89.27
3527,261,235,26,235,7.69,0.0,90.04
3528,261,246,15,243,10.46,360.14,94.25
3529,261,234,27,233,6.91,0.0,89.66
3530,261,238,23,238,7.52,0.0,91.19
3531,261,240,21,239,7.96,0.0,91.95
3532,261,232,29,231,7.49,0.0,88.89
3533,261,240,21,240,6.59,0.0,91.95
3534,261,237,24,236,6.29,0.0,90.8
3535,261,230,31,230,7.51,0.0,88.12
3536,261,232,29,230,7.31,0.0,88.89
3537,261,236,25,236,8.79,10.05,90.42
3538,261,229,32,227,6.83,0.0,87.74
3539,261,232,29,230,6.68,0.0,88.89
3540,261,247,14,246,10.41,347.91,94.64
3541,261,241,20,239,6.03,0.0,92.34
3542,261,241,20,240,8.91,17.99,92.34
3543,261,245,16,245,9.88,215.45,93.87
3544,261,232,29,231,5.99,0.0,88.89
3545,261,234,27,230,6.2,0.0,89.66
3546,261,246,15,245,7.8,0.0,94.25
3547,261,244,17,244,7.18,0.0,93.49
3548,261,243,18,241,7.51,0.0,93.1
3549,261,235,26,234,6.81,0.0,90.04
3550,261,234,27,232,7.17,0.0,89.66
3551,261,235,26,234,7.15,0.0,90.04
3552,261,240,21,239,7.31,0.0,91.95
3553,261,245,16,244,8.49,2.86,93.87
3554,261,236,25,234,6.6,0.0,90.42
3555,261,227,34,227,6.02,0.0,86.97
3556,261,238,23,237,6.61,0.0,91.19
3557,261,235,26,235,6.02,0.0,90.04
3558,261,245,16,245,7.61,0.0,93.87
3559,261,229,32,229,6.3,0.0,87.74
3560,261,237,24,236,6.22,0.0,90.8
3561,261,244,17,242,7.49,0.0,93.49
3562,261,245,16,243,8.6,2.54,93.87
3563,261,243,18,243,7.29,0.0,93.1
3564,261,228,33,227,8.41,0.52,87.36
3565,261,239,22,239,7.99,0.0,91.57
3566,261,228,33,228,6.13,0.0,87.36
3567,261,230,31,229,7.32,0.0,88.12
3568,261,243,18,242,8.02,0.0,93.1
3569,261,235,26,235,9.19,56.43,90.04
3570,261,239,22,238,9.46,113.06,91.57
3571,261,241,20,241,9.81,195.64,92.34
3572,261,236,25,235,9.16,48.76,90.42
3573,261,242,19,241,6.28,0.0,92.72
3574,261,243,18,243,6.01,0.0,93.1
3575,261,238,23,236,8.41,0.38,91.19
3576,261,232,29,232,7.38,0.0,88.89
3577,261,243,18,242,7.7,0.0,93.1
3578,261,237,24,237,8.62,3.57,90.8
3579,261,226,35,226,7.31,0.0,86.59
3580,261,229,32,229,7.38,0.0,87.74
3581,261,231,30,230,6.57,0.0,88.51
3582,261,230,31,230,6.68,0.0,88.12
3583,261,229,32,228,6.06,0.0,87.74
3584,261,231,30,227,6.08,0.0,88.51
3585,261,239,22,239,7.99,0.0,91.57
3586,261,234,27,232,8.77,7.65,89.66
3587,261,243,18,243,6.17,0.0,93.1
3588,261,239,22,237,6.87,0.0,91.57
3589,261,237,24,235,6.0,0.0,90.8
3590,261,228,33,228,7.02,0.0,87.36
3591,261,242,19,242,10.97,477.88,92.72
3592,261,239,22,238,10.77,423.55,91.57
3593,261,241,20,240,7.48,0.0,92.34
3594,261,245,16,243,9.22,63.4,93.87
3595,261,236,25,236,8.7,6.27,90.42
3596,261,232,29,231,9.92,213.67,88.89
3597,261,236,25,236,9.59,138.36,90.42
3598,261,240,21,240,7.57,0.0,91.95
3599,261,231,30,229,6.89,0.0,88.51
3600,261,242,19,241,8.9,19.1,92.72
3601,261,236,25,236,11.02,475.95,90.42
3602,261,239,22,238,6.61,0.0,91.57
3603,261,237,24,237,6.78,0.0,90.8
3604,261,233,28,231,10.41,328.83,89.27
3605,261,233,28,231,7.8,0.0,89.27
3606,261,245,16,244,7.5,0.0,93.87
3607,261,233,28,231,10.49,346.31,89.27
3608,261,231,30,230,9.39,93.18,88.51
3609,261,231,30,230,6.4,0.0,88.51
3610,261,235,26,235,10.61,377.58,90.04
3611,261,234,27,233,6.0,0.0,89.66
3612,261,237,24,237,9.69,164.46,90.8
3613,261,228,33,227,6.99,0.0,87.36
3614,261,234,27,233,9.52,123.34,89.66
3615,261,241,20,240,8.42,0.74,92.34
3616,261,237,24,236,6.85,0.0,90.8
3617,261,237,24,237,8.02,0.0,90.8
3618,261,227,34,227,6.81,0.0,86.97
3619,261,236,25,233,6.01,0.0,90.42
3620,261,230,31,227,8.41,0.31,88.12
3621,261,227,34,225,6.0,0.0,86.97
3622,261,235,26,235,6.47,0.0,90.04
3623,261,242,19,240,7.71,0.0,92.72
3624,261,232,29,232,6.2,0.0,88.89
3625,261,234,27,234,6.69,0.0,89.66
3626,261,238,23,238,7.7,0.0,91.19
3627,261,237,24,237,8.0,0.0,90.8
3628,261,247,14,246,10.39,343.15,94.64
3629,261,233,28,232,9.79,184.55,89.27
3630,261,233,28,233,10.05,243.68,89.27
3631,261,235,26,235,10.37,321.11,90.04
3632,261,226,35,226,5.98,0.0,86.59
3633,261,231,30,230,10.11,257.45,88.51
3634,261,245,16,243,7.8,0.0,93.87
3635,261,230,31,230,9.08,36.29,88.12
3636,261,232,29,232,6.03,0.0,88.89
3637,261,235,26,231,9.7,164.28,90.04
3638,261,238,23,237,6.59,0.0,91.19
3639,261,229,32,229,7.95,0.0,87.74
3640,261,238,23,237,7.24,0.0,91.19
3641,261,232,29,230,7.41,0.0,88.89
3642,261,231,30,230,6.01,0.0,88.51
3643,261,241,20,237,7.69,0.0,92.34
3644,261,246,15,246,9.54,133.04,94.25
3645,261,246,15,245,9.52,128.44,94.25
3646,261,244,17,243,6.6,0.0,93.49
3647,261,228,33,227,7.22,0.0,87.36
3648,261,243,18,243,6.36,0.0,93.1
3649,261,235,26,234,8.51,1.03,90.04
3650,261,241,20,240,6.07,0.0,92.34
3651,261,227,34,225,6.13,0.0,86.97
3652,261,231,30,231,7.62,0.0,88.51
3653,261,234,27,234,7.09,0.0,89.66
3654,261,239,22,238,7.49,0.0,91.57
3655,261,243,18,242,7.89,0.0,93.1
3656,261,243,18,241,7.24,0.0,93.1
3657,261,239,22,239,7.43,0.0,91.57
3658,261,239,22,234,8.67,4.65,91.57
3659,261,232,29,231,10.39,322.63,88.89
3660,261,232,29,232,6.38,0.0,88.89
3661,261,233,28,230,6.53,0.0,89.27
3662,261,238,23,237,7.18,0.0,91.19
3663,261,243,18,243,7.71,0.0,93.1
3664,261,242,19,242,9.08,41.01,92.72
3665,261,239,22,238,6.45,0.0,91.57
3666,261,238,23,236,7.9,0.0,91.19
3667,261,226,35,224,6.68,0.0,86.59
3668,261,248,13,248,10.9,472.12,95.02
3669,261,233,28,231,10.29,300.02,89.27
3670,261,227,34,227,7.07,0.0,86.97
3671,261,248,13,246,10.69,418.9,95.02
3672,261,241,20,240,10.4,337.19,92.34
3673,261,229,32,229,7.78,0.0,87.74
3674,261,247,14,246,10.38,341.68,94.64
3675,261,229,32,225,6.59,0.0,87.74
3676,261,240,21,239,7.19,0.0,91.95
3677,261,232,29,230,9.14,47.0,88.89
3678,261,241,20,240,9.66,160.26,92.34
3679,261,242,19,242,10.3,314.51,92.72
3680,261,239,22,238,10.01,241.83,91.57
3681,261,240,21,240,6.28,0.0,91.95
3682,261,228,33,227,6.15,0.0,87.36
3683,261,230,31,230,6.48,0.0,88.12
3684,261,234,27,232,7.52,0.0,89.66
3685,261,235,26,233,7.72,0.0,90.04
3686,261,237,24,236,8.01,0.0,90.8
3687,261,238,23,236,6.81,0.0,91.19
3688,261,236,25,235,6.22,0.0,90.42
3689,261,227,34,227,7.15,0.0,86.97
3690,261,238,23,235,8.61,3.79,91.19
3691,261,238,23,238,6.21,0.0,91.19
3692,261,230,31,230,10.57,361.83,88.12
3693,261,236,25,235,7.5,0.0,90.42
3694,261,236,25,235,9.38,93.85,90.42
3695,261,234,27,231,7.27,0.0,89.66
3696,261,243,18,243,7.47,0.0,93.1
3697,261,230,31,229,7.29,0.0,88.12
3698,261,243,18,242,7.61,0.0,93.1
3699,261,235,26,235,8.01,0.0,90.04
3700,261,242,19,241,7.16,0.0,92.72
3701,261,226,35,226,6.29,0.0,86.59
3702,261,244,17,243,7.27,0.0,93.49
3703,261,244,17,243,7.82,0.0,93.49
3704,261,235,26,235,7.22,0.0,90.04
3705,261,234,27,233,7.58,0.0,89.66
3706,261,233,28,233,6.63,0.0,89.27
3707,261,238,23,238,6.33,0.0,91.19
3708,261,239,22,238,9.71,169.52,91.57
3709,261,227,34,227,7.52,0.0,86.97
3710,261,230,31,229,6.11,0.0,88.12
3711,261,235,26,234,10.51,354.57,90.04
3712,261,241,20,240,6.4,0.0,92.34
3713,261,233,28,232,6.69,0.0,89.27
3714,261,238,23,238,6.69,0.0,91.19
3715,261,240,21,239,9.37,91.06,91.95
3716,261,229,32,227,6.81,0.0,87.74
3717,261,232,29,232,10.47,341.2,88.89
3718,261,234,27,231,6.68,0.0,89.66
3719,261,244,17,244,10.28,312.07,93.49
3720,261,234,27,234,10.61,376.68,89.66
3721,261,244,17,242,7.08,0.0,93.49
3722,261,244,17,243,7.41,0.0,93.49
3723,261,239,22,235,8.01,0.0,91.57
3724,261,229,32,229,6.5,0.0,87.74
3725,261,226,35,226,6.6,0.0,86.59
3726,261,231,30,231,6.87,0.0,88.51
3727,261,228,33,227,6.82,0.0,87.36
3728,261,237,24,237,6.47,0.0,90.8
3729,261,232,29,231,6.89,0.0,88.89
3730,261,228,33,227,7.33,0.0,87.36
3731,261,231,30,231,6.88,0.0,88.51
3732,261,228,33,228,6.12,0.0,87.36
3733,261,239,22,239,7.28,0.0,91.57
3734,261,232,29,231,7.58,0.0,88.89
3735,261,232,29,232,6.11,0.0,88.89
3736,261,240,21,240,7.55,0.0,91.95
3737,261,236,25,236,6.9,0.0,90.42
3738,261,226,35,226,6.36,0.0,86.59
3739,261,233,28,231,6.48,0.0,89.27
3740,261,243,18,242,7.8,0.0,93.1
3741,261,241,20,241,8.52,1.26,92.34
3742,261,242,19,241,6.58,0.0,92.72
3743,261,239,22,238,8.49,1.9,91.57
3744,261,242,19,241,7.42,0.0,92.72
3745,261,232,29,232,10.31,303.04,88.89
3746,261,234,27,232,7.0,0.0,89.66
3747,261,227,34,227,6.14,0.0,86.97
3748,261,236,25,231,10.67,393.5,90.42
3749,261,233,28,233,7.87,0.0,89.27
3750,261,239,22,235,10.87,445.88,91.57
3751,261,229,32,229,7.6,0.0,87.74
3752,261,229,32,228,6.12,0.0,87.74
3753,261,243,18,242,7.01,0.0,93.1
3754,261,227,34,226,6.39,0.0,86.97
3755,261,232,29,231,7.13,0.0,88.89
3756,261,229,32,227,5.98,0.0,87.74
3757,261,239,22,238,8.46,0.96,91.57
3758,261,227,34,227,7.39,0.0,86.97
3759,261,243,18,242,6.99,0.0,93.1
3760,261,235,26,233,6.54,0.0,90.04
3761,261,240,21,239,7.91,0.0,91.95
3762,261,227,34,227,7.07,0.0,86.97
3763,261,232,29,232,7.02,0.0,88.89
3764,261,235,26,235,6.17,0.0,90.04
3765,261,227,34,226,7.7,0.0,86.97
3766,261,236,25,236,7.6,0.0,90.42
3767,261,246,15,245,10.3,319.61,94.25
3768,261,238,23,238,6.39,0.0,91.19
3769,261,248,13,245,9.99,244.78,95.02
3770,261,245,16,243,10.51,369.52,93.87
3771,261,241,20,241,6.59,0.0,92.34
3772,261,237,24,235,7.99,0.0,90.8
3773,261,231,30,229,6.19,0.0,88.51
3774,261,231,30,231,7.2,0.0,88.51
3775,261,243,18,242,6.03,0.0,93.1
3776,261,243,18,242,8.1,0.23,93.1
3777,261,227,34,226,6.28,0.0,86.97
3778,261,243,18,241,10.62,393.55,93.1
3779,261,236,25,234,8.4,0.16,90.42
3780,261,239,22,239,6.09,0.0,91.57
3781,261,228,33,227,8.41,0.78,87.36
3782,261,235,26,235,6.61,0.0,90.04
3783,261,241,20,241,7.81,0.0,92.34
3784,261,242,19,242,7.3,0.0,92.72
3785,261,246,15,245,9.1,41.49,94.25
3786,261,244,17,242,7.91,0.0,93.49
3787,261,231,30,228,7.81,0.0,88.51
3788,261,229,32,228,7.12,0.0,87.74
3789,261,228,33,226,7.42,0.0,87.36
3790,261,235,26,235,6.91,0.0,90.04
3791,261,238,23,237,6.8,0.0,91.19
3792,261,227,34,225,6.51,0.0,86.97
3793,261,245,16,245,9.71,173.39,93.87
3794,261,241,20,240,6.48,0.0,92.34
3795,261,244,17,244,7.58,0.0,93.49
3796,261,237,24,237,7.38,0.0,90.8
3797,261,237,24,237,7.09,0.0,90.8
3798,261,230,31,226,7.39,0.0,88.12
3799,261,243,18,241,6.4,0.0,93.1
3800,261,241,20,240,6.11,0.0,92.34
3801,261,226,35,225,7.28,0.0,86.59
3802,261,243,18,242,7.05,0.0,93.1
3803,261,242,19,240,7.21,0.0,92.72
3804,261,238,23,237,7.4,0.0,91.19
3805,261,228,33,227,8.1,0.0,87.36
3806,261,230,31,227,9.31,77.64,88.12
3807,261,244,17,243,7.81,0.0,93.49
3808,261,235,26,235,6.79,0.0,90.04
3809,261,241,20,240,9.42,103.13,92.34
3810,261,243,18,243,6.69,0.0,93.1
3811,261,238,23,236,9.19,57.71,91.19
3812,261,227,34,226,6.01,0.0,86.97
3813,261,230,31,229,6.4,0.0,88.12
3814,261,243,18,243,6.0,0.0,93.1
3815,261,234,27,232,6.46,0.0,89.66
3816,261,229,32,229,7.0,0.0,87.74
3817,261,239,22,238,7.28,0.0,91.57
3818,261,235,26,233,6.6,0.0,90.04
3819,261,236,25,234,8.42,0.62,90.42
3820,261,232,29,231,8.87,14.38,88.89
3821,261,245,16,245,9.4,101.04,93.87
3822,261,227,34,227,6.32,0.0,86.97
3823,261,245,16,244,8.81,12.98,93.87
3824,261,231,30,230,6.62,0.0,88.51
3825,261,241,20,239,8.91,22.47,92.34
3826,261,229,32,228,7.91,0.0,87.74
3827,261,231,30,230,7.23,0.0,88.51
3828,261,234,27,232,10.94,453.9,89.66
3829,261,231,30,230,6.11,0.0,88.51
3830,261,238,23,238,7.31,0.0,91.19
3831,261,232,29,232,6.59,0.0,88.89
3832,261,238,23,236,6.09,0.0,91.19
3833,261,236,25,235,7.6,0.0,90.42
3834,261,237,24,234,7.41,0.0,90.8
3835,261,245,16,245,7.89,0.0,93.87
3836,261,235,26,235,8.43,1.16,90.04
3837,261,230,31,229,6.02,0.0,88.12
3838,261,236,25,236,6.9,0.0,90.42
3839,261,237,24,236,7.59,0.0,90.8
3840,261,233,28,232,6.24,0.0,89.27
3841,261,244,17,243,8.0,0.0,93.49
3842,261,245,16,245,6.68,0.0,93.87
3843,261,232,29,230,7.28,0.0,88.89
3844,261,237,24,235,9.6,143.62,90.8
3845,261,236,25,234,5.99,0.0,90.42
3846,261,230,31,230,8.03,0.0,88.12
3847,261,234,27,234,9.25,66.26,89.66
3848,261,246,15,246,8.62,4.87,94.25
3849,261,236,25,236,7.09,0.0,90.42
3850,261,241,20,241,10.7,409.23,92.34
3851,261,244,17,244,8.68,5.77,93.49
3852,261,241,20,238,7.21,0.0,92.34
3853,261,232,29,232,6.41,0.0,88.89
3854,261,238,23,236,10.54,366.29,91.19
3855,261,229,32,228,7.29,0.0,87.74
3856,261,233,28,232,7.89,0.01,89.27
3857,261,233,28,232,6.07,0.0,89.27
3858,261,228,33,227,6.78,0.0,87.36
3859,261,235,26,235,7.81,0.0,90.04
3860,261,246,15,244,7.79,0.0,94.25
3861,261,235,26,235,6.62,0.0,90.04
3862,261,243,18,239,7.69,0.0,93.1
3863,261,231,30,230,6.0,0.0,88.51
3864,261,245,16,244,8.48,2.22,93.87
3865,261,232,29,230,8.01,0.0,88.89
3866,261,234,27,231,6.31,0.0,89.66
3867,261,234,27,233,7.59,0.0,89.66
3868,261,242,19,241,7.6,0.0,92.72
3869,261,242,19,241,8.36,0.29,92.72
3870,261,240,21,239,7.19,0.0,91.95
3871,261,230,31,228,10.69,388.46,88.12
3872,261,243,18,242,6.38,0.0,93.1
3873,261,240,21,237,6.62,0.0,91.95
3874,261,234,27,231,7.4,0.0,89.66
3875,261,231,30,229,9.71,164.6,88.51
3876,261,236,25,235,7.78,0.0,90.42
3877,261,241,20,240,6.71,0.0,92.34
3878,261,233,28,231,6.39,0.0,89.27
3879,261,247,14,246,11.0,492.91,94.64
3880,261,232,29,232,7.72,0.0,88.89
3881,261,247,14,245,9.51,128.86,94.64
3882,261,240,21,239,6.01,0.0,91.95
3883,261,235,26,234,8.51,1.89,90.04
3884,261,241,20,239,8.11,0.36,92.34
3885,261,229,32,227,7.41,0.0,87.74
3886,261,232,29,232,8.03,0.0,88.89
3887,261,241,20,241,9.92,222.01,92.34
3888,261,244,17,243,7.5,0.0,93.49
3889,261,241,20,239,7.18,0.0,92.34
3890,261,232,29,232,7.68,0.0,88.89
3891,261,245,16,244,7.97,0.0,93.87
3892,261,240,21,239,6.22,0.0,91.95
3893,261,238,23,236,7.82,0.0,91.19
3894,261,234,27,231,6.5,0.0,89.66
3895,261,239,22,237,7.1,0.0,91.57
3896,261,238,23,237,9.22,63.74,91.19
3897,261,242,19,241,8.54,1.72,92.72
3898,261,241,20,241,8.19,0.01,92.34
3899,261,235,26,233,8.08,0.0,90.04
3900,261,245,16,244,6.71,0.0,93.87
3901,261,233,28,232,7.0,0.0,89.27
3902,261,230,31,230,7.86,0.0,88.12
3903,261,234,27,234,6.28,0.0,89.66
3904,261,227,34,227,6.31,0.0,86.97
3905,261,236,25,234,6.41,0.0,90.42
3906,261,240,21,240,6.81,0.0,91.95
3907,261,239,22,238,7.7,0.0,91.57
3908,261,236,25,236,6.58,0.0,90.42
3909,261,243,18,243,6.89,0.0,93.1
3910,261,230,31,229,7.22,0.0,88.12
3911,261,233,28,232,7.71,0.0,89.27
3912,261,239,22,237,9.82,195.19,91.57
3913,261,241,20,240,5.98,0.0,92.34
3914,261,232,29,232,7.62,0.0,88.89
3915,261,240,21,239,7.41,0.0,91.95
3916,261,230,31,229,7.32,0.0,88.12
3917,261,236,25,235,7.72,0.0,90.42
3918,261,231,30,231,9.83,191.42,88.51
3919,261,247,14,246,10.41,348.81,94.64
3920,261,229,32,228,6.99,0.0,87.74
3921,261,231,30,231,6.01,0.0,88.51
3922,261,231,30,230,6.5,0.0,88.51
3923,261,240,21,238,10.19,286.4,91.95
3924,261,244,17,241,7.59,0.0,93.49
3925,261,229,32,228,7.91,0.0,87.74
3926,261,228,33,226,7.79,0.0,87.36
3927,261,228,33,228,6.21,0.0,87.36
3928,261,241,20,241,5.99,0.0,92.34
3929,261,228,33,227,6.71,0.0,87.36
3930,261,245,16,243,7.61,0.0,93.87
3931,261,228,33,228,6.33,0.0,87.36
3932,261,242,19,241,6.8,0.0,92.72
3933,261,229,32,228,8.8,8.87,87.74
3934,261,232,29,231,8.0,0.0,88.89
3935,261,244,17,242,9.92,223.37,93.49
3936,261,239,22,239,7.42,0.0,91.57
3937,261,239,22,239,7.71,0.0,91.57
3938,261,238,23,238,8.31,0.11,91.19
3939,261,239,22,239,7.91,0.0,91.57
3940,261,231,30,230,6.22,0.0,88.51
3941,261,240,21,240,6.29,0.0,91.95
3942,261,236,25,236,6.79,0.0,90.42
3943,261,231,30,231,5.98,0.0,88.51
3944,261,244,17,242,9.04,36.09,93.49
3945,261,238,23,238,8.4,0.56,91.19
3946,261,239,22,237,6.7,0.0,91.57
3947,261,230,31,228,7.6,0.0,88.12
3948,261,244,17,242,6.73,0.0,93.49
3949,261,242,19,241,6.29,0.0,92.72
3950,261,241,20,239,8.19,0.39,92.34
3951,261,245,16,243,8.12,0.03,93.87
3952,261,244,17,242,6.09,0.0,93.49
3953,261,240,21,239,7.7,0.0,91.95
3954,261,230,31,229,7.52,0.0,88.12
3955,261,237,24,236,6.39,0.0,90.8
3956,261,242,19,241,8.91,18.92,92.72
3957,261,226,35,226,7.3,0.0,86.59
3958,261,236,25,236,6.69,0.0,90.42
3959,261,234,27,233,7.99,0.0,89.66
3960,261,231,30,229,9.99,228.32,88.51
3961,261,242,19,241,9.48,117.67,92.72
3962,261,243,18,242,9.29,75.63,93.1
3963,261,226,35,226,6.07,0.0,86.59
3964,261,239,22,239,8.59,3.35,91.57
3965,261,243,18,241,8.04,0.0,93.1
3966,261,244,17,242,7.37,0.0,93.49
3967,261,232,29,231,6.89,0.0,88.89
3968,261,235,26,232,6.7,0.0,90.04
3969,261,228,33,226,6.61,0.0,87.36
3970,261,241,20,241,6.61,0.0,92.34
3971,261,244,17,244,6.68,0.0,93.49
3972,261,238,23,236,7.84,0.0,91.19
3973,261,229,32,228,7.9,0.0,87.74
3974,261,233,28,232,6.2,0.0,89.27
3975,261,239,22,239,6.19,0.0,91.57
3976,261,234,27,234,7.35,0.0,89.66
3977,261,238,23,235,7.82,0.0,91.19
3978,261,239,22,238,10.28,306.84,91.57
3979,261,241,20,241,7.09,0.0,92.34
3980,261,245,16,245,8.71,5.62,93.87
3981,261,228,33,227,7.98,0.0,87.36
3982,261,232,29,231,6.62,0.0,88.89
3983,261,241,20,240,7.4,0.0,92.34
3984,261,232,29,228,6.58,0.0,88.89
3985,261,235,26,234,7.4,0.0,90.04
3986,261,234,27,232,10.69,396.53,89.66
3987,261,238,23,237,7.24,0.0,91.19
3988,261,237,24,236,7.06,0.0,90.8
3989,261,231,30,230,7.49,0.0,88.51
3990,261,237,24,236,7.59,0.0,90.8
3991,261,231,30,230,9.49,113.87,88.51
3992,261,235,26,231,6.13,0.0,90.04
3993,261,238,23,238,9.6,142.07,91.19
3994,261,228,33,228,7.61,0.0,87.36
3995,261,231,30,231,6.05,0.0,88.51
3996,261,238,23,238,8.72,6.05,91.19
3997,261,239,22,239,7.17,0.0,91.57
3998,261,237,24,237,10.67,396.49,90.8
3999,261,236,25,236,6.98,0.0,90.42
4000,261,240,21,239,10.22,291.68,91.95
4001,261,233,28,232,7.71,0.0,89.27
4002,261,233,28,233,7.61,0.0,89.27
4003,261,239,22,238,6.49,0.0,91.57
4004,261,234,27,233,6.1,0.0,89.66
4005,261,242,19,241,7.18,0.0,92.72
4006,261,228,33,228,7.7,0.0,87.36
4007,261,241,20,240,8.03,0.0,92.34
4008,261,242,19,240,6.61,0.0,92.72
4009,261,237,24,237,10.38,326.52,90.8
4010,261,233,28,233,7.93,0.0,89.27
4011,261,235,26,235,7.06,0.0,90.04
4012,261,239,22,239,8.01,0.0,91.57
4013,261,241,20,240,6.28,0.0,92.34
4014,261,243,18,243,6.11,0.0,93.1
4015,261,231,30,228,8.6,2.11,88.51
4016,261,240,21,239,7.9,0.0,91.95
4017,261,236,25,234,7.69,0.0,90.42
4018,261,238,23,238,6.49,0.0,91.19
4019,261,241,20,238,6.18,0.0,92.34
4020,261,230,31,230,6.95,0.0,88.12
4021,261,235,26,234,7.72,0.0,90.04
4022,261,234,27,233,10.51,354.02,89.66
4023,261,234,27,233,9.49,115.63,89.66
4024,261,229,32,227,7.53,0.0,87.74
4025,261,238,23,237,8.07,0.0,91.19
4026,261,242,19,241,7.12,0.0,92.72
4027,261,246,15,245,8.72,6.66,94.25
4028,261,241,20,241,10.51,363.18,92.34
4029,261,246,15,242,7.11,0.0,94.25
4030,261,232,29,232,6.49,0.0,88.89
4031,261,240,21,240,6.83,0.0,91.95
4032,261,237,24,236,9.31,77.57,90.8
4033,261,237,24,237,7.55,0.0,90.8
4034,261,232,29,232,7.2,0.0,88.89
4035,261,236,25,234,7.08,0.0,90.42
4036,261,233,28,233,10.2,279.75,89.27
4037,261,232,29,231,6.89,0.0,88.89
4038,261,242,19,240,7.32,0.0,92.72
4039,261,238,23,236,6.41,0.0,91.19
4040,261,236,25,235,7.42,0.0,90.42
4041,261,228,33,226,8.31,0.07,87.36
4042,261,245,16,244,9.2,60.03,93.87
4043,261,232,29,229,6.83,0.0,88.89
4044,261,239,22,238,6.1,0.0,91.57
4045,261,230,31,230,7.83,0.0,88.12
4046,261,228,33,227,6.41,0.0,87.36
4047,261,246,15,243,10.56,384.06,94.25
4048,261,236,25,235,6.8,0.0,90.42
4049,261,241,20,241,6.3,0.0,92.34
4050,261,233,28,233,7.26,0.0,89.27
4051,261,239,22,237,8.86,16.94,91.57
4052,261,230,31,229,9.37,88.87,88.12
4053,261,235,26,232,5.99,0.0,90.04
4054,261,240,21,240,7.9,0.0,91.95
4055,261,231,30,231,7.02,0.0,88.51
4056,261,248,13,244,10.78,441.81,95.02
4057,261,242,19,241,9.92,223.58,92.72
4058,261,235,26,232,10.21,285.27,90.04
4059,261,243,18,241,7.61,0.0,93.1
4060,261,226,35,224,6.31,0.0,86.59
4061,261,235,26,234,8.69,5.24,90.04
4062,261,227,34,227,6.5,0.0,86.97
4063,261,240,21,239,6.55,0.0,91.95
4064,261,231,30,229,6.71,0.0,88.51
4065,261,234,27,233,9.77,180.74,89.66
4066,261,234,27,233,7.11,0.0,89.66
4067,261,229,32,225,5.99,0.0,87.74
4068,261,242,19,240,6.79,0.0,92.72
4069,261,239,22,237,6.79,0.0,91.57
4070,261,244,17,243,7.71,0.0,93.49
4071,261,243,18,243,6.6,0.0,93.1
4072,261,236,25,236,6.93,0.0,90.42
4073,261,243,18,241,6.29,0.0,93.1
4074,261,237,24,236,7.24,0.0,90.8
4075,261,229,32,229,8.81,10.43,87.74
4076,261,237,24,235,7.89,0.07,90.8
4077,261,241,20,241,7.32,0.0,92.34
4078,261,232,29,232,10.32,305.74,88.89
4079,261,240,21,240,10.81,434.08,91.95
4080,261,230,31,229,7.86,0.0,88.12
4081,261,243,18,243,7.89,0.0,93.1
4082,261,242,19,242,7.52,0.0,92.72
4083,261,236,25,235,8.0,0.0,90.42
4084,261,242,19,242,8.18,0.03,92.72
4085,261,236,25,236,10.81,428.05,90.42
4086,261,240,21,237,6.09,0.0,91.95
4087,261,230,31,229,6.6,0.0,88.12
4088,261,235,26,234,6.1,0.0,90.04
4089,261,246,15,246,10.5,369.24,94.25
4090,261,226,35,225,6.87,0.0,86.59
4091,261,240,21,240,7.03,0.0,91.95
4092,261,242,19,239,7.8,0.0,92.72
4093,261,239,22,238,6.19,0.0,91.57
4094,261,235,26,234,6.21,0.0,90.04
4095,261,235,26,232,6.12,0.0,90.04
4096,261,235,26,235,10.2,281.06,90.04
4097,261,240,21,238,7.79,0.0,91.95
4098,261,240,21,238,6.2,0.0,91.95
4099,261,245,16,245,7.91,0.0,93.87
4100,261,235,26,232,7.23,0.0,90.04
4101,261,235,26,233,6.49,0.0,90.04
4102,261,243,18,243,9.8,195.34,93.1
4103,261,229,32,229,7.67,0.0,87.74
4104,261,242,19,240,7.22,0.0,92.72
4105,261,238,23,238,10.38,328.84,91.19
4106,261,229,32,228,6.41,0.0,87.74
4107,261,239,22,237,7.99,0.0,91.57
4108,261,229,32,229,9.07,34.81,87.74
4109,261,229,32,229,6.99,0.0,87.74
4110,261,239,22,237,6.22,0.0,91.57
4111,261,235,26,231,6.02,0.0,90.04
4112,261,236,25,234,8.0,0.2,90.42
4113,261,242,19,241,8.04,0.0,92.72
4114,261,238,23,237,7.9,0.0,91.19
4115,261,233,28,233,9.4,95.77,89.27
4116,261,242,19,242,7.97,0.0,92.72
4117,261,237,24,236,6.78,0.0,90.8
4118,261,236,25,233,10.8,424.49,90.42
4119,261,236,25,236,8.19,0.11,90.42
4120,261,239,22,239,6.27,0.0,91.57
4121,261,245,16,245,8.0,0.22,93.87
4122,261,234,27,233,7.84,0.0,89.66
4123,261,243,18,242,7.8,0.0,93.1
4124,261,232,29,229,6.57,0.0,88.89
4125,261,247,14,245,10.94,479.26,94.64
4126,261,237,24,236,7.36,0.0,90.8
4127,261,240,21,240,6.8,0.0,91.95
4128,261,240,21,239,7.78,0.0,91.95
4129,261,244,17,244,7.39,0.0,93.49
4130,261,234,27,234,7.73,0.0,89.66
4131,261,228,33,228,7.09,0.0,87.36
4132,261,236,25,233,6.66,0.0,90.42
4133,261,241,20,240,10.48,355.7,92.34
4134,261,235,26,235,6.93,0.0,90.04
4135,261,241,20,237,7.19,0.0,92.34
4136,261,234,27,233,6.3,0.0,89.66
4137,261,235,26,233,6.1,0.0,90.04
4138,261,232,29,232,6.2,0.0,88.89
4139,261,238,23,238,8.41,0.3,91.19
4140,261,231,30,231,7.51,0.0,88.51
4141,261,229,32,228,6.86,0.0,87.74
4142,261,232,29,231,9.82,190.39,88.89
4143,261,228,33,227,6.06,0.0,87.36
4144,261,241,20,241,9.62,149.27,92.34
4145,261,243,18,243,7.54,0.0,93.1
4146,261,244,17,243,7.31,0.0,93.49
4147,261,230,31,229,7.49,0.0,88.12
4148,261,240,21,240,7.73,0.0,91.95
4149,261,232,29,229,5.99,0.0,88.89
4150,261,231,30,230,9.33,80.47,88.51
4151,261,240,21,240,6.42,0.0,91.95
4152,261,226,35,225,6.47,0.0,86.59
4153,261,234,27,233,8.59,1.69,89.66
4154,261,239,22,236,6.7,0.0,91.57
4155,261,237,24,236,8.49,2.54,90.8
4156,261,244,17,242,9.5,123.13,93.49
4157,261,229,32,229,6.42,0.0,87.74
4158,261,241,20,239,7.34,0.0,92.34
4159,261,235,26,235,10.02,240.0,90.04
4160,261,233,28,231,6.39,0.0,89.27
4161,261,230,31,230,7.99,0.0,88.12
4162,261,234,27,234,7.81,0.0,89.66
4163,261,232,29,231,7.51,0.0,88.89
4164,261,248,13,248,10.7,421.94,95.02
4165,261,236,25,236,6.29,0.0,90.42
4166,261,231,30,229,7.6,0.0,88.51
4167,261,229,32,229,10.5,342.62,87.74
4168,261,234,27,233,8.02,0.0,89.66
4169,261,239,22,239,10.7,406.19,91.57
4170,261,231,30,231,9.98,226.72,88.51
4171,261,236,25,235,8.03,0.0,90.42
4172,261,247,14,246,9.71,175.38,94.64
4173,261,232,29,229,6.9,0.0,88.89
4174,261,234,27,233,6.5,0.0,89.66
4175,261,240,21,240,6.14,0.0,91.95
4176,261,228,33,228,5.99,0.0,87.36
4177,261,238,23,238,7.8,0.0,91.19
4178,261,245,16,243,7.52,0.0,93.87
4179,261,234,27,233,9.54,127.47,89.66
4180,261,229,32,228,6.92,0.0,87.74
4181,261,243,18,240,7.09,0.0,93.1
4182,261,240,21,240,8.05,0.17,91.95
4183,261,235,26,232,6.5,0.0,90.04
4184,261,241,20,240,8.5,2.13,92.34
4185,261,239,22,238,6.06,0.0,91.57
4186,261,241,20,240,6.51,0.0,92.34
4187,261,245,16,245,9.68,167.49,93.87
4188,261,234,27,234,6.51,0.0,89.66
4189,261,229,32,228,8.93,19.09,87.74
4190,261,233,28,233,7.09,0.0,89.27
4191,261,237,24,236,9.11,44.02,90.8
4192,261,239,22,238,6.56,0.0,91.57
4193,261,241,20,240,6.2,0.0,92.34
4194,261,239,22,238,7.59,0.0,91.57
4195,261,231,30,230,7.72,0.0,88.51
4196,261,228,33,226,6.81,0.0,87.36
4197,261,232,29,232,6.82,0.0,88.89
4198,261,238,23,237,5.99,0.0,91.19
4199,261,241,20,240,7.81,0.0,92.34
4200,261,227,34,226,6.09,0.0,86.97
4201,261,236,25,236,9.28,70.51,90.42
4202,261,241,20,240,6.89,0.0,92.34
4203,261,235,26,235,9.34,84.46,90.04
4204,261,232,29,231,10.72,398.83,88.89
4205,261,239,22,238,9.4,98.94,91.57
4206,261,236,25,235,9.55,129.28,90.42
4207,261,233,28,232,10.21,282.39,89.27
4208,261,239,22,239,8.23,0.0,91.57
4209,261,234,27,233,6.51,0.0,89.66
4210,261,231,30,230,8.81,11.24,88.51
4211,261,235,26,235,6.11,0.0,90.04
4212,261,229,32,227,7.37,0.0,87.74
4213,261,231,30,230,8.13,0.0,88.51
4214,261,239,22,238,6.23,0.0,91.57
4215,261,241,20,241,9.48,117.95,92.34
4216,261,244,17,242,6.88,0.0,93.49
4217,261,229,32,227,5.99,0.0,87.74
4218,261,240,21,238,8.11,0.14,91.95
4219,261,232,29,230,7.22,0.0,88.89
4220,261,230,31,229,6.76,0.0,88.12
4221,261,227,34,225,6.11,0.0,86.97
4222,261,246,15,245,8.9,18.13,94.25
4223,261,239,22,239,6.8,0.0,91.57
4224,261,244,17,244,7.81,0.0,93.49
4225,261,226,35,225,6.35,0.0,86.59
4226,261,241,20,241,7.52,0.0,92.34
4227,261,236,25,235,7.21,0.0,90.42
4228,261,230,31,230,6.12,0.0,88.12
4229,261,237,24,237,6.0,0.0,90.8
4230,261,238,23,238,8.91,18.39,91.19
4231,261,231,30,231,6.57,0.0,88.51
4232,261,244,17,243,10.31,318.8,93.49
4233,261,239,22,236,9.18,52.87,91.57
4234,261,236,25,236,7.88,0.0,90.42
4235,261,232,29,231,6.7,0.0,88.89
4236,261,238,23,238,8.81,12.76,91.19
4237,261,239,22,239,7.98,0.0,91.57
4238,261,242,19,242,6.31,0.0,92.72
4239,261,231,30,231,6.4,0.0,88.51
4240,261,243,18,243,6.73,0.0,93.1
4241,261,240,21,240,7.59,0.0,91.95
4242,261,227,34,224,6.17,0.0,86.97
4243,261,243,18,240,7.41,0.0,93.1
4244,261,237,24,236,10.1,259.92,90.8
4245,261,239,22,237,8.09,0.0,91.57
4246,261,245,16,244,8.99,27.13,93.87
4247,261,239,22,239,7.27,0.0,91.57
4248,261,230,31,229,7.63,0.0,88.12
4249,261,239,22,238,7.81,0.0,91.57
4250,261,236,25,235,5.98,0.0,90.42
4251,261,240,21,240,7.12,0.0,91.95
4252,261,228,33,228,6.74,0.0,87.36
4253,261,243,18,243,10.1,266.48,93.1
4254,261,233,28,232,8.0,0.0,89.27
4255,261,241,20,241,10.72,413.75,92.34
4256,261,234,27,231,7.61,0.0,89.66
4257,261,241,20,239,7.75,0.0,92.34
4258,261,233,28,230,7.21,0.0,89.27
4259,261,244,17,244,9.58,141.16,93.49
4260,261,242,19,241,8.48,1.5,92.72
4261,261,229,32,229,7.69,0.0,87.74
4262,261,240,21,239,6.29,0.0,91.95
4263,261,231,30,231,7.5,0.0,88.51
4264,261,235,26,232,8.18,0.0,90.04
4265,261,239,22,239,8.08,0.0,91.57
4266,261,231,30,231,6.52,0.0,88.51
4267,261,230,31,229,6.02,0.0,88.12
4268,261,233,28,232,6.21,0.0,89.27
4269,261,231,30,230,7.86,0.0,88.51
4270,261,235,26,234,8.02,0.0,90.04
4271,261,244,17,242,7.5,0.0,93.49
4272,261,238,23,238,8.76,8.29,91.19
4273,261,237,24,236,7.89,0.0,90.8
4274,261,239,22,237,6.68,0.0,91.57
4275,261,244,17,243,8.99,30.26,93.49
4276,261,243,18,242,6.68,0.0,93.1
4277,261,242,19,240,8.39,0.81,92.72
4278,261,244,17,242,7.7,0.0,93.49
4279,261,237,24,235,7.63,0.0,90.8
4280,261,241,20,241,9.41,101.47,92.34
4281,261,228,33,228,6.38,0.0,87.36
4282,261,244,17,243,7.23,0.0,93.49
4283,261,237,24,237,7.99,0.04,90.8
4284,261,234,27,234,7.11,0.0,89.66
4285,261,228,33,226,8.41,0.41,87.36
4286,261,228,33,226,8.12,0.0,87.36
4287,261,242,19,241,7.87,0.0,92.72
4288,261,234,27,233,6.75,0.0,89.66
4289,261,233,28,233,7.19,0.0,89.27
4290,261,241,20,239,7.91,0.0,92.34
4291,261,233,28,232,7.82,0.0,89.27
4292,261,236,25,236,10.02,240.5,90.42
4293,261,230,31,228,7.87,0.0,88.12
4294,261,243,18,243,7.43,0.0,93.1
4295,261,243,18,241,10.43,346.69,93.1
4296,261,242,19,241,6.68,0.0,92.72
4297,261,229,32,229,6.5,0.0,87.74
4298,261,240,21,240,6.72,0.0,91.95
4299,261,231,30,230,6.39,0.0,88.51
4300,261,240,21,240,7.29,0.0,91.95
4301,261,240,21,238,8.01,0.0,91.95
4302,261,226,35,226,6.39,0.0,86.59
4303,261,237,24,235,7.0,0.0,90.8
4304,261,239,22,239,7.41,0.0,91.57
4305,261,235,26,234,10.9,445.55,90.04
4306,261,234,27,234,6.79,0.0,89.66
4307,261,245,16,244,7.91,0.0,93.87
4308,261,230,31,230,6.08,0.0,88.12
4309,261,230,31,227,7.57,0.0,88.12
4310,261,240,21,239,10.0,240.55,91.95
4311,261,238,23,237,6.21,0.0,91.19
4312,261,238,23,238,7.02,0.0,91.19
4313,261,230,31,228,7.69,0.0,88.12
4314,261,237,24,237,6.28,0.0,90.8
4315,261,232,29,231,6.48,0.0,88.89
4316,261,238,23,236,10.91,454.96,91.19
4317,261,248,13,248,10.58,391.3,95.02
4318,261,240,21,238,6.26,0.0,91.95
4319,261,235,26,234,6.18,0.0,90.04
4320,261,236,25,233,6.89,0.0,90.42
4321,261,227,34,226,6.28,0.0,86.97
4322,261,231,30,229,6.91,0.0,88.51
4323,261,238,23,238,8.92,22.32,91.19
4324,261,237,24,236,7.49,0.0,90.8
4325,261,237,24,235,7.38,0.0,90.8
4326,261,233,28,233,6.77,0.0,89.27
4327,261,231,30,230,8.13,0.01,88.51
4328,261,233,28,232,8.3,0.19,89.27
4329,261,238,23,238,6.82,0.0,91.19
4330,261,228,33,228,7.22,0.0,87.36
4331,261,244,17,242,6.87,0.0,93.49
4332,261,230,31,229,7.91,0.0,88.12
4333,261,245,16,244,10.41,345.43,93.87
4334,261,228,33,226,6.19,0.0,87.36
4335,261,235,26,235,10.13,264.49,90.04
4336,261,230,31,227,6.77,0.0,88.12
4337,261,238,23,237,6.1,0.0,91.19
4338,261,241,20,239,7.52,0.0,92.34
4339,261,236,25,236,6.2,0.0,90.42
4340,261,239,22,239,6.08,0.0,91.57
4341,261,235,26,235,6.8,0.0,90.04
4342,261,233,28,231,7.4,0.0,89.27
4343,261,227,34,226,6.28,0.0,86.97
4344,261,235,26,234,7.49,0.0,90.04
4345,261,242,19,240,9.0,29.48,92.72
4346,261,231,30,231,8.02,0.0,88.51
4347,261,233,28,231,6.25,0.0,89.27
4348,261,241,20,240,10.09,263.63,92.34
4349,261,240,21,240,6.08,0.0,91.95
4350,261,239,22,239,6.39,0.0,91.57
4351,261,235,26,235,6.3,0.0,90.04
4352,261,234,27,234,7.29,0.0,89.66
4353,261,240,21,238,6.51,0.0,91.95
4354,261,247,14,247,9.58,143.29,94.64
4355,261,238,23,237,10.52,362.55,91.19
4356,261,246,15,245,10.39,341.3,94.25
4357,261,229,32,228,8.38,0.72,87.74
4358,261,227,34,227,6.7,0.0,86.97
4359,261,229,32,229,8.51,0.79,87.74
4360,261,243,18,242,7.5,0.0,93.1
4361,261,230,31,227,6.1,0.0,88.12
4362,261,232,29,230,6.04,0.0,88.89
4363,261,230,31,226,7.8,0.0,88.12
4364,261,238,23,236,7.96,0.0,91.19
4365,261,235,26,234,6.2,0.0,90.04
4366,261,233,28,233,6.72,0.0,89.27
4367,261,233,28,231,8.49,0.47,89.27
4368,261,243,18,240,9.08,41.38,93.1
4369,261,230,31,229,6.99,0.0,88.12
4370,261,238,23,238,7.82,0.0,91.19
4371,261,235,26,232,6.61,0.0,90.04
4372,261,243,18,241,6.41,0.0,93.1
4373,261,242,19,241,7.59,0.0,92.72
4374,261,243,18,243,7.46,0.0,93.1
4375,261,247,14,245,10.11,273.65,94.64
4376,261,238,23,238,6.92,0.0,91.19
4377,261,230,31,230,6.0,0.0,88.12
4378,261,232,29,231,6.16,0.0,88.89
4379,261,235,26,235,7.02,0.0,90.04
4380,261,238,23,237,6.3,0.0,91.19
4381,261,232,29,231,6.03,0.0,88.89
4382,261,239,22,238,8.41,1.17,91.57
4383,261,242,19,241,7.41,0.0,92.72
4384,261,227,34,227,6.4,0.0,86.97
4385,261,230,31,229,6.7,0.0,88.12
4386,261,232,29,231,7.74,0.0,88.89
4387,261,233,28,233,10.92,446.25,89.27
4388,261,237,24,237,9.27,71.01,90.8
4389,261,230,31,230,7.1,0.0,88.12
4390,261,244,17,242,8.81,11.21,93.49
4391,261,237,24,236,8.05,0.0,90.8
4392,261,240,21,239,10.18,282.35,91.95
4393,261,240,21,239,6.31,0.0,91.95
4394,261,227,34,226,6.14,0.0,86.97
4395,261,243,18,242,6.13,0.0,93.1
4396,261,238,23,236,7.4,0.0,91.19
4397,261,231,30,231,6.93,0.0,88.51
4398,261,241,20,239,7.3,0.0,92.34
4399,261,227,34,227,6.78,0.0,86.97
4400,261,227,34,225,6.41,0.0,86.97
4401,261,244,17,242,7.61,0.0,93.49
4402,261,244,17,244,7.99,0.0,93.49
4403,261,238,23,238,7.11,0.0,91.19
4404,261,230,31,230,7.39,0.0,88.12
4405,261,243,18,242,7.29,0.0,93.1
4406,261,243,18,242,8.52,1.84,93.1
4407,261,241,20,241,6.09,0.0,92.34
4408,261,231,30,230,7.71,0.0,88.51
4409,261,241,20,240,9.49,120.72,92.34
4410,261,232,29,231,6.99,0.0,88.89
