EmployeeID,ProjectID,RoleInProject,HoursWorked,CompletionStatus,ProjectScore
1,6,Coordinator,294.7,Delayed,9.48
1,5,Lead,189.0,Completed,8.36
2,2,Manager,149.2,In Progress,5.78
3,9,Coordinator,190.0,Completed,5.88
3,13,Coordinator,326.6,In Progress,8.44
4,8,Lead,256.6,Delayed,6.87
4,2,Coordinator,98.7,In Progress,7.85
4,3,Developer,244.8,In Progress,8.75
5,10,Lead,264.3,Delayed,5.64
6,5,Designer,198.4,Completed,7.55
6,10,Manager,142.9,Completed,9.72
7,2,Manager,78.4,In Progress,5.17
7,14,QA,252.0,Delayed,6.84
7,15,Coordinator,223.1,In Progress,7.7
8,13,Manager,117.5,In Progress,6.77
9,13,Designer,291.6,Delayed,8.0
9,12,Analyst,274.4,Delayed,7.88
10,13,Lead,386.5,In Progress,9.51
10,4,Lead,260.4,In Progress,7.82
10,9,Coordinator,335.6,In Progress,7.63
11,15,Developer,382.6,Delayed,8.76
11,6,Developer,223.1,In Progress,9.96
11,10,Analyst,56.9,Completed,7.31
12,2,Developer,289.9,Completed,9.01
12,14,Lead,265.0,In Progress,6.43
13,8,Lead,327.1,Completed,5.01
14,9,QA,271.5,Delayed,5.18
14,11,Lead,165.8,Completed,8.33
15,10,Designer,49.8,In Progress,7.12
15,4,QA,126.1,Delayed,6.09
15,5,QA,243.2,In Progress,7.03
16,3,QA,51.4,Delayed,8.75
17,12,Developer,115.1,Delayed,9.45
17,15,Analyst,186.5,Completed,8.71
18,4,Lead,237.6,In Progress,8.12
19,15,Analyst,269.1,In Progress,5.67
19,11,QA,357.4,Delayed,9.61
20,11,QA,179.3,Completed,7.05
20,2,Lead,164.4,In Progress,9.24
20,3,Lead,91.8,Delayed,8.92
21,5,Developer,262.6,Completed,9.27
21,10,Manager,154.7,Delayed,8.04
22,9,Developer,321.1,Delayed,8.87
23,2,Coordinator,271.1,Completed,9.0
23,4,Developer,289.7,In Progress,6.22
23,14,Coordinator,159.9,Completed,5.31
24,5,Developer,99.4,In Progress,5.08
24,12,Manager,308.9,Delayed,8.25
24,9,Manager,187.4,In Progress,9.01
25,4,Lead,141.1,Delayed,6.51
26,12,Lead,97.8,Delayed,8.94
26,4,QA,358.4,In Progress,9.88
26,15,Manager,46.1,In Progress,5.58
27,14,Coordinator,149.1,Completed,8.15
27,6,Manager,76.2,In Progress,9.88
28,5,Lead,391.6,Completed,7.15
28,9,Analyst,296.5,Delayed,6.51
29,2,Manager,214.0,In Progress,9.3
29,3,Designer,46.4,Completed,8.76
30,15,Analyst,278.1,Completed,9.96
30,14,Coordinator,190.0,Completed,5.85
30,5,QA,289.8,Delayed,8.99
31,11,Lead,217.8,In Progress,7.68
31,5,QA,312.8,Delayed,5.39
31,14,Designer,104.7,In Progress,8.47
32,8,Analyst,58.4,Completed,7.49
32,4,Manager,234.0,In Progress,6.33
33,8,Lead,294.7,Delayed,6.49
33,5,Developer,397.7,In Progress,7.55
34,8,Analyst,42.1,In Progress,7.37
34,6,Manager,299.2,In Progress,5.01
35,10,QA,344.8,Completed,9.95
35,13,Lead,249.1,Completed,5.1
35,12,Analyst,251.3,Completed,6.08
36,3,Lead,399.8,In Progress,7.4
36,8,Analyst,322.5,Completed,9.44
37,2,Analyst,287.3,In Progress,8.58
37,14,Lead,41.8,Completed,8.59
37,10,Coordinator,243.6,Completed,9.94
38,13,Manager,337.1,Completed,5.27
38,12,Lead,111.4,Delayed,8.12
39,11,Coordinator,73.5,In Progress,7.4
39,5,Manager,190.8,Delayed,8.64
40,3,Manager,154.8,In Progress,8.03
41,6,Designer,196.3,Delayed,8.59
41,9,Coordinator,79.8,In Progress,6.69
42,15,Lead,304.4,Completed,9.39
42,11,Lead,381.4,Completed,7.66
42,14,Designer,256.7,Completed,5.42
43,14,Analyst,152.6,Completed,9.96
43,9,Developer,379.3,Delayed,6.3
44,3,Analyst,388.4,Completed,8.8
44,13,Coordinator,72.4,Completed,9.94
45,6,Analyst,389.7,Delayed,5.48
45,1,Designer,212.5,In Progress,6.98
45,4,Lead,369.5,In Progress,9.75
46,13,Lead,279.3,Delayed,8.27
47,5,Designer,321.6,Completed,7.14
47,13,Lead,143.8,In Progress,8.39
47,15,Manager,261.2,In Progress,5.44
48,15,Analyst,266.9,Delayed,8.41
48,14,Analyst,319.2,Completed,5.9
48,10,Manager,105.5,Completed,7.45
49,1,Lead,154.7,Delayed,9.74
50,8,QA,100.0,Completed,7.14
50,12,Analyst,379.5,Delayed,6.34
50,9,Designer,271.4,Completed,5.3
51,6,Developer,363.6,Completed,8.71
51,12,Lead,71.4,Completed,8.1
51,5,Designer,350.6,Completed,8.43
52,14,Designer,218.9,In Progress,9.78
52,7,Lead,153.2,In Progress,9.51
52,6,Lead,247.7,Delayed,5.76
53,15,Developer,292.5,Delayed,6.05
53,10,Developer,44.2,Delayed,6.23
53,6,Developer,315.2,Completed,5.89
54,10,Developer,193.2,Completed,8.6
54,9,Coordinator,274.4,Completed,5.62
55,2,Manager,244.4,In Progress,9.88
56,6,Manager,241.2,Delayed,5.26
56,9,Developer,261.8,In Progress,8.48
57,2,Designer,204.0,In Progress,8.13
58,8,Coordinator,67.3,Delayed,5.17
58,6,Coordinator,114.9,Completed,5.42
59,13,Manager,248.4,Delayed,7.3
59,4,Lead,115.1,Delayed,5.54
59,9,Coordinator,255.3,In Progress,7.89
60,9,Analyst,309.6,In Progress,8.3
60,15,QA,171.6,Delayed,5.42
61,12,Lead,385.4,Delayed,6.22
62,13,Analyst,198.4,In Progress,6.14
62,8,Manager,229.5,Delayed,5.02
62,15,Developer,288.5,Delayed,9.98
63,3,Coordinator,272.0,Delayed,9.97
63,10,Coordinator,328.6,Completed,8.13
63,14,Coordinator,218.9,Completed,9.15
64,2,Developer,347.9,Delayed,6.52
64,15,Developer,226.8,Completed,9.81
64,12,Lead,216.8,Delayed,6.35
65,4,Manager,268.2,Delayed,6.66
66,2,Manager,298.5,Completed,9.91
66,14,QA,295.6,In Progress,9.8
67,14,Manager,316.1,Delayed,7.54
67,5,Analyst,109.0,Delayed,6.85
68,6,Coordinator,99.3,Completed,6.41
68,10,Manager,50.3,In Progress,7.15
69,4,QA,155.3,Completed,7.43
70,13,Lead,62.6,Delayed,8.5
70,2,Developer,290.6,Completed,8.78
70,14,Coordinator,232.8,In Progress,5.03
71,3,Designer,144.3,In Progress,9.87
72,1,Developer,51.7,In Progress,6.53
73,9,Analyst,390.0,Delayed,7.37
73,6,Designer,150.7,Completed,8.06
73,1,Analyst,131.6,Delayed,8.48
74,9,Coordinator,364.6,In Progress,7.65
75,12,Lead,188.4,Completed,9.98
75,13,Developer,374.6,Completed,6.48
75,7,Manager,382.8,In Progress,5.94
76,3,Designer,325.5,Delayed,6.5
77,11,Lead,351.0,Delayed,6.0
77,10,Analyst,187.3,Delayed,9.35
77,6,Designer,117.5,Completed,9.72
78,14,QA,171.7,Delayed,9.98
79,13,Manager,118.4,Delayed,6.0
80,10,Developer,80.0,Delayed,5.58
81,15,Analyst,215.0,In Progress,9.15
82,4,Coordinator,366.9,Delayed,5.9
82,9,Coordinator,128.5,In Progress,5.7
83,2,Lead,258.2,Delayed,6.29
83,9,Manager,376.1,Delayed,5.39
84,6,Coordinator,307.4,Completed,8.41
84,4,Designer,142.7,Completed,9.61
84,8,Coordinator,306.2,In Progress,5.24
85,1,Lead,254.5,In Progress,9.74
85,14,Manager,103.1,Completed,5.27
86,15,Coordinator,321.1,In Progress,7.88
87,9,Developer,106.7,In Progress,6.24
87,5,Analyst,240.7,In Progress,8.64
88,11,QA,231.6,In Progress,6.61
89,7,Manager,220.9,In Progress,5.01
89,9,Developer,294.5,Delayed,8.33
89,10,Designer,197.5,In Progress,7.86
90,4,QA,225.3,Completed,7.17
90,11,Manager,197.0,Completed,9.47
91,7,Lead,347.2,In Progress,7.13
91,4,Developer,394.2,In Progress,9.2
91,6,Lead,218.1,Completed,9.76
92,2,QA,357.0,In Progress,5.07
93,12,QA,65.9,In Progress,9.07
93,7,Analyst,102.3,Delayed,7.3
93,4,Designer,65.5,Completed,5.71
94,11,Designer,71.4,In Progress,9.03
95,4,Coordinator,55.6,In Progress,6.4
95,2,Coordinator,279.3,Delayed,9.09
95,10,Developer,343.1,In Progress,9.96
96,7,Developer,85.2,Completed,9.68
96,1,Developer,286.1,Completed,9.92
96,2,Lead,330.8,In Progress,7.35
97,11,Manager,283.4,Delayed,7.56
98,1,QA,162.5,Delayed,6.35
98,5,Developer,273.6,In Progress,7.13
99,12,Coordinator,120.6,Delayed,5.95
99,3,Analyst,293.1,Delayed,7.07
100,10,Manager,227.2,In Progress,9.8
100,14,QA,384.3,Delayed,8.8
101,13,Lead,399.0,In Progress,7.96
101,8,Designer,188.7,Completed,9.02
101,11,Analyst,275.6,Completed,8.05
102,3,Lead,218.9,Completed,8.18
103,15,Lead,133.1,Delayed,9.66
103,3,Designer,320.5,Delayed,6.65
104,2,QA,76.2,Completed,8.38
104,12,QA,155.2,Completed,8.11
104,5,Lead,54.4,Completed,9.12
105,15,Analyst,47.2,Delayed,6.38
105,9,QA,361.4,In Progress,7.02
106,4,QA,372.2,In Progress,6.57
106,6,Developer,358.8,Completed,6.59
106,11,QA,53.4,Delayed,7.5
107,15,Developer,172.9,Completed,9.46
107,7,Designer,273.9,In Progress,9.08
108,3,Analyst,58.2,Completed,9.99
108,8,Analyst,158.6,Delayed,5.43
109,9,Developer,174.1,Completed,7.45
109,2,Designer,344.0,Completed,7.41
109,7,Coordinator,393.4,Completed,6.38
110,5,Analyst,249.8,Delayed,7.84
111,9,Developer,334.1,Completed,7.45
111,14,QA,147.8,In Progress,6.94
112,9,Manager,211.6,Completed,8.8
113,14,Designer,381.7,In Progress,8.27
114,8,Designer,197.0,Delayed,9.93
114,7,Lead,299.3,Delayed,7.41
115,12,Lead,157.4,In Progress,5.63
115,11,Lead,47.7,Completed,6.14
116,12,Developer,295.2,Completed,9.59
116,6,QA,214.4,In Progress,6.47
116,11,Analyst,365.3,Completed,9.14
117,10,Developer,271.6,Delayed,5.52
118,2,Developer,316.0,In Progress,6.03
118,1,Manager,211.4,Delayed,8.58
119,4,Manager,361.7,Completed,6.69
120,5,Developer,61.4,In Progress,8.8
120,4,Analyst,289.9,Delayed,6.8
120,8,Coordinator,139.3,Delayed,8.91
121,4,Coordinator,224.5,Delayed,9.14
121,9,Manager,212.4,Completed,6.82
122,12,QA,118.5,Completed,9.73
122,10,Coordinator,263.1,In Progress,7.51
122,2,Coordinator,175.2,In Progress,5.23
123,8,Designer,79.4,In Progress,8.61
123,9,Developer,325.7,Completed,6.27
124,11,Lead,302.5,In Progress,8.97
124,12,QA,141.7,Delayed,7.74
124,5,Developer,81.5,Delayed,5.83
125,14,Analyst,315.6,In Progress,8.06
126,9,Designer,233.7,Completed,8.32
127,13,Developer,333.1,Delayed,7.41
127,8,Lead,224.1,Delayed,5.45
128,11,Lead,53.4,Delayed,5.78
129,15,Coordinator,145.3,Completed,7.05
129,13,Developer,357.4,Delayed,5.54
130,12,QA,163.3,In Progress,9.64
130,15,Coordinator,218.8,In Progress,7.41
131,14,Developer,212.2,In Progress,8.11
132,5,Manager,389.0,Completed,5.43
133,10,Developer,45.2,Completed,6.79
133,15,Manager,63.8,Delayed,9.89
133,3,QA,284.3,Completed,7.57
134,13,Coordinator,59.5,In Progress,8.61
135,11,Developer,366.6,In Progress,5.26
135,8,Analyst,70.0,Completed,5.2
136,12,Coordinator,44.8,Completed,9.91
136,5,Manager,50.9,Completed,10.0
137,3,Coordinator,294.9,In Progress,6.12
137,13,Analyst,224.5,In Progress,6.65
137,12,Analyst,104.1,In Progress,8.53
138,12,Lead,80.5,Delayed,5.54
138,5,Designer,385.7,In Progress,5.13
138,9,Developer,347.9,In Progress,6.71
139,6,Designer,169.2,Completed,8.15
139,2,Manager,356.8,Completed,8.9
140,11,QA,287.9,In Progress,5.03
140,1,Designer,291.5,In Progress,7.71
141,4,Lead,48.3,Delayed,5.79
142,5,Lead,87.7,Delayed,7.0
143,2,Manager,92.8,Completed,7.15
143,15,Analyst,170.4,Completed,8.35
144,10,Analyst,293.8,Delayed,9.18
144,2,Analyst,387.2,Delayed,8.92
145,5,Manager,216.7,Delayed,8.93
146,1,Analyst,114.9,Delayed,7.18
147,2,Coordinator,128.1,Delayed,8.34
147,15,QA,81.4,In Progress,8.24
148,11,Coordinator,367.9,Delayed,6.84
148,4,Lead,226.0,Completed,9.08
148,7,Coordinator,179.1,Completed,6.89
149,3,Analyst,264.1,Completed,8.98
149,15,Analyst,383.6,Completed,7.55
149,4,Developer,300.8,Delayed,8.98
150,12,Designer,93.9,Delayed,7.13
151,9,Manager,376.9,Delayed,5.39
151,3,Analyst,76.3,Delayed,6.85
151,8,Designer,193.4,In Progress,7.33
152,7,QA,99.1,Delayed,7.3
152,10,QA,236.5,Delayed,5.77
153,14,QA,139.2,Completed,6.86
154,4,Designer,181.8,Completed,9.04
154,5,Developer,195.4,In Progress,5.97
155,7,Lead,231.4,Completed,7.48
155,13,Designer,180.5,In Progress,8.5
155,10,Coordinator,387.7,Delayed,9.09
156,15,Coordinator,260.8,Delayed,7.91
156,10,Lead,77.0,Completed,8.23
156,11,Coordinator,240.0,In Progress,7.58
157,5,Analyst,283.1,In Progress,7.5
158,4,QA,206.2,Delayed,9.47
158,8,Manager,313.3,Completed,5.19
159,12,Coordinator,397.1,Completed,8.43
160,15,Analyst,93.5,Delayed,9.67
161,14,QA,362.5,Completed,7.17
161,9,Designer,226.0,Delayed,8.06
161,6,Lead,349.5,In Progress,5.8
162,10,QA,241.9,In Progress,5.14
163,12,Developer,272.0,In Progress,7.15
163,10,QA,252.5,Delayed,7.86
164,4,QA,216.7,Delayed,7.2
164,8,QA,115.7,Delayed,5.66
164,14,Manager,367.1,Completed,5.24
165,10,Analyst,374.7,Completed,9.23
165,8,Coordinator,244.4,In Progress,8.25
166,8,Coordinator,278.2,In Progress,9.99
166,13,Analyst,287.3,In Progress,5.03
166,1,Coordinator,238.8,In Progress,5.07
167,15,Developer,288.0,In Progress,9.12
167,3,Lead,351.8,In Progress,7.54
167,11,QA,184.7,In Progress,9.36
168,5,Analyst,148.0,In Progress,9.07
168,7,Designer,99.2,Delayed,5.52
169,12,Developer,186.5,Completed,7.71
170,3,Manager,181.6,Completed,8.82
170,15,Developer,48.6,Delayed,9.02
170,1,Manager,359.7,In Progress,5.54
171,4,Coordinator,211.1,Completed,7.87
172,6,Designer,380.2,Delayed,7.32
172,1,Designer,385.9,In Progress,5.28
173,4,Analyst,261.6,Completed,5.19
173,10,Developer,262.5,Completed,7.66
173,13,Analyst,134.0,In Progress,9.48
174,13,Developer,158.6,Completed,6.03
174,2,Analyst,67.1,Completed,8.97
174,4,Manager,398.9,Completed,7.17
175,14,QA,349.8,Delayed,5.99
175,8,Developer,198.0,Delayed,7.26
175,2,Coordinator,300.2,Completed,6.86
176,15,Manager,311.6,Delayed,6.34
176,7,QA,90.1,In Progress,5.57
177,2,Developer,288.4,Completed,8.68
178,7,Coordinator,136.8,Delayed,5.77
178,11,Developer,362.4,Delayed,6.7
178,15,Lead,230.9,Completed,7.98
179,12,Designer,346.4,In Progress,9.29
179,13,Lead,252.4,In Progress,9.89
180,9,Coordinator,344.5,In Progress,6.91
181,4,Coordinator,337.6,Delayed,9.24
181,3,Coordinator,267.7,Delayed,5.82
181,1,Lead,210.5,Completed,5.87
182,7,Analyst,358.9,Delayed,8.67
182,13,Designer,178.8,Delayed,5.06
182,12,Analyst,233.6,Delayed,9.84
183,13,Coordinator,93.8,Delayed,8.74
183,7,Lead,366.1,Delayed,9.12
183,4,Coordinator,113.8,Completed,5.29
184,7,Designer,215.4,Completed,7.32
185,9,QA,300.3,In Progress,6.59
186,15,Designer,137.4,Delayed,9.73
186,10,Lead,311.9,In Progress,7.83
187,2,Designer,85.4,Completed,9.78
188,13,QA,108.9,Delayed,7.35
189,9,Lead,99.4,Delayed,8.12
189,8,Coordinator,339.2,In Progress,8.83
189,1,Lead,214.6,Delayed,6.79
190,5,Lead,56.4,In Progress,5.62
190,10,Manager,45.0,Completed,6.33
191,2,Manager,56.8,Delayed,7.71
191,9,QA,166.0,In Progress,9.82
191,8,Manager,93.0,Delayed,8.67
192,7,QA,326.3,In Progress,5.2
193,4,Designer,398.1,Delayed,9.32
194,2,Analyst,46.0,Completed,6.39
195,15,Analyst,213.4,Completed,9.14
195,11,Developer,373.2,Delayed,7.24
196,11,Lead,331.1,Delayed,9.4
196,15,QA,145.3,In Progress,6.63
197,11,Lead,101.2,In Progress,6.24
198,15,Analyst,237.2,Delayed,8.95
198,1,Lead,337.2,Completed,8.99
198,7,Developer,170.1,In Progress,9.68
199,5,Analyst,215.7,Completed,7.58
199,14,Analyst,285.5,Completed,9.6
200,2,Manager,74.8,Completed,8.72
201,11,Coordinator,388.5,Completed,8.25
201,15,Developer,349.7,Delayed,5.35
201,5,Coordinator,221.3,Delayed,5.02
202,12,QA,303.8,In Progress,8.93
202,15,Lead,141.9,In Progress,7.1
202,7,Manager,55.5,Delayed,8.9
203,5,Designer,395.4,Completed,9.74
203,8,Analyst,158.9,Delayed,6.91
203,9,Designer,70.6,Completed,5.82
204,13,Developer,371.5,Completed,5.95
204,14,Designer,253.2,Delayed,9.37
204,12,Developer,57.9,Completed,5.32
205,12,Coordinator,339.2,Completed,6.18
205,11,Analyst,83.6,Delayed,5.41
206,6,Coordinator,223.2,Completed,9.59
206,8,QA,389.1,Completed,8.98
206,9,Designer,268.5,Completed,5.29
207,11,Designer,82.0,Delayed,8.66
207,15,Developer,93.9,In Progress,8.59
208,4,Analyst,169.3,In Progress,8.72
208,5,Designer,350.2,Delayed,8.63
208,7,Lead,153.1,Completed,5.38
209,8,Analyst,389.3,In Progress,5.68
209,3,Lead,271.9,Completed,6.32
209,14,QA,149.5,In Progress,9.34
210,9,QA,128.1,Delayed,9.53
211,14,Lead,275.5,In Progress,6.05
211,1,Developer,351.1,Completed,5.41
212,13,Manager,325.1,In Progress,9.73
212,5,QA,112.1,In Progress,6.59
212,15,QA,336.1,Delayed,7.17
213,12,Manager,152.4,In Progress,6.31
214,1,Designer,143.2,In Progress,7.73
215,15,Manager,106.7,In Progress,9.22
215,7,Coordinator,308.3,Delayed,5.35
216,11,QA,151.5,Completed,6.16
216,10,Lead,258.0,In Progress,8.28
217,15,Manager,154.5,Delayed,5.7
218,3,Analyst,332.8,Delayed,9.34
219,1,Developer,290.1,Delayed,7.47
219,15,QA,157.2,Delayed,8.38
220,9,Analyst,82.7,Completed,8.7
220,10,Designer,241.1,Completed,6.41
221,2,Manager,307.3,Completed,7.35
222,8,QA,274.8,Delayed,8.11
223,9,Coordinator,173.8,Delayed,5.14
224,1,Coordinator,391.2,Delayed,9.5
224,3,Lead,102.6,Delayed,8.39
225,6,QA,265.9,Delayed,9.97
225,3,Developer,113.4,Delayed,9.72
226,1,QA,183.5,Completed,5.13
227,2,Developer,181.6,Completed,7.29
228,2,Coordinator,154.2,In Progress,9.32
228,14,Coordinator,373.9,Completed,5.99
229,3,QA,360.6,Completed,6.06
229,10,Manager,178.5,Delayed,5.1
229,14,Coordinator,297.3,Delayed,5.52
230,13,Manager,222.3,Delayed,5.64
230,10,Lead,175.3,In Progress,6.1
230,4,Analyst,342.4,In Progress,9.15
231,3,Coordinator,266.8,In Progress,5.75
232,9,Analyst,122.5,Completed,5.01
232,5,Designer,139.5,Completed,7.28
233,7,Lead,137.4,In Progress,7.67
233,3,QA,87.2,Delayed,9.99
234,13,QA,264.1,Delayed,9.73
234,9,Coordinator,54.8,In Progress,5.58
235,9,Manager,56.4,In Progress,5.1
236,9,QA,199.1,Delayed,7.48
236,11,Manager,191.6,In Progress,9.63
236,13,Manager,325.8,Delayed,7.44
237,13,Coordinator,329.1,Delayed,5.23
237,4,Developer,306.7,In Progress,8.01
237,14,Designer,391.4,Completed,6.74
238,9,Lead,248.5,In Progress,5.02
238,15,Coordinator,344.3,Delayed,5.53
239,12,QA,128.3,Completed,8.06
239,3,Analyst,128.7,In Progress,9.65
239,6,Analyst,302.6,Delayed,9.78
240,10,Designer,197.8,Completed,8.91
240,1,Lead,56.9,Delayed,7.81
240,8,QA,268.9,Delayed,5.12
241,7,Coordinator,374.5,Completed,5.1
242,5,Analyst,105.7,Delayed,5.9
242,9,Developer,159.1,Delayed,9.18
243,8,QA,194.0,In Progress,9.38
244,15,Lead,126.2,In Progress,8.51
245,12,Analyst,164.8,In Progress,7.84
245,13,Analyst,165.5,Delayed,5.08
246,12,Coordinator,61.8,In Progress,9.61
247,13,Manager,248.1,Delayed,5.49
248,13,Developer,384.2,In Progress,8.13
248,14,Developer,236.3,In Progress,6.81
249,4,Manager,116.5,Delayed,6.48
250,3,QA,275.9,Delayed,8.1
250,10,Manager,241.6,In Progress,7.01
250,9,Designer,65.5,Delayed,8.03
251,10,Coordinator,49.3,Completed,6.26
252,13,Manager,304.8,Delayed,8.89
252,9,Manager,66.1,In Progress,6.31
253,14,Manager,78.7,Completed,7.28
253,4,Developer,386.6,Completed,7.84
254,10,Analyst,272.7,Completed,6.2
255,3,Lead,334.5,In Progress,7.95
255,12,Developer,165.0,Completed,6.34
256,9,Lead,174.8,Delayed,7.32
256,15,Manager,219.7,Delayed,7.17
257,10,Analyst,379.3,Delayed,7.11
257,14,Coordinator,171.7,Delayed,8.78
258,9,Developer,313.8,Completed,5.95
258,14,Manager,233.3,Completed,9.74
258,3,Manager,104.3,Delayed,6.74
259,4,Designer,89.1,In Progress,8.9
260,8,QA,97.7,In Progress,5.67
261,13,Analyst,80.4,Delayed,9.41
261,6,Lead,359.6,Delayed,8.21
262,11,Lead,331.7,Completed,8.08
263,1,Developer,219.7,Delayed,8.36
263,7,Lead,209.2,Completed,7.94
263,9,Developer,326.3,Delayed,7.65
264,12,Lead,262.0,Completed,5.97
264,13,Analyst,392.6,Delayed,6.68
265,7,Coordinator,348.2,Delayed,7.83
265,3,Lead,93.1,In Progress,7.42
266,1,Coordinator,162.8,Delayed,9.73
266,9,Lead,91.0,Delayed,7.72
266,2,QA,125.4,Completed,5.57
267,14,Lead,222.9,Completed,5.63
268,15,Lead,233.0,In Progress,8.03
268,2,Developer,165.8,Completed,9.59
268,10,Designer,128.0,Delayed,6.02
269,1,Manager,283.9,Completed,8.55
269,12,Coordinator,188.5,Delayed,9.79
269,2,Coordinator,325.0,Delayed,9.13
270,3,Coordinator,399.8,Completed,5.98
270,8,Designer,92.0,In Progress,9.36
271,11,QA,359.6,Delayed,5.91
271,9,Developer,224.4,Delayed,7.16
271,5,Analyst,327.4,Completed,8.6
272,9,Lead,345.1,Completed,8.67
273,13,Designer,178.8,Completed,5.29
274,12,Analyst,112.2,In Progress,8.69
275,5,Developer,120.3,Completed,7.31
276,8,Designer,251.9,In Progress,6.97
276,4,QA,135.7,Delayed,6.59
277,7,Designer,223.2,Completed,7.11
277,3,Coordinator,193.7,Completed,8.02
277,12,Coordinator,201.7,In Progress,6.23
278,8,Manager,140.6,Completed,5.1
279,2,Coordinator,241.5,Delayed,9.59
280,6,Manager,299.9,In Progress,8.87
280,2,QA,387.7,In Progress,5.09
281,1,Manager,185.3,In Progress,6.11
282,13,Manager,383.2,Delayed,9.88
282,5,QA,223.9,Completed,8.37
283,8,QA,120.4,Delayed,8.51
283,12,Analyst,54.0,Delayed,6.52
284,4,Developer,386.2,In Progress,7.29
284,2,Coordinator,184.5,In Progress,8.89
284,9,Lead,98.6,In Progress,9.95
285,3,QA,234.8,Completed,8.62
285,2,Developer,100.0,In Progress,7.27
285,9,Coordinator,268.6,In Progress,8.69
286,5,QA,163.0,In Progress,6.26
286,7,Coordinator,187.4,In Progress,6.82
286,8,Manager,359.2,Delayed,5.16
287,7,Designer,223.0,In Progress,7.12
288,2,Analyst,249.9,Delayed,7.75
288,15,Developer,366.9,Delayed,8.26
288,8,Analyst,122.4,Delayed,6.35
289,9,Lead,155.1,In Progress,9.46
289,15,Developer,135.8,Completed,7.46
289,4,Coordinator,119.6,In Progress,5.92
290,13,Lead,354.5,In Progress,6.5
290,7,Lead,90.4,Delayed,7.56
291,3,Lead,314.2,In Progress,9.14
291,4,Designer,193.4,In Progress,5.86
291,14,Manager,399.8,Completed,9.15
292,2,Developer,321.7,Delayed,9.38
293,8,Manager,248.6,Completed,6.18
293,10,Designer,200.6,Delayed,8.33
293,7,Analyst,110.7,In Progress,9.24
294,9,Coordinator,123.7,Completed,7.5
294,2,QA,184.2,In Progress,5.74
295,8,Designer,338.9,In Progress,7.28
295,14,Lead,217.4,In Progress,5.37
295,5,Manager,186.2,In Progress,7.66
296,15,Coordinator,67.8,In Progress,7.64
296,13,Lead,209.5,Completed,6.15
296,11,Designer,121.4,Delayed,6.46
297,4,Lead,296.0,Completed,9.08
297,3,Coordinator,43.2,Completed,9.57
297,11,QA,255.5,In Progress,5.97
298,1,Designer,317.7,Completed,9.53
299,10,Lead,74.0,Completed,9.64
299,9,Lead,94.9,In Progress,7.17
299,5,QA,156.9,Delayed,5.01
300,6,QA,329.2,In Progress,9.25
300,10,Designer,175.5,Delayed,7.01
301,13,Coordinator,117.2,Delayed,9.72
302,15,Coordinator,93.7,Completed,7.15
303,15,Coordinator,106.5,In Progress,5.03
303,11,Manager,266.3,Delayed,8.77
303,7,Designer,373.3,In Progress,8.66
304,4,QA,190.3,Delayed,6.97
304,10,QA,253.7,Completed,6.2
304,1,Analyst,374.1,Delayed,7.48
305,15,Analyst,370.1,Completed,8.81
305,3,Designer,188.6,In Progress,5.42
305,14,Analyst,388.0,In Progress,7.47
306,6,Lead,272.9,In Progress,8.84
307,8,Lead,43.9,In Progress,8.62
307,14,Developer,338.3,Completed,7.68
308,2,Coordinator,387.5,Delayed,5.44
308,4,Manager,197.4,In Progress,6.15
309,4,Manager,259.2,Completed,9.64
309,10,QA,182.1,In Progress,7.16
309,15,Coordinator,312.4,Delayed,7.75
310,5,Manager,263.9,Delayed,9.39
310,7,Developer,371.3,In Progress,8.01
310,4,Coordinator,391.6,In Progress,5.52
311,9,Coordinator,313.7,In Progress,6.63
311,7,Designer,49.7,Delayed,8.43
311,14,Developer,350.7,Delayed,6.04
312,10,Designer,142.1,Delayed,5.41
313,3,Designer,254.1,Completed,6.57
314,7,Coordinator,169.7,Delayed,8.81
314,2,Coordinator,368.2,Completed,5.51
314,6,Analyst,82.6,Completed,9.32
315,2,Lead,255.5,In Progress,7.0
315,7,Coordinator,274.2,Delayed,9.45
315,1,QA,339.7,In Progress,8.39
316,5,Manager,374.9,In Progress,5.88
317,9,Designer,138.1,Delayed,6.15
317,11,Coordinator,368.1,In Progress,5.0
318,5,Designer,353.0,In Progress,5.47
318,9,QA,373.7,In Progress,6.36
319,14,Lead,75.1,Delayed,8.12
319,8,QA,223.9,In Progress,6.31
320,10,Lead,106.8,Completed,7.19
320,14,Lead,351.5,Delayed,8.72
320,4,Manager,42.7,Delayed,6.98
321,11,Developer,225.5,Delayed,6.32
321,3,Coordinator,297.4,In Progress,6.8
321,10,Coordinator,179.5,In Progress,9.05
322,7,QA,120.0,Delayed,9.46
322,15,Coordinator,256.1,Delayed,8.43
323,14,Developer,358.7,In Progress,6.86
323,12,Analyst,311.6,Completed,6.72
323,2,Designer,183.2,Completed,5.63
324,4,QA,321.5,Completed,6.92
324,11,Analyst,274.2,In Progress,6.9
325,9,Developer,274.6,Completed,7.24
326,11,Designer,340.1,In Progress,9.71
327,15,Developer,60.4,In Progress,5.68
327,6,Developer,172.9,Delayed,8.46
327,10,Designer,154.5,Completed,6.08
328,11,QA,148.5,Completed,9.9
328,8,Developer,233.4,In Progress,5.04
329,15,Analyst,387.8,In Progress,6.52
329,3,Developer,396.5,In Progress,6.59
330,6,QA,384.7,Completed,8.95
330,10,Lead,140.5,Completed,9.24
331,3,Manager,91.3,In Progress,6.7
331,12,Lead,218.2,Delayed,8.71
331,5,Analyst,300.1,In Progress,7.0
332,12,Coordinator,318.5,In Progress,5.08
332,10,Developer,388.5,Delayed,9.06
332,2,Manager,325.6,Completed,8.76
333,14,Analyst,51.1,Completed,7.23
333,8,Lead,340.6,Completed,7.02
333,12,Manager,148.6,Delayed,9.16
334,10,Lead,170.4,Completed,7.69
334,1,QA,339.0,Delayed,5.5
335,2,Analyst,187.0,Completed,5.33
335,7,Lead,341.8,Delayed,9.12
335,4,Lead,150.3,Delayed,5.5
336,11,Lead,167.9,Completed,9.6
337,1,Developer,315.9,In Progress,6.15
337,4,Developer,360.0,Completed,8.35
337,7,Coordinator,99.0,In Progress,6.18
338,14,Manager,91.2,In Progress,7.31
338,11,Coordinator,326.2,Delayed,6.8
339,15,Lead,298.7,Delayed,6.69
340,1,Manager,309.6,In Progress,8.47
341,7,Designer,165.9,Delayed,7.21
341,10,Lead,56.4,Completed,7.32
342,9,Manager,293.5,Completed,9.63
342,3,QA,143.4,Delayed,5.92
343,3,QA,113.9,Delayed,6.52
344,8,Analyst,305.8,In Progress,8.8
344,4,Designer,258.1,In Progress,7.24
344,7,QA,298.0,Delayed,7.19
345,3,Designer,67.7,Completed,5.72
345,6,Coordinator,177.9,Delayed,6.45
346,4,Analyst,298.6,Delayed,6.32
347,14,Lead,159.3,In Progress,6.9
348,3,QA,336.6,Delayed,9.32
348,11,Lead,214.7,Completed,9.53
348,14,Analyst,162.3,In Progress,9.68
349,9,Manager,110.4,Delayed,5.65
349,5,Manager,114.0,In Progress,8.73
349,4,QA,306.2,Completed,6.36
350,14,Developer,139.7,Completed,7.99
350,7,Analyst,114.7,Delayed,8.46
351,7,Lead,389.5,Delayed,5.03
352,1,Designer,334.3,In Progress,6.77
352,14,QA,275.9,Delayed,7.78
353,5,Analyst,69.6,Delayed,6.74
353,9,Manager,391.0,In Progress,7.38
354,3,Analyst,289.8,Delayed,7.44
355,1,Developer,255.8,In Progress,6.35
355,6,Manager,276.1,Completed,5.59
355,15,Manager,156.6,Completed,8.88
356,3,QA,154.8,In Progress,5.1
356,9,Lead,126.6,Delayed,5.6
357,6,Designer,258.0,Delayed,7.97
358,8,Developer,175.8,In Progress,7.61
359,6,Designer,120.9,In Progress,7.13
359,4,Coordinator,47.6,In Progress,8.38
359,1,QA,204.2,Delayed,9.51
360,2,Analyst,258.9,In Progress,6.36
360,15,Designer,382.4,Completed,9.02
360,9,Analyst,339.5,Completed,6.16
361,1,Developer,371.1,Delayed,9.18
362,4,QA,365.2,In Progress,8.72
362,8,QA,192.8,Completed,5.27
363,13,Developer,300.0,Delayed,7.27
364,2,Designer,329.2,In Progress,9.92
364,13,Designer,45.9,In Progress,7.5
365,5,Developer,287.1,In Progress,5.51
366,13,Designer,178.4,Completed,5.49
366,5,Designer,377.3,In Progress,7.6
366,3,Coordinator,223.5,Delayed,7.9
367,6,Designer,349.1,Delayed,5.98
367,9,Designer,369.0,Completed,5.83
368,1,Coordinator,116.8,Delayed,7.81
369,9,Manager,61.9,Completed,5.34
370,7,Analyst,89.4,In Progress,8.17
370,6,Coordinator,343.5,Delayed,9.65
371,8,Manager,227.3,Completed,6.93
371,11,Developer,148.4,Completed,8.91
371,13,QA,214.6,Delayed,5.44
372,9,Manager,190.3,Delayed,8.82
373,13,QA,267.7,In Progress,9.68
373,4,Developer,244.5,Delayed,5.57
374,7,QA,285.6,Delayed,6.75
374,5,Manager,354.4,In Progress,7.81
374,9,Developer,94.5,Delayed,9.48
375,5,Lead,369.6,In Progress,8.48
376,1,Lead,270.9,In Progress,7.78
377,4,Designer,82.4,Delayed,8.32
377,6,Designer,310.7,Completed,7.01
377,3,Analyst,385.6,In Progress,7.54
378,2,Developer,183.3,Delayed,8.57
378,15,Manager,388.0,In Progress,6.57
379,10,Lead,372.5,Delayed,7.73
379,6,Lead,184.5,Completed,6.46
380,2,Designer,51.3,Completed,9.55
381,2,Analyst,64.3,Completed,9.04
381,3,Analyst,279.7,Completed,8.6
381,9,Developer,294.8,Delayed,7.7
382,1,Lead,331.7,In Progress,8.53
382,15,Analyst,283.0,Completed,5.81
382,12,Analyst,290.2,Completed,9.19
383,9,Analyst,311.7,In Progress,8.66
383,6,Analyst,151.4,Completed,8.02
383,8,Lead,256.3,Delayed,6.34
384,5,QA,314.5,Completed,7.08
384,13,Designer,284.7,Completed,7.55
385,5,Lead,367.7,In Progress,6.12
385,10,Analyst,317.8,Completed,9.98
386,4,Analyst,146.8,Completed,5.21
387,10,Lead,41.8,In Progress,6.55
388,15,QA,123.9,In Progress,5.36
389,1,Developer,154.0,Delayed,6.83
390,7,Coordinator,134.2,Completed,8.32
391,5,QA,57.0,Delayed,8.58
392,2,Designer,287.0,In Progress,9.44
392,14,Analyst,239.0,Delayed,5.05
392,10,Analyst,251.1,Delayed,9.06
393,3,Manager,45.5,Delayed,6.98
393,15,Designer,159.3,In Progress,6.12
394,5,Manager,122.0,In Progress,8.56
394,3,Manager,52.0,Completed,8.95
395,12,Designer,397.6,In Progress,5.36
395,9,Developer,293.5,Delayed,8.04
395,8,Analyst,181.0,Completed,9.47
396,3,Developer,280.4,In Progress,9.16
396,5,Manager,123.2,Delayed,8.05
397,12,Analyst,229.0,Completed,5.5
397,4,Designer,233.9,Completed,6.81
397,10,Designer,220.3,Delayed,9.35
398,5,Designer,238.5,Delayed,8.32
399,13,Coordinator,48.5,Completed,5.78
399,1,Designer,333.9,Delayed,9.68
399,4,Designer,281.0,Delayed,7.55
400,11,Coordinator,123.6,Delayed,8.6
401,15,QA,57.1,Delayed,6.63
402,4,Designer,209.8,In Progress,9.03
403,5,Designer,172.3,Delayed,7.78
403,10,Analyst,290.4,Delayed,6.35
404,11,QA,122.1,In Progress,8.99
404,7,Coordinator,217.7,In Progress,5.2
404,2,QA,233.3,In Progress,9.46
405,7,Developer,104.8,Completed,9.69
405,8,Developer,325.6,In Progress,9.2
406,4,Designer,120.9,In Progress,8.31
406,2,QA,363.0,Completed,9.46
406,5,Lead,372.1,Delayed,5.02
407,4,Analyst,62.0,Delayed,5.14
407,6,Manager,200.6,Completed,7.2
407,15,Coordinator,368.3,Completed,6.73
408,2,Analyst,161.3,Completed,9.6
408,5,Manager,47.9,Delayed,8.22
409,5,QA,146.9,In Progress,6.12
410,2,QA,46.3,In Progress,6.5
411,1,Developer,358.1,Delayed,9.35
411,13,Designer,211.2,Delayed,6.19
411,6,QA,236.1,In Progress,7.1
412,14,Developer,45.1,In Progress,7.9
412,3,Analyst,384.1,In Progress,5.28
413,13,Analyst,96.4,In Progress,5.03
414,14,QA,371.5,Delayed,9.97
414,1,Designer,140.2,Delayed,5.9
414,8,Coordinator,167.2,Completed,6.85
415,3,Developer,167.9,In Progress,7.71
415,9,Analyst,332.9,Completed,9.21
415,1,Lead,247.8,In Progress,8.78
416,1,Designer,367.3,Delayed,5.48
416,13,Manager,261.0,Delayed,6.37
416,4,Manager,267.7,Completed,7.62
417,13,Designer,185.0,Completed,7.17
417,11,Designer,355.9,In Progress,9.02
417,3,Manager,229.4,Completed,8.62
418,1,Lead,226.3,In Progress,7.64
419,1,Designer,190.9,Delayed,5.61
420,5,QA,350.9,Completed,9.77
420,1,Coordinator,76.1,Completed,7.31
421,3,Designer,293.0,Delayed,7.48
422,9,Developer,329.4,Completed,5.7
422,8,Designer,373.5,Delayed,8.9
422,15,Manager,85.6,Completed,8.42
423,1,Lead,80.8,Delayed,5.03
424,10,QA,68.1,Completed,5.27
424,11,QA,65.5,Completed,7.5
425,6,Designer,179.4,Delayed,6.75
425,2,Designer,297.4,In Progress,5.8
426,11,Manager,63.7,In Progress,8.95
426,4,Designer,81.3,Completed,7.07
427,4,Coordinator,250.2,In Progress,6.26
427,11,Designer,144.4,Delayed,6.99
427,10,Manager,336.1,Delayed,6.09
428,6,Developer,229.7,Completed,6.72
429,10,Coordinator,325.9,Completed,5.68
430,3,Lead,196.2,Completed,5.41
430,6,Coordinator,366.3,Delayed,5.95
430,11,Developer,110.4,Delayed,8.02
431,3,Coordinator,249.5,Completed,8.76
431,4,Designer,318.5,Completed,5.59
431,11,Designer,352.0,Completed,9.98
432,5,Analyst,83.2,Completed,7.87
433,4,Analyst,338.3,Delayed,6.07
434,8,Coordinator,182.2,In Progress,5.18
434,3,Coordinator,283.6,Completed,7.13
434,7,Manager,44.0,In Progress,6.71
435,3,Manager,107.5,In Progress,9.85
435,1,QA,313.2,Delayed,7.64
435,7,QA,100.2,Delayed,5.72
436,2,Lead,258.4,Completed,5.75
436,7,Developer,352.2,Delayed,8.53
437,6,Analyst,248.5,In Progress,5.0
438,4,Manager,211.2,Completed,6.72
439,14,QA,88.8,Delayed,7.64
440,5,Manager,188.6,Delayed,7.37
440,10,Coordinator,204.6,Completed,8.09
441,1,Coordinator,379.4,Delayed,7.79
441,15,Developer,317.4,In Progress,7.93
442,8,Lead,281.6,In Progress,8.2
442,1,Designer,108.1,Delayed,8.09
442,12,QA,148.1,Completed,6.11
443,4,Coordinator,207.2,In Progress,7.57
444,8,QA,73.6,Delayed,5.07
444,13,Developer,339.3,In Progress,8.8
445,11,Manager,395.3,Delayed,6.26
445,14,Designer,76.5,In Progress,8.85
446,9,Analyst,299.1,Completed,6.43
446,12,QA,342.8,In Progress,6.42
447,4,Designer,192.3,Delayed,8.05
447,5,Developer,288.1,In Progress,7.68
448,10,Designer,159.5,Delayed,6.59
449,15,Manager,208.8,Delayed,6.88
449,7,Coordinator,291.7,Completed,8.81
450,12,QA,218.0,Delayed,9.67
450,14,Coordinator,398.9,Delayed,5.02
451,10,QA,304.0,Delayed,6.87
452,12,Designer,116.5,Completed,6.15
453,6,Designer,235.9,Completed,7.2
453,1,Analyst,344.6,Delayed,5.28
453,12,QA,296.7,Completed,7.43
454,9,QA,215.1,Delayed,6.36
455,2,Lead,189.4,In Progress,8.27
456,11,Lead,278.1,Delayed,9.17
456,1,QA,113.9,In Progress,6.81
457,3,Designer,214.9,In Progress,5.36
458,6,Designer,146.9,Completed,6.47
459,5,Coordinator,45.8,Delayed,9.18
459,10,Lead,89.7,Delayed,6.31
459,11,Developer,290.9,Delayed,9.2
460,15,QA,129.7,Delayed,9.33
460,12,Manager,341.1,In Progress,8.49
461,4,Designer,379.5,Completed,8.93
462,15,Designer,356.3,Completed,9.26
463,2,Analyst,333.4,In Progress,8.19
463,6,Lead,395.5,Delayed,8.36
463,13,Coordinator,325.3,Delayed,7.49
464,5,QA,321.8,Delayed,5.53
465,12,Designer,217.3,Completed,7.41
466,9,Manager,299.5,Delayed,6.55
466,3,Developer,363.7,Completed,8.49
466,12,Developer,92.2,Delayed,6.12
467,13,Developer,216.9,In Progress,8.4
467,9,Coordinator,397.4,Delayed,8.22
467,14,Manager,242.8,Completed,7.64
468,12,Coordinator,212.4,Delayed,8.04
468,6,Lead,306.7,Delayed,8.74
468,2,Analyst,231.2,In Progress,8.15
469,12,Analyst,323.3,Completed,9.09
470,12,Analyst,385.5,Delayed,6.21
471,2,QA,367.4,In Progress,8.48
471,6,Coordinator,392.2,Completed,6.16
471,14,Analyst,50.5,Delayed,8.01
472,5,Designer,57.4,In Progress,8.74
472,4,Analyst,77.6,Delayed,8.82
473,12,Coordinator,52.5,In Progress,6.19
473,8,Designer,186.9,Delayed,8.56
473,13,Designer,342.5,Completed,8.89
474,5,Lead,230.7,Delayed,5.54
474,9,Manager,194.5,Completed,7.84
474,3,Developer,180.6,In Progress,5.02
475,8,Analyst,225.8,In Progress,6.14
476,7,Designer,158.3,Completed,9.61
476,13,Lead,383.0,Delayed,7.9
476,8,QA,50.4,In Progress,5.38
477,5,Manager,121.8,In Progress,5.04
478,13,Lead,185.9,Completed,7.9
479,7,QA,311.1,Completed,6.19
479,10,Analyst,347.6,In Progress,7.38
480,4,Lead,346.9,In Progress,5.23
480,5,Designer,97.1,Delayed,6.32
480,11,Developer,237.4,Completed,9.41
481,8,Coordinator,350.6,Delayed,9.9
481,11,Coordinator,152.2,Completed,5.83
482,4,Designer,285.1,Delayed,9.11
483,3,Manager,266.3,Completed,5.77
484,11,Developer,257.8,In Progress,6.24
484,8,Analyst,198.8,In Progress,6.84
485,15,Lead,368.6,Completed,6.08
485,3,Lead,398.7,Completed,8.22
486,5,Manager,95.8,In Progress,9.7
486,2,Manager,348.8,In Progress,8.26
486,11,Manager,227.6,Completed,9.33
487,10,QA,322.5,Completed,9.07
487,9,Lead,331.9,In Progress,5.19
488,14,Designer,112.0,Completed,5.05
489,11,Manager,248.3,Delayed,9.81
489,4,Manager,259.6,Delayed,5.46
489,5,Developer,351.9,Completed,9.47
490,13,Coordinator,266.0,Completed,9.75
491,12,Designer,196.9,Delayed,6.94
491,7,QA,380.7,In Progress,8.9
492,9,Manager,190.3,Delayed,5.2
492,1,Manager,361.8,Delayed,7.29
493,5,Analyst,149.2,In Progress,7.32
493,10,Lead,203.3,Delayed,8.52
494,7,Lead,346.7,Completed,8.28
494,9,Analyst,374.8,Completed,7.69
495,3,Manager,104.3,Completed,9.33
495,8,Designer,329.2,In Progress,7.18
495,4,Lead,226.6,In Progress,8.4
496,1,QA,147.1,Delayed,9.28
497,5,Manager,369.0,In Progress,7.46
497,13,Coordinator,74.8,Delayed,8.17
498,6,Analyst,366.7,In Progress,5.18
498,8,Designer,349.7,In Progress,8.21
498,11,Manager,261.3,Completed,6.07
499,14,Lead,95.5,Delayed,7.7
500,2,QA,134.8,Completed,9.74
500,7,Developer,397.2,Completed,5.27
501,13,QA,361.7,In Progress,9.64
501,11,Analyst,295.0,Completed,5.47
501,8,Analyst,333.5,Completed,5.36
502,6,Coordinator,127.5,In Progress,8.41
502,2,Coordinator,148.2,In Progress,8.89
503,7,Lead,122.7,Completed,8.48
503,10,Coordinator,220.4,Completed,7.37
504,10,Manager,69.4,In Progress,9.3
505,5,Designer,279.9,In Progress,9.53
505,8,Lead,202.1,Completed,6.5
505,12,Manager,150.9,Delayed,7.48
506,5,Developer,356.4,In Progress,5.36
506,1,Coordinator,249.7,Delayed,9.65
506,15,Coordinator,229.1,Delayed,8.02
507,15,Analyst,161.7,Delayed,9.26
507,12,Analyst,125.8,Delayed,5.04
507,3,Developer,95.8,Delayed,7.17
508,3,Lead,214.3,Delayed,8.86
508,11,Manager,108.1,In Progress,8.11
508,9,Designer,283.1,In Progress,9.05
509,3,QA,301.0,Completed,9.28
510,11,Lead,246.9,Delayed,8.57
510,3,Lead,305.3,In Progress,5.84
510,5,QA,355.3,In Progress,7.57
511,9,Lead,306.6,Completed,7.89
511,10,Lead,100.9,Completed,6.17
512,7,Lead,361.1,In Progress,5.16
513,4,Lead,208.8,Completed,7.96
513,1,Lead,399.4,In Progress,9.78
513,11,Developer,351.6,Delayed,8.83
514,12,Coordinator,80.1,Completed,8.14
514,4,Manager,61.5,Delayed,6.08
514,14,Analyst,185.9,Delayed,6.37
515,8,Analyst,255.9,In Progress,6.21
516,14,Analyst,201.7,In Progress,10.0
517,15,Analyst,143.4,Delayed,9.27
518,5,Developer,243.7,Completed,7.12
518,7,QA,394.2,In Progress,7.81
519,11,Coordinator,373.2,In Progress,5.95
519,15,Developer,94.8,In Progress,7.45
519,1,Manager,161.7,Delayed,6.38
520,10,Coordinator,187.5,Completed,8.55
521,15,Designer,297.5,In Progress,5.51
522,1,Designer,376.4,Completed,8.91
522,15,Analyst,302.5,In Progress,7.35
522,7,Coordinator,99.8,In Progress,9.09
523,10,Analyst,288.5,Completed,7.23
523,8,Developer,127.3,Completed,5.18
523,4,Developer,281.7,Completed,6.57
524,7,Analyst,141.3,Delayed,9.54
524,15,Designer,222.2,In Progress,8.53
524,3,Designer,94.9,Completed,5.57
525,2,Coordinator,213.1,Delayed,6.05
525,7,QA,151.7,In Progress,6.51
526,11,Lead,152.1,In Progress,6.1
526,10,Coordinator,301.6,In Progress,8.06
526,9,Developer,251.3,Completed,6.43
527,7,Coordinator,245.0,Completed,7.07
527,3,Developer,64.2,Completed,7.12
528,12,QA,270.2,Delayed,8.52
528,2,Coordinator,220.9,In Progress,6.4
529,13,Lead,264.7,Delayed,8.44
529,10,Developer,269.2,In Progress,6.96
529,7,Lead,260.7,Delayed,9.08
530,5,Analyst,42.5,Completed,6.21
530,12,Designer,84.8,In Progress,9.14
530,8,Developer,369.0,Completed,6.51
531,7,Analyst,178.7,In Progress,7.86
531,13,Developer,277.3,In Progress,5.12
531,12,Analyst,304.9,In Progress,6.09
532,5,Coordinator,266.9,Completed,8.2
532,9,Designer,383.6,Delayed,6.4
533,11,Manager,83.5,Delayed,6.14
533,6,Developer,269.1,In Progress,6.86
534,1,Manager,51.4,Delayed,6.05
534,5,Manager,365.0,Delayed,8.21
535,2,Developer,292.2,In Progress,8.85
535,4,QA,242.8,Delayed,9.29
536,7,Coordinator,174.0,Delayed,8.9
536,11,Analyst,44.2,In Progress,5.36
537,9,QA,266.1,Completed,5.81
538,13,Analyst,145.9,In Progress,5.86
539,6,Manager,292.2,Completed,6.32
540,7,Lead,165.6,Delayed,9.52
541,12,QA,88.5,In Progress,9.68
541,15,Designer,68.1,Completed,5.9
542,10,Designer,125.5,Completed,8.0
542,2,QA,262.7,Delayed,5.35
542,3,Designer,293.2,In Progress,8.39
543,10,Lead,212.6,Delayed,9.84
544,13,Lead,292.3,Delayed,6.43
544,10,Developer,176.2,In Progress,9.72
545,8,Lead,338.3,Delayed,7.91
545,13,Analyst,392.3,Completed,6.87
545,2,Developer,352.3,Delayed,9.69
546,14,Analyst,329.8,In Progress,9.67
546,10,Manager,211.4,In Progress,6.62
547,4,Coordinator,391.8,Completed,9.78
547,5,QA,168.2,Delayed,8.17
548,4,Designer,346.8,Completed,9.25
548,11,Analyst,106.0,Completed,8.59
548,9,Developer,310.0,Delayed,6.37
549,4,Coordinator,389.7,In Progress,7.45
549,5,Coordinator,350.8,Completed,9.61
549,1,Developer,244.1,Completed,7.91
550,12,Developer,76.7,Completed,9.76
550,3,Manager,269.3,Completed,8.22
551,12,Lead,149.3,Completed,7.44
552,3,Analyst,75.1,Delayed,8.24
553,12,Analyst,91.5,Completed,8.77
554,13,QA,296.0,In Progress,8.36
554,14,Manager,229.8,In Progress,6.45
555,15,Analyst,182.2,Delayed,6.04
556,8,Designer,115.2,Delayed,6.68
556,10,Coordinator,57.2,Delayed,6.2
556,7,QA,334.8,In Progress,9.1
557,2,Lead,374.5,In Progress,9.69
558,11,Lead,354.1,Delayed,7.97
559,4,Designer,240.6,Delayed,9.84
559,3,Designer,398.4,Completed,5.46
559,1,QA,88.2,In Progress,9.91
560,7,Analyst,178.6,In Progress,8.43
560,15,Coordinator,82.4,In Progress,5.24
560,3,Analyst,275.1,In Progress,5.29
561,1,Manager,246.7,Completed,9.96
561,5,QA,300.0,Completed,5.36
561,9,Coordinator,116.4,Completed,9.34
562,10,Designer,104.0,Completed,9.78
563,12,Designer,41.4,Delayed,6.11
563,8,Designer,364.5,Delayed,9.53
563,4,Manager,312.7,In Progress,6.8
564,3,Designer,156.4,Delayed,6.68
565,13,Designer,226.2,In Progress,7.19
565,15,Designer,320.2,Delayed,7.87
565,3,Designer,196.7,Completed,5.26
566,11,Developer,349.7,In Progress,7.64
566,14,Manager,345.0,Completed,5.71
567,12,Lead,128.2,Delayed,7.08
567,11,Designer,269.5,Completed,8.94
567,4,Designer,65.5,In Progress,9.3
568,10,QA,47.8,Completed,7.32
568,6,Developer,183.6,Completed,8.06
569,14,Developer,46.3,Completed,6.65
569,13,Manager,165.0,Completed,8.47
569,6,Developer,140.8,Delayed,7.52
570,5,Manager,137.1,Delayed,7.31
571,5,Developer,159.7,Completed,5.51
571,14,Coordinator,385.0,Delayed,6.81
571,6,Lead,258.3,Delayed,5.72
572,15,Analyst,272.0,Completed,5.38
572,10,Manager,344.0,In Progress,9.49
572,2,Lead,391.2,Completed,9.92
573,3,Lead,47.5,Delayed,8.12
573,12,QA,213.3,In Progress,7.25
573,7,Designer,55.3,Delayed,9.96
574,12,Analyst,156.9,In Progress,9.94
575,5,Developer,272.9,In Progress,5.33
576,6,Manager,268.7,Completed,6.15
577,2,Coordinator,99.1,In Progress,6.68
577,6,Analyst,311.8,In Progress,7.43
577,14,Manager,45.8,Completed,5.25
578,3,Manager,144.3,Delayed,6.77
579,4,Lead,392.4,Completed,9.67
580,5,Designer,243.8,Delayed,8.44
581,9,Lead,366.8,Delayed,6.77
581,11,Analyst,186.4,Completed,6.88
582,7,Analyst,93.8,Delayed,6.67
582,6,Manager,385.9,Completed,8.78
582,3,Designer,381.2,Completed,7.84
583,7,Lead,76.3,In Progress,8.41
584,13,Developer,309.7,Completed,5.03
584,9,Developer,59.6,Delayed,7.49
585,14,Lead,244.5,Completed,5.34
585,5,Manager,305.1,In Progress,7.4
586,10,Coordinator,211.9,Completed,9.31
586,1,Analyst,344.4,Delayed,9.15
587,2,Analyst,352.3,In Progress,5.27
587,11,Analyst,189.2,Completed,7.5
587,15,Manager,314.9,In Progress,5.89
588,9,QA,178.7,In Progress,9.81
589,2,QA,368.6,Delayed,9.02
589,15,Designer,148.5,In Progress,5.7
589,10,Manager,309.9,In Progress,9.5
590,4,Lead,212.2,Delayed,7.42
590,2,Designer,162.4,Delayed,8.3
590,6,Designer,249.8,In Progress,8.53
591,7,Lead,233.5,Delayed,6.5
591,9,Manager,90.7,Completed,9.32
592,9,Coordinator,244.9,In Progress,8.19
592,8,Developer,369.3,In Progress,5.13
592,15,Designer,370.2,Completed,7.01
593,14,Manager,379.5,In Progress,8.87
593,11,Lead,179.1,Completed,9.39
593,15,Coordinator,338.3,In Progress,8.97
594,2,Lead,339.0,Delayed,8.06
594,4,Designer,128.6,Delayed,7.27
594,5,Designer,398.3,In Progress,7.63
595,15,Lead,267.0,Completed,5.27
595,12,Manager,112.3,Completed,5.31
595,11,QA,192.7,Delayed,9.61
596,5,Developer,42.7,In Progress,8.75
596,2,Lead,200.2,In Progress,9.67
597,1,Manager,81.2,Completed,9.25
598,14,Designer,380.4,Delayed,8.88
599,2,Lead,161.2,In Progress,8.56
600,1,Manager,85.4,Completed,5.92
600,4,Analyst,80.1,Completed,5.31
600,2,Manager,233.0,Delayed,5.29
601,5,Manager,327.2,Delayed,6.99
601,11,Manager,336.1,Completed,6.89
601,9,Designer,69.0,Delayed,6.26
602,8,Analyst,373.9,In Progress,5.72
603,5,QA,383.7,In Progress,7.97
603,14,Designer,115.4,Delayed,9.56
603,8,Developer,117.4,Delayed,6.33
604,10,QA,177.5,In Progress,7.09
605,10,QA,97.7,Delayed,9.34
605,13,Developer,320.8,Delayed,9.55
605,14,QA,334.9,Completed,8.03
606,9,Manager,331.0,Delayed,6.12
607,10,Analyst,130.6,In Progress,8.14
608,15,QA,95.8,Delayed,5.31
609,9,Manager,360.4,Delayed,9.3
609,6,Developer,361.0,Delayed,9.91
610,15,Lead,343.6,Delayed,6.73
610,4,QA,59.9,Completed,5.45
611,15,Developer,389.3,Completed,9.09
612,14,Lead,155.9,In Progress,5.93
613,4,Lead,59.1,In Progress,7.02
613,7,Coordinator,276.8,Completed,6.1
613,10,Lead,205.6,In Progress,6.47
614,13,QA,205.3,In Progress,8.66
614,9,Designer,88.6,In Progress,7.45
614,1,Manager,376.7,Completed,5.15
615,12,QA,336.1,In Progress,8.11
615,5,Lead,379.3,In Progress,5.05
615,6,Coordinator,390.1,In Progress,7.68
616,9,Developer,258.3,In Progress,6.19
617,9,Analyst,369.6,Delayed,8.54
618,11,Analyst,45.0,Completed,7.29
618,14,Lead,378.9,In Progress,8.49
619,2,Manager,366.4,In Progress,9.66
620,9,Designer,223.0,Completed,6.19
621,11,Manager,348.1,Completed,5.18
621,4,Designer,147.2,Delayed,8.13
621,12,Coordinator,360.4,Delayed,7.52
622,15,Manager,175.9,In Progress,9.4
622,13,Lead,323.1,In Progress,7.73
623,4,Analyst,98.8,Completed,9.23
623,11,Developer,170.5,Completed,7.37
624,15,Developer,289.7,Delayed,8.82
624,11,Coordinator,320.2,In Progress,8.88
624,1,Coordinator,244.7,In Progress,7.08
625,6,Manager,120.5,Delayed,5.26
625,1,Coordinator,304.9,Completed,6.55
625,11,Coordinator,368.5,Delayed,8.72
626,1,QA,283.2,Delayed,6.62
626,13,Analyst,69.6,Delayed,9.02
626,14,Analyst,380.4,In Progress,6.03
627,14,Developer,249.4,In Progress,9.71
627,8,Analyst,131.9,Completed,9.48
627,9,Manager,304.9,Delayed,6.3
628,12,Coordinator,67.3,Completed,9.89
629,9,Manager,308.7,Delayed,7.44
630,6,Manager,158.4,In Progress,5.05
631,13,Designer,145.8,Delayed,6.42
632,3,Coordinator,286.6,Delayed,5.81
632,14,Coordinator,205.7,Delayed,7.39
632,9,Developer,324.8,In Progress,5.02
633,6,Designer,146.6,Completed,6.61
633,7,Analyst,201.1,Delayed,7.53
633,2,QA,207.2,Delayed,5.14
634,1,Analyst,358.6,Delayed,5.55
634,6,Manager,218.1,In Progress,7.41
635,9,Coordinator,74.7,Completed,7.56
635,11,QA,242.5,Delayed,8.19
636,6,Lead,306.8,In Progress,6.65
637,15,Manager,234.2,Completed,9.15
637,1,Coordinator,89.7,Delayed,7.9
638,10,Coordinator,217.1,Delayed,7.4
638,9,Lead,323.6,Delayed,5.14
639,5,Designer,71.0,Delayed,5.67
639,12,Analyst,211.3,Completed,5.55
640,8,Designer,96.9,Completed,7.96
641,15,Lead,51.9,Completed,6.83
642,9,Coordinator,196.5,Delayed,9.6
642,1,Designer,213.9,In Progress,7.74
643,3,Lead,364.3,Delayed,8.03
643,9,QA,202.0,Delayed,5.33
643,7,Developer,380.2,Delayed,9.37
644,5,Developer,160.9,In Progress,7.49
644,2,Developer,377.0,Delayed,7.48
645,4,Designer,286.2,Delayed,5.13
645,11,QA,67.4,Delayed,8.73
645,5,Coordinator,381.4,In Progress,7.67
646,5,Coordinator,143.6,Delayed,5.88
646,6,Designer,77.9,Delayed,7.65
647,2,Manager,399.7,Completed,7.67
648,15,Lead,331.4,In Progress,7.65
648,12,Manager,48.3,Delayed,6.85
649,10,Coordinator,269.9,Delayed,7.44
650,12,Analyst,74.0,Delayed,6.65
650,14,Designer,157.2,Completed,6.21
651,3,Manager,396.8,Delayed,6.57
651,14,Coordinator,177.0,In Progress,5.08
652,13,QA,280.7,In Progress,8.22
652,14,Coordinator,254.9,Delayed,7.95
652,8,Analyst,309.9,Completed,8.9
653,10,Analyst,385.5,Completed,8.11
653,2,Analyst,227.2,Delayed,5.81
654,5,Designer,235.5,Delayed,7.06
654,3,Analyst,376.6,In Progress,9.65
654,10,Designer,390.0,Delayed,8.05
655,10,Manager,277.3,Delayed,9.71
655,9,Lead,277.9,In Progress,7.12
656,1,Manager,68.2,Completed,8.85
656,7,Analyst,397.2,Completed,6.32
656,9,Lead,207.3,Completed,5.13
657,5,QA,273.8,Completed,6.85
658,15,QA,327.3,Delayed,9.15
658,8,Analyst,336.5,Delayed,8.28
659,4,Designer,199.3,In Progress,6.53
660,7,Developer,93.2,Delayed,9.99
660,5,Lead,97.6,In Progress,8.47
660,10,Developer,313.4,Delayed,9.91
661,1,Designer,258.3,In Progress,9.5
661,8,Analyst,239.0,In Progress,5.44
662,8,Lead,363.0,Completed,9.54
663,15,Lead,394.2,In Progress,5.58
664,2,Lead,134.4,Delayed,9.54
664,3,Manager,316.4,Completed,7.8
664,14,Coordinator,320.7,In Progress,8.93
665,11,Designer,397.2,Delayed,8.1
665,2,QA,223.6,Delayed,6.65
666,3,Coordinator,181.2,In Progress,7.84
667,13,Lead,168.0,Delayed,5.81
667,3,Designer,221.2,Completed,5.32
667,12,Analyst,399.0,Delayed,8.74
668,1,Designer,387.8,Completed,5.87
668,3,Lead,283.8,Delayed,5.88
668,11,Coordinator,154.2,Completed,10.0
669,7,Coordinator,283.0,Delayed,7.54
669,12,Coordinator,84.7,Completed,8.01
670,13,Manager,335.3,In Progress,9.64
670,14,Analyst,173.1,In Progress,5.83
670,7,Lead,218.0,In Progress,8.59
671,11,Manager,237.8,In Progress,9.77
672,11,Developer,276.7,In Progress,8.43
672,7,Analyst,280.0,Delayed,5.79
672,1,Designer,142.9,In Progress,9.12
673,7,Designer,282.0,Completed,5.2
673,11,QA,112.4,Delayed,5.32
674,14,Analyst,323.6,In Progress,5.56
675,8,Lead,137.1,Delayed,5.07
676,2,Developer,398.7,In Progress,6.06
677,5,Developer,241.5,Completed,9.48
677,8,Analyst,374.1,Completed,6.08
678,14,Manager,50.5,Completed,6.62
678,7,Designer,213.2,In Progress,6.82
678,10,Analyst,282.8,Completed,6.22
679,11,Manager,217.2,Completed,7.44
679,1,Designer,262.8,Delayed,5.08
680,2,QA,74.5,In Progress,6.18
680,8,Manager,59.6,Completed,9.33
681,4,Lead,299.6,Completed,8.96
681,9,QA,181.5,Completed,9.2
681,13,Analyst,53.9,In Progress,7.06
682,8,Designer,41.8,Delayed,6.89
683,10,Coordinator,198.7,Completed,7.31
683,2,QA,82.7,In Progress,9.43
684,6,QA,274.8,Delayed,9.88
684,12,Developer,249.0,Delayed,9.03
684,10,Developer,251.1,In Progress,8.85
685,9,QA,312.6,In Progress,5.27
685,8,Lead,394.1,Completed,9.78
685,13,Coordinator,62.5,Delayed,9.51
686,6,Lead,202.5,Completed,9.4
687,8,Analyst,228.7,In Progress,8.66
687,4,Lead,262.6,Completed,7.19
688,5,Lead,380.9,Completed,7.48
688,9,Analyst,175.3,In Progress,8.98
689,3,QA,325.6,Delayed,8.72
689,10,Coordinator,351.4,In Progress,6.87
689,2,QA,271.6,Completed,6.14
690,8,Developer,357.5,Completed,9.06
690,13,Developer,174.1,Completed,9.55
690,3,Designer,321.1,Delayed,6.31
691,5,Manager,324.4,In Progress,6.16
691,6,Manager,144.1,Delayed,7.77
691,15,Coordinator,311.6,In Progress,9.62
692,2,Developer,358.5,In Progress,7.2
692,14,Analyst,346.4,Delayed,6.45
693,7,Designer,399.9,Delayed,8.51
694,8,QA,187.8,In Progress,7.77
695,3,Coordinator,331.9,In Progress,8.9
695,12,Lead,273.9,Delayed,8.03
695,11,Lead,310.3,In Progress,7.17
696,9,QA,188.7,Delayed,5.84
697,4,QA,234.2,Delayed,5.98
697,11,Developer,231.4,Delayed,9.03
697,15,Developer,261.8,In Progress,6.79
698,4,Coordinator,139.9,In Progress,5.47
699,8,QA,245.1,Delayed,8.63
699,15,Analyst,45.3,Delayed,5.94
699,14,Developer,268.7,In Progress,5.32
700,12,Lead,91.6,Delayed,5.57
700,1,Analyst,313.0,In Progress,7.05
700,6,QA,301.0,In Progress,9.36
701,5,Designer,164.7,Delayed,6.3
702,11,QA,362.8,Delayed,7.68
702,15,Coordinator,302.8,Completed,5.46
703,15,QA,361.9,Delayed,5.53
703,2,Designer,190.1,In Progress,5.85
704,13,Manager,50.8,Delayed,7.25
705,11,Lead,251.8,Completed,8.12
705,7,Analyst,240.1,Completed,7.31
705,2,Developer,150.9,Delayed,8.85
706,4,Lead,136.8,Delayed,7.38
707,15,Manager,310.6,Delayed,7.14
707,14,QA,53.2,In Progress,7.15
708,7,Manager,228.3,Delayed,9.61
708,8,Developer,80.6,In Progress,7.21
708,5,Coordinator,380.8,In Progress,7.03
709,5,Lead,168.1,Delayed,5.05
709,12,Designer,225.5,Completed,9.29
709,11,Coordinator,123.7,In Progress,5.86
710,15,Coordinator,399.2,Completed,6.06
710,4,Developer,178.2,Delayed,5.45
711,3,Analyst,124.8,Completed,8.76
711,14,Manager,233.1,Delayed,9.15
712,14,Coordinator,57.7,Delayed,5.69
712,3,Coordinator,332.4,In Progress,9.08
713,3,Designer,46.9,In Progress,5.51
714,8,Manager,347.2,Completed,8.79
714,5,QA,370.0,Delayed,6.61
714,3,Designer,206.8,Completed,7.29
715,15,Developer,330.6,In Progress,8.17
716,2,Lead,324.1,Delayed,9.66
716,14,QA,233.4,Completed,8.49
717,8,Designer,63.6,Delayed,6.06
718,4,Designer,303.4,Completed,8.96
718,1,Developer,314.3,Completed,5.34
718,13,Analyst,140.9,In Progress,9.79
719,3,Manager,68.2,In Progress,6.33
720,10,Analyst,85.9,Delayed,6.63
720,1,Developer,187.2,In Progress,7.6
721,6,QA,190.4,Delayed,5.34
721,11,Coordinator,250.9,Completed,6.88
722,13,QA,313.5,In Progress,7.47
723,12,Developer,222.8,In Progress,7.02
723,4,Manager,240.5,Completed,5.28
723,15,Lead,395.1,Delayed,6.68
724,3,QA,174.8,In Progress,5.98
725,14,QA,198.0,Delayed,6.56
726,14,Analyst,381.8,Delayed,6.58
726,15,Manager,182.3,Completed,5.43
726,5,Manager,146.1,Completed,9.14
727,9,QA,386.4,Delayed,8.9
727,10,Lead,85.7,Completed,7.72
728,7,Coordinator,210.0,Completed,5.28
728,4,Lead,267.7,In Progress,7.01
728,14,Designer,127.4,In Progress,6.52
729,4,QA,387.6,In Progress,6.04
729,10,Designer,339.6,Completed,9.8
729,2,Analyst,157.1,Delayed,9.39
730,13,Manager,299.7,Completed,7.45
730,2,Analyst,270.4,Completed,8.9
730,10,Coordinator,194.3,Completed,5.93
731,1,Manager,258.4,Delayed,7.55
731,7,Manager,176.9,Delayed,5.47
732,14,Coordinator,358.3,Delayed,7.49
732,9,QA,335.2,Completed,9.25
732,11,Developer,112.3,Delayed,7.71
733,6,Designer,373.6,In Progress,6.1
733,11,Analyst,72.8,Delayed,8.06
733,12,Designer,263.5,Completed,5.14
734,7,Coordinator,290.4,In Progress,5.37
735,3,Developer,330.5,In Progress,8.19
736,3,Analyst,156.0,Completed,9.95
736,9,Analyst,239.8,Completed,9.05
736,6,QA,104.1,Delayed,8.21
737,15,Developer,202.7,Delayed,8.63
737,4,Coordinator,261.0,Delayed,5.94
738,8,Analyst,131.8,Completed,8.6
739,6,Analyst,316.7,In Progress,5.73
739,14,Developer,177.9,In Progress,5.39
739,12,Developer,152.6,In Progress,5.28
740,8,QA,222.0,Delayed,5.24
740,15,Lead,224.0,Delayed,7.04
740,14,Coordinator,210.0,Delayed,8.9
741,3,Coordinator,249.2,Completed,8.94
741,10,Designer,186.4,In Progress,9.94
741,11,Coordinator,251.4,Completed,8.87
742,11,Analyst,247.8,Delayed,9.04
743,6,Coordinator,73.9,In Progress,9.3
744,9,Analyst,341.2,Completed,5.68
744,14,QA,132.3,In Progress,5.2
744,2,QA,267.2,Delayed,8.9
745,11,Manager,351.6,In Progress,8.01
746,12,Manager,225.7,Delayed,5.49
747,13,Designer,219.1,Delayed,9.17
748,11,Designer,73.3,Delayed,9.08
748,9,Lead,169.9,In Progress,5.59
748,4,Coordinator,111.6,Delayed,9.24
749,1,Analyst,272.7,In Progress,6.2
749,13,Coordinator,256.1,Completed,8.74
749,12,Developer,85.9,In Progress,5.46
750,12,Developer,131.7,Completed,8.15
750,10,Designer,299.4,Completed,5.87
750,7,Designer,372.7,Delayed,7.83
751,1,Coordinator,368.7,Completed,6.19
752,9,Designer,161.4,Delayed,7.61
753,9,Designer,322.7,In Progress,5.52
753,1,Analyst,167.2,Delayed,8.8
753,4,Designer,356.7,Delayed,7.65
754,11,QA,234.2,Delayed,8.87
754,13,Manager,142.7,Completed,9.46
754,1,Coordinator,381.4,Delayed,9.94
755,13,Designer,195.6,In Progress,8.82
755,12,Manager,250.8,Completed,6.25
756,14,QA,162.0,Completed,6.88
756,9,Analyst,60.4,In Progress,8.62
756,2,Lead,151.9,Delayed,5.41
757,1,Developer,57.4,Completed,7.84
758,1,Lead,292.7,Completed,5.65
758,9,Coordinator,94.9,Completed,5.76
758,6,Designer,85.4,Delayed,8.09
759,8,Lead,159.7,Completed,8.07
759,4,Manager,256.0,Delayed,8.23
759,15,Designer,354.7,Delayed,7.01
760,2,Developer,313.5,Delayed,7.4
760,12,Developer,306.1,In Progress,5.43
761,7,Manager,398.8,In Progress,5.43
761,14,QA,171.8,In Progress,5.37
762,6,QA,189.8,Delayed,5.14
762,13,Analyst,226.8,In Progress,6.73
763,5,Analyst,245.8,Completed,6.82
763,10,Coordinator,183.3,Completed,6.79
764,7,Designer,376.2,In Progress,7.4
764,8,QA,55.5,Completed,7.7
764,4,Developer,107.4,In Progress,6.42
765,1,QA,272.7,Delayed,8.88
765,11,Analyst,92.6,Completed,9.67
766,9,Coordinator,186.4,Delayed,9.26
767,12,Lead,81.4,In Progress,8.9
767,8,Lead,256.7,Completed,5.81
768,6,Lead,306.9,Completed,7.66
769,11,Designer,197.7,In Progress,7.44
769,1,Lead,344.8,In Progress,7.39
769,10,Lead,354.4,In Progress,7.47
770,3,Developer,139.7,Delayed,7.3
770,13,Lead,266.5,In Progress,7.31
770,14,Manager,389.5,Completed,8.02
771,9,Developer,247.6,In Progress,6.02
771,3,Manager,214.2,Completed,7.19
772,3,Lead,155.4,Completed,9.03
772,4,Coordinator,76.6,In Progress,7.46
773,11,Developer,336.4,Completed,9.26
774,2,Coordinator,316.2,Completed,9.7
774,8,Manager,209.3,In Progress,7.48
775,3,Manager,349.4,Completed,8.66
776,4,Developer,251.1,Delayed,5.81
776,3,Analyst,314.1,In Progress,7.6
777,3,Developer,289.4,Delayed,5.89
777,12,Manager,332.4,Delayed,9.07
778,5,Manager,212.8,Delayed,7.01
778,10,Developer,204.8,In Progress,9.49
778,9,QA,188.0,Delayed,9.81
779,6,Developer,44.0,Completed,9.77
780,13,QA,339.5,Delayed,5.51
780,15,Coordinator,352.5,Delayed,5.16
780,10,Designer,79.1,Delayed,9.74
781,2,Analyst,297.6,Delayed,8.97
782,1,QA,372.5,In Progress,8.94
783,10,QA,381.4,Delayed,9.46
783,5,QA,53.0,Completed,9.56
784,4,QA,210.0,Delayed,6.68
784,14,Manager,377.4,In Progress,5.37
785,8,Manager,185.7,In Progress,6.6
786,7,Designer,397.1,In Progress,7.07
786,15,Analyst,116.2,Completed,5.31
787,12,QA,308.6,Completed,7.59
787,1,QA,200.4,In Progress,8.88
788,3,Manager,116.5,In Progress,9.16
788,13,QA,379.1,Delayed,7.46
789,11,Coordinator,193.3,In Progress,9.17
789,12,Developer,295.8,Completed,6.62
790,1,QA,303.3,Completed,5.78
791,7,Lead,219.3,Delayed,6.7
791,4,QA,326.7,Delayed,8.89
791,11,Lead,272.6,In Progress,9.36
792,4,Manager,107.6,Completed,5.16
792,2,Coordinator,239.2,Completed,7.04
793,15,Developer,109.8,Delayed,5.04
794,10,Manager,203.2,Completed,9.69
795,10,Designer,135.1,Delayed,7.45
796,8,Coordinator,252.4,Delayed,8.63
796,9,Coordinator,395.9,Completed,8.39
797,12,Manager,48.8,In Progress,6.14
797,11,Lead,137.7,Delayed,8.61
798,9,Developer,338.8,Completed,5.82
798,5,Coordinator,190.0,Completed,8.29
798,3,Coordinator,352.5,In Progress,6.05
799,8,Lead,342.4,In Progress,6.52
799,11,Manager,219.5,Completed,9.67
800,5,Developer,365.3,Delayed,5.76
800,11,Designer,306.3,In Progress,8.71
800,2,Manager,164.2,Completed,9.13
801,14,Coordinator,263.4,In Progress,9.4
801,5,QA,89.0,Delayed,7.45
801,13,Manager,55.3,In Progress,8.89
802,2,Coordinator,328.2,In Progress,5.93
802,4,Lead,311.5,Completed,6.08
802,9,Coordinator,205.9,In Progress,7.39
803,4,Designer,46.7,Completed,8.2
804,7,Coordinator,88.5,Delayed,7.48
804,15,Lead,231.9,Completed,9.81
805,13,Developer,137.3,Delayed,9.61
806,8,Analyst,120.6,Delayed,8.41
806,12,QA,181.3,In Progress,8.8
806,3,QA,128.6,Completed,9.03
807,9,Lead,94.2,In Progress,7.78
808,14,Designer,231.2,In Progress,7.65
809,14,Manager,393.1,In Progress,6.87
809,3,QA,325.0,Delayed,6.6
810,11,Coordinator,107.1,Completed,7.73
811,3,Designer,255.0,In Progress,8.61
812,14,Developer,381.3,In Progress,5.09
813,8,QA,113.0,Delayed,6.15
814,2,Developer,194.4,Completed,6.69
814,7,Lead,111.6,Delayed,8.65
815,12,Lead,121.6,Completed,7.0
815,3,QA,389.7,In Progress,5.39
815,6,Manager,97.2,Delayed,5.69
816,3,QA,67.6,Delayed,5.59
817,2,Designer,47.0,Delayed,6.9
818,11,QA,191.2,Completed,6.7
818,10,QA,155.9,In Progress,8.36
818,5,Lead,262.2,Delayed,9.71
819,2,QA,211.9,In Progress,6.08
819,7,Designer,118.2,In Progress,5.34
819,14,QA,125.2,Delayed,7.32
820,1,Coordinator,384.4,Delayed,5.92
820,6,Designer,172.5,Delayed,8.93
820,13,Analyst,233.4,In Progress,6.8
821,2,Analyst,216.1,Delayed,9.47
821,3,Designer,204.8,In Progress,6.97
821,13,Coordinator,156.8,Completed,5.11
822,8,Manager,68.5,In Progress,6.25
823,12,Coordinator,334.0,Completed,7.28
823,5,Analyst,128.9,Delayed,5.59
824,4,Designer,318.6,In Progress,6.48
824,14,Analyst,177.3,In Progress,8.73
824,15,Developer,211.0,In Progress,9.39
825,11,Analyst,82.8,Delayed,8.69
825,3,Designer,299.7,Delayed,9.22
825,7,QA,258.1,In Progress,9.08
826,11,Manager,150.0,Completed,7.31
826,5,Analyst,159.3,Completed,6.0
826,1,Lead,329.2,Completed,9.71
827,10,Analyst,323.0,Completed,6.43
827,13,Designer,391.0,Completed,5.56
828,12,Coordinator,264.7,Delayed,9.09
828,11,Developer,225.7,Completed,8.99
828,4,Lead,323.8,In Progress,8.66
829,2,Analyst,282.4,In Progress,7.25
829,1,Developer,375.5,Delayed,7.79
830,9,Coordinator,71.8,Delayed,5.95
830,2,QA,70.0,Completed,8.05
830,11,Analyst,326.0,In Progress,7.11
831,1,Developer,76.9,In Progress,5.64
831,6,Coordinator,312.4,Completed,7.69
831,3,Analyst,354.2,In Progress,6.2
832,13,Manager,45.5,In Progress,8.63
832,10,QA,342.0,Delayed,6.49
832,4,Manager,347.1,In Progress,6.17
833,4,Lead,124.9,Delayed,8.37
834,2,Developer,250.7,Completed,8.52
835,2,Developer,151.1,Completed,9.69
836,4,Analyst,380.7,Delayed,9.53
836,15,Designer,50.0,Delayed,5.37
837,7,Manager,89.7,Delayed,7.93
838,5,Coordinator,244.2,Delayed,5.94
839,13,Developer,203.3,Delayed,8.32
839,4,Developer,284.4,In Progress,5.04
839,2,Developer,66.8,Completed,9.53
840,1,Designer,89.8,Completed,9.09
841,10,Manager,373.9,Completed,7.61
842,12,Lead,326.4,In Progress,8.48
843,1,Manager,122.6,Delayed,5.93
843,12,Manager,324.4,Delayed,8.32
844,14,Manager,179.0,Completed,6.72
845,10,Analyst,267.9,Completed,5.21
846,3,Analyst,139.7,Completed,8.58
847,7,Lead,372.7,Delayed,7.01
848,2,QA,152.7,Completed,5.7
848,1,Designer,229.0,In Progress,7.23
848,13,Lead,261.9,In Progress,6.11
849,9,Manager,132.1,In Progress,6.65
850,13,Coordinator,289.8,In Progress,9.2
851,2,Manager,276.6,Delayed,8.12
851,10,Coordinator,135.4,Delayed,5.53
852,4,QA,389.8,Delayed,8.88
853,4,Manager,133.0,Delayed,7.02
853,10,QA,99.5,In Progress,6.43
853,1,Developer,102.5,Delayed,9.58
854,15,Analyst,337.9,Completed,9.91
855,2,Manager,366.4,In Progress,8.17
856,12,QA,310.3,In Progress,5.18
856,6,Lead,355.0,Completed,8.61
857,9,Developer,171.8,Completed,7.45
858,12,Manager,355.2,Delayed,6.69
859,11,Manager,72.3,In Progress,7.4
860,10,Manager,161.0,In Progress,9.84
861,15,Coordinator,274.7,Completed,9.67
862,10,QA,122.1,Delayed,8.42
862,5,Manager,144.2,In Progress,9.08
862,15,Designer,137.3,Completed,5.36
863,9,Coordinator,355.2,Completed,7.31
863,5,Designer,283.8,In Progress,7.76
863,2,Analyst,234.3,Completed,7.06
864,15,Analyst,120.9,Delayed,5.59
864,6,QA,364.6,Delayed,9.19
865,3,Developer,347.2,Delayed,9.6
866,12,Developer,237.7,In Progress,9.43
866,13,Analyst,354.0,Delayed,8.36
866,6,Analyst,161.8,Completed,8.07
867,8,Developer,327.1,In Progress,6.41
867,10,Designer,191.8,In Progress,7.99
867,1,Lead,359.6,In Progress,5.66
868,2,QA,141.2,Delayed,8.19
869,3,Analyst,344.1,In Progress,8.08
870,6,Developer,209.7,In Progress,9.76
870,9,Manager,55.2,In Progress,8.18
871,14,Manager,139.3,Delayed,7.76
871,2,Coordinator,94.7,Completed,5.79
872,11,Designer,137.6,Completed,7.64
872,8,QA,279.7,Delayed,7.0
872,15,Designer,312.9,Delayed,8.48
873,5,QA,334.0,In Progress,9.33
873,1,Manager,123.2,Delayed,9.35
873,4,Manager,99.9,Completed,5.53
874,11,Designer,191.8,Completed,7.64
875,2,Manager,348.1,Delayed,9.43
876,9,Analyst,346.9,Completed,8.43
876,3,Coordinator,195.2,Completed,6.63
876,5,Developer,87.6,Completed,7.07
877,1,Lead,357.0,Completed,9.22
878,11,Developer,144.5,Delayed,5.61
878,7,Manager,291.4,Delayed,6.77
879,6,Lead,212.5,Delayed,9.3
880,1,Lead,130.1,Completed,9.96
881,15,Designer,271.7,Delayed,9.34
882,3,Manager,330.6,Delayed,5.66
882,13,Lead,237.0,Delayed,6.41
883,11,Analyst,96.6,Delayed,7.48
884,11,Analyst,217.3,Delayed,6.98
884,8,Coordinator,271.2,Completed,8.11
884,9,Manager,121.4,Delayed,7.95
885,9,Manager,316.7,Completed,5.02
886,8,Coordinator,315.3,Completed,8.38
886,10,QA,261.7,Delayed,7.67
886,11,Analyst,113.6,Completed,8.67
887,5,Analyst,312.1,Completed,9.05
888,13,Manager,194.6,Completed,7.03
888,12,Coordinator,325.5,Delayed,6.18
889,10,QA,135.1,Delayed,5.8
889,2,Analyst,395.3,Completed,5.87
890,11,Designer,300.1,Delayed,5.3
890,12,Designer,113.2,In Progress,8.77
891,11,Manager,198.1,Completed,6.36
891,12,Designer,317.0,In Progress,6.27
891,4,Coordinator,322.3,In Progress,6.37
892,9,Manager,142.4,Completed,9.37
892,5,Lead,252.0,Completed,8.02
893,8,Lead,152.3,In Progress,9.72
893,1,Designer,181.7,Completed,8.78
893,11,Coordinator,214.6,Completed,5.65
894,9,Lead,194.5,Delayed,9.78
894,10,Developer,170.8,Completed,6.88
895,10,Analyst,320.4,Completed,7.19
895,3,Designer,335.4,Completed,9.13
896,5,Lead,353.3,Delayed,9.1
897,7,Manager,236.2,Completed,7.35
897,11,Analyst,69.0,Completed,5.14
897,1,QA,271.9,In Progress,5.96
898,1,Coordinator,240.3,In Progress,8.9
898,11,Designer,265.6,Delayed,8.14
899,9,QA,114.0,Delayed,7.55
899,4,Coordinator,124.2,Completed,5.45
900,11,Coordinator,316.4,In Progress,7.35
900,7,Designer,200.9,In Progress,8.0
901,7,Designer,41.9,Delayed,5.06
902,14,Developer,41.4,In Progress,7.38
903,7,Developer,228.5,Delayed,6.46
903,4,Manager,152.5,Completed,6.17
904,6,QA,179.1,Completed,9.24
904,9,Manager,185.0,Completed,9.78
905,11,Coordinator,314.6,Completed,6.15
905,8,Developer,97.3,Delayed,6.53
906,4,Manager,310.3,Completed,6.69
906,11,Lead,227.2,Delayed,8.57
906,10,Manager,237.8,In Progress,7.17
907,10,QA,331.0,Delayed,7.94
907,1,Analyst,159.2,In Progress,5.74
907,7,Analyst,307.0,Delayed,6.51
908,12,Analyst,195.6,Completed,8.41
909,12,Analyst,213.5,In Progress,7.61
909,11,Lead,355.7,In Progress,9.69
910,3,Manager,294.9,Delayed,8.31
910,4,Designer,48.0,Completed,7.5
911,8,Developer,368.0,In Progress,6.97
911,15,Analyst,108.1,Completed,8.7
911,11,Designer,371.7,In Progress,6.38
912,2,Developer,262.6,Completed,5.4
912,8,Coordinator,179.8,In Progress,7.87
913,11,Developer,213.8,Completed,8.55
913,3,Analyst,101.8,Completed,9.8
913,10,QA,231.4,In Progress,9.68
914,10,Developer,310.4,Delayed,9.26
915,4,Developer,181.9,In Progress,7.9
916,4,Lead,138.9,Delayed,7.42
916,3,QA,371.9,Completed,9.62
916,1,Manager,224.2,In Progress,7.83
917,1,Developer,341.2,Completed,6.63
917,6,Designer,200.7,Completed,7.81
918,4,Analyst,355.2,Delayed,7.06
919,12,Coordinator,334.3,Completed,6.78
919,4,QA,278.4,Delayed,9.89
920,7,Analyst,71.5,Delayed,5.07
920,14,Developer,223.4,Delayed,8.39
920,1,Analyst,261.5,Completed,8.37
921,3,Developer,42.1,Completed,5.13
922,11,Analyst,177.2,Completed,8.01
922,12,Manager,226.6,Delayed,5.54
922,5,Coordinator,209.1,Delayed,5.18
923,9,Coordinator,304.2,Completed,7.01
924,1,Developer,286.5,Delayed,9.6
925,6,Analyst,375.5,Completed,6.47
925,4,Coordinator,213.9,Completed,8.35
926,10,Coordinator,226.2,Completed,7.36
926,15,Developer,302.4,Completed,6.57
926,9,QA,279.9,Completed,9.81
927,6,Manager,239.8,Completed,7.35
927,12,Lead,50.5,Completed,8.67
928,15,Coordinator,142.5,Delayed,5.76
928,1,Coordinator,42.4,In Progress,6.2
928,14,QA,356.5,Completed,8.43
929,1,Manager,281.2,In Progress,7.79
929,10,Manager,166.2,In Progress,7.2
929,12,QA,159.7,Delayed,6.92
930,14,Manager,312.3,In Progress,9.73
930,2,Analyst,381.8,In Progress,5.15
931,15,Manager,268.5,Delayed,8.84
931,9,Designer,381.4,Delayed,9.52
931,6,QA,333.3,Completed,9.07
932,7,Developer,397.3,In Progress,7.3
932,2,QA,382.4,Delayed,6.18
933,3,QA,111.9,Delayed,9.07
933,2,Lead,158.3,In Progress,5.52
934,6,Designer,202.0,In Progress,6.55
934,8,Analyst,79.4,Completed,7.48
935,3,Lead,120.4,Delayed,9.01
936,2,QA,238.9,Delayed,6.98
937,9,Analyst,232.5,Completed,5.68
937,5,Analyst,368.9,Completed,5.33
938,4,Lead,102.4,Delayed,6.11
938,13,Coordinator,323.3,In Progress,7.59
938,11,Designer,171.6,In Progress,8.55
939,7,Analyst,232.6,Delayed,8.88
940,13,Designer,230.5,In Progress,6.69
941,6,Lead,287.2,Completed,5.01
941,11,Lead,51.2,Delayed,7.85
942,6,Designer,191.5,Completed,7.88
943,9,Manager,334.9,Completed,9.22
943,11,Manager,356.7,Completed,7.98
944,11,Developer,169.8,In Progress,7.61
944,12,Coordinator,58.6,In Progress,5.8
945,11,QA,221.8,Completed,5.09
945,6,QA,200.2,Completed,7.02
946,13,Designer,85.3,Completed,8.15
947,7,Lead,47.9,Completed,8.38
947,14,Coordinator,320.7,Delayed,9.53
947,4,Designer,362.5,Completed,5.95
948,11,Analyst,162.8,Delayed,6.33
949,8,Lead,324.9,Completed,5.03
949,12,Analyst,344.9,In Progress,8.62
950,14,Lead,134.4,Completed,5.49
950,15,Lead,380.4,In Progress,6.82
951,8,Developer,45.1,Delayed,8.61
951,10,Manager,97.7,Delayed,5.8
951,6,QA,256.9,Completed,6.38
952,12,QA,294.3,Delayed,7.25
952,9,Designer,145.4,Delayed,8.73
953,15,Designer,141.1,Completed,9.05
954,2,QA,76.9,In Progress,8.19
954,14,Coordinator,63.8,Completed,6.11
954,10,QA,216.6,Delayed,9.16
955,9,Manager,366.4,Completed,6.93
956,7,Manager,174.6,Delayed,9.93
957,7,Coordinator,186.5,Completed,7.25
957,12,Designer,202.1,In Progress,9.21
958,5,Analyst,249.5,In Progress,8.87
959,8,QA,133.7,In Progress,8.15
959,3,Lead,320.7,Completed,6.77
959,14,Coordinator,183.7,Delayed,9.92
960,4,Manager,384.7,In Progress,6.05
961,12,Analyst,165.2,Completed,5.37
961,9,Lead,176.4,Completed,8.62
962,2,Manager,186.3,Delayed,6.97
962,11,Lead,87.3,Delayed,9.2
962,8,Manager,143.5,Completed,6.82
963,3,Designer,313.6,In Progress,5.75
963,14,Manager,224.5,In Progress,5.45
964,13,Lead,60.6,In Progress,6.79
965,1,Analyst,90.5,In Progress,9.38
965,11,Coordinator,84.7,Completed,5.84
966,15,Analyst,75.3,Completed,8.56
966,1,Manager,126.8,In Progress,7.08
967,12,Developer,144.0,In Progress,8.76
968,9,QA,166.3,Completed,5.58
968,10,Manager,90.8,Delayed,8.66
968,7,Lead,253.0,In Progress,7.38
969,13,Lead,178.0,Completed,8.29
969,10,Manager,196.7,In Progress,9.73
970,14,Analyst,356.0,In Progress,9.31
971,11,Developer,138.6,In Progress,6.95
971,9,Developer,187.9,Completed,6.5
971,1,Designer,138.2,Completed,8.43
972,10,Manager,162.0,Delayed,8.81
972,1,Designer,223.9,Completed,9.6
973,1,Analyst,373.7,Completed,8.08
973,3,Manager,122.5,Completed,9.29
974,12,Designer,142.8,Completed,8.9
975,9,Designer,386.8,Delayed,6.75
976,2,QA,156.2,In Progress,6.56
976,5,Lead,118.8,In Progress,6.18
977,7,Developer,231.3,Delayed,7.92
977,8,Manager,213.7,Completed,9.74
977,11,Manager,335.6,Completed,8.06
978,8,Analyst,196.7,In Progress,6.5
978,13,Manager,360.2,Completed,6.53
979,2,Developer,317.7,In Progress,6.18
979,8,Lead,133.7,Delayed,9.6
979,14,Analyst,103.1,Completed,8.46
980,15,Coordinator,180.1,Delayed,5.16
981,2,Coordinator,269.5,Completed,6.95
981,12,Coordinator,303.7,In Progress,6.34
981,6,Manager,371.4,Completed,9.33
982,6,Analyst,387.2,In Progress,8.1
982,4,Lead,80.4,Delayed,6.82
982,11,Manager,353.4,In Progress,6.84
983,12,Analyst,163.6,Delayed,5.32
983,6,Developer,226.2,Completed,7.22
983,8,QA,382.2,Delayed,9.25
984,15,Manager,313.2,Delayed,5.95
985,13,Manager,339.8,Completed,7.77
985,4,Developer,189.7,In Progress,8.76
986,3,Developer,55.7,Completed,6.2
986,4,Developer,66.1,Delayed,8.38
987,12,Analyst,70.2,In Progress,6.96
987,14,Manager,130.5,Completed,9.85
988,9,Coordinator,131.1,In Progress,5.79
988,6,Lead,318.6,Completed,7.91
989,15,QA,82.1,Completed,6.04
989,8,Manager,249.4,Completed,7.39
990,6,Lead,150.7,Completed,6.27
990,13,QA,54.1,Completed,7.01
990,5,Designer,180.6,In Progress,5.56
991,3,Lead,370.3,In Progress,7.64
991,14,Designer,140.2,Completed,9.13
991,13,Analyst,60.7,In Progress,9.14
992,14,Manager,300.3,In Progress,9.46
992,9,Lead,87.6,In Progress,5.35
992,10,Coordinator,125.7,Completed,5.69
993,3,Manager,53.5,Delayed,7.91
993,15,Designer,224.0,Completed,6.5
993,1,Analyst,384.5,In Progress,9.61
994,10,Coordinator,203.3,Completed,5.22
994,11,Coordinator,78.8,Completed,7.27
994,9,QA,197.8,Completed,7.69
995,1,Analyst,153.8,Delayed,8.24
995,14,Designer,338.7,In Progress,5.03
996,8,Coordinator,55.9,In Progress,6.61
997,9,Analyst,92.0,Delayed,5.1
997,6,Manager,138.9,Delayed,7.19
997,15,QA,263.3,In Progress,6.95
998,10,Coordinator,46.2,Delayed,6.79
998,6,Coordinator,171.4,Delayed,6.94
999,9,Manager,225.5,Delayed,6.96
999,3,Manager,319.4,Completed,5.23
999,6,Developer,234.7,Delayed,8.64
1000,3,Lead,43.1,Delayed,7.5
1001,1,Lead,48.3,Completed,5.5
1001,14,QA,319.2,In Progress,9.6
1001,9,Lead,234.7,In Progress,5.65
1002,1,QA,247.2,Delayed,6.36
1002,5,Analyst,393.3,Completed,5.69
1002,2,Developer,169.4,In Progress,7.11
1003,12,Designer,257.1,Delayed,5.78
1004,1,Developer,153.6,Delayed,8.58
1004,11,QA,98.9,Delayed,6.61
1004,3,Coordinator,393.8,Delayed,8.63
1005,7,Analyst,341.2,Delayed,9.35
1006,5,Designer,130.0,In Progress,9.96
1006,12,Developer,373.1,Completed,6.02
1007,10,Lead,112.5,In Progress,9.19
1008,3,Lead,357.6,In Progress,6.41
1009,11,Developer,303.4,Delayed,5.56
1009,9,Designer,362.6,In Progress,5.78
1009,7,Analyst,393.5,In Progress,5.3
1010,7,Developer,154.9,Completed,8.43
1011,14,QA,42.1,Delayed,9.72
1011,6,Analyst,318.9,Completed,6.52
1012,14,Coordinator,295.8,Delayed,5.37
1012,7,QA,83.0,In Progress,6.8
1012,1,Lead,48.4,Completed,7.99
1013,9,QA,121.4,Completed,9.9
1013,4,QA,200.1,In Progress,6.91
1014,11,Designer,363.1,In Progress,8.79
1014,5,QA,357.7,Delayed,5.12
1014,9,Manager,40.1,Delayed,8.65
1015,1,Manager,328.5,In Progress,8.46
1015,14,Coordinator,89.8,Delayed,8.02
1015,6,Designer,160.1,In Progress,9.43
1016,10,Lead,192.0,Completed,9.86
1017,14,Analyst,61.8,In Progress,6.46
1017,11,Analyst,334.9,Delayed,5.49
1018,14,Lead,41.1,In Progress,5.35
1018,8,QA,103.8,In Progress,9.22
1019,1,Lead,340.9,Completed,5.49
1019,11,QA,148.3,Completed,5.07
1019,13,QA,130.9,In Progress,7.32
1020,1,QA,111.1,Completed,6.2
1020,2,Designer,185.0,In Progress,8.28
1021,5,QA,334.0,Delayed,7.66
1021,1,Developer,201.1,Completed,7.19
1022,5,QA,145.1,In Progress,5.66
1022,1,Designer,189.8,Completed,8.35
1022,14,Developer,315.0,In Progress,6.11
1023,13,Coordinator,306.6,In Progress,9.39
1023,3,Developer,255.8,Completed,6.03
1023,14,Manager,96.7,In Progress,7.56
1024,8,Analyst,359.5,Completed,5.4
1025,12,Analyst,100.4,Completed,8.59
1026,10,Developer,135.8,Delayed,6.36
1026,15,Manager,293.3,Delayed,9.27
1027,1,Coordinator,387.1,Delayed,7.5
1027,14,Lead,184.5,Completed,9.89
1028,13,Developer,134.9,Delayed,7.9
1029,10,Coordinator,263.9,In Progress,5.33
1030,1,Analyst,210.5,Completed,9.88
1030,11,Designer,309.3,Delayed,7.16
1031,10,Designer,293.5,In Progress,6.5
1031,11,Designer,119.6,Delayed,8.51
1031,1,Lead,389.5,Completed,8.37
1032,9,Developer,109.0,Completed,9.66
1032,11,Developer,45.6,Delayed,6.89
1033,7,Developer,386.0,Completed,9.63
1033,10,Analyst,252.1,In Progress,8.67
1034,8,Lead,293.6,In Progress,7.83
1034,9,Designer,305.7,Completed,6.83
1035,12,Developer,247.1,Delayed,5.6
1035,5,Analyst,321.8,Delayed,5.82
1036,9,Manager,292.8,Completed,6.75
1037,7,Developer,64.8,In Progress,9.49
1037,9,Developer,141.4,Delayed,7.67
1037,4,QA,385.6,Completed,7.61
1038,11,Coordinator,112.5,Completed,5.32
1039,14,Lead,158.9,Completed,8.99
1039,4,Developer,206.8,Delayed,8.46
1040,15,Analyst,64.0,Completed,9.29
1040,12,Lead,344.5,In Progress,5.74
1041,8,Designer,159.6,Completed,6.61
1041,3,Lead,288.6,Delayed,5.95
1042,6,Designer,350.9,Delayed,5.31
1042,9,QA,135.7,Completed,7.76
1042,13,Manager,158.5,Delayed,6.34
1043,12,Manager,184.0,Delayed,7.05
1043,4,Developer,371.4,Delayed,5.93
1044,14,Analyst,61.8,In Progress,5.05
1045,3,Developer,270.5,In Progress,6.89
1046,15,Designer,51.5,In Progress,9.98
1047,3,Designer,277.6,In Progress,9.83
1048,3,Lead,333.8,Completed,7.81
1048,4,Lead,40.5,Completed,8.25
1049,9,QA,96.6,In Progress,8.55
1049,12,Analyst,48.4,In Progress,7.59
1050,6,Analyst,327.6,Delayed,5.4
1050,4,Analyst,386.3,Completed,8.99
1051,4,Lead,171.2,In Progress,5.15
1052,2,Developer,234.8,Delayed,7.96
1052,12,Manager,204.0,In Progress,5.23
1053,14,Designer,267.4,Completed,6.86
1053,7,QA,56.8,Completed,7.13
1054,14,Developer,56.0,Delayed,7.32
1055,7,Manager,255.8,Delayed,8.81
1055,4,Lead,213.7,Delayed,9.45
1056,2,Designer,141.6,Delayed,7.19
1056,6,Lead,142.1,Delayed,7.46
1057,8,Analyst,196.3,Completed,7.01
1058,11,QA,207.8,In Progress,9.96
1059,9,Manager,265.3,In Progress,8.57
1059,7,Coordinator,300.7,Delayed,6.38
1059,1,Lead,250.2,In Progress,8.81
1060,3,Developer,194.2,In Progress,9.19
1060,15,Coordinator,334.2,Delayed,9.97
1061,6,Lead,87.7,Delayed,9.02
1061,9,QA,203.0,Completed,6.79
1062,2,Developer,227.2,Completed,7.34
1062,11,Developer,195.0,Delayed,7.55
1063,15,Coordinator,145.9,In Progress,5.32
1063,2,Lead,111.3,Completed,9.44
1064,15,Coordinator,123.0,Delayed,9.18
1065,6,Coordinator,388.4,Completed,6.86
1065,13,Manager,121.7,Delayed,6.38
1065,9,Coordinator,197.8,Delayed,7.48
1066,14,Lead,331.3,In Progress,7.1
1067,6,Designer,320.8,Completed,9.21
1067,14,Coordinator,200.4,In Progress,7.64
1068,9,Analyst,215.0,Completed,6.54
1068,4,Designer,308.9,In Progress,7.93
1068,15,Analyst,341.5,Delayed,6.2
1069,1,QA,78.2,Completed,8.75
1070,11,Lead,259.6,Delayed,5.58
1071,8,Analyst,387.3,Delayed,6.56
1072,7,QA,263.0,Delayed,5.99
1072,14,Developer,218.3,In Progress,9.08
1073,8,Designer,214.2,Completed,8.18
1073,9,QA,125.1,In Progress,6.73
1074,3,Manager,80.9,In Progress,5.69
1074,6,Coordinator,92.0,In Progress,6.29
1074,9,Coordinator,260.2,In Progress,9.67
1075,8,Analyst,332.8,Completed,8.08
1075,12,Developer,310.6,In Progress,8.28
1076,7,Coordinator,92.1,In Progress,8.91
1076,15,Analyst,150.9,In Progress,8.86
1076,12,QA,233.9,Delayed,5.87
1077,7,Analyst,149.1,In Progress,9.17
1078,11,Developer,328.8,In Progress,6.66
1079,14,Designer,396.8,Delayed,6.15
1079,15,Manager,132.6,Completed,9.71
1079,13,Developer,128.3,In Progress,6.75
1080,2,Analyst,164.2,In Progress,7.13
1080,6,Designer,198.8,Completed,6.78
1081,12,QA,223.3,In Progress,5.15
1081,10,Developer,331.3,Completed,6.21
1082,15,Designer,107.4,In Progress,5.31
1082,6,Coordinator,390.6,Completed,6.59
1082,14,Lead,130.2,Completed,9.97
1083,2,QA,83.0,Completed,6.21
1084,3,QA,370.6,Completed,8.63
1084,2,Lead,133.8,Completed,8.52
1084,5,Developer,309.2,Completed,6.01
1085,9,Manager,255.9,Delayed,6.07
1085,1,Analyst,314.3,Delayed,8.21
1086,10,Designer,120.4,Delayed,7.6
1087,8,Coordinator,236.7,Completed,6.72
1087,9,Lead,266.2,Completed,8.84
1088,8,Developer,91.5,Delayed,9.38
1089,12,Designer,227.2,Completed,9.59
1090,11,Coordinator,183.8,Delayed,9.57
1091,5,QA,187.0,Completed,7.68
1091,8,Manager,116.3,Completed,8.36
1091,7,Analyst,59.2,Completed,5.08
1092,13,Lead,67.8,Delayed,5.45
1092,11,Manager,286.3,Delayed,9.11
1093,3,Lead,122.2,Delayed,9.15
1093,1,Coordinator,142.9,In Progress,5.78
1094,10,Developer,113.8,Delayed,5.1
1095,13,Manager,193.3,Completed,9.0
1095,9,Lead,132.3,Delayed,8.76
1095,4,Coordinator,393.4,Delayed,6.2
1096,8,Analyst,236.7,Completed,8.31
1096,6,Developer,163.2,Completed,9.84
1096,15,Lead,343.8,In Progress,5.65
1097,6,Manager,119.4,Delayed,8.9
1098,5,Developer,62.2,Completed,7.99
1098,13,Analyst,96.1,Delayed,8.61
1099,14,Analyst,177.6,Delayed,5.54
1099,6,QA,117.5,In Progress,5.87
1099,3,Developer,275.9,In Progress,8.26
1100,11,Developer,354.0,In Progress,5.51
1100,13,Lead,381.1,In Progress,9.64
1100,14,Designer,87.8,Completed,6.17
1101,5,Analyst,281.4,In Progress,9.35
1101,7,Coordinator,43.2,Delayed,9.59
1101,3,Developer,242.5,Delayed,5.33
1102,1,Coordinator,210.6,Completed,6.1
1102,8,Manager,125.3,In Progress,9.38
1103,5,Analyst,238.2,In Progress,6.89
1103,10,Lead,240.3,Delayed,8.19
1104,9,Lead,299.2,In Progress,9.19
1105,1,Analyst,192.9,Delayed,8.54
1105,5,Lead,48.9,Completed,7.53
1105,10,Analyst,274.0,In Progress,7.21
1106,9,Coordinator,281.9,Completed,9.24
1106,11,Developer,59.8,Delayed,5.54
1107,11,QA,269.3,Completed,9.06
1108,9,Developer,233.1,In Progress,7.51
1108,10,Manager,199.1,Completed,7.74
1109,5,Manager,114.8,Delayed,8.71
1109,9,Lead,343.2,In Progress,7.34
1110,7,Analyst,186.1,Delayed,7.15
1110,15,Designer,239.9,Delayed,6.19
1111,10,QA,296.8,Delayed,8.44
1111,9,Coordinator,395.4,In Progress,6.04
1111,3,Developer,150.4,In Progress,5.93
1112,7,Analyst,272.7,Completed,5.69
1112,2,Coordinator,236.8,In Progress,6.11
1112,3,Lead,151.3,Delayed,7.77
1113,10,Manager,107.4,Completed,8.34
1113,2,Manager,68.7,Delayed,5.14
1114,2,Developer,127.5,In Progress,9.47
1114,3,Coordinator,248.0,Delayed,10.0
1115,2,Designer,371.4,Delayed,5.32
1115,9,Manager,296.7,Completed,6.27
1115,6,Developer,237.0,Completed,5.8
1116,13,Developer,345.9,In Progress,7.93
1116,5,QA,68.9,Completed,9.54
1116,4,Coordinator,108.4,In Progress,8.97
1117,1,Designer,346.2,Delayed,9.62
1117,2,QA,57.2,In Progress,9.89
1118,15,Designer,361.6,In Progress,6.67
1118,10,Developer,327.3,Completed,8.02
1118,3,Analyst,241.6,Completed,5.71
1119,5,Coordinator,82.5,Delayed,9.2
1119,15,Designer,323.3,Completed,7.26
1119,14,Lead,81.5,Delayed,8.53
1120,6,Coordinator,268.3,Completed,6.22
1121,4,Analyst,85.1,Delayed,5.97
1122,12,Lead,187.7,Delayed,5.4
1122,2,QA,240.1,Delayed,8.34
1122,15,QA,118.9,In Progress,8.3
1123,1,Lead,142.1,In Progress,5.2
1123,6,Lead,395.5,Completed,7.67
1124,8,Lead,310.3,Completed,9.86
1124,4,Manager,47.6,Completed,8.56
1125,10,Analyst,63.0,In Progress,5.44
1126,5,Manager,355.7,Completed,6.93
1127,14,Designer,325.1,In Progress,9.79
1127,12,QA,144.4,Completed,9.04
1128,13,Coordinator,182.2,In Progress,6.45
1128,14,Designer,273.8,In Progress,7.11
1129,10,Coordinator,331.9,In Progress,5.73
1130,10,Lead,64.7,In Progress,7.46
1130,6,Coordinator,72.2,Completed,5.37
1131,14,Developer,232.1,Completed,7.44
1131,15,Manager,335.5,Delayed,9.04
1131,6,Coordinator,384.3,In Progress,9.16
1132,11,Manager,344.4,Completed,8.22
1132,14,Manager,338.8,Delayed,8.33
1132,5,Designer,56.8,Completed,5.17
1133,15,QA,57.1,Delayed,7.25
1133,2,Coordinator,292.0,Completed,9.24
1134,15,QA,241.2,In Progress,7.7
1135,9,Manager,330.3,In Progress,9.61
1135,15,Analyst,167.4,In Progress,6.56
1136,2,Analyst,154.1,Delayed,7.81
1137,9,Designer,74.6,In Progress,6.91
1137,14,QA,285.1,Completed,6.19
1137,8,Manager,109.7,Completed,6.21
1138,4,QA,337.7,Completed,6.89
1138,11,Coordinator,368.3,Delayed,5.75
1139,2,Designer,292.9,In Progress,8.81
1139,3,Coordinator,336.9,In Progress,9.87
1139,12,Analyst,278.2,Completed,9.29
1140,15,Manager,371.9,In Progress,7.41
1140,3,Manager,130.4,Delayed,6.99
1140,2,QA,358.8,In Progress,6.96
1141,4,Coordinator,260.8,Delayed,7.5
1141,8,Developer,207.6,Completed,8.68
1142,13,Developer,217.3,Completed,7.33
1143,9,Designer,91.5,In Progress,8.86
1143,8,Analyst,366.8,In Progress,5.37
1144,6,Coordinator,93.3,Delayed,9.14
1145,2,Coordinator,131.7,In Progress,6.18
1145,10,QA,256.2,Delayed,8.28
1145,1,Manager,56.8,Delayed,8.31
1146,4,Manager,265.7,Completed,9.75
1146,5,Lead,200.4,Delayed,5.43
1147,4,Analyst,150.8,In Progress,8.97
1148,11,Designer,87.9,In Progress,8.62
1149,8,Developer,61.0,In Progress,6.6
1149,5,Lead,219.3,Completed,7.83
1149,6,Lead,364.3,Delayed,8.36
1150,11,QA,184.6,Completed,5.5
1150,10,Analyst,242.4,Completed,5.59
1150,8,QA,136.6,In Progress,6.28
1151,8,Developer,312.3,In Progress,6.43
1151,6,Lead,393.1,In Progress,8.03
1151,9,QA,270.7,Completed,6.85
1152,8,Analyst,123.0,Completed,8.04
1153,13,Lead,86.5,In Progress,7.25
1154,1,Lead,293.8,Delayed,7.62
1154,10,Manager,342.7,Delayed,5.39
1155,3,QA,351.6,In Progress,6.58
1155,6,Analyst,359.7,In Progress,8.21
1156,12,Analyst,382.5,Completed,8.62
1157,1,QA,392.3,Delayed,8.97
1158,5,Manager,269.9,Completed,9.0
1158,8,Coordinator,152.7,Delayed,6.61
1158,2,Developer,290.5,Delayed,5.22
1159,4,Lead,187.3,Completed,7.52
1159,12,QA,90.1,Delayed,9.25
1160,11,Developer,97.9,In Progress,8.61
1160,10,Lead,98.4,Delayed,7.99
1160,15,Coordinator,329.5,Delayed,8.67
1161,3,QA,318.5,In Progress,9.42
1161,7,Developer,297.9,Completed,6.19
1162,2,Designer,94.0,Delayed,9.81
1162,7,Coordinator,50.5,Completed,6.3
1162,13,Manager,162.7,Delayed,9.15
1163,13,Coordinator,54.5,Delayed,7.24
1164,15,QA,71.6,In Progress,9.67
1165,6,Designer,253.0,Delayed,7.37
1165,1,Manager,237.2,In Progress,8.56
1165,10,Developer,97.3,Completed,7.4
1166,7,Analyst,126.2,Delayed,9.3
1167,13,Designer,175.9,In Progress,9.13
1168,13,Analyst,234.7,Completed,5.04
1168,15,Manager,224.9,Delayed,7.67
1168,2,Analyst,79.5,In Progress,7.72
1169,1,Lead,253.4,Delayed,5.2
1169,3,QA,129.9,Delayed,8.66
1169,2,Lead,294.1,In Progress,5.55
1170,8,Coordinator,112.3,Delayed,8.42
1171,2,Lead,381.2,Delayed,9.25
1172,13,Analyst,94.0,Completed,9.86
1173,2,Lead,379.0,Completed,5.27
1173,8,Developer,56.4,Completed,5.77
1174,3,Designer,142.8,In Progress,6.22
1174,5,Designer,217.9,Delayed,8.11
1174,15,Analyst,313.2,Completed,5.72
1175,6,Manager,323.3,Delayed,9.87
1175,1,Manager,336.9,Completed,8.13
1176,15,Developer,70.7,Delayed,6.81
1176,5,Analyst,295.2,Delayed,5.02
1176,4,Analyst,370.1,Completed,6.05
1177,4,Lead,366.4,Delayed,9.7
1177,12,Developer,135.2,Completed,5.05
1178,15,Analyst,397.2,Completed,6.28
1178,7,Manager,310.9,In Progress,9.63
1178,14,Lead,193.5,In Progress,6.36
1179,6,Developer,375.0,Delayed,5.71
1180,14,Manager,116.8,Completed,8.34
1181,11,Lead,339.7,Delayed,6.23
1182,13,Developer,231.8,In Progress,8.86
1182,8,Designer,207.8,Completed,5.35
1183,13,Manager,218.1,Delayed,6.8
1183,6,Lead,370.6,Delayed,8.61
1183,7,Manager,176.7,Completed,6.16
1184,8,Developer,338.4,In Progress,6.93
1184,10,Designer,277.4,Delayed,5.78
1185,9,Developer,137.8,In Progress,8.39
1186,12,Manager,204.6,Completed,9.46
1187,4,Coordinator,119.3,In Progress,9.73
1187,10,Analyst,319.4,Completed,9.4
1187,2,Manager,101.6,Completed,9.01
1188,4,Developer,306.9,Completed,9.46
1188,12,Designer,154.1,In Progress,5.13
1188,9,Designer,376.6,In Progress,8.74
1189,5,Lead,62.6,In Progress,5.76
1189,8,Manager,336.6,Completed,7.71
1190,8,Developer,58.0,Delayed,6.84
1191,7,Designer,152.9,Delayed,8.29
1191,6,QA,72.2,In Progress,5.45
1192,1,Lead,253.2,Delayed,9.34
1192,3,Lead,313.4,Completed,7.87
1193,2,Lead,79.3,Delayed,7.29
1194,5,Coordinator,237.4,Delayed,8.9
1194,1,Designer,304.5,Delayed,9.16
1194,10,QA,229.8,Delayed,5.02
1195,5,Analyst,69.7,In Progress,7.35
1196,7,Coordinator,78.0,Completed,9.15
1197,10,Analyst,313.2,Completed,8.02
1198,3,Analyst,263.8,Delayed,5.94
1198,4,Lead,179.1,Delayed,7.55
1199,10,Lead,364.6,Completed,6.36
1199,11,Manager,214.4,Completed,9.53
1199,9,Analyst,177.8,Delayed,9.56
1200,7,Lead,265.4,Completed,6.69
1200,10,Manager,229.7,Delayed,7.55
1201,15,QA,271.6,In Progress,5.68
1201,12,Manager,55.8,Delayed,8.66
1202,14,Developer,43.5,Delayed,7.77
1202,6,Analyst,97.8,Completed,9.77
1202,13,Designer,396.6,In Progress,7.22
1203,5,Developer,347.6,Completed,8.19
1203,4,Designer,119.3,Completed,9.37
1203,8,Developer,104.6,In Progress,8.13
1204,5,Designer,83.1,Delayed,8.94
1205,11,Coordinator,211.5,Delayed,6.6
1206,14,Manager,319.3,Delayed,5.75
1206,12,Developer,330.8,Delayed,8.4
1206,10,Lead,211.3,Completed,8.44
1207,14,QA,349.6,In Progress,5.01
1208,5,Lead,137.1,In Progress,6.81
1209,7,Coordinator,79.0,In Progress,9.38
1209,2,Analyst,274.9,Delayed,9.85
1210,13,QA,42.9,Completed,9.71
1211,3,Developer,332.3,In Progress,5.73
1212,10,Manager,397.9,In Progress,5.84
1213,14,Manager,230.6,In Progress,5.97
1214,11,Developer,135.5,In Progress,5.69
1214,15,Analyst,233.0,In Progress,8.04
1215,3,Lead,354.1,In Progress,6.61
1215,6,QA,45.9,In Progress,8.91
1216,2,Manager,95.8,In Progress,6.06
1216,10,Coordinator,136.0,Delayed,5.03
1217,7,Developer,309.6,In Progress,8.08
1217,9,Manager,191.8,Delayed,9.14
1218,8,QA,218.7,Completed,6.09
1219,6,Analyst,291.6,In Progress,9.96
1220,13,Manager,155.6,Delayed,8.39
1220,12,QA,125.0,Delayed,6.78
1220,6,Developer,248.0,Completed,6.04
1221,4,Developer,331.4,Delayed,9.52
1222,12,Lead,219.7,In Progress,8.66
1222,10,QA,120.2,Completed,6.55
1222,8,Coordinator,248.0,In Progress,7.62
1223,3,Manager,332.0,In Progress,6.82
1223,11,Analyst,329.3,In Progress,8.04
1223,9,Designer,188.3,In Progress,7.28
1224,3,Coordinator,144.7,Delayed,5.65
1225,10,QA,143.9,Delayed,5.68
1226,4,Lead,333.1,In Progress,8.82
1226,12,Coordinator,351.5,In Progress,9.49
1226,1,Lead,207.8,Delayed,8.08
1227,9,Lead,188.6,In Progress,9.92
1227,5,QA,53.4,In Progress,7.62
1227,12,Designer,48.2,Delayed,7.11
1228,2,QA,124.0,Completed,6.47
1229,14,Manager,330.8,Completed,8.23
1230,11,Coordinator,102.0,Delayed,5.11
1231,5,Developer,333.0,Completed,7.7
1232,8,Developer,90.3,In Progress,9.26
1232,5,Lead,297.3,In Progress,8.64
1232,11,Designer,91.7,In Progress,9.07
1233,14,QA,83.9,Completed,6.98
1233,5,Coordinator,154.8,Delayed,5.06
1234,2,Designer,260.5,In Progress,5.81
1235,3,QA,196.7,In Progress,6.09
1236,8,Coordinator,394.2,In Progress,8.49
1237,10,Lead,366.9,Completed,7.78
1237,13,QA,234.4,Completed,8.91
1238,10,Manager,74.5,Delayed,9.79
1239,14,Designer,111.5,Delayed,5.75
1239,3,Analyst,335.9,In Progress,9.55
1240,2,Coordinator,282.8,In Progress,7.19
1240,1,Coordinator,152.8,Completed,5.16
1240,11,Developer,55.1,Completed,6.68
1241,1,Designer,377.9,In Progress,8.89
1241,4,Analyst,390.5,In Progress,8.62
1241,3,Designer,261.7,In Progress,6.5
1242,1,Developer,306.2,Delayed,9.32
1242,8,Manager,371.9,In Progress,7.64
1242,11,Manager,377.9,In Progress,5.39
1243,2,QA,249.6,Completed,9.08
1244,1,Designer,383.1,Completed,8.08
1244,14,Analyst,316.0,Delayed,5.78
1244,8,QA,57.9,Completed,7.47
1245,7,Designer,245.4,Completed,5.19
1246,2,Manager,292.8,Completed,9.82
1246,14,Manager,379.9,In Progress,6.6
1246,10,Designer,45.1,Completed,7.16
1247,2,Developer,377.2,In Progress,8.94
1247,3,Lead,364.7,Delayed,5.31
1248,10,Developer,266.7,Delayed,8.54
1248,11,Lead,365.1,In Progress,9.76
1248,12,QA,197.7,In Progress,8.87
1249,2,Coordinator,166.5,Completed,6.12
1249,14,Manager,50.9,Delayed,7.42
1249,13,Developer,60.8,In Progress,9.75
1250,14,QA,336.3,In Progress,5.44
1251,8,Manager,165.6,In Progress,9.96
1252,5,QA,268.5,Completed,8.58
1252,11,Lead,202.6,In Progress,7.15
1253,12,QA,270.7,In Progress,8.83
1254,12,Manager,50.1,Delayed,6.09
1254,6,Lead,70.1,Completed,6.7
1254,4,QA,390.3,Completed,6.06
1255,15,QA,66.3,In Progress,8.38
1255,4,Lead,218.1,Completed,9.25
1256,11,Coordinator,307.4,In Progress,5.67
1256,3,Designer,213.8,Completed,7.7
1257,6,Designer,181.3,Completed,6.97
1257,7,QA,364.6,In Progress,8.65
1258,10,Analyst,330.7,In Progress,8.8
1258,3,Coordinator,381.5,In Progress,9.57
1259,14,Manager,340.7,Delayed,7.56
1259,4,Manager,238.9,Completed,8.32
1260,3,Manager,221.8,In Progress,5.74
1260,5,Analyst,132.0,Delayed,6.85
1261,4,Analyst,171.9,Completed,6.43
1261,1,Developer,293.8,In Progress,9.79
1262,2,Lead,260.8,Delayed,6.03
1262,15,Lead,251.3,Completed,7.72
1262,4,Analyst,270.5,Delayed,6.96
1263,5,Lead,55.1,In Progress,6.09
1263,6,QA,42.6,Delayed,9.08
1263,4,Designer,93.2,Delayed,9.92
1264,12,Manager,98.4,Delayed,5.0
1264,5,Coordinator,146.1,In Progress,8.35
1265,14,Coordinator,215.4,Delayed,6.29
1265,3,Developer,379.5,In Progress,6.56
1265,2,Developer,92.4,Delayed,7.61
1266,2,Analyst,56.6,Completed,5.19
1267,8,Lead,104.2,In Progress,5.07
1268,15,Manager,284.0,Completed,6.38
1268,2,Coordinator,40.0,Delayed,5.49
1268,5,Lead,391.1,Completed,9.0
1269,10,Manager,186.7,Delayed,7.17
1269,15,Coordinator,81.0,In Progress,9.58
1270,12,Analyst,347.8,In Progress,8.42
1270,6,QA,159.9,Completed,6.57
1271,13,Coordinator,396.3,In Progress,5.83
1272,8,Lead,311.4,In Progress,7.78
1273,5,Lead,369.3,Delayed,6.1
1273,1,Designer,114.7,Completed,5.32
1274,5,Lead,299.2,Completed,6.92
1275,12,QA,155.2,Delayed,9.33
1276,12,Manager,135.0,Delayed,5.36
1276,4,Developer,286.3,In Progress,8.85
1277,2,Designer,44.7,Completed,8.05
1277,13,Developer,60.2,Delayed,7.81
1278,11,Designer,93.3,In Progress,6.88
1278,4,Lead,126.7,In Progress,6.71
1279,1,Analyst,226.7,Completed,6.49
1280,14,Developer,125.0,Delayed,6.26
1281,14,Analyst,106.3,In Progress,8.29
1281,3,Manager,380.3,Delayed,8.47
1281,4,Coordinator,98.0,Completed,5.59
1282,11,Coordinator,41.4,Delayed,7.7
1282,9,Coordinator,94.4,Completed,7.68
1283,11,Developer,80.6,Delayed,9.4
1283,14,Designer,290.0,Delayed,9.22
1283,7,Manager,51.5,Delayed,8.86
1284,15,Manager,395.2,In Progress,7.37
1284,5,Coordinator,324.2,Delayed,9.33
1284,14,QA,273.9,Completed,9.99
1285,10,Designer,125.7,Completed,8.42
1285,5,Lead,120.1,In Progress,7.76
1285,6,Developer,51.1,Completed,9.0
1286,3,Designer,97.0,Delayed,6.95
1286,1,Coordinator,332.4,Completed,9.39
1287,7,Lead,232.2,In Progress,8.03
1287,2,QA,87.2,Completed,7.27
1287,8,QA,254.6,Completed,6.81
1288,2,Analyst,315.6,In Progress,6.46
1288,8,Manager,133.4,Delayed,8.87
1289,13,Analyst,315.9,Delayed,8.89
1289,9,Developer,278.1,Delayed,9.95
1289,1,Manager,211.6,Completed,8.55
1290,5,Lead,392.6,Completed,9.81
1290,1,Lead,131.9,In Progress,9.75
1290,12,QA,283.6,In Progress,6.63
1291,5,Lead,251.1,In Progress,6.12
1291,12,QA,178.3,Completed,9.24
1292,6,QA,165.7,In Progress,9.37
1292,7,Analyst,136.4,Completed,9.8
1292,11,Developer,304.3,Delayed,8.7
1293,9,Manager,129.6,In Progress,9.92
1293,14,Lead,50.0,Completed,6.55
1293,10,Lead,343.9,In Progress,5.59
1294,12,Designer,124.0,Completed,7.97
1294,6,Analyst,52.7,In Progress,6.38
1294,14,Manager,338.2,Delayed,8.23
1295,11,Developer,227.8,Delayed,9.25
1295,3,Manager,177.6,Completed,6.1
1295,9,Manager,69.7,In Progress,9.52
1296,4,QA,213.3,Completed,5.05
1297,2,Lead,203.2,In Progress,8.93
1297,12,Developer,342.1,Completed,5.98
1297,11,Coordinator,221.0,In Progress,6.2
1298,14,Designer,192.1,Delayed,9.2
1299,9,Lead,393.4,Completed,5.22
1299,1,Designer,181.7,Completed,8.99
1299,10,Developer,121.2,Delayed,6.56
1300,8,Designer,328.1,Delayed,5.38
1300,14,Developer,238.4,In Progress,9.09
1300,1,Designer,138.2,In Progress,9.58
1301,7,Lead,399.2,Completed,8.13
1301,11,Manager,364.5,Delayed,8.79
1301,8,Lead,275.7,Delayed,8.89
1302,7,Coordinator,314.9,In Progress,9.92
1302,4,Analyst,152.0,Delayed,9.87
1302,2,Analyst,280.5,Completed,9.44
1303,8,Manager,220.7,Completed,7.71
1303,4,QA,43.5,In Progress,8.08
1303,11,Lead,326.0,Delayed,5.95
1304,7,Manager,79.1,Completed,8.51
1304,1,QA,189.7,In Progress,9.42
1305,5,Lead,61.9,Completed,9.5
1305,4,Manager,288.5,Completed,8.54
1306,14,Designer,283.3,In Progress,7.63
1306,7,QA,190.0,Completed,8.17
1306,5,Analyst,309.1,Completed,6.54
1307,13,Analyst,330.2,Delayed,9.66
1307,3,Coordinator,80.0,Completed,8.8
1307,7,Analyst,330.2,Delayed,5.08
1308,14,Lead,141.3,In Progress,5.67
1308,8,Designer,296.5,In Progress,7.15
1309,15,Coordinator,239.1,Delayed,7.06
1309,6,Coordinator,254.1,Delayed,5.62
1310,14,Analyst,137.9,Completed,5.51
1310,4,Coordinator,260.2,In Progress,8.93
1310,5,Manager,199.1,Completed,9.21
1311,4,Manager,125.5,Completed,7.56
1312,2,Manager,372.0,Completed,9.62
1312,7,Analyst,328.3,Completed,9.85
1313,1,Lead,212.1,Delayed,5.61
1313,5,QA,305.4,In Progress,7.28
1313,11,QA,249.3,Delayed,6.0
1314,2,Developer,382.7,Completed,7.65
1315,6,Developer,71.2,Completed,6.32
1315,15,QA,354.4,Delayed,7.86
1315,10,Developer,191.2,Delayed,9.75
1316,6,Designer,86.5,Completed,8.31
1316,1,Lead,77.0,In Progress,7.2
1316,2,Lead,202.8,Delayed,6.38
1317,6,Manager,165.7,Completed,8.12
1317,7,Designer,149.2,Delayed,8.41
1317,15,Lead,136.5,In Progress,7.86
1318,2,Developer,126.9,Completed,9.39
1319,8,Analyst,148.7,Completed,8.27
1319,12,Coordinator,286.8,Delayed,5.52
1320,8,Analyst,343.1,Completed,5.96
1321,10,Coordinator,205.2,Completed,9.78
1321,2,Developer,139.6,Completed,6.03
1321,14,Developer,231.7,Delayed,7.85
1322,14,Coordinator,221.8,Completed,9.53
1323,12,Coordinator,239.8,In Progress,9.63
1323,7,Developer,220.8,In Progress,6.97
1323,14,Coordinator,160.9,Delayed,8.17
1324,13,QA,44.6,Completed,5.32
1324,7,Designer,213.2,In Progress,6.21
1324,5,Developer,392.7,Delayed,8.79
1325,1,Designer,110.2,Delayed,6.01
1326,6,Manager,155.1,Completed,9.81
1326,8,Manager,210.6,In Progress,6.82
1326,14,Designer,167.5,Completed,5.99
1327,11,Developer,41.9,Completed,5.38
1327,12,QA,242.5,Completed,5.69
1328,4,Lead,253.8,Completed,8.56
1328,14,Analyst,266.7,Delayed,5.11
1329,14,Analyst,159.8,In Progress,5.82
1329,5,Coordinator,137.2,Completed,9.63
1330,11,Lead,330.9,Delayed,7.4
1330,8,Designer,148.9,Delayed,8.68
1330,7,QA,69.1,In Progress,5.17
1331,7,Developer,365.2,In Progress,7.29
1331,12,QA,169.7,In Progress,6.69
1332,6,Developer,164.3,Completed,6.23
1332,4,Manager,335.7,Completed,8.33
1333,13,Manager,171.7,In Progress,6.61
1333,7,Developer,192.3,Delayed,6.19
1333,1,Lead,272.9,Completed,6.24
1334,14,Analyst,86.6,In Progress,6.48
1334,3,Developer,228.1,In Progress,9.27
1335,9,Coordinator,154.6,In Progress,8.0
1336,6,Designer,66.2,In Progress,9.37
1336,12,Lead,146.0,Delayed,6.16
1336,13,QA,355.7,Completed,5.9
1337,10,Developer,133.8,In Progress,9.8
1337,6,Designer,311.7,Delayed,6.56
1338,7,Manager,139.1,Completed,7.36
1339,15,Coordinator,186.7,Delayed,5.98
1339,10,Manager,231.1,Completed,5.06
1339,13,Analyst,197.4,Delayed,9.79
1340,10,Manager,306.2,In Progress,6.3
1341,1,Developer,238.7,Completed,5.94
1341,5,Manager,41.6,Completed,7.3
1342,8,Lead,185.2,Completed,5.54
1343,4,Designer,399.8,Completed,6.15
1344,6,Analyst,322.6,Delayed,7.85
1345,9,Coordinator,52.5,Delayed,6.91
1345,1,Developer,215.7,Delayed,9.47
1346,5,Designer,375.6,In Progress,7.56
1347,2,Analyst,276.6,Delayed,8.82
1347,12,Coordinator,295.4,Completed,9.16
1347,5,Developer,180.3,In Progress,8.39
1348,8,Developer,291.1,Delayed,6.33
1348,2,Developer,85.6,Completed,5.59
1349,6,Coordinator,203.1,Delayed,7.46
1349,8,Coordinator,104.4,Completed,6.77
1350,10,Manager,217.8,In Progress,5.92
1350,14,Manager,268.1,Delayed,9.03
1350,13,Lead,124.8,Completed,8.28
1351,11,Manager,287.7,Completed,8.87
1351,8,Lead,192.5,Completed,6.08
1352,15,Manager,373.5,Completed,8.5
1352,7,Coordinator,68.4,Completed,5.97
1353,1,Developer,391.9,Delayed,5.26
1353,11,Developer,343.7,Delayed,5.12
1354,13,QA,388.9,Completed,7.04
1355,11,Developer,240.9,Completed,7.96
1356,7,QA,374.4,Delayed,8.41
1357,5,Analyst,221.4,Delayed,5.66
1357,7,Developer,174.1,Delayed,6.15
1357,4,Lead,232.6,Completed,6.12
1358,13,Coordinator,226.1,In Progress,8.25
1358,12,QA,211.1,In Progress,6.85
1358,7,Analyst,392.0,Delayed,7.51
1359,12,QA,202.1,Delayed,9.59
1359,4,Analyst,339.7,Completed,8.18
1359,9,Coordinator,175.4,In Progress,5.54
1360,12,Manager,293.4,Delayed,5.73
1360,9,Lead,202.9,Delayed,9.34
1360,7,Analyst,109.4,Delayed,6.3
1361,2,Developer,349.6,Delayed,9.57
1361,11,Manager,185.9,Delayed,5.13
1362,6,QA,54.3,Completed,8.02
1363,1,Developer,241.5,Delayed,8.62
1364,6,Designer,171.7,In Progress,6.55
1364,8,Lead,42.7,In Progress,8.7
1365,12,Developer,78.0,Delayed,9.92
1365,8,Developer,152.4,In Progress,5.38
1366,12,QA,71.5,Delayed,8.57
1366,3,QA,210.3,Completed,9.36
1367,8,Manager,172.6,In Progress,7.53
1367,6,Manager,234.1,In Progress,9.02
1367,12,QA,370.7,Completed,8.21
1368,6,Designer,359.5,In Progress,5.95
1369,4,Lead,76.3,Completed,5.51
1369,11,Analyst,353.6,Delayed,6.84
1370,12,Analyst,297.5,Completed,6.8
1370,9,Manager,212.0,Delayed,7.12
1371,4,Designer,165.9,Delayed,7.48
1372,1,Developer,234.9,Completed,8.52
1372,7,Lead,366.0,Completed,6.57
1373,2,Designer,391.9,Completed,6.25
1373,4,QA,170.4,Delayed,8.16
1373,7,Coordinator,351.1,Delayed,9.83
1374,3,Coordinator,343.5,Completed,7.63
1374,8,Coordinator,307.4,Completed,8.88
1374,6,QA,315.0,In Progress,7.14
1375,6,Designer,203.7,Completed,8.89
1375,12,Manager,209.1,Delayed,8.43
1375,15,Designer,287.8,Delayed,6.46
1376,14,Coordinator,377.3,Delayed,9.57
1377,8,Developer,303.8,Delayed,5.57
1377,13,Lead,378.8,Completed,6.33
1378,2,Designer,270.0,Completed,6.94
1378,8,Analyst,237.9,Delayed,9.61
1379,4,Coordinator,397.6,In Progress,5.14
1379,6,Analyst,257.6,Completed,5.27
1380,11,Manager,71.2,In Progress,6.19
1380,3,Analyst,387.4,Delayed,7.38
1380,15,Designer,350.4,In Progress,9.56
1381,15,Lead,194.3,Completed,9.18
1381,4,Developer,231.9,Completed,8.87
1382,14,QA,221.0,Delayed,9.98
1383,13,Designer,347.7,Completed,7.51
1384,7,Lead,386.1,Delayed,6.84
1384,1,Developer,238.6,In Progress,8.28
1384,15,QA,322.0,In Progress,9.54
1385,7,Coordinator,141.6,In Progress,5.05
1385,6,Developer,305.9,Completed,6.38
1385,14,Designer,86.8,Delayed,7.44
1386,9,Developer,325.6,In Progress,8.88
1387,2,Manager,244.2,Delayed,7.82
1387,12,Manager,195.7,In Progress,8.21
1387,8,Lead,363.1,Delayed,7.02
1388,5,Manager,216.8,In Progress,6.98
1388,9,Analyst,366.8,In Progress,9.31
1388,14,Developer,110.3,In Progress,7.24
1389,6,Manager,324.2,Delayed,6.37
1389,11,Lead,122.7,Delayed,8.42
1389,15,Designer,146.9,Delayed,6.56
1390,9,Manager,44.2,Completed,8.46
1390,10,Coordinator,251.2,In Progress,8.93
1390,5,Developer,354.2,Completed,6.46
1391,6,Analyst,150.1,In Progress,6.71
1391,7,Designer,335.6,Delayed,8.14
1392,13,QA,101.3,Completed,7.48
1392,15,QA,321.7,Delayed,8.56
1393,3,Developer,144.9,Completed,6.16
1393,14,Designer,71.8,Completed,6.57
1393,5,Coordinator,120.1,Completed,5.79
1394,1,Analyst,161.6,In Progress,7.18
1394,11,Manager,305.2,In Progress,8.94
1395,9,Lead,53.9,Delayed,9.15
1395,1,Developer,246.8,Delayed,5.66
1395,13,Lead,360.9,Delayed,5.86
1396,9,Manager,212.0,Completed,8.36
1396,14,QA,161.8,Completed,8.92
1397,9,Coordinator,43.9,Delayed,8.93
1397,7,Lead,115.4,Completed,7.52
1397,8,Designer,154.7,Delayed,8.88
1398,1,Developer,97.1,Delayed,5.6
1399,1,Coordinator,309.2,Completed,6.97
1399,10,Designer,395.7,Delayed,9.1
1400,10,Developer,133.1,In Progress,9.44
1400,4,Lead,106.7,Completed,9.44
1400,1,Developer,384.9,Delayed,6.47
1401,1,Manager,389.3,Delayed,7.21
1402,7,Manager,80.6,Delayed,9.29
1402,11,QA,294.0,Completed,8.78
1403,2,Designer,135.3,Completed,6.57
1404,15,Developer,338.6,In Progress,9.4
1404,8,QA,393.5,Delayed,9.27
1405,14,Analyst,275.1,Delayed,7.17
1405,6,Analyst,68.7,Completed,5.56
1405,2,Manager,161.3,Completed,7.66
1406,10,Designer,324.1,Delayed,5.66
1406,14,Analyst,307.6,Delayed,9.17
1407,2,Coordinator,141.9,Completed,7.19
1408,8,Designer,395.7,In Progress,8.53
1408,12,Analyst,160.6,Delayed,8.16
1408,5,Developer,314.1,Delayed,9.71
1409,2,Analyst,334.1,Completed,5.88
1409,5,Lead,317.9,Completed,8.41
1409,14,Analyst,399.5,Delayed,7.66
1410,6,Manager,110.8,Completed,7.58
1410,15,Manager,323.5,Completed,6.14
1411,13,Lead,359.7,Delayed,9.85
1411,3,Manager,52.8,In Progress,5.85
1412,5,Analyst,255.1,In Progress,9.83
1412,6,QA,140.0,Delayed,8.5
1413,2,Manager,295.1,Completed,8.38
1413,5,Designer,334.3,In Progress,5.28
1414,3,Lead,236.3,Delayed,5.96
1414,7,Designer,184.3,Completed,5.33
1414,15,Manager,88.6,In Progress,9.05
1415,9,Lead,332.1,Completed,9.57
1415,5,Developer,319.3,In Progress,8.18
1415,14,Lead,371.4,In Progress,8.07
1416,3,Designer,251.9,In Progress,9.5
1416,8,Developer,220.9,Delayed,6.28
1416,9,Analyst,141.2,Completed,6.15
1417,8,Developer,137.5,In Progress,6.79
1417,11,Lead,186.1,Delayed,8.62
1418,7,Designer,51.9,Completed,5.45
1418,8,QA,206.4,In Progress,8.98
1419,5,Analyst,135.2,In Progress,5.99
1419,9,Coordinator,55.3,In Progress,9.99
1420,2,Coordinator,155.3,Delayed,8.84
1421,6,Analyst,48.0,Completed,7.12
1422,10,Designer,301.4,Completed,5.07
1422,6,QA,48.1,Completed,5.93
1423,15,Developer,214.7,Delayed,8.3
1423,14,Developer,172.2,Completed,8.01
1423,6,Manager,131.4,Delayed,9.66
1424,5,Designer,281.1,In Progress,5.14
1424,2,Lead,146.1,Delayed,6.83
1424,12,Lead,354.1,Completed,6.96
1425,5,Analyst,327.1,Delayed,7.11
1425,14,Manager,182.9,Delayed,9.88
1426,6,Analyst,163.4,Delayed,5.4
1427,5,Coordinator,66.8,In Progress,6.09
1427,11,Developer,124.6,In Progress,8.54
1428,13,Designer,241.5,Completed,8.45
1428,11,QA,292.7,In Progress,7.24
1428,14,Designer,283.1,In Progress,7.76
1429,8,QA,232.5,In Progress,8.75
1430,9,Analyst,166.3,In Progress,5.57
1430,12,Lead,134.4,Completed,8.99
1431,4,Analyst,327.3,Completed,8.56
1431,11,QA,168.3,In Progress,6.27
1431,10,Lead,291.0,Delayed,8.14
1432,6,Manager,340.8,In Progress,7.47
1432,11,Analyst,58.9,In Progress,5.28
1432,5,Developer,303.3,Delayed,5.54
1433,13,Designer,392.2,Delayed,6.11
1433,14,Coordinator,383.5,In Progress,5.77
1433,11,QA,112.0,Delayed,9.94
1434,8,Analyst,344.4,In Progress,7.91
1434,6,Lead,251.0,Delayed,9.7
1434,7,Lead,390.8,Completed,8.63
1435,13,Lead,70.5,Completed,7.8
1435,4,Designer,284.6,Completed,8.63
1436,5,Developer,125.3,Completed,8.8
1436,3,Analyst,339.3,Delayed,8.01
1437,5,QA,378.7,Delayed,8.94
1437,7,Developer,55.2,Delayed,8.29
1438,12,Designer,352.9,Completed,8.09
1438,11,Manager,165.3,Completed,8.08
1439,10,Analyst,183.1,In Progress,5.0
1439,9,Developer,206.1,Delayed,8.83
1440,14,Developer,283.8,In Progress,8.2
1440,4,Manager,213.4,In Progress,5.13
1440,2,Designer,135.4,In Progress,7.07
1441,5,Coordinator,107.7,In Progress,8.88
1442,6,Coordinator,231.3,Delayed,7.15
1443,10,Manager,108.2,Delayed,8.29
1443,13,Coordinator,305.8,Delayed,9.59
1444,9,QA,170.4,Completed,6.47
1445,14,Lead,135.2,Delayed,8.33
1445,3,QA,304.0,Delayed,5.58
1446,8,Designer,307.5,Delayed,9.64
1446,7,Analyst,326.3,Delayed,8.33
1447,6,Coordinator,338.3,Completed,9.58
1447,8,Coordinator,308.7,In Progress,7.69
1447,10,Developer,261.8,Delayed,7.48
1448,8,QA,86.8,Completed,6.81
1448,2,Designer,129.5,Delayed,9.77
1448,9,Designer,152.6,In Progress,7.33
1449,1,Analyst,193.0,Completed,9.93
1449,11,Designer,153.9,Completed,8.97
1450,15,Manager,167.8,Completed,5.12
1450,4,Lead,51.9,In Progress,8.37
1451,5,Analyst,375.9,Delayed,6.74
1451,12,Coordinator,318.3,Delayed,7.44
1451,7,Manager,83.4,Completed,9.94
1452,13,Manager,368.3,Delayed,9.84
1452,11,Developer,226.5,In Progress,6.59
1453,3,Analyst,62.5,In Progress,8.24
1453,11,Analyst,364.7,Delayed,5.08
1453,5,Lead,253.3,Completed,8.04
1454,10,QA,369.7,Delayed,7.89
1454,14,Designer,375.8,In Progress,5.79
1454,7,Analyst,86.5,Completed,9.28
1455,15,Designer,90.1,In Progress,7.09
1455,9,Manager,350.9,In Progress,6.47
1455,4,Manager,298.0,Delayed,6.56
1456,3,Designer,306.2,Completed,8.61
1456,4,Analyst,297.2,In Progress,6.35
1456,15,Analyst,195.3,Completed,5.97
1457,5,Manager,96.1,Delayed,7.81
1457,13,Manager,278.1,In Progress,5.26
1457,1,Coordinator,93.7,In Progress,7.6
1458,14,Manager,59.7,Delayed,7.17
1459,5,Coordinator,240.3,In Progress,8.16
1459,1,Coordinator,164.7,In Progress,7.43
1459,14,Manager,151.2,In Progress,9.36
1460,12,Developer,341.9,In Progress,5.41
1460,11,QA,93.0,In Progress,8.38
1461,12,Developer,74.7,In Progress,9.33
1462,10,QA,304.0,Completed,9.41
1462,2,Lead,104.0,In Progress,6.81
1463,10,Lead,100.1,Delayed,7.02
1464,10,Designer,364.7,Completed,9.29
1464,2,Developer,295.1,Delayed,6.31
1464,1,QA,204.8,Completed,8.59
1465,12,Designer,109.0,In Progress,9.51
1466,12,QA,238.4,In Progress,6.04
1467,9,Analyst,151.2,Delayed,5.5
1467,2,Coordinator,96.6,Completed,8.99
1467,8,Analyst,203.8,Completed,7.1
1468,15,QA,301.7,In Progress,6.61
1469,10,Manager,247.1,In Progress,8.28
1469,4,Lead,260.4,Completed,6.41
1469,1,Designer,75.2,Completed,6.08
1470,6,Developer,128.0,Completed,6.35
1471,10,Coordinator,224.1,Delayed,8.6
1472,8,Lead,237.1,In Progress,7.86
1472,10,Analyst,102.4,Completed,5.97
1473,5,Designer,122.0,Completed,5.37
1473,9,Analyst,287.4,Delayed,9.07
1474,11,Coordinator,126.8,In Progress,7.16
1474,9,Manager,175.3,Delayed,9.78
1475,12,QA,118.2,Completed,7.01
1475,11,Designer,122.1,Delayed,9.63
1475,10,Lead,68.4,Completed,5.95
1476,15,QA,110.2,Completed,6.12
1477,7,Analyst,271.1,Completed,8.48
1477,3,Developer,194.9,Delayed,6.2
1477,6,Developer,229.8,In Progress,7.57
1478,12,Lead,181.7,Delayed,6.25
1478,13,Analyst,199.1,Completed,7.92
1479,9,Lead,205.6,In Progress,7.28
1479,11,Manager,276.3,In Progress,7.32
1480,8,Designer,232.4,Delayed,6.03
1480,2,Lead,62.1,Completed,5.08
1481,13,Coordinator,391.2,Delayed,7.48
1481,6,Developer,360.8,In Progress,6.49
1482,8,Manager,389.0,In Progress,7.52
1482,13,Coordinator,96.4,Delayed,8.22
1482,12,Designer,246.0,In Progress,7.91
1483,9,Coordinator,341.5,In Progress,7.85
1483,5,Analyst,243.8,Delayed,5.29
1484,11,Manager,214.3,In Progress,9.92
1484,6,Coordinator,332.6,Delayed,7.44
1485,8,Designer,94.3,Delayed,7.36
1485,13,Developer,304.8,Completed,9.0
1485,14,QA,317.1,Completed,5.66
1486,13,Designer,155.3,Delayed,9.34
1487,3,Manager,353.7,In Progress,9.86
1487,2,QA,227.5,Completed,7.81
1487,7,Lead,319.7,Delayed,5.53
1488,4,Coordinator,297.7,In Progress,9.3
1488,7,Developer,279.1,In Progress,9.17
1488,14,Coordinator,86.5,Delayed,7.27
1489,14,Manager,149.8,In Progress,9.97
1489,6,Lead,149.3,Delayed,9.3
1489,4,Lead,195.5,Delayed,9.92
1490,8,Lead,288.8,In Progress,5.97
1490,15,Designer,236.3,Completed,5.25
1491,5,Coordinator,148.1,Delayed,9.7
1491,6,Developer,177.6,Delayed,9.4
1492,5,Lead,108.6,In Progress,7.35
1492,13,Developer,174.0,Delayed,6.48
1492,7,Manager,192.8,Completed,6.36
1493,2,Manager,294.6,Completed,7.89
1494,7,Coordinator,182.1,Completed,6.09
1494,14,Manager,196.3,Completed,5.52
1495,9,Designer,97.2,Delayed,5.46
1495,7,Coordinator,362.3,Delayed,6.11
1496,6,Designer,311.6,In Progress,7.1
1496,2,Designer,102.1,Completed,9.36
1497,6,Designer,229.7,In Progress,5.54
1497,2,Designer,85.1,Completed,9.85
1497,4,Manager,222.8,Delayed,5.34
1498,12,QA,276.8,Completed,5.17
1499,5,Manager,92.6,Completed,8.67
1500,2,QA,80.1,Delayed,9.56
1500,5,Analyst,287.0,Delayed,5.67
1501,1,Analyst,362.4,Completed,8.09
1502,10,Manager,126.2,In Progress,7.14
1502,3,Analyst,251.5,In Progress,6.05
1502,7,Analyst,280.1,Completed,7.21
1503,10,QA,328.1,Completed,9.6
1503,7,Designer,297.9,In Progress,7.29
1503,8,Manager,102.4,Delayed,8.3
1504,1,QA,88.5,In Progress,7.99
1504,3,Analyst,375.1,In Progress,7.57
1504,13,Manager,201.3,Delayed,6.76
1505,10,Coordinator,306.8,Completed,9.31
1506,15,Coordinator,291.9,Completed,8.53
1506,1,Lead,69.9,In Progress,6.5
1507,4,Designer,196.3,In Progress,9.11
1507,11,Lead,135.8,Completed,8.05
1508,1,Coordinator,201.2,In Progress,7.18
1508,5,Developer,257.1,Completed,6.5
1509,11,QA,290.0,Completed,7.02
1510,6,Developer,145.5,Delayed,6.69
1511,5,Designer,241.9,Delayed,8.16
1511,4,Analyst,271.4,In Progress,6.7
1511,13,Lead,127.9,In Progress,6.38
1512,11,QA,332.0,In Progress,6.41
1512,15,Analyst,259.0,In Progress,9.96
1512,5,Manager,262.6,Delayed,5.67
1513,15,Designer,99.4,Delayed,7.8
1513,14,QA,118.1,In Progress,8.25
1514,4,Coordinator,135.6,Completed,9.47
1514,10,QA,186.3,Delayed,6.0
1514,2,Coordinator,300.6,Completed,6.73
1515,8,Lead,123.1,Delayed,5.59
1515,11,Developer,52.2,Delayed,6.09
1516,2,Developer,337.5,In Progress,8.62
1516,1,Lead,59.4,In Progress,7.21
1517,14,Analyst,236.5,Delayed,6.55
1518,3,Developer,327.4,Delayed,6.45
1518,7,Designer,153.1,Completed,7.96
1518,6,Analyst,392.7,Delayed,9.71
1519,8,Developer,80.7,In Progress,9.88
1520,8,Manager,210.1,In Progress,9.06
1520,12,Manager,287.0,Completed,7.59
1521,8,QA,161.4,In Progress,8.3
1521,15,Coordinator,240.9,In Progress,6.74
1522,15,Manager,279.6,Delayed,6.59
1522,6,Manager,398.4,Delayed,6.77
1522,5,Analyst,385.8,Delayed,9.67
1523,6,Developer,180.7,In Progress,7.45
1523,10,Coordinator,295.2,Delayed,7.0
1524,11,Manager,378.8,Completed,5.86
1525,6,Lead,85.9,Completed,7.28
1526,8,Manager,170.4,Delayed,7.32
1526,5,Coordinator,134.0,Delayed,5.76
1526,15,Coordinator,398.5,Delayed,9.58
1527,3,Analyst,354.4,Delayed,9.36
1527,15,Manager,141.0,In Progress,6.95
1528,4,QA,297.4,In Progress,6.15
1528,5,QA,330.7,Delayed,6.81
1529,12,Developer,293.9,In Progress,8.7
1529,7,Coordinator,50.8,Delayed,8.89
1529,1,Designer,262.5,In Progress,5.6
1530,15,Manager,215.7,Completed,7.07
1531,15,Manager,349.3,Completed,6.55
1531,12,Analyst,367.6,Delayed,7.99
1531,2,Manager,197.1,Delayed,8.74
1532,4,Lead,331.9,In Progress,6.78
1532,10,Manager,151.5,In Progress,5.87
1532,6,Developer,381.2,In Progress,7.17
1533,2,Designer,113.1,In Progress,9.79
1533,6,Analyst,249.2,In Progress,5.52
1533,9,Manager,158.9,Completed,9.05
1534,9,Developer,250.8,Delayed,6.01
1534,15,Lead,226.6,Completed,6.16
1534,11,Lead,94.8,Completed,9.29
1535,8,Developer,123.2,Delayed,5.86
1535,15,Manager,306.9,In Progress,8.24
1536,14,Developer,309.8,Delayed,5.89
1537,2,QA,398.6,Completed,5.76
1537,7,QA,239.9,Completed,9.4
1538,7,Manager,86.3,Delayed,8.48
1539,1,Designer,206.6,In Progress,7.76
1539,4,QA,245.2,Delayed,7.26
1540,9,Designer,134.7,Delayed,7.34
1540,5,QA,148.8,Delayed,7.55
1540,11,Lead,43.5,Delayed,6.85
1541,10,Coordinator,348.9,Completed,9.75
1541,15,Coordinator,66.7,Delayed,6.48
1542,3,Lead,344.8,Completed,8.02
1543,4,QA,94.0,Delayed,8.46
1543,13,Coordinator,167.5,Completed,8.99
1543,1,Lead,328.7,Delayed,10.0
1544,6,Coordinator,266.9,In Progress,9.59
1544,13,Manager,339.2,Delayed,9.34
1545,8,QA,56.1,In Progress,7.5
1546,14,Lead,104.9,In Progress,6.17
1546,7,Manager,266.0,Completed,6.11
1546,8,QA,141.0,Delayed,9.4
1547,15,Analyst,56.6,In Progress,7.09
1547,3,Designer,217.2,In Progress,8.27
1548,5,Coordinator,191.6,Completed,9.61
1548,12,Analyst,168.9,Delayed,5.78
1549,9,Manager,242.4,Delayed,5.41
1550,1,Analyst,201.3,Delayed,7.51
1550,3,Analyst,304.1,Delayed,8.06
1551,9,Developer,257.7,In Progress,8.56
1551,8,Developer,202.8,In Progress,9.31
1552,6,Lead,360.9,Delayed,7.03
1552,3,Analyst,146.6,Completed,7.6
1553,3,Manager,224.8,In Progress,9.24
1553,13,Manager,60.9,In Progress,5.22
1554,5,Manager,324.9,Delayed,7.49
1554,4,Coordinator,70.3,In Progress,6.22
1555,5,Analyst,229.6,Delayed,5.81
1556,2,Developer,311.8,Delayed,5.83
1556,3,Analyst,195.3,In Progress,6.85
1557,12,Manager,160.2,In Progress,6.16
1558,1,Lead,364.4,Completed,7.32
1559,12,Analyst,155.1,Delayed,8.72
1559,14,Manager,142.2,Completed,5.47
1559,8,Manager,112.9,In Progress,6.19
1560,8,Developer,364.2,Delayed,6.78
1561,3,Lead,63.8,In Progress,5.67
1562,9,Analyst,107.0,Completed,8.24
1563,14,Coordinator,44.5,Delayed,8.3
1564,14,QA,373.7,Delayed,7.37
1564,9,Developer,275.1,Completed,7.44
1564,10,Coordinator,391.7,In Progress,8.5
1565,3,Manager,228.1,Completed,5.18
1565,13,Manager,375.8,Delayed,8.19
1566,5,Developer,132.5,Completed,9.38
1566,1,Designer,285.4,In Progress,9.85
1566,11,Analyst,350.5,Completed,6.99
1567,12,Developer,262.8,Completed,6.75
1567,8,Designer,374.6,In Progress,7.91
1567,10,Manager,61.7,Completed,8.2
1568,7,Manager,220.1,In Progress,5.72
1569,1,Developer,266.0,Delayed,5.51
1570,8,Coordinator,198.1,Delayed,7.89
1570,12,Developer,374.6,In Progress,5.78
1571,11,QA,162.4,Delayed,8.56
1572,3,Designer,217.7,Completed,8.25
1572,14,Developer,363.5,Delayed,6.88
1572,15,Lead,376.8,Completed,5.18
1573,9,Designer,292.0,Completed,6.1
1573,2,Lead,243.0,Completed,5.78
1574,10,Lead,120.6,Completed,9.4
1574,9,Coordinator,156.1,In Progress,8.16
1574,7,Coordinator,393.4,In Progress,8.08
1575,7,QA,183.4,Completed,5.45
1575,5,Designer,340.6,Delayed,6.05
1575,4,Coordinator,267.8,In Progress,7.77
1576,8,Developer,209.8,In Progress,6.27
1576,15,QA,323.3,Delayed,6.85
1576,14,Designer,191.8,Completed,7.24
1577,6,Analyst,334.5,Completed,7.61
1577,8,Coordinator,296.1,In Progress,5.96
1578,3,QA,159.2,In Progress,7.26
1578,15,QA,108.5,Completed,5.14
1578,4,Analyst,233.5,Completed,5.56
1579,14,Lead,297.2,Completed,8.29
1580,1,Manager,220.0,Delayed,8.07
1581,7,Lead,334.2,In Progress,7.01
1582,4,QA,92.2,In Progress,6.67
1582,5,Manager,361.8,Delayed,6.38
1582,10,Manager,131.9,Delayed,9.02
1583,5,Analyst,277.3,Completed,5.28
1583,2,Lead,314.4,Completed,7.79
1584,4,QA,236.2,Delayed,9.82
1584,10,Analyst,57.7,Completed,9.29
1585,4,Coordinator,193.2,Delayed,5.47
1585,3,Developer,157.7,Delayed,9.7
1586,7,QA,190.4,In Progress,5.38
1586,8,Developer,177.4,Completed,8.52
1586,1,Analyst,181.9,In Progress,5.1
1587,15,Designer,277.9,Delayed,9.33
1588,9,Designer,95.5,Delayed,9.87
1589,1,Analyst,125.2,Delayed,6.03
1590,5,Manager,328.3,Delayed,8.47
1590,12,Designer,155.7,In Progress,5.72
1591,5,Coordinator,222.7,In Progress,5.58
1591,4,QA,277.5,Completed,6.57
1591,8,Lead,190.6,Delayed,9.84
1592,14,Analyst,56.3,Delayed,6.49
1592,4,Analyst,275.9,In Progress,9.45
1592,15,Analyst,174.7,Completed,8.8
1593,2,Developer,283.6,In Progress,5.52
1593,9,QA,208.2,In Progress,6.06
1594,14,QA,391.0,Completed,9.16
1594,6,Analyst,341.8,Completed,8.86
1594,12,Developer,395.7,Delayed,8.03
1595,15,Developer,256.5,In Progress,8.5
1595,3,Analyst,323.6,Delayed,9.53
1595,7,Developer,61.8,Completed,9.07
1596,8,Developer,119.2,Delayed,9.56
1597,15,Developer,124.7,Completed,9.85
1597,12,Developer,99.8,In Progress,5.26
1597,8,Manager,235.8,Delayed,5.31
1598,8,Developer,373.2,Completed,8.26
1599,1,Manager,285.4,Completed,8.41
1599,5,QA,352.2,Completed,9.98
1600,7,Developer,110.9,Delayed,6.8
1600,8,Analyst,280.7,Delayed,8.25
1600,11,QA,389.9,Delayed,5.07
1601,11,Designer,236.7,In Progress,9.27
1602,13,Designer,375.5,In Progress,7.9
1602,3,QA,65.2,Delayed,5.21
1603,14,Designer,382.3,In Progress,5.01
1603,9,Designer,340.0,Completed,8.57
1604,13,Developer,313.7,Delayed,5.4
1605,10,Analyst,163.0,In Progress,6.46
1605,7,Designer,51.0,Delayed,8.13
1605,8,Manager,130.2,Completed,9.49
1606,10,Developer,102.6,Delayed,9.45
1606,2,Coordinator,306.7,Delayed,6.92
1606,14,QA,293.2,In Progress,7.62
1607,15,Designer,311.4,Completed,8.73
1608,5,Developer,92.1,In Progress,6.72
1608,2,Analyst,174.6,Delayed,7.18
1609,8,Manager,91.1,Delayed,5.0
1609,4,Analyst,50.2,In Progress,9.38
1610,14,Analyst,115.6,In Progress,9.42
1610,5,Lead,246.0,Delayed,9.41
1611,4,Designer,309.2,Completed,8.08
1611,9,Analyst,214.4,Completed,8.36
1611,1,Analyst,129.1,In Progress,7.03
1612,13,Designer,346.8,Completed,8.63
1613,11,Designer,77.4,In Progress,8.45
1613,5,QA,104.7,Completed,7.09
1614,15,Manager,250.3,In Progress,9.62
1614,13,Lead,277.6,In Progress,8.38
1614,10,QA,133.9,Delayed,7.06
1615,12,Manager,366.4,In Progress,8.88
1615,11,Coordinator,293.4,In Progress,5.53
1615,5,QA,241.5,In Progress,5.32
1616,14,Developer,254.8,Completed,9.38
1616,11,QA,123.6,Completed,7.76
1617,11,QA,98.1,In Progress,9.53
1618,14,Developer,125.8,Completed,8.39
1618,12,QA,392.4,In Progress,7.73
1619,9,Coordinator,79.9,Delayed,7.31
1620,2,Manager,367.1,Completed,8.74
1620,3,Developer,47.5,Delayed,7.76
1620,11,Developer,257.2,Delayed,6.35
1621,3,Developer,86.9,In Progress,9.11
1621,4,Developer,143.5,In Progress,6.23
1622,11,Lead,265.2,In Progress,6.73
1622,7,Analyst,186.8,In Progress,7.0
1622,9,Manager,71.1,In Progress,7.88
1623,7,Coordinator,91.5,In Progress,7.43
1624,15,Coordinator,79.0,Completed,8.61
1625,5,Designer,101.7,In Progress,6.64
1625,14,Analyst,156.3,Completed,8.3
1625,10,Manager,335.1,Completed,6.75
1626,2,Manager,66.9,Completed,8.34
1626,12,Analyst,315.1,Completed,8.04
1627,12,Lead,312.6,Delayed,8.74
1628,4,Developer,218.5,In Progress,5.45
1628,9,Coordinator,253.9,Completed,7.55
1628,1,Developer,227.5,Delayed,8.2
1629,7,Manager,385.1,In Progress,9.97
1629,15,Developer,149.9,In Progress,7.18
1630,6,Developer,314.4,Completed,7.74
1631,2,Analyst,114.4,Delayed,7.58
1632,13,Manager,199.2,Delayed,9.97
1632,5,Developer,169.2,In Progress,5.52
1632,9,Developer,84.6,Delayed,9.73
1633,12,Manager,240.7,Delayed,9.83
1633,8,Designer,102.1,Delayed,8.77
1633,1,Lead,293.2,In Progress,6.51
1634,15,Designer,218.0,In Progress,9.19
1635,7,Designer,73.1,Completed,7.2
1635,1,Analyst,363.1,In Progress,5.29
1635,10,Coordinator,344.3,In Progress,5.08
1636,8,Coordinator,169.0,In Progress,7.83
1636,6,Designer,252.3,Completed,7.41
1637,15,Analyst,108.9,In Progress,8.66
1637,14,Analyst,211.1,Delayed,6.2
1638,9,QA,269.3,In Progress,8.7
1638,13,Designer,166.1,In Progress,7.08
1638,14,Designer,180.7,Completed,7.04
1639,4,Manager,250.4,In Progress,6.31
1639,1,Lead,260.0,Completed,8.62
1640,5,Manager,67.9,Completed,6.86
1640,8,Designer,150.5,Delayed,9.32
1641,6,Coordinator,100.9,Completed,6.39
1641,3,Coordinator,188.2,In Progress,7.69
1641,12,Lead,107.9,Completed,9.6
1642,4,Designer,112.7,Completed,6.45
1642,12,Designer,285.4,In Progress,9.4
1643,15,Lead,57.5,Completed,5.93
1643,13,Manager,328.1,Delayed,5.74
1643,8,Coordinator,142.0,Completed,7.15
1644,7,Developer,360.1,Delayed,5.77
1644,1,Designer,41.6,In Progress,5.08
1645,2,Coordinator,317.9,In Progress,8.72
1645,8,Coordinator,247.6,Delayed,8.64
1645,13,Developer,253.2,In Progress,7.79
1646,4,Analyst,84.7,Delayed,7.33
1646,11,Analyst,348.8,In Progress,9.54
1647,12,Lead,255.0,Delayed,9.26
1647,15,Analyst,217.9,Completed,6.08
1648,9,Designer,68.7,Completed,9.36
1649,1,Designer,283.2,In Progress,5.56
1649,3,Analyst,76.9,In Progress,8.38
1650,9,Lead,85.7,Completed,8.82
1650,6,Developer,187.2,In Progress,6.16
1650,11,Designer,319.8,In Progress,7.07
1651,15,Developer,93.4,Completed,7.56
1651,10,Designer,322.0,Delayed,6.13
1651,3,Analyst,270.6,In Progress,7.07
1652,9,QA,386.1,Completed,7.84
1652,7,Lead,46.6,In Progress,8.81
1652,4,Analyst,244.2,Delayed,7.26
1653,1,Lead,174.5,Completed,6.29
1654,9,Manager,83.7,Delayed,5.15
1654,12,QA,73.6,In Progress,8.6
1654,7,Developer,54.8,Completed,7.14
1655,12,Analyst,301.7,Completed,7.54
1655,5,Analyst,331.3,In Progress,9.18
1655,11,Designer,71.1,Delayed,8.01
1656,10,Designer,300.6,Completed,6.15
1656,2,Manager,77.6,In Progress,5.79
1657,4,Designer,189.9,Completed,9.55
1658,2,QA,205.1,Delayed,7.3
1658,14,Developer,187.9,Completed,8.79
1659,15,QA,120.2,In Progress,7.24
1660,10,Developer,61.3,In Progress,6.88
1660,5,QA,54.5,In Progress,9.04
1661,7,QA,100.8,In Progress,6.56
1661,5,QA,202.9,Delayed,6.78
1661,14,Coordinator,117.7,In Progress,9.42
1662,14,Lead,366.7,Delayed,8.76
1663,15,Analyst,130.0,Delayed,5.67
1664,15,Lead,95.8,In Progress,7.85
1665,6,Designer,317.1,Completed,7.2
1665,5,Coordinator,174.9,In Progress,9.71
1666,14,Designer,374.1,In Progress,6.07
1666,4,QA,394.7,Completed,5.28
1666,13,Manager,80.5,In Progress,6.51
1667,10,Developer,309.1,Delayed,7.51
1667,5,Coordinator,55.4,Completed,6.06
1667,1,Developer,376.7,In Progress,9.74
1668,5,QA,48.9,Delayed,5.05
1668,13,Coordinator,348.2,Completed,6.51
1669,3,Analyst,288.1,Delayed,6.28
1669,7,Designer,229.9,In Progress,9.6
1670,10,Designer,387.5,In Progress,5.44
1670,14,Analyst,57.2,Delayed,6.92
1671,2,Lead,230.3,Delayed,7.26
1671,9,Designer,341.7,Completed,6.82
1671,13,Designer,298.8,Delayed,9.19
1672,1,Developer,280.0,Completed,5.51
1673,10,Analyst,268.3,Delayed,5.21
1673,7,QA,113.8,In Progress,7.34
1674,6,Analyst,281.0,Completed,7.87
1674,7,Coordinator,234.6,In Progress,8.39
1674,3,QA,327.3,Completed,8.57
1675,6,Developer,51.4,Completed,5.23
1676,9,Developer,85.8,Delayed,5.74
1677,1,Lead,163.7,In Progress,7.77
1678,4,QA,102.1,In Progress,6.68
1678,15,Analyst,217.8,In Progress,7.39
1678,1,Designer,66.6,In Progress,9.44
1679,12,Designer,276.6,Completed,7.71
1680,7,Developer,279.8,In Progress,5.14
1680,2,Analyst,60.0,In Progress,7.97
1680,3,Analyst,101.5,In Progress,6.88
1681,2,Manager,322.2,In Progress,7.13
1682,7,Lead,45.7,In Progress,7.48
1682,10,Coordinator,41.1,Delayed,6.29
1682,9,QA,193.9,In Progress,9.05
1683,10,Developer,278.1,In Progress,6.54
1683,4,Coordinator,327.8,Completed,8.22
1683,9,Coordinator,99.1,Delayed,8.4
1684,4,Coordinator,48.6,In Progress,6.17
1685,15,Analyst,316.7,Delayed,7.59
1686,10,QA,287.8,Delayed,5.11
1686,6,Lead,337.6,Completed,6.49
1687,2,Designer,83.8,In Progress,5.55
1687,7,QA,349.4,In Progress,9.05
1688,11,Manager,163.1,Completed,9.46
1688,8,Lead,358.5,Delayed,9.95
1689,6,Manager,79.6,In Progress,9.06
1689,5,Manager,247.8,Delayed,8.28
1689,9,Analyst,369.4,Completed,6.56
1690,3,Designer,340.0,Completed,7.95
1691,5,QA,360.5,Completed,6.91
1691,2,Analyst,168.7,Completed,7.02
1692,12,QA,258.6,Delayed,9.37
1692,4,QA,104.3,Completed,7.04
1693,4,Coordinator,291.9,In Progress,6.95
1694,5,Coordinator,193.7,Completed,9.05
1694,2,Designer,276.7,In Progress,6.44
1695,11,Lead,389.0,Delayed,7.02
1696,12,Lead,88.7,Delayed,5.8
1696,13,Coordinator,64.5,Delayed,7.08
1696,2,Developer,218.7,In Progress,9.03
1697,2,Coordinator,144.7,In Progress,9.09
1698,13,Manager,250.9,In Progress,8.77
1698,11,Lead,127.0,In Progress,8.13
1698,3,Manager,217.2,Completed,9.45
1699,7,Developer,338.7,Completed,5.35
1700,1,Coordinator,92.7,Completed,5.77
1700,8,Developer,312.2,Delayed,5.32
1700,13,Developer,180.5,Completed,6.54
1701,11,Designer,249.2,Completed,8.58
1701,6,Coordinator,83.5,In Progress,5.0
1701,7,Analyst,126.8,In Progress,7.28
1702,9,Coordinator,360.2,Delayed,5.58
1702,13,Designer,355.4,Delayed,6.01
1702,1,Coordinator,378.5,In Progress,6.02
1703,12,QA,360.0,Completed,5.88
1703,7,Coordinator,238.4,Delayed,7.25
1703,6,QA,297.3,Completed,6.38
1704,6,Coordinator,157.3,Completed,9.86
1704,8,QA,348.6,Delayed,6.52
1705,10,Analyst,53.0,Completed,7.54
1705,7,Analyst,382.1,In Progress,5.54
1705,9,Manager,148.5,Delayed,7.26
1706,6,Coordinator,365.5,Delayed,7.14
1706,1,Coordinator,340.0,In Progress,7.56
1707,7,Developer,362.5,Delayed,9.92
1707,2,Designer,243.9,Delayed,7.39
1707,4,Lead,80.2,Delayed,6.39
1708,1,Manager,223.7,Completed,8.71
1708,6,Lead,52.3,Delayed,8.08
1708,3,Designer,115.1,Completed,5.03
1709,7,Designer,142.3,In Progress,8.37
1709,5,Lead,307.3,Completed,9.38
1710,4,Designer,325.4,In Progress,9.98
1710,15,QA,269.5,In Progress,8.97
1710,7,Analyst,94.3,Completed,6.7
1711,3,Lead,299.8,Completed,6.91
1711,8,Analyst,74.7,Completed,9.3
1711,10,Manager,88.3,Delayed,9.49
1712,3,Lead,343.3,Completed,9.79
1712,2,QA,161.7,Delayed,9.2
1712,5,Analyst,295.8,Delayed,8.22
1713,11,Lead,82.4,Delayed,5.88
1713,6,Developer,343.4,Completed,7.45
1714,2,Coordinator,43.7,Delayed,9.06
1714,12,Lead,87.0,In Progress,6.75
1715,11,Analyst,213.3,Completed,9.18
1715,1,Designer,128.0,Delayed,5.76
1715,8,Designer,326.3,In Progress,5.24
1716,2,Coordinator,273.4,Delayed,8.85
1716,6,QA,147.9,Delayed,9.24
1716,3,Coordinator,359.4,Delayed,9.66
1717,1,Developer,169.3,In Progress,6.16
1717,8,Analyst,197.8,Completed,5.74
1717,13,QA,169.4,Delayed,8.37
1718,9,Manager,322.2,Completed,6.21
1718,14,Designer,220.8,Delayed,5.37
1719,14,Lead,391.5,Delayed,8.65
1719,10,Lead,143.5,Delayed,9.12
1720,6,Designer,93.9,In Progress,9.84
1720,1,Lead,267.8,In Progress,7.45
1720,5,Lead,96.7,Delayed,5.14
1721,6,Coordinator,68.1,Delayed,7.39
1721,12,Manager,333.9,In Progress,9.28
1721,7,Developer,382.1,Delayed,6.21
1722,7,Coordinator,196.3,Delayed,9.21
1723,5,Analyst,253.1,In Progress,8.68
1723,3,QA,237.6,Delayed,5.52
1723,1,Manager,198.1,Completed,5.6
1724,5,Analyst,364.5,Completed,6.37
1725,11,Designer,213.3,Completed,6.51
1725,5,Analyst,106.8,Delayed,5.84
1726,13,Coordinator,131.5,Completed,9.49
1726,10,Developer,244.5,In Progress,9.45
1727,10,Analyst,377.7,Completed,5.36
1727,8,Designer,254.3,In Progress,7.61
1727,11,Lead,71.9,Delayed,7.28
1728,14,Designer,130.1,Delayed,7.41
1728,9,Analyst,243.9,In Progress,6.76
1729,14,Manager,158.2,In Progress,9.39
1729,9,Analyst,197.6,In Progress,7.62
1729,12,Developer,107.0,Completed,9.96
1730,10,Designer,359.1,In Progress,9.75
1730,15,Manager,354.3,In Progress,6.15
1731,6,Designer,376.1,Delayed,9.26
1731,3,Coordinator,339.2,In Progress,7.26
1731,2,QA,270.5,Completed,8.97
1732,9,Designer,101.2,Delayed,8.0
1733,12,Manager,131.2,Delayed,5.91
1733,1,Manager,181.9,In Progress,9.02
1734,14,Lead,305.4,In Progress,9.77
1734,4,Coordinator,136.4,In Progress,7.49
1735,14,Coordinator,153.6,Completed,9.98
1736,12,Designer,398.4,In Progress,6.36
1736,7,Analyst,141.8,Completed,5.81
1737,1,Developer,234.7,Completed,7.65
1737,3,Manager,321.8,Completed,8.7
1738,4,QA,136.5,In Progress,9.76
1738,9,QA,155.4,Completed,9.13
1738,7,Developer,396.6,In Progress,5.69
1739,7,Designer,280.7,Completed,6.2
1739,15,Manager,387.3,Delayed,5.62
1739,8,Developer,338.4,Delayed,7.45
1740,5,Lead,109.7,Delayed,6.12
1740,8,Manager,397.4,In Progress,9.24
1741,13,QA,370.1,Completed,5.48
1741,3,Analyst,254.7,In Progress,8.28
1741,12,Lead,399.1,Completed,6.05
1742,15,Developer,245.1,Completed,8.29
1742,7,Manager,262.2,Completed,5.86
1742,2,QA,269.6,In Progress,6.53
1743,10,Analyst,100.6,Delayed,6.45
1743,4,QA,304.1,Delayed,9.26
1744,13,QA,45.7,In Progress,9.73
1745,3,QA,316.7,In Progress,6.6
1746,2,Manager,191.2,Delayed,8.04
1746,10,Coordinator,354.6,In Progress,7.32
1746,8,Lead,104.5,Delayed,6.17
1747,10,Developer,155.1,Completed,6.26
1747,3,Manager,334.1,Delayed,9.96
1747,1,Manager,283.8,Completed,8.01
1748,2,QA,346.5,Delayed,5.63
1748,9,Lead,256.2,Completed,6.54
1749,4,QA,383.1,Completed,8.0
1749,8,Analyst,376.8,In Progress,5.46
1749,13,Developer,384.9,Delayed,9.83
1750,14,Designer,209.7,In Progress,5.83
1750,15,QA,203.3,Completed,9.94
1751,14,Lead,225.7,In Progress,8.08
1751,6,Developer,380.5,Delayed,9.33
1751,2,Coordinator,171.7,In Progress,6.41
1752,9,Analyst,331.1,In Progress,8.5
1752,13,QA,354.2,Delayed,8.11
1753,5,Manager,382.3,Delayed,8.41
1754,11,QA,142.8,Completed,7.93
1755,8,Analyst,280.5,Completed,5.0
1756,2,Manager,98.1,Delayed,6.18
1757,14,Analyst,214.7,In Progress,8.25
1758,3,Manager,129.9,Completed,5.02
1758,14,Developer,318.7,Completed,6.74
1758,12,Manager,42.6,Delayed,5.5
1759,7,Developer,176.7,Delayed,8.37
1759,6,Designer,206.6,Delayed,7.1
1759,12,QA,215.0,In Progress,6.28
1760,15,QA,177.6,Completed,8.16
1760,5,Designer,398.6,In Progress,8.67
1761,8,Manager,223.2,Completed,9.85
1761,2,Coordinator,122.9,Completed,8.36
1762,1,Analyst,328.0,In Progress,7.7
1762,9,Lead,66.6,Completed,8.63
1762,11,Developer,311.7,In Progress,8.58
1763,10,QA,275.4,In Progress,8.82
1763,6,Coordinator,317.2,In Progress,7.64
1763,3,QA,273.5,Completed,7.73
1764,3,QA,113.5,In Progress,5.74
1764,12,Analyst,92.6,In Progress,7.71
1764,4,Manager,321.0,Delayed,6.43
1765,13,Lead,41.2,Delayed,7.61
1766,6,Lead,327.4,Completed,6.23
1767,1,QA,166.3,Delayed,8.36
1767,13,QA,241.2,Delayed,6.77
1768,2,Designer,387.9,Completed,7.56
1768,6,Manager,268.5,Delayed,5.64
1768,11,Analyst,186.6,Completed,8.39
1769,11,Designer,377.5,Completed,7.34
1770,6,Analyst,229.9,Completed,7.46
1771,15,Designer,153.0,Delayed,6.33
1772,9,Coordinator,49.0,Completed,9.68
1772,6,Developer,92.9,In Progress,7.27
1773,10,Designer,265.6,Delayed,6.96
1773,9,Coordinator,216.3,Completed,5.64
1774,12,Coordinator,64.1,Completed,9.19
1774,14,Designer,152.9,Delayed,6.28
1774,9,Designer,86.7,Delayed,9.91
1775,1,Designer,71.1,In Progress,8.6
1775,4,Designer,189.3,Completed,5.57
1775,12,Manager,148.4,Completed,5.44
1776,4,Developer,213.1,Delayed,6.35
1776,15,Manager,196.9,In Progress,8.54
1776,14,Lead,167.8,In Progress,5.44
1777,4,Manager,304.4,In Progress,7.08
1777,11,Developer,178.9,In Progress,7.46
1777,6,Developer,291.1,In Progress,9.87
1778,11,QA,185.4,Delayed,7.16
1778,7,Designer,119.9,Completed,8.36
1779,13,Developer,118.3,In Progress,6.22
1779,6,Analyst,314.7,In Progress,6.43
1780,15,Designer,91.3,Delayed,8.77
1780,4,Manager,220.0,Delayed,9.05
1781,6,Lead,190.5,Delayed,9.01
1782,9,Analyst,347.2,Completed,9.05
1782,5,Manager,62.7,Completed,6.15
1782,7,Coordinator,159.6,Completed,7.03
1783,4,Coordinator,96.2,In Progress,8.16
1783,9,Lead,344.1,Completed,7.0
1783,10,Coordinator,304.5,In Progress,6.59
1784,6,Developer,101.3,In Progress,6.44
1784,1,Developer,349.2,Delayed,9.1
1785,10,Coordinator,207.0,Completed,6.59
1786,1,Designer,206.1,In Progress,8.64
1786,10,Coordinator,193.2,Completed,9.38
1786,4,Lead,394.5,In Progress,8.84
1787,13,Developer,368.3,In Progress,7.74
1787,8,Designer,285.6,Completed,5.29
1788,10,Lead,119.3,Delayed,6.7
1788,7,Developer,367.0,Delayed,6.79
1789,13,Manager,350.7,Completed,9.83
1790,14,Analyst,148.7,Completed,8.84
1790,10,QA,274.1,Delayed,8.14
1790,4,Manager,303.9,In Progress,6.62
1791,3,QA,46.0,Completed,6.2
1792,13,Developer,242.3,Delayed,5.83
1792,5,Developer,304.6,In Progress,7.87
1792,2,Analyst,117.8,Delayed,7.11
1793,1,Manager,238.9,Completed,9.04
1793,4,Coordinator,245.6,Completed,8.76
1794,2,QA,340.6,In Progress,5.01
1795,13,Manager,75.8,Completed,7.63
1795,5,Designer,252.4,In Progress,6.25
1796,1,Coordinator,116.1,In Progress,8.95
1796,15,Designer,332.8,In Progress,5.05
1796,3,Lead,396.0,Completed,5.32
1797,1,Manager,365.8,In Progress,6.86
1797,10,QA,292.8,In Progress,9.49
1798,8,Developer,108.7,Delayed,5.32
1799,14,Analyst,297.3,In Progress,8.34
1800,4,Analyst,227.0,Completed,5.93
1800,10,Designer,330.8,Completed,5.49
1801,1,Developer,275.5,Completed,5.04
1802,14,QA,164.8,Completed,8.28
1803,8,Designer,83.9,Delayed,6.82
1804,6,Coordinator,316.7,Delayed,9.83
1805,7,Analyst,379.9,Completed,7.74
1805,15,Manager,256.3,In Progress,5.76
1806,11,Coordinator,70.3,In Progress,7.18
1806,2,Lead,100.9,Completed,6.8
1806,5,Designer,344.6,In Progress,7.35
1807,12,Designer,257.8,Completed,5.25
1807,1,Developer,232.7,In Progress,8.27
1807,8,QA,116.7,Delayed,9.89
1808,3,Lead,399.8,Delayed,8.15
1809,5,Coordinator,299.9,In Progress,7.47
1809,11,Designer,68.0,Delayed,5.08
1809,4,Coordinator,218.3,Completed,8.88
1810,9,Designer,66.9,Completed,5.47
1810,12,Developer,392.4,In Progress,9.84
1811,8,Lead,350.4,Delayed,9.16
1812,3,Manager,303.1,In Progress,9.68
1812,10,Developer,271.7,Completed,6.53
1813,15,QA,357.5,In Progress,6.51
1814,10,Analyst,342.3,Completed,6.77
1814,15,Developer,40.4,In Progress,5.73
1814,13,Lead,76.7,Completed,9.5
1815,2,Coordinator,280.5,In Progress,6.45
1815,13,Developer,109.9,In Progress,8.63
1816,10,Developer,266.8,Delayed,7.68
1816,5,Lead,260.7,Completed,5.63
1816,1,Designer,205.5,Completed,9.18
1817,8,Analyst,84.4,Completed,8.1
1817,11,Designer,298.1,Delayed,9.38
1818,14,Analyst,105.7,In Progress,8.57
1818,11,Coordinator,389.6,In Progress,9.81
1819,6,Designer,218.8,Completed,5.96
1819,2,Lead,95.2,Completed,9.74
1820,4,Coordinator,361.0,In Progress,9.15
1821,15,Developer,350.3,In Progress,8.58
1821,14,QA,242.3,Completed,6.42
1821,1,Analyst,309.3,Delayed,6.8
1822,10,Analyst,211.0,Delayed,7.29
1822,7,Designer,382.0,In Progress,9.81
1823,13,Coordinator,314.8,In Progress,7.66
1823,8,Designer,238.6,In Progress,6.07
1824,2,Lead,308.4,In Progress,7.91
1825,4,Lead,64.0,Completed,9.37
1826,10,Coordinator,43.7,In Progress,5.73
1826,6,QA,153.7,In Progress,5.18
1827,13,Designer,275.6,Delayed,9.51
1828,10,Designer,161.0,Delayed,6.46
1829,13,QA,88.7,In Progress,6.48
1829,6,Developer,185.1,In Progress,9.82
1830,13,Analyst,48.6,Delayed,8.38
1830,4,Analyst,386.7,Completed,5.59
1831,13,Developer,376.4,Completed,8.91
1831,12,Designer,205.3,Completed,9.0
1831,6,Developer,211.9,In Progress,5.77
1832,3,Designer,196.0,Delayed,8.67
1832,5,Designer,247.8,Completed,8.09
1832,15,Analyst,236.3,In Progress,8.27
1833,4,Developer,161.2,In Progress,8.96
1833,7,Designer,385.6,Delayed,8.64
1833,1,Designer,263.7,Completed,8.05
1834,5,QA,368.0,Delayed,5.5
1834,7,QA,228.6,In Progress,5.5
1835,9,QA,159.7,Delayed,5.08
1835,14,Lead,179.7,In Progress,9.71
1835,3,Manager,95.7,Delayed,7.51
1836,13,QA,373.0,Delayed,5.69
1836,6,QA,279.6,Delayed,9.7
1837,13,Coordinator,73.2,Delayed,8.99
1838,14,QA,389.3,Delayed,7.63
1838,7,Developer,81.4,In Progress,9.25
1839,2,Manager,260.3,Delayed,9.25
1840,3,Analyst,232.6,Completed,7.6
1841,14,QA,162.6,Completed,7.03
1842,13,QA,356.1,Completed,5.13
1842,11,Lead,107.9,Delayed,7.63
1843,6,Developer,45.8,Completed,7.55
1844,14,Designer,197.8,Delayed,6.0
1845,1,Manager,107.6,Delayed,8.58
1845,8,Coordinator,240.5,In Progress,6.81
1845,12,QA,47.6,In Progress,8.97
1846,2,Analyst,314.7,Completed,8.27
1846,15,QA,42.2,In Progress,5.83
1846,7,Coordinator,154.8,Delayed,8.66
1847,1,Lead,67.5,Completed,6.32
1847,8,Developer,295.3,Delayed,7.13
1847,10,QA,321.7,In Progress,5.43
1848,8,Analyst,315.9,Completed,9.89
1849,2,Manager,318.3,In Progress,9.51
1849,13,Designer,252.4,Completed,5.98
1850,15,Analyst,324.7,In Progress,6.99
1850,13,Coordinator,162.7,Completed,7.38
1851,12,Designer,152.6,Completed,7.69
1852,2,Lead,117.6,Delayed,6.39
1852,5,Manager,45.0,Delayed,8.41
1853,12,Analyst,245.9,Completed,9.45
1853,7,Manager,270.4,Delayed,5.49
1854,6,Developer,151.6,Completed,9.51
1854,3,Designer,61.3,Completed,6.1
1854,10,Coordinator,349.9,Delayed,8.88
1855,13,Coordinator,224.7,Delayed,5.53
1855,1,QA,117.8,Completed,5.64
1855,4,Designer,379.3,Delayed,5.44
1856,10,Developer,57.6,In Progress,7.94
1857,15,Analyst,328.4,Delayed,8.57
1858,11,Lead,60.4,In Progress,8.5
1858,15,Manager,103.0,Completed,6.65
1859,9,Manager,180.7,Delayed,5.68
1859,1,QA,73.4,Completed,7.36
1859,12,Developer,344.9,In Progress,5.8
1860,2,Manager,225.7,Delayed,6.85
1860,15,Manager,252.6,Completed,8.13
1860,10,Designer,209.3,Completed,7.14
1861,14,Coordinator,138.0,Delayed,9.72
1862,3,Lead,311.2,Delayed,9.9
1862,15,Coordinator,112.6,In Progress,6.85
1862,8,Coordinator,262.9,Completed,6.24
1863,5,Designer,214.5,Delayed,6.32
1864,7,Lead,126.1,Completed,9.13
1864,2,Manager,54.2,In Progress,7.47
1864,13,Analyst,261.4,Delayed,9.15
1865,11,Lead,107.1,Completed,7.73
1865,5,Coordinator,118.9,In Progress,7.94
1866,6,Manager,298.3,Completed,6.33
1866,10,Developer,137.7,In Progress,6.47
1866,8,Designer,151.7,Delayed,9.9
1867,7,Analyst,209.2,In Progress,9.42
1867,11,Manager,396.7,Delayed,7.3
1868,5,Manager,276.0,Completed,7.59
1868,1,Analyst,114.1,In Progress,6.26
1869,5,Developer,110.2,Completed,8.47
1869,15,Manager,233.7,In Progress,9.45
1869,12,Analyst,358.3,Delayed,8.29
1870,12,Manager,121.0,Delayed,5.76
1870,15,QA,331.4,In Progress,9.9
1871,12,QA,300.6,Delayed,9.27
1871,3,Coordinator,112.7,Delayed,9.91
1872,5,Manager,67.4,Completed,5.46
1872,1,Developer,222.0,In Progress,8.25
1872,14,Coordinator,206.1,Delayed,7.75
1873,14,QA,271.0,Delayed,7.31
1873,9,Manager,189.4,Delayed,9.52
1873,7,QA,192.3,In Progress,8.09
1874,3,Developer,94.1,Delayed,8.56
1874,2,Developer,265.9,Delayed,7.48
1874,1,QA,180.1,In Progress,9.66
1875,11,Coordinator,334.9,In Progress,6.71
1875,2,Lead,157.9,Delayed,7.62
1875,4,Manager,136.1,Delayed,7.29
1876,6,Designer,223.1,Delayed,8.1
1877,4,Coordinator,103.6,Delayed,6.88
1878,15,Coordinator,384.8,Completed,6.74
1878,4,Analyst,73.0,Delayed,5.13
1879,8,Developer,282.0,Completed,5.44
1879,14,Coordinator,320.0,In Progress,5.88
1880,11,QA,281.7,Completed,5.13
1880,6,Analyst,199.1,In Progress,9.59
1880,13,Manager,194.8,Completed,5.66
1881,7,Coordinator,123.1,Completed,5.92
1882,12,QA,165.5,In Progress,7.73
1882,1,Coordinator,82.4,Delayed,6.94
1882,10,Designer,284.4,In Progress,9.93
1883,1,QA,184.9,Delayed,5.15
1883,11,QA,129.0,In Progress,9.64
1883,9,Coordinator,57.4,In Progress,8.96
1884,12,Coordinator,266.4,Completed,6.66
1884,1,Manager,246.0,Delayed,7.81
1884,11,Manager,149.7,Delayed,9.19
1885,13,Lead,200.4,Delayed,8.16
1885,14,Lead,127.2,Completed,8.09
1886,6,Developer,72.9,Delayed,7.91
1886,7,Lead,360.0,Delayed,8.8
1886,3,Developer,53.5,Delayed,8.27
1887,9,Coordinator,267.7,In Progress,5.3
1887,13,QA,139.2,In Progress,7.91
1888,11,Lead,310.6,Completed,9.68
1888,5,Analyst,203.6,In Progress,5.65
1888,6,Manager,94.3,Delayed,5.96
1889,15,Coordinator,330.9,Delayed,7.6
1890,8,Designer,77.3,Delayed,5.43
1890,3,Analyst,370.9,In Progress,8.64
1891,2,Analyst,71.6,Completed,8.35
1891,14,Analyst,219.9,In Progress,5.35
1892,11,Designer,305.2,Delayed,8.97
1893,5,Analyst,64.6,In Progress,8.65
1894,10,QA,140.7,In Progress,6.91
1894,5,Analyst,180.4,Completed,7.28
1895,2,Analyst,86.5,Delayed,7.11
1895,13,Designer,281.9,Delayed,6.72
1896,3,Developer,73.2,In Progress,5.65
1897,14,Analyst,371.1,In Progress,7.11
1897,10,Coordinator,112.4,In Progress,7.48
1897,3,QA,207.8,Delayed,5.64
1898,1,Lead,166.6,Delayed,9.39
1899,2,Manager,121.4,In Progress,8.25
1899,4,Lead,117.3,In Progress,9.67
1900,1,Developer,368.1,Completed,8.76
1900,2,Lead,143.6,Completed,5.89
1900,8,Designer,330.4,Completed,5.11
1901,6,QA,337.8,Completed,9.63
1901,2,Analyst,109.8,In Progress,9.52
1901,4,Coordinator,265.6,In Progress,7.05
1902,9,Developer,243.9,Completed,9.76
1902,10,Coordinator,248.6,Delayed,9.0
1902,8,Manager,318.5,Delayed,7.39
1903,14,QA,323.5,In Progress,9.1
1904,15,QA,325.0,Completed,8.13
1904,10,QA,211.4,Delayed,9.09
1905,11,QA,350.6,Delayed,9.99
1905,3,Coordinator,304.4,Completed,5.47
1905,4,Manager,310.6,Completed,9.32
1906,4,Coordinator,214.2,Delayed,8.0
1906,1,Lead,289.1,Delayed,8.51
1907,8,Coordinator,394.0,Completed,5.17
1907,15,Manager,312.1,Completed,9.81
1907,10,Developer,62.9,Delayed,5.91
1908,4,Manager,274.5,In Progress,6.77
1909,1,Lead,316.3,Completed,7.97
1909,15,QA,178.6,In Progress,5.18
1909,13,Designer,216.8,Completed,8.73
1910,11,Developer,155.1,Delayed,6.05
1910,4,QA,286.3,Completed,7.11
1911,13,QA,175.7,Delayed,8.28
1912,4,Analyst,112.4,In Progress,9.37
1912,9,QA,83.6,Delayed,8.33
1912,11,Developer,247.0,Delayed,5.15
1913,2,Manager,176.3,Completed,5.07
1913,13,Analyst,323.5,In Progress,6.13
1913,10,Developer,139.6,Delayed,6.44
1914,6,Coordinator,324.8,Delayed,5.01
1914,11,QA,96.8,Delayed,7.07
1914,4,Developer,170.4,Delayed,7.06
1915,11,Lead,398.1,Completed,6.67
1915,6,Manager,182.8,In Progress,9.68
1916,14,Coordinator,275.4,Delayed,6.37
1916,6,Designer,334.7,Completed,7.35
1916,9,QA,306.8,Completed,7.15
1917,10,Designer,389.6,Delayed,6.6
1917,9,QA,143.5,Delayed,5.6
1918,10,Analyst,166.7,Delayed,7.48
1918,9,Developer,53.5,Completed,6.43
1919,15,QA,321.0,Completed,9.39
1919,14,Manager,353.4,Completed,6.52
1920,3,Designer,233.5,In Progress,8.39
1921,2,Developer,269.6,Delayed,9.09
1921,12,Designer,289.8,Delayed,5.35
1922,3,Analyst,173.7,In Progress,8.36
1923,1,Analyst,221.5,Completed,5.3
1923,4,Developer,219.9,In Progress,5.16
1923,13,Analyst,299.7,Delayed,5.37
1924,11,Lead,226.4,Completed,7.49
1924,15,Designer,309.1,In Progress,6.06
1925,8,Analyst,94.5,In Progress,6.01
1925,5,QA,209.3,In Progress,8.91
1926,6,Designer,361.7,Delayed,8.55
1926,13,QA,317.3,In Progress,8.76
1927,15,Coordinator,184.1,In Progress,5.91
1927,5,Lead,241.0,In Progress,5.79
1927,13,Lead,174.7,In Progress,5.83
1928,9,Designer,314.9,In Progress,6.25
1928,14,Designer,399.0,In Progress,6.87
1929,10,Coordinator,335.9,In Progress,9.85
1929,4,Coordinator,296.7,Delayed,5.18
1929,1,Developer,94.5,Delayed,5.31
1930,10,QA,322.2,Completed,9.02
1931,9,Coordinator,94.7,Completed,7.4
1932,1,Coordinator,305.3,Delayed,8.37
1933,15,Manager,137.6,Delayed,7.47
1934,4,Coordinator,120.3,Completed,8.51
1934,14,Manager,119.5,In Progress,5.13
1935,4,Coordinator,369.5,Completed,7.37
1935,10,Developer,393.4,Completed,5.35
1935,12,Designer,180.9,Completed,6.53
1936,8,Manager,288.9,In Progress,8.68
1936,3,Analyst,232.3,Delayed,5.57
1937,3,Analyst,291.3,In Progress,6.93
1937,9,QA,233.1,Delayed,8.38
1937,6,Designer,313.8,In Progress,8.7
1938,3,Analyst,279.8,In Progress,6.47
1938,14,Coordinator,137.3,Completed,9.92
1938,9,Developer,193.7,Completed,5.25
1939,3,Manager,78.4,Completed,8.32
1939,8,Coordinator,367.4,Completed,7.63
1939,7,Analyst,49.9,Delayed,7.95
1940,6,Coordinator,41.6,Delayed,8.08
1940,2,Developer,219.1,Delayed,9.93
1941,1,Developer,244.6,Completed,5.28
1942,9,QA,329.7,In Progress,6.47
1943,9,Coordinator,116.3,Delayed,5.08
1943,1,Designer,75.0,Delayed,5.56
1944,15,QA,182.9,In Progress,5.58
1945,2,Developer,74.5,Delayed,5.09
1945,10,Lead,183.5,Delayed,6.97
1945,7,Lead,197.5,In Progress,5.96
1946,4,Analyst,396.2,In Progress,5.27
1946,8,Lead,336.8,In Progress,5.92
1947,12,Coordinator,231.8,Completed,5.04
1948,4,Developer,313.9,Delayed,7.89
1948,14,Analyst,375.5,Delayed,5.64
1949,3,Manager,371.2,In Progress,8.45
1949,8,Manager,59.5,Completed,7.99
1949,13,QA,290.7,Delayed,7.05
1950,14,Coordinator,158.5,In Progress,8.04
1950,8,Manager,199.8,Delayed,7.69
1951,12,Lead,367.8,Completed,6.75
1951,15,Manager,43.7,Delayed,5.72
1952,6,Lead,77.0,In Progress,8.29
1953,11,Designer,357.2,Delayed,8.47
1953,12,Developer,363.8,Delayed,7.22
1953,14,Coordinator,348.4,Completed,6.29
1954,10,QA,132.8,In Progress,5.53
1954,4,Lead,345.7,In Progress,9.37
1955,7,QA,206.5,Delayed,6.27
1955,8,QA,260.9,In Progress,9.87
1955,15,QA,101.9,Delayed,6.76
1956,11,Developer,397.1,In Progress,6.8
1957,10,QA,115.2,In Progress,6.43
1957,8,Analyst,269.5,In Progress,6.31
1958,3,Analyst,215.5,In Progress,6.86
1958,9,Analyst,200.6,In Progress,7.44
1958,6,Analyst,310.8,Delayed,9.73
1959,4,QA,256.6,Completed,9.73
1959,5,QA,156.8,Completed,7.98
1960,9,Manager,326.0,Delayed,8.82
1960,10,Lead,298.4,Completed,6.58
1961,14,Manager,132.6,Delayed,8.55
1961,13,Analyst,370.4,In Progress,9.4
1962,11,Analyst,286.9,In Progress,5.69
1962,6,Lead,302.2,Completed,5.88
1963,14,Lead,120.9,Completed,6.71
1964,3,Coordinator,272.1,In Progress,5.66
1965,7,Designer,331.5,Delayed,7.89
1965,3,Analyst,220.8,Delayed,9.12
1965,15,Developer,160.2,In Progress,5.66
1966,10,Manager,187.7,In Progress,6.29
1966,3,Coordinator,354.3,In Progress,9.64
1967,8,Analyst,338.6,Completed,7.94
1967,3,Manager,292.8,In Progress,6.09
1967,11,QA,58.0,Completed,8.35
1968,10,QA,163.3,In Progress,5.33
1968,11,Developer,93.3,Delayed,8.84
1969,11,Lead,333.0,Completed,6.51
1969,14,Designer,301.3,Completed,6.9
1970,4,Developer,93.7,Completed,8.62
1970,9,Lead,92.5,Completed,9.35
1970,6,Designer,344.8,In Progress,5.62
1971,7,QA,105.3,Completed,7.84
1972,8,Developer,121.8,In Progress,9.72
1972,10,Coordinator,271.3,Completed,8.29
1973,5,Coordinator,115.1,Completed,6.11
1973,2,Designer,294.1,In Progress,8.71
1974,6,Designer,299.3,In Progress,7.54
1974,10,QA,286.4,Delayed,8.26
1974,7,Developer,93.4,Completed,6.94
1975,12,QA,100.2,In Progress,5.63
1975,15,Coordinator,214.7,Completed,8.99
1975,2,Lead,141.5,Delayed,5.85
1976,7,Lead,238.3,Delayed,9.97
1976,6,Lead,189.9,Delayed,6.43
1977,4,Manager,312.9,Delayed,8.76
1977,14,Designer,103.1,Completed,7.27
1978,14,Analyst,245.0,In Progress,5.19
1978,13,Coordinator,193.5,In Progress,6.7
1978,15,Designer,154.4,Delayed,9.58
1979,10,Lead,121.9,Delayed,7.18
1979,8,Lead,265.6,In Progress,7.24
1979,13,Developer,286.4,In Progress,8.15
1980,10,Coordinator,297.0,Completed,9.76
1980,14,Coordinator,349.5,Delayed,7.65
1981,8,Analyst,74.9,In Progress,6.06
1982,9,Manager,181.8,Delayed,8.83
1982,15,Coordinator,329.5,In Progress,9.71
1983,12,Lead,343.8,In Progress,5.81
1984,6,Analyst,305.6,Completed,8.33
1985,12,Coordinator,186.8,In Progress,8.9
1985,14,Coordinator,172.2,In Progress,8.4
1985,11,Analyst,378.6,Delayed,9.29
1986,14,QA,259.3,In Progress,8.99
1986,15,Developer,134.2,Delayed,7.62
1986,1,Designer,341.2,In Progress,7.93
1987,3,Manager,184.8,Delayed,9.23
1987,7,Designer,212.6,Completed,6.33
1988,14,QA,144.8,In Progress,6.17
1989,7,QA,229.3,Delayed,7.94
1989,10,Designer,172.2,In Progress,7.56
1990,6,Analyst,305.9,Delayed,9.85
1990,3,Developer,246.0,Delayed,7.11
1990,12,Lead,296.5,Completed,6.31
1991,5,Coordinator,168.2,In Progress,5.49
1992,7,Designer,240.9,Completed,9.79
1993,1,Developer,124.2,Delayed,5.61
1993,4,Analyst,187.6,In Progress,5.82
1994,4,QA,349.7,Completed,6.78
1994,13,Designer,242.2,Completed,7.48
1994,2,Lead,338.8,In Progress,6.91
1995,11,Coordinator,64.3,In Progress,5.78
1995,10,Analyst,384.5,In Progress,5.65
1996,10,QA,61.4,Completed,8.55
1996,11,Coordinator,41.9,Delayed,5.8
1997,11,Lead,245.3,Completed,5.93
1997,8,Analyst,394.7,Delayed,7.07
1997,1,Analyst,145.9,Completed,5.98
1998,2,Developer,348.9,In Progress,9.12
1998,9,Designer,65.3,Completed,6.5
1998,15,Coordinator,61.1,Delayed,5.89
1999,12,Lead,112.7,Completed,7.11
1999,4,QA,240.7,Completed,6.76
1999,5,Manager,185.6,Delayed,6.7
2000,4,Lead,248.8,Completed,8.58
2001,9,Lead,61.6,Completed,7.19
2002,9,Designer,289.2,Delayed,6.76
2003,14,Manager,64.5,In Progress,7.38
2003,1,Lead,163.0,Delayed,6.1
2003,15,Designer,385.4,Delayed,8.75
2004,14,Designer,351.5,Completed,7.7
2004,2,Lead,128.8,In Progress,9.08
2005,11,Manager,116.2,Completed,8.07
2005,5,Manager,64.9,In Progress,5.28
2006,11,Lead,71.8,Delayed,9.4
2006,1,Lead,56.1,Completed,6.08
2006,15,Analyst,163.0,In Progress,9.44
2007,12,Manager,358.6,In Progress,6.65
2008,9,Analyst,271.6,Delayed,8.56
2008,6,Lead,147.8,In Progress,9.89
2008,3,QA,117.6,Completed,6.05
2009,2,Analyst,233.0,Completed,9.35
2010,3,Developer,374.1,Completed,5.81
2010,11,QA,382.1,In Progress,5.78
2010,1,QA,304.7,In Progress,5.94
2011,8,Developer,248.2,Completed,5.2
2012,12,Analyst,124.4,Completed,7.3
2013,2,Developer,141.3,In Progress,9.11
2013,15,QA,118.7,Completed,5.01
2014,7,Designer,157.2,Completed,8.45
2015,9,Coordinator,139.1,Delayed,7.69
2015,3,QA,133.8,Delayed,5.02
2015,1,Manager,121.6,Completed,9.59
2016,1,Designer,41.2,In Progress,7.06
2016,14,Designer,196.4,Delayed,8.41
2017,11,Developer,286.9,Completed,9.25
2017,3,Designer,183.6,Completed,8.13
2017,12,Designer,197.1,Delayed,6.26
2018,10,Developer,338.8,Completed,7.11
2018,14,Analyst,285.6,Completed,8.45
2018,4,Coordinator,73.9,In Progress,8.75
2019,14,Designer,254.6,Delayed,7.39
2019,13,Analyst,195.6,Completed,5.11
2020,8,Designer,223.5,Completed,9.46
2021,3,Developer,292.2,Completed,9.2
2022,1,QA,264.6,Completed,7.1
2022,12,Coordinator,281.5,Delayed,7.82
2022,15,Developer,90.8,Completed,6.88
2023,4,Analyst,292.5,Completed,5.06
2023,9,Coordinator,100.4,Completed,7.84
2024,11,Coordinator,132.9,Completed,5.1
2024,4,QA,380.6,Completed,7.53
2024,5,Manager,397.1,In Progress,8.72
2025,9,Manager,339.1,In Progress,5.95
2026,6,Coordinator,184.7,Completed,5.13
2026,2,QA,216.9,Delayed,7.67
2026,5,Analyst,175.1,Completed,5.22
2027,3,Coordinator,257.4,In Progress,9.58
2028,12,Designer,228.3,Delayed,6.56
2028,9,Developer,358.4,In Progress,6.02
2029,8,Lead,270.2,In Progress,6.52
2029,13,Designer,100.1,Delayed,8.78
2030,15,Manager,79.4,In Progress,8.08
2030,14,Developer,295.6,Delayed,5.71
2031,1,Lead,162.8,Delayed,9.72
2032,1,Analyst,183.4,Delayed,6.44
2032,7,Lead,130.9,Completed,8.21
2032,2,Manager,269.1,In Progress,6.71
2033,5,Lead,93.3,In Progress,9.88
2033,4,Developer,389.4,Completed,8.05
2034,10,Designer,118.9,Delayed,8.78
2034,15,Coordinator,124.3,Completed,8.95
2034,14,QA,368.0,In Progress,7.42
2035,5,Analyst,122.0,In Progress,7.08
2035,8,Lead,209.4,In Progress,7.61
2036,2,Manager,213.1,Completed,5.86
2036,10,QA,42.7,In Progress,6.34
2036,5,Coordinator,165.1,In Progress,7.56
2037,8,Manager,287.0,In Progress,6.43
2038,12,QA,340.4,Completed,5.9
2038,5,Designer,384.7,Delayed,8.21
2038,15,Analyst,131.6,Completed,7.71
2039,10,Coordinator,90.6,Delayed,5.16
2039,4,QA,285.8,Completed,7.8
2040,9,Manager,387.7,In Progress,6.62
2040,11,Coordinator,301.8,Completed,5.68
2041,7,QA,205.5,Delayed,7.38
2042,10,Coordinator,102.2,Completed,5.37
2042,7,Analyst,112.0,In Progress,5.2
2043,9,Analyst,236.3,In Progress,8.52
2043,4,Coordinator,186.1,Completed,9.36
2043,3,Designer,122.4,In Progress,8.07
2044,9,Manager,323.7,Completed,5.99
2044,11,Designer,98.1,Delayed,8.24
2044,1,Manager,394.1,In Progress,6.15
2045,10,Manager,228.2,Completed,6.55
2045,12,Manager,117.7,Completed,6.45
2046,11,Designer,133.0,Delayed,6.25
2047,11,Developer,240.2,Completed,9.72
2047,7,Coordinator,145.0,In Progress,5.75
2047,10,QA,208.9,In Progress,9.65
2048,8,Designer,106.6,Completed,8.47
2049,9,QA,184.1,Delayed,6.39
2049,2,Developer,100.2,In Progress,6.36
2049,3,Manager,209.2,In Progress,9.97
2050,12,Coordinator,326.9,In Progress,5.3
2050,6,QA,115.0,In Progress,6.33
2050,15,QA,158.5,Completed,7.76
2051,7,Analyst,133.2,Delayed,6.38
2052,14,Developer,285.0,Delayed,5.41
2052,8,Manager,335.1,Completed,9.82
2053,6,Lead,66.8,In Progress,7.24
2053,3,Developer,384.0,Delayed,7.69
2053,12,Developer,399.3,Delayed,5.23
2054,5,Developer,121.1,In Progress,7.1
2055,9,Developer,286.9,In Progress,7.26
2055,1,Developer,52.0,Completed,8.14
2056,13,QA,337.5,Completed,5.62
2056,5,Coordinator,216.4,Completed,8.75
2056,3,Developer,52.4,Completed,9.29
2057,7,Manager,92.9,In Progress,8.96
2057,6,Coordinator,180.8,Delayed,7.6
2058,11,Designer,86.4,In Progress,8.81
2059,11,QA,126.4,In Progress,5.73
2059,14,Developer,85.1,Completed,5.78
2059,4,Designer,88.0,Delayed,8.52
2060,12,Designer,112.6,In Progress,8.13
2060,2,Designer,132.9,Delayed,9.63
2061,7,Lead,139.8,In Progress,9.46
2062,13,QA,384.4,Delayed,8.77
2063,12,Manager,394.1,Completed,9.74
2063,1,Coordinator,271.1,Completed,7.57
2063,3,QA,205.1,Completed,6.53
2064,5,Lead,71.9,In Progress,8.33
2065,2,Designer,241.4,Completed,7.11
2066,12,Lead,249.4,Completed,6.32
2066,4,Manager,347.7,In Progress,7.57
2066,7,Developer,354.8,Completed,7.88
2067,9,Designer,260.3,Completed,5.62
2067,15,Lead,389.6,Delayed,9.48
2067,12,Developer,139.3,Completed,7.78
2068,10,QA,165.4,Delayed,8.5
2068,8,QA,182.7,In Progress,6.9
2069,11,Analyst,120.6,Delayed,9.92
2069,5,Manager,50.4,In Progress,9.82
2070,7,Analyst,180.0,Delayed,6.76
2071,8,Coordinator,243.3,In Progress,6.09
2071,14,Designer,134.1,Delayed,9.59
2072,8,Manager,46.9,Delayed,8.38
2072,12,Designer,193.5,In Progress,8.71
2072,10,QA,362.2,In Progress,5.69
2073,15,Designer,123.1,Completed,6.02
2074,1,Developer,211.8,In Progress,9.14
2075,15,Designer,202.4,Completed,7.47
2075,8,Manager,280.6,Delayed,9.17
2075,2,Developer,320.6,Delayed,9.82
2076,5,Lead,314.7,Completed,5.55
2076,3,Designer,97.4,In Progress,5.83
2077,14,QA,58.3,In Progress,8.03
2078,12,Coordinator,69.7,Completed,5.7
2078,11,Lead,161.4,Completed,5.02
2079,14,Coordinator,129.9,Delayed,8.77
2079,11,Lead,317.2,Delayed,8.09
2080,3,Developer,267.8,Delayed,6.11
2081,6,Designer,359.0,In Progress,9.0
2081,14,QA,303.5,Delayed,5.96
2081,4,Designer,139.5,Completed,5.33
2082,1,Lead,371.7,Delayed,9.18
2082,4,Designer,386.8,In Progress,7.58
2083,2,Coordinator,338.7,Delayed,8.87
2083,7,QA,211.6,Completed,6.49
2083,3,Analyst,59.6,In Progress,8.65
2084,14,Developer,364.4,In Progress,5.26
2085,10,QA,120.2,Delayed,5.3
2086,5,QA,133.4,Completed,5.74
2087,1,Lead,80.6,Completed,7.24
2087,6,Manager,264.6,In Progress,6.06
2088,13,Manager,353.5,Completed,7.7
2088,7,Lead,214.1,Delayed,6.19
2088,14,Designer,85.8,Completed,7.33
2089,1,Designer,93.2,In Progress,9.76
2089,4,Developer,50.5,In Progress,8.36
2089,7,Developer,118.1,Delayed,7.78
2090,2,Designer,195.0,Delayed,9.08
2091,1,Manager,45.4,Delayed,5.64
2091,5,QA,119.8,Completed,5.02
2091,9,Coordinator,150.5,In Progress,7.85
2092,8,Manager,180.7,Delayed,7.2
2093,9,Developer,358.6,In Progress,7.45
2093,13,Developer,110.6,Completed,9.93
2093,12,Analyst,315.5,Completed,9.68
2094,6,Developer,338.4,Completed,9.02
2094,14,Lead,47.9,Delayed,6.78
2095,12,Analyst,127.6,Completed,5.02
2096,9,Manager,204.5,Completed,5.41
2097,9,Developer,167.6,Completed,5.51
2098,15,Developer,198.9,Delayed,6.55
2098,1,Designer,69.7,Completed,7.76
2099,13,Analyst,360.2,In Progress,8.59
2099,1,QA,50.9,In Progress,6.07
2100,12,Coordinator,164.4,Delayed,9.8
2100,10,Developer,331.0,Completed,7.05
2100,5,Designer,191.4,In Progress,5.34
2101,7,Coordinator,241.0,Delayed,8.9
2101,8,Developer,394.8,Completed,6.47
2101,11,Coordinator,164.7,In Progress,7.99
2102,1,Lead,104.3,Completed,9.84
2102,6,Analyst,283.5,Delayed,8.04
2102,2,Lead,197.2,Completed,9.42
2103,1,Lead,303.7,Completed,8.76
2103,5,Coordinator,94.3,Delayed,5.21
2103,6,Developer,87.2,Delayed,5.27
2104,15,QA,67.6,Delayed,8.55
2105,1,Designer,312.6,In Progress,7.38
2105,14,QA,303.1,In Progress,7.55
2106,6,Manager,172.6,Completed,9.0
2106,13,Analyst,236.2,Delayed,5.38
2107,11,Manager,154.0,Delayed,8.8
2107,7,Coordinator,321.4,Delayed,6.27
2107,2,Manager,158.9,Completed,6.9
2108,3,Lead,310.5,Completed,6.07
2109,12,Manager,389.0,In Progress,6.23
2109,7,Developer,347.4,Completed,8.93
2109,6,Lead,88.0,In Progress,7.96
2110,7,Lead,336.7,Completed,8.97
2110,12,Manager,377.4,Completed,8.84
2111,11,Coordinator,269.4,In Progress,6.24
2111,9,Developer,326.6,In Progress,6.05
2111,7,Coordinator,389.2,In Progress,7.06
2112,4,Coordinator,386.3,Completed,9.75
2113,14,Coordinator,352.6,Delayed,5.15
2113,13,Analyst,99.3,In Progress,6.21
2114,4,Lead,139.7,Delayed,5.71
2115,8,Developer,74.2,Delayed,9.47
2115,5,Designer,297.8,In Progress,9.92
2116,3,Developer,269.5,In Progress,9.16
2116,11,Designer,97.2,In Progress,7.58
2116,5,Coordinator,371.3,Completed,5.93
2117,3,Developer,135.1,Delayed,6.89
2117,6,Coordinator,105.8,In Progress,8.09
2118,4,Lead,354.0,Completed,9.68
2118,1,Developer,57.0,Delayed,8.33
2119,3,Designer,179.5,In Progress,9.39
2119,14,Analyst,382.9,In Progress,8.42
2120,3,Developer,52.6,In Progress,8.17
2121,3,Manager,222.5,Completed,8.82
2122,11,Designer,160.0,Completed,5.12
2122,14,Lead,186.9,Completed,8.27
2122,3,QA,314.7,Delayed,9.19
2123,10,Developer,388.8,Completed,6.25
2123,5,QA,300.7,In Progress,9.98
2123,14,QA,66.9,Delayed,9.71
2124,6,Analyst,257.8,Completed,5.46
2124,7,Designer,133.4,Completed,6.23
2125,9,Analyst,160.5,Completed,7.99
2126,13,Analyst,105.0,In Progress,5.87
2126,7,Coordinator,349.1,Delayed,9.05
2126,2,Designer,359.9,Completed,7.95
2127,13,Lead,175.9,Delayed,7.9
2127,3,Coordinator,133.8,Delayed,5.08
2127,4,Coordinator,357.9,Delayed,5.73
2128,1,Lead,390.6,Delayed,6.77
2128,14,Analyst,274.0,Delayed,6.95
2128,15,QA,270.5,Completed,5.17
2129,13,QA,287.2,Completed,8.07
2129,5,Designer,118.8,Completed,7.24
2130,8,Manager,205.6,Delayed,6.58
2130,13,Lead,279.3,Completed,5.5
2130,14,Analyst,226.4,Delayed,6.53
2131,7,QA,81.9,Delayed,6.05
2132,14,Designer,376.0,Completed,8.6
2133,1,Developer,268.8,In Progress,9.23
2134,1,Manager,285.1,Completed,9.18
2135,11,Developer,232.1,Delayed,8.16
2136,12,Manager,147.6,In Progress,7.51
2136,13,Analyst,251.0,Completed,7.78
2136,4,Designer,295.8,Completed,6.97
2137,11,Coordinator,118.1,Completed,8.72
2138,11,Developer,204.7,Delayed,7.42
2139,4,QA,385.9,Delayed,6.17
2139,13,Analyst,281.3,Delayed,6.26
2139,8,Designer,173.6,Completed,6.18
2140,9,Analyst,372.7,Completed,7.56
2141,14,QA,264.6,Completed,6.78
2141,7,Manager,371.0,In Progress,5.41
2141,2,Manager,365.1,Completed,9.62
2142,2,Designer,188.3,Delayed,7.81
2143,1,Manager,189.4,In Progress,7.36
2143,13,Manager,190.3,Delayed,9.14
2144,4,Designer,195.2,Completed,9.31
2145,5,Analyst,176.9,Delayed,6.67
2145,3,Lead,314.2,In Progress,9.05
2146,8,Coordinator,120.6,Completed,5.66
2147,12,QA,251.9,Completed,8.88
2147,11,Manager,225.8,Completed,9.66
2148,9,Manager,361.1,In Progress,8.5
2148,15,QA,168.2,Delayed,8.99
2148,1,QA,355.3,Delayed,5.09
2149,6,Analyst,180.7,In Progress,5.04
2150,2,Designer,223.3,In Progress,7.19
2150,5,Manager,164.5,In Progress,7.22
2150,11,Designer,149.2,Delayed,8.62
2151,3,Developer,195.3,Delayed,5.57
2151,8,Developer,183.7,Completed,6.51
2151,15,QA,67.0,Completed,6.23
2152,4,Designer,141.6,Completed,7.35
2153,13,Manager,280.3,Delayed,7.17
2153,4,Designer,154.0,In Progress,9.8
2154,7,Designer,199.2,In Progress,6.32
2154,10,Coordinator,205.0,Delayed,8.64
2155,11,Manager,303.9,Delayed,5.78
2155,12,QA,353.4,Delayed,5.55
2156,13,Lead,218.1,In Progress,8.32
2157,10,Lead,146.8,Completed,8.83
2157,13,Coordinator,353.4,Completed,9.56
2158,11,Coordinator,202.8,Completed,6.36
2159,12,QA,50.2,In Progress,8.62
2159,10,Analyst,293.4,Delayed,9.93
2159,7,QA,82.1,Delayed,6.29
2160,10,Manager,314.6,Delayed,9.4
2161,5,Designer,187.6,Delayed,5.7
2161,7,QA,182.7,Delayed,5.44
2161,11,QA,398.0,Delayed,9.6
2162,11,Lead,349.3,Completed,5.98
2163,13,Analyst,325.8,In Progress,6.21
2163,4,Developer,289.4,Completed,7.1
2164,13,QA,122.5,Completed,6.37
2164,1,Designer,392.9,Delayed,7.86
2165,13,Coordinator,320.5,In Progress,9.32
2165,6,Designer,105.2,In Progress,8.4
2166,8,Designer,298.0,Completed,8.5
2166,5,Coordinator,132.0,Delayed,7.57
2166,14,Developer,124.6,Completed,9.21
2167,13,Manager,395.7,In Progress,7.31
2167,5,Developer,270.5,Delayed,9.56
2167,9,Manager,360.9,Completed,7.11
2168,1,Manager,87.6,Completed,8.73
2169,12,Developer,192.0,Completed,9.11
2169,9,Designer,305.7,Delayed,8.23
2169,7,Lead,145.9,In Progress,9.97
2170,10,Lead,187.3,Delayed,5.81
2170,3,Coordinator,68.8,In Progress,8.16
2171,3,Manager,344.5,In Progress,5.15
2171,7,QA,225.8,In Progress,7.23
2172,6,Manager,59.6,Completed,5.67
2173,10,Lead,133.8,In Progress,8.9
2174,6,Analyst,374.6,In Progress,9.13
2174,1,Designer,214.1,In Progress,5.93
2175,2,Manager,351.1,Completed,7.46
2176,7,Lead,74.4,Completed,5.21
2176,1,Coordinator,165.6,In Progress,7.12
2177,5,Coordinator,88.5,Delayed,7.64
2177,14,Developer,353.7,In Progress,6.47
2177,4,Analyst,184.6,Completed,9.19
2178,12,Coordinator,283.3,Completed,8.07
2179,7,Lead,182.0,Delayed,9.24
2179,9,Designer,169.2,In Progress,8.78
2180,14,Lead,197.5,Completed,9.12
2180,4,Manager,69.8,Completed,9.49
2180,8,Designer,121.7,Completed,6.97
2181,11,QA,61.9,Completed,5.61
2181,6,Manager,332.8,Delayed,8.94
2182,2,Analyst,276.1,Delayed,7.69
2183,2,Analyst,41.4,Delayed,5.66
2184,9,Lead,380.2,In Progress,9.17
2184,1,Lead,158.5,Completed,9.18
2184,14,QA,58.1,Delayed,5.74
2185,15,Lead,96.0,Completed,9.93
2185,11,Designer,389.2,Completed,9.12
2185,12,Manager,354.6,In Progress,6.14
2186,10,Lead,339.6,In Progress,6.33
2186,8,Analyst,343.6,In Progress,9.87
2187,13,Coordinator,259.2,Completed,5.19
2188,7,Lead,144.6,Completed,8.38
2188,12,Analyst,293.7,Completed,6.09
2188,15,Lead,337.2,In Progress,6.43
2189,10,Developer,311.6,Delayed,6.51
2190,15,QA,42.2,Completed,9.35
2191,2,Developer,239.3,In Progress,8.19
2191,6,Developer,92.4,Completed,6.61
2191,10,Manager,220.7,Completed,6.28
2192,1,QA,204.9,In Progress,6.68
2193,7,Analyst,356.0,In Progress,9.28
2193,15,Developer,278.9,In Progress,7.03
2193,2,Developer,217.3,Completed,6.99
2194,9,Manager,222.2,Completed,9.3
2194,10,Designer,219.2,In Progress,6.24
2195,12,Analyst,186.2,Completed,6.09
2195,2,Manager,292.8,Delayed,5.79
2196,13,Analyst,209.1,Delayed,5.56
2197,15,QA,188.3,Delayed,6.54
2198,6,Developer,137.4,Delayed,7.61
2198,13,QA,366.1,Completed,5.04
2199,12,Analyst,212.0,Delayed,7.72
2199,4,Designer,41.8,Delayed,5.5
2199,15,Developer,100.4,Completed,8.11
2200,10,Analyst,64.0,In Progress,9.75
2201,12,Developer,131.4,In Progress,5.94
2202,8,Lead,393.1,Delayed,7.65
2202,3,Designer,359.9,Completed,6.32
2203,8,QA,183.3,Completed,5.55
2203,6,Manager,97.3,In Progress,5.36
2204,13,QA,58.0,In Progress,8.91
2204,15,Designer,186.8,In Progress,8.5
2205,9,Designer,267.1,In Progress,9.46
2205,4,Manager,378.7,Completed,9.08
2206,8,Designer,173.5,In Progress,9.3
2207,15,Developer,370.6,Completed,6.39
2207,11,Coordinator,139.9,Delayed,5.38
2207,5,Designer,254.3,In Progress,6.48
2208,6,Analyst,188.5,Completed,8.81
2208,7,QA,234.7,Delayed,5.58
2208,11,Coordinator,384.8,Completed,6.96
2209,2,Analyst,197.7,In Progress,8.78
2209,10,Coordinator,61.3,In Progress,7.46
2210,8,Manager,319.5,In Progress,5.25
2211,13,Lead,221.2,In Progress,6.25
2212,6,Manager,184.7,Completed,8.78
2213,5,QA,294.1,Completed,9.53
2213,4,QA,316.5,Completed,5.09
2213,6,QA,161.8,Delayed,6.25
2214,13,Analyst,113.4,In Progress,8.04
2214,15,Manager,110.9,Delayed,8.47
2215,7,Analyst,288.3,Completed,5.08
2215,13,Designer,124.3,Delayed,6.12
2216,7,Developer,309.4,Completed,6.73
2216,15,Coordinator,257.1,Completed,8.11
2217,14,Coordinator,390.2,Delayed,9.1
2218,14,Analyst,336.2,Completed,9.89
2218,13,Developer,351.1,In Progress,6.93
2219,13,Lead,219.4,Completed,6.91
2219,15,QA,80.5,In Progress,9.92
2220,8,Manager,341.8,In Progress,8.31
2221,8,Designer,350.8,Delayed,9.75
2221,12,Developer,368.9,Completed,9.88
2222,14,Lead,55.2,In Progress,8.92
2222,8,Designer,129.5,Completed,7.7
2223,3,Lead,118.8,Delayed,5.37
2223,7,Manager,264.0,In Progress,9.78
2224,15,Coordinator,234.9,Delayed,6.39
2224,6,Lead,211.2,Completed,5.19
2225,8,Analyst,179.4,In Progress,9.66
2226,15,Lead,234.4,In Progress,9.51
2226,6,Analyst,195.3,Completed,8.62
2227,13,QA,239.8,Completed,6.88
2228,2,Lead,311.8,Completed,5.6
2229,13,Designer,248.6,Completed,9.81
2230,13,Designer,373.5,Completed,7.76
2231,11,Analyst,188.8,In Progress,6.1
2232,1,Coordinator,345.9,Completed,5.09
2233,5,Lead,270.0,Delayed,8.81
2234,2,Lead,297.7,Delayed,5.22
2235,14,QA,142.4,Delayed,6.55
2235,13,QA,376.0,Completed,8.99
2235,11,QA,259.6,Completed,7.5
2236,6,Coordinator,177.8,In Progress,9.78
2237,6,Coordinator,104.2,In Progress,8.08
2237,14,Manager,83.3,Delayed,6.49
2238,1,Designer,169.6,Delayed,7.91
2239,11,Coordinator,83.9,Delayed,9.56
2240,9,Coordinator,255.2,Completed,8.96
2240,11,Designer,111.9,In Progress,8.07
2241,2,QA,317.4,Completed,7.07
2241,13,Lead,92.5,Delayed,7.56
2242,12,Lead,193.0,In Progress,9.63
2243,15,Coordinator,116.2,In Progress,6.25
2244,11,Lead,304.5,Delayed,7.72
2245,9,Manager,187.2,Delayed,7.21
2245,13,Designer,264.6,In Progress,6.5
2246,3,Developer,100.3,Delayed,8.63
2247,4,Coordinator,148.8,Completed,5.97
2247,6,Coordinator,155.5,Completed,6.19
2248,12,Developer,264.9,In Progress,5.43
2249,5,Developer,284.2,Completed,5.78
2250,1,Manager,293.5,Completed,7.64
2250,7,QA,126.6,Completed,8.64
2251,12,Analyst,284.4,Completed,8.7
2251,5,QA,288.7,Completed,5.82
2252,5,QA,207.4,Completed,7.85
2252,15,Designer,248.8,In Progress,6.36
2252,2,Designer,121.4,In Progress,8.9
2253,10,Lead,153.8,In Progress,7.96
2254,14,Coordinator,356.3,Completed,7.7
2255,10,Lead,325.3,In Progress,6.07
2256,5,QA,379.5,Completed,9.75
2256,8,Lead,124.4,Completed,8.71
2257,13,QA,362.4,In Progress,7.53
2258,4,Coordinator,279.2,In Progress,8.95
2258,3,Designer,76.5,In Progress,7.5
2259,11,QA,317.1,In Progress,5.02
2259,12,Manager,295.3,Delayed,9.2
2259,6,QA,331.5,Delayed,5.11
2260,12,Developer,306.8,In Progress,8.5
2261,13,QA,389.3,Completed,7.11
2261,9,Lead,140.1,Completed,8.03
2261,12,Lead,134.8,Completed,5.68
2262,6,Developer,362.9,In Progress,9.0
2262,13,QA,214.9,In Progress,8.47
2263,10,Lead,182.2,Completed,8.9
2264,14,Developer,278.9,Completed,8.84
2264,11,QA,378.3,Completed,6.43
2265,12,QA,357.6,Completed,9.69
2265,11,QA,46.3,Delayed,6.73
2266,10,Designer,308.2,In Progress,5.85
2266,4,Developer,246.4,Completed,5.56
2266,15,QA,302.2,Delayed,5.46
2267,6,Designer,361.7,In Progress,5.42
2267,11,QA,342.6,Delayed,8.19
2267,1,Lead,188.8,Completed,8.52
2268,8,Developer,142.1,Completed,7.71
2268,5,Analyst,327.4,Delayed,7.21
2268,1,Lead,346.3,Delayed,7.6
2269,8,Designer,223.6,Delayed,5.18
2269,12,Coordinator,59.6,Delayed,5.79
2270,4,Developer,289.3,In Progress,9.17
2270,1,Analyst,130.1,Delayed,6.07
2271,1,Designer,92.4,Completed,8.45
2271,9,Designer,280.5,Completed,9.42
2272,2,Coordinator,63.7,Completed,9.62
2272,12,QA,136.8,Delayed,7.97
2273,10,QA,107.9,Delayed,8.44
2273,13,Lead,309.9,Completed,8.63
2273,7,Manager,328.0,In Progress,6.74
2274,7,Designer,112.0,In Progress,5.91
2274,12,QA,320.4,In Progress,8.11
2275,10,Manager,397.0,Completed,9.36
2276,10,Lead,180.9,Delayed,5.6
2276,2,Analyst,197.4,Completed,9.18
2277,13,Analyst,105.9,In Progress,9.29
2278,15,Coordinator,357.5,Completed,7.53
2278,13,Analyst,173.7,Completed,5.46
2279,1,Manager,162.1,In Progress,9.64
2279,8,Coordinator,101.9,Delayed,6.75
2279,3,Manager,185.2,Completed,8.08
2280,4,Analyst,306.6,In Progress,6.98
2281,15,Developer,383.4,In Progress,8.72
2281,14,Analyst,377.0,Completed,7.81
2281,1,Analyst,346.8,In Progress,5.56
2282,12,Coordinator,316.8,Completed,8.78
2282,5,Manager,260.5,In Progress,9.55
2283,2,Lead,337.8,In Progress,8.37
2284,13,Manager,98.0,Delayed,6.07
2284,8,Designer,80.4,Completed,9.94
2285,11,Designer,318.0,Delayed,6.12
2285,15,Developer,294.3,In Progress,8.71
2286,2,Lead,323.0,In Progress,7.15
2286,4,Analyst,248.4,Delayed,6.77
2286,14,Lead,301.8,Completed,7.85
2287,15,Coordinator,82.5,In Progress,8.42
2288,5,Designer,392.1,Completed,9.39
2289,10,QA,121.7,In Progress,7.06
2290,3,Developer,143.7,Delayed,5.42
2290,5,QA,72.0,Completed,8.54
2291,8,Coordinator,44.3,Delayed,8.43
2292,2,QA,322.7,Delayed,9.49
2292,15,QA,361.5,In Progress,7.87
2292,13,QA,204.3,Completed,8.41
2293,10,Coordinator,160.8,Delayed,6.06
2293,6,Developer,64.9,Delayed,5.21
2293,12,QA,97.9,In Progress,5.87
2294,8,Coordinator,234.9,Delayed,7.82
2295,11,Designer,237.2,Completed,8.29
2296,3,Developer,398.1,In Progress,5.74
2296,10,Analyst,118.1,In Progress,5.58
2297,5,Developer,211.7,Completed,7.28
2297,11,Lead,51.7,Delayed,8.02
2297,4,Coordinator,67.0,Completed,8.68
2298,12,Manager,171.4,In Progress,7.68
2299,4,Developer,74.9,In Progress,8.76
2300,6,Lead,83.3,Completed,7.61
2300,15,Designer,283.0,In Progress,7.49
2301,8,Coordinator,350.4,Delayed,8.27
2301,12,Analyst,47.4,Completed,6.59
2302,1,Manager,373.2,In Progress,8.53
2303,1,Lead,380.9,In Progress,5.17
2303,7,Lead,242.9,Delayed,5.14
2303,3,Lead,280.4,Completed,6.46
2304,10,Developer,198.4,Delayed,9.43
2304,14,Designer,190.8,In Progress,7.51
2304,8,Designer,294.6,Completed,7.65
2305,8,Designer,256.2,Completed,5.87
2305,1,QA,215.0,Delayed,6.92
2305,14,QA,93.7,Delayed,7.28
2306,14,QA,66.6,Delayed,7.9
2306,2,Manager,202.5,Completed,6.63
2306,10,Coordinator,192.2,Delayed,7.63
2307,10,Designer,94.3,Delayed,9.35
2307,12,Developer,57.3,Completed,9.53
2307,11,QA,319.4,Completed,8.7
2308,15,Analyst,364.5,Completed,7.74
2309,6,Developer,188.6,Completed,7.6
2309,1,Manager,346.9,Completed,6.61
2310,11,Designer,277.2,Completed,6.99
2311,2,Designer,365.3,In Progress,8.51
2311,8,Manager,268.3,Completed,8.88
2312,12,Coordinator,346.3,Delayed,6.55
2312,15,Designer,327.2,Delayed,6.12
2312,1,Developer,232.9,Delayed,6.76
2313,9,Designer,104.9,Completed,8.5
2313,10,Analyst,373.8,In Progress,5.65
2314,8,Developer,271.5,Completed,8.31
2314,14,Analyst,51.6,Delayed,6.54
2314,9,Analyst,190.7,Delayed,7.18
2315,5,QA,49.6,In Progress,5.89
2316,5,Coordinator,86.9,In Progress,7.01
2317,5,Manager,279.1,Completed,5.47
2317,2,Designer,133.2,Completed,7.17
2318,3,Coordinator,185.3,In Progress,5.35
2319,13,Analyst,58.8,Completed,9.84
2320,9,Developer,147.7,Completed,5.1
2320,1,QA,363.8,Completed,7.46
2321,12,Developer,47.8,In Progress,5.8
2321,11,Designer,44.4,Completed,8.94
2322,13,Lead,329.1,Completed,7.59
2322,2,Analyst,280.6,Delayed,9.54
2322,6,Lead,91.7,Completed,5.46
2323,12,Analyst,252.7,Delayed,9.14
2323,3,Designer,230.2,Delayed,6.63
2323,1,QA,274.4,Delayed,6.78
2324,4,Developer,244.0,Completed,9.17
2324,8,Lead,89.6,In Progress,5.34
2324,5,Developer,177.3,In Progress,9.55
2325,6,Manager,287.7,In Progress,7.22
2325,7,Designer,243.5,Completed,6.25
2325,13,Lead,373.7,In Progress,6.51
2326,15,Developer,86.9,In Progress,5.63
2327,7,Lead,79.1,Delayed,5.74
2327,5,Analyst,105.8,Completed,5.85
2327,9,Designer,270.0,Delayed,6.15
2328,15,Lead,182.8,Delayed,5.91
2328,14,QA,156.3,Delayed,8.41
2328,3,Lead,181.5,Delayed,7.75
2329,11,Lead,288.5,Delayed,7.57
2329,10,Analyst,228.4,In Progress,8.51
2329,6,QA,79.8,Completed,5.42
2330,4,Developer,255.5,In Progress,9.15
2330,11,Designer,227.9,Completed,9.45
2331,10,Analyst,140.1,In Progress,6.03
2331,2,Coordinator,369.2,Completed,9.39
2331,9,Manager,251.0,Completed,7.01
2332,7,Manager,179.6,Delayed,9.98
2332,4,QA,167.6,In Progress,6.39
2333,14,QA,323.2,In Progress,5.35
2333,7,Lead,349.5,In Progress,7.53
2333,1,QA,121.0,Delayed,9.57
2334,13,Coordinator,361.3,Completed,8.13
2334,8,QA,198.3,Delayed,8.41
2334,1,Developer,280.9,Completed,9.07
2335,7,Coordinator,118.1,Completed,6.03
2335,5,Coordinator,97.6,Completed,5.47
2336,10,Manager,150.9,Delayed,5.78
2336,3,Manager,178.7,Completed,7.4
2337,10,Analyst,158.2,Completed,8.08
2337,7,Lead,210.5,Completed,6.06
2338,8,Developer,371.5,Delayed,9.86
2338,14,Developer,191.1,In Progress,6.49
2339,15,Developer,302.9,Completed,7.79
2339,10,Lead,307.0,In Progress,8.22
2340,12,QA,118.5,Delayed,8.65
2340,11,Analyst,137.6,Completed,5.74
2341,4,Designer,208.6,Completed,8.99
2341,14,Manager,75.0,Delayed,7.29
2342,5,Analyst,154.2,In Progress,5.71
2343,13,Developer,65.2,In Progress,5.77
2343,2,QA,64.3,Completed,7.94
2344,13,Designer,326.6,Delayed,8.49
2344,6,Developer,237.8,In Progress,5.52
2344,2,Designer,376.9,Completed,8.88
2345,10,Coordinator,152.2,Delayed,8.24
2345,15,Analyst,233.7,Completed,8.27
2346,2,Analyst,86.2,In Progress,7.95
2346,14,Designer,366.0,In Progress,6.99
2347,1,Analyst,45.0,Completed,5.13
2347,9,Designer,377.5,In Progress,6.87
2347,14,Developer,380.7,In Progress,5.02
2348,11,Lead,395.0,Completed,6.92
2349,11,Lead,124.6,In Progress,5.83
2349,13,Coordinator,227.5,In Progress,7.79
2349,5,Developer,110.8,Completed,5.23
2350,2,Coordinator,80.7,Delayed,7.09
2351,1,Manager,161.6,In Progress,7.72
2351,5,Designer,351.1,In Progress,6.09
2352,7,Coordinator,386.8,Completed,7.25
2352,11,Manager,145.5,In Progress,9.58
2352,6,Coordinator,75.1,Delayed,5.65
2353,15,Analyst,152.0,Delayed,5.39
2353,4,Manager,261.0,In Progress,8.94
2354,9,Analyst,291.0,Delayed,7.25
2354,2,Designer,206.2,Delayed,6.63
2355,12,Manager,125.3,Completed,6.26
2355,3,Coordinator,337.9,In Progress,7.41
2355,6,Designer,374.1,In Progress,5.65
2356,12,QA,139.4,Completed,9.87
2356,10,Developer,197.2,In Progress,7.99
2356,13,QA,76.2,In Progress,5.99
2357,10,Lead,363.5,Delayed,6.13
2358,11,QA,362.6,In Progress,6.08
2359,2,Manager,226.9,In Progress,5.08
2360,14,Designer,340.4,In Progress,8.66
2360,8,Coordinator,51.2,Delayed,7.82
2361,6,Developer,372.9,In Progress,8.5
2361,2,Manager,314.8,Completed,9.28
2361,11,Designer,122.3,In Progress,7.96
2362,8,Manager,340.9,In Progress,8.81
2363,4,QA,274.1,In Progress,5.34
2363,9,QA,213.5,Delayed,6.2
2363,3,Manager,268.6,Completed,7.78
2364,14,Designer,114.6,Delayed,8.38
2365,6,Manager,227.6,Completed,7.2
2365,5,Lead,158.7,Delayed,8.22
2365,13,Developer,371.8,Delayed,8.71
2366,14,Designer,280.1,In Progress,6.88
2367,9,Developer,224.8,Delayed,6.24
2367,2,Lead,94.6,Completed,6.92
2367,8,Lead,77.6,In Progress,8.34
2368,1,Designer,380.2,Completed,9.37
2369,13,Developer,381.8,Completed,7.52
2369,10,Coordinator,237.4,Delayed,5.74
2369,3,Lead,236.6,Delayed,7.39
2370,12,Manager,328.3,Delayed,6.18
2371,1,Designer,399.7,Completed,5.36
2371,4,Developer,179.6,Completed,6.94
2371,7,QA,155.0,Delayed,7.14
2372,3,Designer,93.6,In Progress,8.21
2373,11,Lead,72.5,Completed,9.7
2373,2,Designer,88.0,Delayed,9.33
2373,12,Developer,222.0,Delayed,7.37
2374,2,Developer,386.3,Delayed,6.43
2374,3,Designer,380.9,Completed,5.7
2375,15,Designer,311.0,In Progress,6.42
2375,3,Lead,380.4,Completed,9.37
2376,15,Manager,176.3,Completed,9.61
2377,1,Designer,150.2,In Progress,9.51
2377,8,Lead,393.2,In Progress,8.44
2377,13,Lead,381.7,Completed,5.24
2378,10,QA,378.4,Completed,6.75
2378,1,Developer,326.6,Delayed,9.72
2379,6,Coordinator,261.2,Completed,5.08
2379,5,Designer,204.0,Delayed,9.49
2379,12,Lead,43.8,Delayed,9.98
2380,9,Manager,312.8,In Progress,5.26
2381,12,Coordinator,166.0,Delayed,6.18
2381,5,Developer,237.3,Delayed,5.11
2381,6,Analyst,180.7,Completed,8.17
2382,6,Analyst,142.2,Completed,6.42
2382,1,Designer,370.1,In Progress,8.95
2383,2,Analyst,268.5,In Progress,5.87
2384,2,QA,367.4,Completed,8.51
2384,6,Designer,141.9,Delayed,8.7
2384,7,QA,87.3,Completed,6.12
2385,6,Developer,386.5,Delayed,5.53
2386,11,Lead,113.0,In Progress,5.99
2387,2,Lead,324.3,Completed,8.73
2387,8,QA,103.6,In Progress,9.91
2388,2,Lead,197.9,In Progress,5.04
2389,9,QA,238.0,Completed,7.36
2390,14,Analyst,207.1,Completed,8.57
2391,4,Manager,120.8,In Progress,9.16
2391,8,Coordinator,130.9,Completed,5.96
2391,5,Manager,48.9,In Progress,8.81
2392,7,Lead,306.3,In Progress,9.09
2392,1,Coordinator,195.4,Completed,9.46
2392,12,Analyst,144.9,Delayed,6.6
2393,2,QA,87.2,Completed,9.53
2393,15,Analyst,73.8,Delayed,7.02
2393,11,Designer,273.1,In Progress,9.38
2394,3,QA,86.8,Delayed,5.57
2394,7,QA,249.9,In Progress,8.92
2395,5,Designer,61.2,In Progress,9.79
2395,7,Designer,201.2,Completed,8.02
2396,6,Developer,208.5,In Progress,7.21
2397,1,Coordinator,88.7,Completed,6.27
2398,4,Designer,309.4,In Progress,6.39
2398,11,Coordinator,65.5,Completed,7.92
2399,3,Manager,350.9,In Progress,9.9
2399,12,Lead,388.1,Delayed,6.57
2400,10,Manager,212.3,Completed,6.77
2401,14,Designer,356.6,Completed,9.73
2402,7,Lead,226.6,Completed,9.19
2402,8,Coordinator,276.0,Completed,5.91
2402,10,Developer,284.3,Delayed,6.65
2403,4,Manager,47.4,Delayed,6.19
2404,5,Developer,106.3,Delayed,7.18
2404,1,QA,209.8,In Progress,7.47
2405,12,QA,149.7,In Progress,7.19
2405,14,Coordinator,245.6,In Progress,9.14
2405,9,QA,232.5,In Progress,7.3
2406,7,Analyst,376.5,In Progress,5.69
2406,12,Manager,154.2,In Progress,6.39
2407,5,Lead,212.2,Completed,8.3
2407,7,Manager,49.9,Completed,6.65
2407,9,QA,271.0,Delayed,9.9
2408,11,Designer,225.6,In Progress,7.21
2408,13,Designer,326.1,Completed,10.0
2409,9,Analyst,43.1,Completed,9.67
2409,14,Designer,349.5,Completed,7.01
2409,6,Coordinator,296.9,Completed,7.7
2410,3,Designer,147.5,Completed,9.72
2410,13,Designer,302.0,Completed,7.33
2411,1,QA,301.4,Delayed,7.63
2412,5,Coordinator,49.9,Delayed,9.4
2413,12,Manager,226.5,In Progress,5.16
2413,11,QA,46.7,In Progress,6.38
2413,6,Designer,150.6,In Progress,5.56
2414,11,Lead,227.1,Completed,8.81
2414,4,Lead,268.4,Delayed,6.11
2414,15,Designer,300.9,Completed,7.85
2415,3,Lead,74.6,Completed,6.08
2416,13,Lead,82.6,In Progress,7.77
2417,10,Lead,388.6,Delayed,9.11
2417,9,Lead,279.4,In Progress,8.73
2417,5,Analyst,315.3,Completed,7.72
2418,10,Lead,175.4,In Progress,6.26
2418,2,Designer,351.4,Delayed,5.38
2418,3,Coordinator,114.1,Completed,5.19
2419,2,Coordinator,56.4,In Progress,7.12
2419,10,Developer,47.4,Delayed,9.15
2420,3,Coordinator,284.3,Completed,6.96
2420,6,QA,234.1,In Progress,7.25
2420,13,Developer,286.9,In Progress,8.42
2421,12,Manager,244.9,Delayed,8.5
2421,1,Developer,334.9,In Progress,9.48
2422,2,Coordinator,280.6,Completed,8.27
2423,4,Analyst,149.3,Delayed,8.62
2424,6,QA,202.3,In Progress,7.06
2425,7,QA,75.2,Completed,5.32
2425,1,Analyst,319.3,In Progress,9.0
2426,9,Developer,147.8,Completed,7.2
2426,7,Developer,324.0,Completed,7.0
2427,1,Lead,180.9,Delayed,5.34
2428,2,Manager,186.7,In Progress,8.43
2428,1,Analyst,70.5,In Progress,8.88
2429,12,Analyst,322.7,Delayed,8.36
2429,7,Lead,148.9,Delayed,9.92
2429,6,Manager,140.4,Delayed,7.74
2430,8,Developer,250.0,In Progress,9.72
2430,9,Manager,301.1,Completed,6.17
2431,2,Designer,265.1,In Progress,7.23
2431,6,Manager,101.9,In Progress,7.38
2432,9,Analyst,104.9,Completed,7.06
2433,13,Analyst,387.5,In Progress,5.92
2434,6,Coordinator,259.0,Completed,5.98
2434,2,Developer,388.2,Completed,7.41
2434,11,Coordinator,243.0,In Progress,8.82
2435,14,Lead,156.7,Delayed,6.76
2435,8,QA,332.9,Completed,6.21
2436,2,Designer,86.9,In Progress,9.98
2436,13,Analyst,273.4,Completed,5.18
2436,9,Designer,155.5,In Progress,8.21
2437,3,QA,138.8,Completed,5.69
2437,13,Developer,92.4,In Progress,8.83
2438,14,Analyst,349.4,Delayed,5.38
2439,10,Lead,139.3,Delayed,8.31
2439,2,Lead,297.8,Delayed,7.88
2439,4,Designer,321.2,Completed,9.35
2440,5,QA,216.6,Completed,9.06
2440,12,Lead,368.6,In Progress,6.24
2440,10,Coordinator,74.4,Delayed,9.02
2441,7,Designer,312.2,In Progress,6.13
2442,6,Developer,222.2,Completed,7.98
2442,5,QA,395.8,Delayed,7.42
2442,11,Lead,385.2,In Progress,8.7
2443,14,Developer,69.3,Delayed,5.36
2443,7,Lead,166.2,Completed,7.03
2444,7,Manager,147.4,In Progress,5.64
2445,13,Analyst,88.7,Completed,8.85
2445,11,Coordinator,274.8,In Progress,7.13
2446,12,Manager,387.0,Delayed,6.88
2446,15,Designer,298.6,In Progress,6.24
2446,5,Designer,196.8,Delayed,7.01
2447,14,Manager,153.0,In Progress,6.64
2448,3,Manager,252.2,Delayed,8.39
2448,10,Manager,334.2,In Progress,8.07
2449,5,Analyst,308.7,In Progress,5.27
2450,9,Manager,134.6,Completed,9.2
2450,10,Designer,63.5,Delayed,9.44
2451,2,Developer,265.3,Completed,8.97
2451,3,Designer,266.5,Completed,7.26
2452,2,Designer,96.4,In Progress,5.39
2452,5,Coordinator,67.3,Delayed,5.51
2453,6,Manager,123.8,Delayed,7.96
2453,8,Developer,215.1,Completed,5.79
2453,11,Lead,329.0,In Progress,9.0
2454,3,Designer,221.8,Delayed,8.04
2454,10,Analyst,84.8,In Progress,8.72
2455,4,Coordinator,192.0,Completed,8.99
2455,11,Analyst,40.4,Delayed,6.08
2455,5,Designer,289.9,Completed,5.1
2456,14,QA,152.9,In Progress,7.48
2456,8,Designer,52.6,Completed,9.85
2457,12,Coordinator,263.6,Completed,8.65
2457,4,Lead,198.9,In Progress,8.18
2458,6,Analyst,213.5,In Progress,9.11
2458,1,Coordinator,328.6,In Progress,5.46
2458,7,QA,308.5,Completed,5.46
2459,9,Developer,372.1,Delayed,5.38
2460,14,Designer,85.7,Completed,6.5
2460,13,Analyst,270.4,In Progress,6.39
2460,1,Designer,152.0,Completed,9.23
2461,5,Manager,398.4,In Progress,7.21
2461,2,Manager,303.4,Delayed,8.84
2462,1,Lead,51.5,In Progress,6.34
2462,12,Manager,299.9,In Progress,7.62
2462,9,Designer,61.5,Delayed,5.14
2463,12,Coordinator,151.1,Completed,5.01
2464,3,Designer,263.5,Delayed,6.44
2465,1,Analyst,159.0,Delayed,7.88
2465,9,Coordinator,184.1,In Progress,6.33
2465,4,Coordinator,47.7,Delayed,5.22
2466,12,Analyst,339.2,In Progress,8.5
2467,15,Analyst,95.5,Completed,6.63
2467,7,QA,78.7,Delayed,5.62
2467,13,Coordinator,306.3,Completed,7.64
2468,9,Designer,124.4,In Progress,7.97
2469,15,Designer,152.3,Completed,5.23
2470,13,Coordinator,101.7,Completed,8.38
2470,5,QA,329.0,Completed,7.96
2471,4,Designer,111.1,Delayed,9.22
2472,11,QA,61.9,Completed,6.88
2473,2,Analyst,157.7,Completed,7.02
2473,5,Designer,78.5,Delayed,8.64
2474,8,Lead,77.2,Delayed,5.95
2474,14,Coordinator,150.7,Delayed,8.96
2475,10,Coordinator,77.4,In Progress,6.36
2475,9,Manager,377.4,In Progress,8.81
2475,13,Coordinator,257.3,In Progress,7.31
2476,10,Lead,295.4,Delayed,6.29
2477,1,Developer,323.7,In Progress,7.67
2478,14,Analyst,224.3,Completed,8.45
2478,4,Developer,201.7,In Progress,6.23
2479,6,Coordinator,214.3,Delayed,7.04
2479,11,Lead,251.4,Delayed,5.96
2479,15,Developer,231.3,In Progress,9.37
2480,15,Lead,395.5,Completed,9.92
2481,12,Developer,121.9,In Progress,8.65
2481,11,Lead,100.7,Delayed,9.3
2482,7,Coordinator,311.1,In Progress,6.46
2482,13,Lead,232.8,In Progress,7.53
2482,6,Developer,383.0,In Progress,6.31
2483,3,Coordinator,122.7,In Progress,7.76
2483,10,Developer,206.2,Delayed,7.89
2484,9,Lead,189.4,Delayed,6.91
2484,7,Manager,399.2,Delayed,7.48
2485,10,Designer,237.2,Delayed,7.57
2486,8,Coordinator,186.4,In Progress,5.11
2487,3,Analyst,106.7,Delayed,9.76
2488,1,QA,153.4,In Progress,7.8
2488,8,Lead,107.0,In Progress,9.25
2488,14,Lead,327.5,In Progress,6.64
2489,4,Lead,204.8,Completed,7.16
2489,8,QA,322.8,Completed,9.61
2489,13,Analyst,66.7,In Progress,9.64
2490,8,Designer,45.2,In Progress,8.28
2490,9,Designer,40.0,Completed,5.19
2490,3,Analyst,145.5,Delayed,9.7
2491,13,Analyst,53.8,In Progress,8.92
2491,2,Analyst,227.0,Delayed,5.46
2491,10,QA,370.8,Delayed,6.91
2492,12,Analyst,158.3,In Progress,8.14
2493,9,Lead,389.0,In Progress,9.41
2493,1,Designer,97.5,Delayed,8.61
2494,8,Developer,341.9,Completed,8.39
2494,3,Analyst,303.1,Delayed,6.91
2494,10,Manager,367.5,Completed,9.18
2495,14,Analyst,124.3,In Progress,9.0
2496,10,Lead,84.6,Completed,6.2
2496,7,Designer,115.1,Completed,6.61
2497,10,QA,256.5,In Progress,7.27
2497,7,Lead,169.4,Delayed,5.21
2497,1,QA,146.4,Completed,5.63
2498,10,Coordinator,169.8,Completed,8.18
2498,15,Designer,100.2,Delayed,9.9
2499,4,Designer,255.7,Delayed,7.68
2499,2,Developer,370.3,Completed,5.95
2500,6,Developer,310.4,In Progress,7.52
2501,12,Coordinator,110.5,In Progress,6.85
2501,5,Manager,92.6,Completed,7.0
2502,11,Coordinator,212.2,Delayed,5.17
2503,8,Coordinator,341.8,In Progress,6.0
2503,1,QA,54.5,Delayed,5.03
2504,4,Coordinator,82.1,Completed,6.66
2504,13,Manager,284.7,Completed,9.32
2504,15,Lead,294.6,In Progress,7.51
2505,1,QA,74.1,Completed,7.06
2505,3,Manager,256.0,Completed,8.87
2505,13,Designer,247.1,Completed,7.6
2506,10,QA,319.5,Completed,7.59
2506,9,Manager,92.8,In Progress,9.2
2507,13,Developer,378.8,Delayed,9.59
2507,14,Developer,376.8,In Progress,9.75
2508,14,Analyst,331.7,Delayed,6.08
2508,9,Lead,116.8,Delayed,8.54
2509,14,Coordinator,355.0,Delayed,9.57
2509,13,Designer,139.2,Delayed,5.38
2510,10,Lead,387.6,In Progress,9.53
2510,2,QA,211.6,Completed,6.61
2510,11,Designer,382.2,Completed,8.49
2511,10,Coordinator,323.7,Delayed,6.5
2512,7,Analyst,43.0,Delayed,9.77
2512,6,Manager,292.3,Delayed,7.57
2512,5,Manager,109.0,Completed,6.5
2513,7,Analyst,144.2,Completed,8.51
2513,2,Lead,117.5,Delayed,6.83
2513,9,Designer,323.6,Completed,6.18
2514,12,Lead,194.2,In Progress,9.94
2514,1,Analyst,329.4,Completed,5.68
2514,5,Coordinator,297.0,In Progress,5.5
2515,12,Manager,369.1,Delayed,5.54
2515,1,Coordinator,357.6,Completed,8.45
2516,12,Lead,41.5,Completed,9.86
2516,2,Coordinator,370.9,In Progress,8.11
2516,3,Developer,219.9,Completed,7.14
2517,8,Manager,344.9,Completed,7.06
2517,15,Lead,255.3,Delayed,9.47
2518,12,Lead,361.6,Completed,7.7
2518,3,QA,360.4,Completed,8.65
2519,1,QA,260.0,Completed,5.13
2519,13,Designer,163.8,In Progress,7.5
2519,3,QA,75.8,In Progress,6.67
2520,1,Manager,176.1,In Progress,6.04
2520,5,Lead,99.4,Completed,8.02
2520,7,Developer,232.9,In Progress,8.41
2521,15,Lead,367.5,Delayed,7.95
2522,5,QA,193.5,Delayed,5.38
2522,1,Coordinator,205.1,In Progress,7.72
2523,8,Analyst,40.7,In Progress,5.17
2523,12,Coordinator,327.1,Delayed,5.1
2523,9,Lead,167.7,Delayed,5.18
2524,15,Lead,73.3,Delayed,8.48
2524,4,Coordinator,152.0,Completed,5.21
2524,12,Developer,169.2,In Progress,9.59
2525,11,Developer,185.9,Completed,6.61
2526,11,Lead,348.1,Delayed,5.48
2526,3,Analyst,291.4,Completed,5.36
2526,8,Manager,167.4,In Progress,8.35
2527,3,Designer,275.1,In Progress,6.67
2527,7,Lead,229.6,In Progress,8.71
2527,8,Manager,258.0,Delayed,6.84
2528,10,Coordinator,344.7,In Progress,9.54
2528,13,Coordinator,112.7,In Progress,7.67
2529,12,Manager,157.0,Delayed,6.37
2529,8,Developer,91.5,In Progress,5.58
2530,6,QA,256.4,Delayed,5.46
2530,2,Designer,389.8,In Progress,8.3
2531,10,Coordinator,358.5,Completed,6.39
2532,6,Designer,324.8,Delayed,9.57
2532,13,Analyst,374.7,Delayed,9.71
2533,9,Designer,275.2,Completed,6.3
2533,7,QA,264.8,In Progress,8.77
2533,4,Developer,366.5,Delayed,9.1
2534,5,Developer,220.2,In Progress,5.41
2535,2,Developer,163.1,Delayed,5.03
2535,12,QA,107.7,Delayed,7.59
2535,11,Manager,181.8,Delayed,6.62
2536,11,Manager,239.4,Delayed,9.22
2536,7,QA,256.3,In Progress,7.09
2536,4,Analyst,106.0,In Progress,8.26
2537,5,Coordinator,169.7,Completed,9.18
2537,7,Manager,367.5,Completed,8.83
2537,6,Analyst,157.7,Completed,5.06
2538,15,Coordinator,117.9,In Progress,9.23
2538,4,Lead,166.0,Delayed,5.53
2538,8,Analyst,371.2,Delayed,8.46
2539,14,Manager,202.7,Completed,8.36
2539,6,Developer,274.3,Completed,9.5
2540,8,Analyst,194.4,Completed,9.56
2541,6,Analyst,220.5,Completed,7.2
2541,3,Coordinator,183.5,In Progress,8.31
2542,3,Designer,208.1,In Progress,7.24
2542,14,Lead,378.3,In Progress,7.79
2542,13,Manager,110.3,Delayed,9.98
2543,2,Developer,305.7,Completed,6.85
2543,10,Lead,122.5,Completed,8.68
2544,5,Coordinator,110.4,Delayed,9.26
2544,15,Lead,348.3,Completed,5.98
2544,7,Developer,299.7,In Progress,8.11
2545,14,Designer,263.9,Delayed,9.08
2546,14,Designer,190.8,Completed,7.25
2546,4,Coordinator,81.9,In Progress,6.74
2547,9,Developer,320.2,Completed,7.03
2548,3,Coordinator,82.4,Completed,9.67
2549,2,Analyst,53.6,Completed,7.09
2549,9,Designer,381.0,Delayed,8.01
2550,13,Manager,302.7,Completed,8.19
2550,10,Designer,84.8,Delayed,8.18
2550,6,Manager,317.7,In Progress,7.71
2551,15,Lead,158.8,Completed,7.77
2551,14,Developer,140.9,In Progress,9.73
2551,8,Designer,316.9,Delayed,9.93
2552,2,Manager,113.7,In Progress,5.35
2552,12,Designer,124.7,In Progress,8.53
2553,14,Lead,201.7,Delayed,6.52
2554,5,Coordinator,364.5,Completed,8.75
2554,6,Coordinator,139.9,Delayed,7.44
2555,7,Coordinator,120.4,Delayed,8.9
2556,8,Designer,185.5,In Progress,7.91
2557,10,QA,66.7,Completed,5.9
2557,15,Analyst,51.8,Delayed,7.45
2557,13,Developer,129.0,Completed,7.26
2558,15,Developer,71.0,Delayed,7.38
2559,14,QA,72.4,In Progress,9.13
2559,4,Analyst,361.4,Completed,6.43
2559,12,QA,304.0,In Progress,7.35
2560,8,QA,162.1,Completed,5.29
2560,6,QA,245.3,Completed,7.1
2561,5,Designer,214.6,Delayed,6.87
2561,7,Lead,67.5,In Progress,7.66
2562,10,Analyst,141.2,Delayed,5.35
2562,6,Analyst,397.8,Completed,8.18
2563,3,Coordinator,245.6,In Progress,8.57
2563,1,Analyst,149.6,Completed,5.85
2564,4,QA,355.6,Delayed,8.1
2564,12,Lead,168.2,Completed,7.25
2564,11,Analyst,254.8,Completed,6.39
2565,6,Developer,267.7,In Progress,7.12
2565,3,Lead,392.3,Completed,7.59
2566,1,QA,55.3,Delayed,6.64
2566,15,Coordinator,183.7,In Progress,9.4
2566,4,QA,327.7,In Progress,8.58
2567,10,Coordinator,297.1,Completed,7.69
2568,9,Manager,110.4,Completed,8.35
2569,10,Lead,139.9,Delayed,6.04
2569,3,QA,160.1,Delayed,5.07
2570,8,Coordinator,187.0,In Progress,6.26
2570,4,Developer,225.5,In Progress,9.31
2571,6,Analyst,178.9,In Progress,6.27
2571,10,QA,192.2,In Progress,7.58
2572,13,QA,344.9,Completed,9.52
2573,5,QA,301.7,In Progress,9.15
2574,10,Lead,180.5,Delayed,7.26
2574,2,Coordinator,338.2,Delayed,6.66
2575,10,Lead,290.0,Completed,7.26
2575,4,Manager,102.4,Completed,8.69
2575,13,Designer,275.7,In Progress,6.84
2576,9,Developer,344.6,Completed,7.43
2576,13,Lead,349.4,Completed,8.8
2577,7,QA,296.7,Delayed,8.22
2577,4,Coordinator,127.4,Completed,9.21
2578,7,QA,106.2,Completed,5.63
2579,10,Coordinator,236.1,Delayed,9.41
2579,2,Developer,399.6,Completed,8.74
2580,14,Coordinator,169.1,Completed,5.16
2580,9,Lead,107.6,Completed,9.48
2580,4,Manager,86.1,Completed,8.78
2581,1,Lead,134.5,Delayed,9.55
2581,2,QA,77.9,Delayed,7.88
2581,12,Analyst,306.5,Completed,7.34
2582,13,Developer,248.7,Completed,8.52
2582,15,Analyst,142.4,Completed,9.73
2582,12,Developer,367.1,In Progress,8.83
2583,12,Lead,258.2,In Progress,9.0
2583,15,Developer,76.5,Delayed,6.0
2584,7,Lead,374.1,Delayed,7.5
2584,4,Developer,304.4,Completed,8.04
2584,14,Lead,225.6,In Progress,8.31
2585,12,Analyst,106.2,Completed,7.01
2585,7,Coordinator,141.6,Completed,8.76
2586,15,QA,108.7,Completed,9.67
2587,5,Analyst,98.3,Completed,8.06
2587,11,Analyst,121.6,Completed,7.87
2587,13,QA,303.3,Completed,9.33
2588,6,QA,249.5,Completed,5.84
2589,4,Coordinator,181.5,Delayed,5.07
2589,13,Lead,325.3,In Progress,6.53
2589,5,Lead,395.4,In Progress,6.16
2590,12,Developer,231.2,Delayed,7.3
2590,9,Developer,79.1,Delayed,6.83
2591,5,Manager,239.4,Completed,6.06
2591,3,Coordinator,246.5,In Progress,7.85
2591,8,Coordinator,150.9,Completed,5.69
2592,3,Lead,58.2,In Progress,6.99
2592,8,Analyst,209.1,In Progress,7.84
2592,10,Manager,296.9,Completed,6.58
2593,14,Coordinator,194.0,In Progress,9.96
2594,10,Analyst,212.4,Completed,8.28
2595,5,Developer,259.6,Delayed,8.26
2596,1,Manager,365.6,Delayed,6.88
2596,2,Lead,275.5,In Progress,9.54
2596,5,Manager,291.5,Completed,8.84
2597,4,Coordinator,166.5,Completed,5.83
2598,14,Coordinator,72.0,In Progress,5.49
2598,5,Manager,145.3,Delayed,5.02
2599,11,Analyst,309.5,Completed,7.08
2599,8,Coordinator,50.8,In Progress,6.37
2600,1,Developer,257.9,Completed,8.56
2600,3,Developer,273.5,In Progress,7.78
2600,15,QA,121.8,In Progress,9.0
2601,11,Coordinator,320.0,Delayed,7.36
2602,5,Lead,192.5,Completed,6.82
2602,9,Developer,309.7,Completed,8.7
2602,6,Analyst,389.9,Completed,9.14
2603,1,Manager,280.1,In Progress,7.87
2603,5,Coordinator,194.7,In Progress,8.75
2603,12,Manager,85.0,In Progress,7.96
2604,10,Coordinator,256.7,In Progress,6.79
2604,1,Coordinator,60.7,In Progress,7.66
2605,13,Designer,199.2,Completed,9.98
2605,11,QA,90.9,Completed,8.13
2606,2,Designer,182.2,In Progress,7.61
2607,12,Developer,60.2,Delayed,5.68
2608,4,Manager,56.9,In Progress,7.48
2608,7,QA,40.6,Delayed,5.45
2609,15,Analyst,373.1,Delayed,6.3
2609,1,Analyst,178.4,In Progress,8.62
2609,14,Designer,278.3,Completed,9.78
2610,3,Lead,384.5,In Progress,6.33
2610,12,Developer,191.8,In Progress,9.14
2610,2,Developer,84.9,Completed,9.54
2611,10,Designer,398.1,In Progress,6.6
2611,15,Lead,85.0,Delayed,6.08
2612,2,Designer,138.0,Completed,8.69
2613,7,QA,87.6,Completed,7.1
2613,4,Manager,340.5,In Progress,8.48
2614,5,Analyst,197.1,In Progress,7.53
2614,6,Designer,329.5,Delayed,9.5
2615,9,Coordinator,127.9,In Progress,7.86
2616,1,Lead,122.7,Completed,8.07
2617,6,Coordinator,105.3,In Progress,5.81
2617,3,Developer,374.6,In Progress,5.17
2618,10,Lead,67.4,Delayed,7.14
2618,11,Manager,240.5,Completed,9.5
2618,12,Lead,393.5,Delayed,8.28
2619,4,Designer,387.9,Completed,6.19
2620,8,Designer,210.1,Completed,9.04
2620,6,Lead,351.1,In Progress,7.62
2621,9,QA,76.9,In Progress,7.24
2621,8,QA,399.2,Completed,6.56
2622,2,QA,345.0,Delayed,6.46
2623,9,Analyst,237.4,In Progress,7.65
2623,3,Designer,259.5,Delayed,8.29
2624,14,Coordinator,217.0,Delayed,7.74
2625,10,Coordinator,117.5,Completed,5.23
2625,8,Developer,234.8,Delayed,8.25
2625,5,Designer,102.0,In Progress,5.83
2626,12,Developer,191.9,Delayed,6.84
2626,1,Analyst,299.5,In Progress,7.64
2627,6,Designer,202.4,Completed,8.03
2627,4,Manager,188.3,In Progress,5.06
2627,10,Coordinator,288.2,Completed,5.61
2628,2,Designer,93.2,In Progress,6.55
2628,5,Manager,163.8,Completed,6.1
2629,1,QA,230.0,Delayed,7.29
2629,6,QA,279.7,Completed,6.83
2630,1,QA,175.4,Delayed,5.46
2630,12,QA,90.0,Completed,6.37
2630,4,Analyst,178.6,Completed,6.11
2631,9,Analyst,61.6,In Progress,7.8
2631,10,Developer,258.5,Delayed,6.23
2632,15,Manager,302.8,In Progress,9.79
2632,9,Lead,167.9,Delayed,6.43
2632,8,Coordinator,208.8,Completed,5.32
2633,1,Lead,99.1,Completed,9.8
2633,11,Analyst,390.3,Delayed,7.67
2634,13,Analyst,394.4,Delayed,8.49
2634,4,Manager,140.2,Delayed,9.83
2635,9,Developer,387.1,Delayed,5.19
2635,8,QA,69.3,Completed,9.18
2635,14,Designer,378.9,In Progress,7.89
2636,13,Lead,50.9,Delayed,9.58
2636,14,Manager,342.3,In Progress,7.74
2636,12,Coordinator,314.7,Completed,8.83
2637,1,QA,55.8,Delayed,9.43
2637,12,Developer,251.4,Delayed,9.74
2638,15,Analyst,317.4,In Progress,7.23
2638,6,Analyst,300.1,Completed,6.61
2639,7,Coordinator,229.6,Delayed,8.09
2639,1,Manager,112.2,Delayed,7.09
2640,12,QA,269.1,Delayed,6.37
2640,8,Manager,357.5,Completed,8.31
2641,13,Developer,304.6,Delayed,9.38
2641,4,Analyst,279.3,Completed,6.9
2642,7,Coordinator,132.9,In Progress,9.53
2642,14,QA,76.5,Delayed,9.77
2643,14,QA,382.6,Delayed,7.64
2644,7,QA,370.4,Delayed,9.73
2644,12,Designer,158.6,Delayed,8.54
2645,13,Developer,124.8,In Progress,9.8
2645,11,Coordinator,45.1,In Progress,6.39
2645,2,Lead,345.2,In Progress,7.83
2646,9,Coordinator,139.3,In Progress,8.04
2646,12,Lead,388.8,Completed,9.46
2647,13,Designer,350.4,In Progress,8.26
2647,12,Lead,137.9,In Progress,6.12
2647,11,Manager,174.4,In Progress,7.78
2648,8,Coordinator,396.0,In Progress,5.05
2648,2,Designer,307.6,Completed,7.06
2648,12,Designer,122.1,Completed,5.42
2649,2,Designer,161.4,Delayed,7.63
2650,10,Designer,226.9,In Progress,5.14
2650,15,Developer,247.4,In Progress,7.05
2651,7,Lead,104.5,In Progress,7.57
2651,1,Designer,259.5,In Progress,9.07
2652,7,Analyst,260.7,Delayed,7.34
2653,5,Lead,66.9,Completed,9.98
2653,12,Lead,373.8,Completed,7.24
2654,2,Developer,138.2,Delayed,6.29
2654,10,Manager,344.0,In Progress,9.19
2654,15,Manager,282.7,Delayed,8.27
2655,13,Manager,350.3,Delayed,8.45
2655,7,Coordinator,374.1,Delayed,9.87
2656,3,Coordinator,54.8,Delayed,7.51
2657,13,Lead,230.0,In Progress,6.98
2657,6,QA,397.2,Delayed,7.07
2658,4,Lead,143.5,Delayed,9.67
2658,13,Developer,356.9,In Progress,6.6
2659,8,QA,234.4,Completed,5.65
2659,15,Developer,366.7,Delayed,5.73
2660,15,Analyst,303.9,Completed,9.66
2660,2,Developer,68.5,Completed,8.64
2661,4,Manager,54.4,In Progress,8.36
2661,11,Lead,67.9,Delayed,7.87
2661,8,QA,46.4,Delayed,5.14
2662,13,Developer,288.3,Delayed,8.86
2662,15,Designer,160.7,Delayed,7.65
2663,12,Designer,311.9,Delayed,8.76
2664,6,Lead,228.9,In Progress,5.64
2665,8,Designer,120.6,Completed,8.88
2665,15,Lead,342.9,Completed,6.29
2666,4,Designer,190.8,Delayed,7.12
2667,8,Developer,179.7,Completed,5.03
2667,3,Lead,391.1,Completed,5.22
2668,5,Coordinator,391.4,Delayed,5.7
2669,10,Manager,80.6,In Progress,6.38
2669,9,Analyst,275.6,Completed,7.54
2669,15,Analyst,265.5,Completed,9.6
2670,1,Coordinator,113.6,Delayed,7.19
2670,10,Lead,286.5,In Progress,6.5
2670,3,Developer,68.8,In Progress,8.54
2671,8,QA,345.2,In Progress,7.21
2671,5,Analyst,247.8,Completed,8.89
2672,1,QA,366.1,In Progress,7.38
2672,8,QA,110.3,In Progress,7.46
2672,15,QA,362.0,Delayed,7.43
2673,6,Coordinator,170.2,Delayed,9.72
2673,13,Developer,250.6,In Progress,7.06
2673,10,QA,70.5,Completed,6.46
2674,11,QA,226.0,Completed,5.38
2675,12,QA,109.7,In Progress,7.15
2675,1,Coordinator,166.7,Delayed,8.14
2676,4,Manager,89.5,In Progress,6.78
2676,2,Analyst,244.9,Delayed,9.0
2677,5,Designer,212.4,In Progress,7.22
2677,8,Designer,189.9,Completed,7.62
2677,11,Designer,352.4,Delayed,7.38
2678,12,Developer,141.3,Delayed,8.35
2678,3,Lead,157.4,Delayed,7.18
2678,9,Lead,322.4,In Progress,9.51
2679,13,Coordinator,280.4,Delayed,6.94
2679,6,Manager,289.6,In Progress,6.02
2680,3,Coordinator,237.6,In Progress,5.99
2681,9,QA,344.5,In Progress,5.57
2682,15,Designer,231.8,In Progress,7.97
2682,1,Manager,74.5,Delayed,6.66
2682,8,Developer,294.8,Delayed,9.73
2683,7,Coordinator,119.3,In Progress,5.17
2683,3,Analyst,146.7,Completed,6.09
2684,13,Designer,321.1,Completed,9.15
2685,13,Lead,395.6,Delayed,7.39
2685,11,Analyst,247.8,In Progress,5.91
2685,2,Lead,200.5,Delayed,9.35
2686,12,Designer,170.0,Completed,6.92
2686,3,Analyst,292.6,Completed,5.31
2686,10,Developer,41.2,In Progress,6.25
2687,9,Coordinator,145.7,In Progress,5.01
2687,15,Developer,393.3,Delayed,9.01
2688,7,Coordinator,349.5,Delayed,7.82
2688,13,Analyst,386.6,In Progress,8.85
2689,9,Designer,289.3,Completed,6.69
2689,14,Designer,129.6,Completed,9.91
2690,1,Developer,343.4,Completed,7.95
2690,14,Lead,374.9,Completed,8.02
2691,15,Manager,128.5,In Progress,9.18
2691,5,Lead,61.7,Completed,7.18
2691,9,Designer,55.6,Delayed,5.5
2692,15,Developer,268.7,Completed,7.16
2693,13,Manager,285.8,In Progress,8.48
2693,5,Designer,121.6,Delayed,6.49
2694,1,Manager,195.6,In Progress,5.2
2695,6,Manager,212.7,Completed,7.99
2695,5,Designer,68.5,In Progress,9.11
2695,1,Manager,258.7,Delayed,8.62
2696,11,Designer,368.5,Delayed,9.55
2697,1,Coordinator,147.1,In Progress,6.32
2698,6,Lead,74.7,In Progress,9.76
2698,11,Designer,52.3,In Progress,5.37
2698,4,Lead,40.6,Completed,7.37
2699,7,Coordinator,212.8,Completed,8.25
2699,15,Coordinator,381.2,Completed,9.39
2699,10,QA,160.2,Completed,8.09
2700,8,QA,101.2,Delayed,7.27
2700,2,Coordinator,94.5,In Progress,8.64
2701,5,Designer,335.8,Delayed,6.5
2701,1,Analyst,305.2,Completed,9.48
2701,2,Developer,324.5,Delayed,6.77
2702,6,Developer,135.8,Completed,7.31
2702,9,Analyst,156.1,Delayed,6.23
2702,3,Developer,288.4,Completed,8.47
2703,14,Manager,297.1,Completed,9.77
2704,3,Manager,321.4,Completed,9.81
2704,11,Lead,348.2,Delayed,6.02
2704,4,Coordinator,220.3,Completed,6.8
2705,4,Lead,353.4,Completed,8.0
2705,12,QA,134.2,Completed,9.68
2706,10,Developer,254.3,Delayed,9.83
2706,4,Manager,64.5,Delayed,6.96
2706,1,Analyst,172.8,Delayed,7.74
2707,13,Analyst,234.8,Delayed,9.12
2707,6,Manager,349.4,Completed,6.21
2707,1,QA,301.5,Completed,6.43
2708,14,Designer,236.2,In Progress,6.0
2708,1,Lead,278.4,Completed,6.17
2708,3,QA,258.1,Completed,5.08
2709,8,Developer,144.2,In Progress,5.57
2710,14,Developer,300.9,Delayed,5.91
2711,13,Coordinator,136.8,Completed,7.2
2711,10,Lead,95.5,In Progress,6.7
2711,9,Developer,277.9,Delayed,6.42
2712,12,Coordinator,138.6,Delayed,7.67
2713,2,Lead,329.4,Delayed,5.66
2714,7,Manager,343.4,Delayed,6.17
2715,5,QA,381.9,Completed,9.22
2715,8,Designer,109.3,In Progress,9.27
2715,12,Coordinator,322.6,Delayed,8.94
2716,10,Manager,309.7,In Progress,7.99
2716,5,Designer,356.9,Completed,8.59
2716,9,Lead,243.6,Completed,6.03
2717,8,Designer,315.0,Completed,7.77
2717,4,Designer,163.6,Delayed,9.5
2717,1,Designer,299.7,In Progress,7.54
2718,11,Manager,221.5,Completed,9.56
2719,14,Lead,223.8,Completed,9.26
2719,2,Designer,135.6,In Progress,7.99
2720,10,QA,132.8,Completed,6.59
2721,8,Developer,82.0,Completed,5.4
2721,1,Analyst,242.0,Completed,7.99
2721,4,Analyst,396.1,Completed,7.09
2722,1,Analyst,320.2,Completed,6.0
2722,6,Designer,189.3,Completed,7.77
2722,14,Coordinator,295.6,Delayed,7.41
2723,15,Lead,255.1,Delayed,9.51
2723,7,Lead,307.8,In Progress,8.92
2723,5,Developer,301.3,Completed,6.68
2724,11,Analyst,241.7,Delayed,9.37
2724,3,Developer,385.7,Completed,6.71
2724,8,Analyst,117.8,Completed,5.82
2725,11,Analyst,319.6,Delayed,6.74
2725,12,QA,361.6,Completed,5.28
2725,4,QA,268.4,In Progress,8.17
2726,6,Designer,144.8,Completed,6.08
2726,14,QA,260.8,In Progress,5.49
2727,10,Analyst,156.6,Delayed,7.43
2727,1,QA,83.8,Completed,5.88
2727,3,Manager,337.4,In Progress,5.84
2728,2,Coordinator,296.3,In Progress,8.1
2728,5,Analyst,278.3,Completed,7.34
2728,11,Manager,338.0,In Progress,9.82
2729,13,Analyst,53.5,Delayed,9.64
2730,3,Manager,198.2,In Progress,6.23
2731,3,QA,225.1,Completed,5.57
2731,4,Developer,180.6,Completed,7.87
2731,1,Developer,228.8,Delayed,5.07
2732,15,Designer,318.2,Completed,7.88
2733,9,Manager,160.2,Delayed,7.74
2733,15,Manager,227.9,Delayed,7.15
2734,15,Analyst,63.4,Completed,6.35
2734,13,Designer,193.2,Delayed,5.93
2734,2,Coordinator,40.8,In Progress,7.19
2735,8,Analyst,126.1,In Progress,8.95
2735,1,Developer,149.7,Delayed,6.33
2736,15,Manager,192.4,Delayed,6.57
2736,8,Manager,69.6,Completed,7.82
2737,6,Analyst,297.2,Completed,9.47
2737,13,Coordinator,247.2,Delayed,7.66
2738,4,Manager,80.0,Completed,6.42
2738,6,Coordinator,118.8,Delayed,9.06
2739,11,Developer,259.4,Delayed,8.28
2740,9,Coordinator,151.9,Delayed,5.99
2740,15,Analyst,207.0,Delayed,6.05
2741,14,Manager,289.0,In Progress,7.61
2741,5,Coordinator,285.1,Completed,6.97
2741,2,Lead,317.5,Delayed,8.91
2742,8,Analyst,167.1,Completed,5.39
2743,4,Coordinator,73.8,In Progress,5.07
2743,10,Developer,226.5,Completed,9.63
2744,14,Lead,157.0,Delayed,9.5
2744,15,QA,117.9,In Progress,7.4
2744,6,Manager,352.3,Completed,9.29
2745,9,Developer,122.2,Completed,9.81
2745,3,Designer,258.1,Delayed,6.21
2745,6,Analyst,274.7,Completed,5.47
2746,12,Lead,346.2,Delayed,9.7
2747,8,Designer,337.7,Delayed,5.81
2747,13,Coordinator,118.0,In Progress,7.23
2748,9,Developer,274.3,Delayed,9.82
2749,3,Manager,287.9,Delayed,5.42
2749,13,Lead,195.6,Delayed,5.47
2750,6,Analyst,374.6,Completed,5.28
2750,11,Coordinator,261.9,Completed,7.21
2750,5,Developer,363.2,Delayed,9.69
2751,10,Coordinator,281.3,In Progress,6.26
2752,7,Developer,47.2,In Progress,8.32
2752,9,Lead,47.5,Delayed,8.38
2753,1,Developer,159.6,Completed,5.56
2754,7,Developer,85.4,In Progress,5.63
2755,5,Manager,275.4,Delayed,9.66
2755,14,Analyst,323.4,Completed,7.18
2756,1,Analyst,236.3,Delayed,9.76
2756,11,Coordinator,80.4,Completed,8.77
2757,10,Analyst,183.7,In Progress,5.52
2757,6,Coordinator,295.3,Delayed,9.43
2757,12,Manager,118.9,In Progress,5.43
2758,1,Designer,346.5,Completed,7.54
2758,4,QA,207.3,Delayed,8.59
2758,13,Designer,329.9,Completed,6.74
2759,14,QA,75.5,Delayed,7.61
2760,8,Analyst,301.7,Delayed,5.01
2760,14,Developer,71.3,Delayed,8.74
2760,1,QA,257.4,Delayed,7.96
2761,3,QA,326.8,In Progress,8.59
2762,13,Designer,264.3,In Progress,5.06
2763,9,Manager,262.1,Completed,7.63
2763,3,Designer,67.7,Delayed,8.1
2764,2,Coordinator,66.2,Delayed,6.51
2764,9,Designer,350.9,Completed,6.67
2765,7,Designer,42.2,Completed,6.81
2765,5,Manager,139.3,Delayed,9.84
2765,9,Manager,62.3,Completed,6.4
2766,14,Coordinator,364.4,Delayed,5.25
2766,9,Lead,238.5,Delayed,5.56
2767,6,Developer,295.4,Delayed,8.93
2768,9,QA,152.7,Delayed,9.0
2768,1,Designer,77.4,In Progress,7.85
2768,15,Manager,263.2,Completed,8.55
2769,8,QA,341.2,Delayed,8.78
2769,10,Coordinator,324.5,Completed,8.83
2769,9,Designer,127.5,In Progress,7.78
2770,9,Designer,390.5,Completed,9.14
2770,2,Manager,338.9,In Progress,8.4
2771,8,Developer,301.0,Completed,7.74
2771,4,Lead,154.8,Completed,9.28
2771,13,Designer,45.6,In Progress,9.63
2772,10,Developer,303.1,Delayed,8.7
2773,13,Coordinator,172.8,In Progress,6.38
2773,1,Designer,399.1,Completed,6.53
2773,7,Developer,100.4,Delayed,7.86
2774,14,Coordinator,62.6,Delayed,8.05
2774,9,Designer,317.8,In Progress,9.18
2774,4,Designer,53.7,Completed,5.4
2775,7,QA,253.8,In Progress,9.61
2775,6,Coordinator,151.5,In Progress,8.56
2776,14,Designer,186.6,In Progress,8.09
2776,11,Analyst,140.6,Completed,8.89
2776,4,Lead,71.2,In Progress,7.97
2777,12,Designer,279.9,Delayed,7.01
2778,2,QA,178.1,In Progress,7.55
2778,10,Coordinator,202.7,Delayed,8.98
2778,7,Coordinator,297.0,In Progress,6.17
2779,2,Lead,233.3,Completed,7.58
2779,9,Manager,64.7,Completed,9.3
2780,12,Developer,229.3,Delayed,6.27
2781,14,Manager,63.0,Completed,6.28
2781,11,Developer,360.9,Completed,9.22
2781,7,QA,249.6,In Progress,7.76
2782,4,Analyst,370.7,In Progress,5.36
2782,6,Coordinator,370.0,Delayed,8.41
2782,7,Developer,336.3,In Progress,5.56
2783,5,Manager,199.3,Completed,8.81
2784,4,Lead,384.8,In Progress,8.26
2784,11,Designer,159.9,In Progress,6.11
2785,3,Manager,125.3,In Progress,7.65
2785,4,Analyst,274.0,In Progress,8.27
2785,1,Developer,177.2,Completed,5.4
2786,14,Designer,76.0,Delayed,5.4
2786,15,Analyst,235.0,In Progress,5.28
2787,9,Developer,86.7,Delayed,9.25
2787,13,Developer,212.8,In Progress,6.14
2787,14,Manager,154.5,Delayed,7.27
2788,2,Lead,398.5,In Progress,5.27
2788,1,Designer,318.1,Delayed,8.98
2789,15,Lead,387.1,In Progress,6.49
2789,2,Developer,265.7,Delayed,5.85
2790,8,Analyst,154.6,Completed,9.85
2790,2,Developer,327.3,In Progress,5.52
2790,13,Coordinator,67.2,Completed,8.07
2791,10,Lead,343.8,In Progress,6.84
2791,6,QA,221.6,Delayed,6.08
2792,2,Coordinator,238.9,Completed,6.46
2793,6,Developer,372.9,In Progress,7.73
2794,10,Coordinator,208.3,Delayed,9.5
2794,11,Manager,206.7,Completed,5.96
2794,14,Developer,144.0,Delayed,6.94
2795,8,QA,71.4,Completed,5.01
2796,15,Coordinator,187.8,Completed,5.59
2796,2,Developer,173.3,Completed,7.74
2796,9,Coordinator,167.5,Completed,5.59
2797,8,Analyst,302.4,Completed,5.69
2797,15,Developer,249.3,In Progress,7.49
2798,1,Coordinator,176.1,In Progress,8.55
2798,12,Coordinator,265.0,Completed,5.1
2798,4,QA,241.7,Delayed,9.94
2799,7,Developer,385.0,Completed,8.31
2799,6,Designer,246.5,Completed,5.22
2799,3,Coordinator,187.8,Delayed,5.84
2800,7,Manager,370.6,Completed,8.47
2800,1,Developer,237.2,In Progress,6.0
2800,8,Designer,138.2,Completed,5.01
2801,11,Developer,375.3,Completed,8.12
2801,12,Coordinator,360.8,Completed,8.87
2802,13,Manager,293.6,In Progress,7.5
2802,6,QA,122.4,In Progress,9.39
2802,9,Manager,45.9,Completed,9.96
2803,8,Developer,305.2,Delayed,7.61
2804,3,Lead,248.0,In Progress,8.99
2804,2,Analyst,389.9,Completed,7.03
2805,2,Designer,201.0,In Progress,8.26
2805,14,Coordinator,101.4,Completed,8.38
2805,7,Analyst,348.9,Completed,8.35
2806,3,Coordinator,247.1,Delayed,6.98
2806,5,Manager,378.6,Delayed,5.77
2807,10,Manager,321.8,Completed,6.51
2807,8,QA,347.0,In Progress,7.53
2807,6,Manager,298.2,Completed,6.74
2808,6,Coordinator,305.1,In Progress,7.29
2809,11,Analyst,123.2,In Progress,5.68
2810,5,Lead,175.4,Delayed,6.68
2810,11,Designer,187.2,Completed,9.76
2810,7,QA,353.5,Completed,7.85
2811,9,Designer,157.3,Completed,7.99
2812,13,Analyst,365.8,In Progress,5.21
2813,6,Coordinator,362.6,Completed,8.77
2814,13,Developer,275.6,Delayed,6.79
2814,3,Manager,380.6,Delayed,7.43
2815,10,QA,90.0,Completed,8.44
2815,2,Manager,90.3,In Progress,9.32
2815,15,Developer,389.1,In Progress,5.67
2816,6,QA,148.2,Completed,5.04
2816,12,Designer,333.9,In Progress,8.92
2817,5,Analyst,180.1,Delayed,9.22
2817,11,Designer,339.2,In Progress,8.29
2817,14,Developer,136.1,In Progress,6.84
2818,15,Coordinator,144.4,In Progress,8.7
2818,12,Coordinator,243.8,In Progress,6.6
2819,4,Lead,296.5,Completed,7.48
2819,12,Developer,360.3,In Progress,5.85
2820,11,Manager,68.0,In Progress,9.67
2820,12,Lead,140.9,In Progress,6.07
2820,5,Developer,170.0,Delayed,5.76
2821,13,Analyst,67.7,In Progress,9.5
2821,1,Lead,228.3,Completed,8.08
2821,4,Designer,228.0,In Progress,9.53
2822,5,Lead,212.9,Delayed,6.01
2822,9,Designer,97.7,Completed,6.42
2822,10,Lead,336.4,Completed,8.01
2823,11,Lead,253.6,In Progress,5.79
2824,7,QA,123.2,Delayed,8.17
2825,15,Designer,222.5,In Progress,7.36
2825,3,QA,242.6,Delayed,7.46
2826,6,Analyst,79.1,Completed,8.98
2826,12,Designer,320.8,Completed,8.24
2827,11,Coordinator,77.6,Delayed,6.53
2828,12,Analyst,304.1,Delayed,5.33
2828,13,Developer,77.5,Completed,9.25
2829,6,Developer,52.0,Completed,6.87
2830,6,Coordinator,221.6,In Progress,8.17
2830,9,Lead,171.6,Completed,7.04
2830,4,Analyst,222.9,Delayed,5.73
2831,12,Lead,291.7,In Progress,7.23
2831,14,Developer,242.2,Completed,8.96
2832,8,Coordinator,383.8,Delayed,6.6
2832,4,Coordinator,51.6,Completed,6.26
2833,8,Manager,65.3,In Progress,8.26
2833,11,Coordinator,98.2,Completed,7.53
2833,4,QA,356.5,In Progress,7.75
2834,15,Manager,58.1,Completed,8.03
2834,5,Coordinator,344.4,Delayed,6.09
2835,13,Developer,45.7,Delayed,7.69
2835,5,Manager,252.8,In Progress,5.62
2835,6,QA,197.0,Delayed,9.46
2836,12,Designer,98.6,Delayed,7.74
2837,2,Developer,331.8,Completed,8.04
2837,15,Manager,45.6,Completed,7.0
2837,12,Analyst,142.4,In Progress,5.31
2838,1,Designer,135.2,In Progress,8.89
2838,11,Designer,260.0,Completed,8.21
2839,3,Manager,180.6,Completed,6.68
2839,6,QA,247.5,In Progress,9.94
2839,11,Analyst,257.1,Completed,7.54
2840,2,Manager,269.4,In Progress,9.34
2840,12,Lead,367.5,Completed,8.36
2841,1,Lead,93.8,In Progress,7.31
2841,7,Designer,311.7,Completed,5.02
2841,15,Designer,271.4,Delayed,9.26
2842,15,Lead,310.5,Completed,7.42
2842,8,Designer,147.9,In Progress,8.96
2842,3,Manager,216.8,Delayed,7.33
2843,1,Coordinator,250.3,Delayed,6.47
2844,14,Analyst,101.1,Delayed,6.97
2844,5,QA,340.9,Completed,6.06
2844,6,Analyst,70.3,Completed,8.49
2845,1,Designer,263.2,Completed,6.26
2846,7,Developer,173.5,Completed,9.17
2846,6,Designer,150.6,Completed,9.44
2846,11,Analyst,320.9,In Progress,7.04
2847,5,Lead,235.6,In Progress,8.12
2847,13,Lead,244.6,In Progress,7.1
2847,4,Lead,109.3,Completed,9.57
2848,5,Coordinator,344.0,Delayed,6.78
2848,11,Manager,68.7,In Progress,7.47
2848,13,Coordinator,168.4,In Progress,8.35
2849,14,QA,107.8,In Progress,7.76
2849,1,Lead,253.9,In Progress,7.72
2849,12,Lead,195.4,In Progress,9.88
2850,6,Coordinator,164.0,Delayed,5.76
2850,5,Developer,378.6,Delayed,6.1
2851,15,Analyst,276.4,Delayed,5.1
2852,13,Coordinator,359.2,Completed,6.71
2852,8,Coordinator,84.1,Completed,9.34
2853,12,Manager,265.9,Completed,7.29
2854,5,Analyst,210.9,In Progress,5.59
2854,8,Developer,116.1,Delayed,9.95
2855,11,Lead,84.3,Completed,5.32
2855,12,Lead,309.0,Delayed,9.75
2855,6,Lead,275.5,In Progress,9.09
2856,13,Manager,243.0,Completed,7.0
2857,5,QA,307.8,Delayed,9.37
2858,6,Developer,399.4,In Progress,9.16
2859,8,Lead,313.4,Delayed,6.56
2860,3,Coordinator,312.5,In Progress,5.67
2860,2,Analyst,190.5,In Progress,5.76
2860,13,Manager,46.0,Delayed,8.5
2861,7,QA,154.5,Delayed,9.93
2861,10,Coordinator,47.4,In Progress,6.81
2861,4,Analyst,80.0,Delayed,5.12
2862,11,Designer,78.5,In Progress,7.92
2863,5,Designer,311.1,Delayed,9.04
2863,3,Coordinator,320.5,In Progress,6.89
2863,12,Manager,274.7,Completed,9.82
2864,15,Developer,204.8,In Progress,7.34
2864,8,Analyst,249.2,Completed,6.41
2865,14,Developer,141.0,Completed,9.01
2865,10,Coordinator,91.6,Completed,6.38
2865,12,Designer,266.7,Completed,6.76
2866,7,Analyst,233.6,Completed,8.64
2867,1,Manager,270.4,Completed,8.95
2868,13,Designer,299.9,Delayed,5.02
2868,1,Coordinator,125.3,In Progress,9.46
2868,11,Manager,207.2,Delayed,9.27
2869,7,Manager,381.5,Delayed,6.37
2869,2,Developer,377.9,Completed,5.08
2870,12,Designer,128.1,In Progress,6.16
2870,8,Manager,83.1,Completed,7.67
2871,13,Manager,230.6,Completed,5.32
2872,8,Manager,259.8,Delayed,6.69
2872,7,Manager,376.3,In Progress,9.58
2872,6,Manager,134.6,In Progress,8.08
2873,3,QA,320.4,Delayed,7.98
2874,2,Developer,225.3,In Progress,9.56
2875,15,Developer,247.0,Delayed,5.78
2876,12,QA,54.7,Completed,5.92
2877,11,Coordinator,313.1,In Progress,7.48
2877,4,Lead,80.0,Completed,9.2
2878,8,Developer,337.6,Delayed,6.18
2878,1,Analyst,381.8,Completed,8.94
2879,15,Developer,386.7,Delayed,6.38
2880,14,Coordinator,291.8,Completed,7.73
2880,10,Developer,44.3,Delayed,7.91
2880,5,Designer,187.1,Delayed,9.65
2881,8,Developer,399.3,Delayed,9.75
2881,1,Coordinator,320.1,Delayed,6.11
2881,12,Analyst,224.0,Completed,7.76
2882,1,Analyst,302.1,Delayed,6.23
2883,15,Analyst,129.5,Delayed,5.79
2883,12,Analyst,157.1,In Progress,5.11
2884,15,Analyst,208.1,In Progress,5.9
2885,2,Lead,168.2,In Progress,8.74
2885,5,QA,314.7,Completed,9.54
2885,1,Coordinator,76.5,In Progress,7.48
2886,13,Designer,255.2,Completed,9.91
2887,12,Coordinator,395.7,In Progress,5.67
2887,8,QA,157.3,In Progress,9.44
2888,11,Developer,47.2,In Progress,7.79
2888,15,Manager,310.4,In Progress,5.79
2889,12,Developer,57.5,Completed,5.5
2890,15,Manager,57.1,Delayed,5.62
2890,7,Coordinator,276.2,Completed,9.22
2891,3,Lead,191.7,Completed,5.56
2892,11,Analyst,61.8,Completed,9.52
2892,9,Manager,86.0,Completed,9.17
2892,2,Manager,247.7,Delayed,5.2
2893,7,Manager,136.5,Completed,6.06
2893,3,Designer,120.0,Completed,5.95
2893,11,Developer,219.7,Delayed,8.89
2894,8,Coordinator,215.5,In Progress,9.99
2895,1,Lead,237.9,Completed,9.69
2896,14,Analyst,384.9,In Progress,9.71
2897,12,Coordinator,120.5,In Progress,5.57
2897,5,Manager,170.3,Completed,9.98
2897,2,Analyst,155.6,In Progress,8.17
2898,12,Lead,241.3,Completed,9.52
2898,11,Designer,384.6,Delayed,6.05
2899,4,Designer,216.2,Delayed,9.24
2900,1,Developer,389.0,Completed,9.26
2900,7,QA,112.0,Delayed,5.32
2900,11,QA,304.5,In Progress,9.22
2901,15,Coordinator,163.8,In Progress,6.36
2901,10,Designer,337.8,In Progress,6.95
2901,8,Analyst,41.6,In Progress,6.25
2902,4,Manager,382.7,Delayed,8.31
2902,14,Analyst,202.6,Delayed,6.62
2903,7,QA,359.6,In Progress,8.26
2903,6,Developer,150.1,Completed,9.77
2903,5,Lead,322.9,Completed,7.0
2904,5,Designer,54.5,Delayed,5.98
2904,13,Lead,309.9,Completed,8.24
2904,11,Manager,109.1,In Progress,5.57
2905,5,Manager,101.0,Completed,7.48
2905,6,Analyst,218.7,In Progress,7.74
2905,13,Lead,67.0,Delayed,7.11
2906,13,Manager,65.0,Delayed,9.55
2906,8,Designer,198.1,Completed,6.24
2906,7,Lead,378.8,In Progress,5.07
2907,11,Coordinator,350.7,In Progress,5.03
2908,9,Manager,143.0,Completed,9.52
2908,3,Developer,316.5,Completed,9.53
2909,7,Coordinator,77.1,Completed,8.4
2909,10,QA,186.8,Completed,8.48
2910,3,Developer,199.8,Completed,8.13
2910,10,Designer,203.1,Completed,5.57
2911,15,Manager,335.3,In Progress,7.86
2912,8,QA,214.2,Delayed,6.21
2912,3,QA,84.6,Delayed,7.78
2913,13,Manager,117.8,Completed,8.07
2913,8,Lead,237.8,In Progress,8.06
2913,5,Lead,105.5,Delayed,9.93
2914,12,QA,158.7,In Progress,9.58
2915,12,Coordinator,132.5,Completed,8.23
2916,12,QA,118.7,Delayed,8.02
2916,2,Developer,151.6,Completed,6.31
2917,6,Coordinator,214.5,In Progress,7.46
2917,8,QA,348.4,Completed,5.15
2918,1,Manager,82.1,Delayed,8.21
2918,15,QA,184.3,Delayed,6.71
2918,2,Designer,264.3,In Progress,9.78
2919,10,Manager,329.6,Completed,6.81
2919,4,Analyst,94.9,In Progress,7.22
2919,9,Designer,87.8,In Progress,9.95
2920,4,QA,376.9,Completed,6.71
2920,1,Coordinator,101.8,Delayed,6.59
2921,8,Designer,316.6,Delayed,9.46
2921,6,Designer,304.9,In Progress,5.6
2922,13,Designer,161.0,Delayed,8.29
2922,15,Developer,70.3,Completed,6.13
2923,9,QA,328.2,Completed,5.17
2923,1,Analyst,67.9,In Progress,7.3
2923,12,Lead,70.0,Delayed,8.49
2924,9,Developer,355.6,Delayed,8.13
2924,14,Coordinator,305.4,Delayed,5.37
2925,13,Coordinator,156.2,Completed,5.33
2925,15,Developer,219.2,In Progress,5.2
2926,9,Analyst,260.3,In Progress,5.33
2926,4,QA,221.6,Delayed,8.42
2926,6,Lead,151.6,Completed,7.94
2927,4,Manager,149.7,In Progress,8.73
2927,14,QA,299.9,Delayed,5.04
2927,1,Designer,46.2,In Progress,5.16
2928,11,Manager,236.9,In Progress,5.43
2929,13,Lead,119.9,In Progress,8.46
2929,12,Manager,73.3,Delayed,7.03
2930,12,Designer,128.8,Delayed,6.8
2931,9,Manager,343.5,In Progress,5.43
2931,12,Developer,82.6,In Progress,6.62
2932,10,Lead,339.7,Completed,8.57
2933,4,Designer,278.4,Completed,9.37
2933,5,Lead,165.5,In Progress,6.95
2933,8,Developer,129.0,Completed,8.23
2934,13,Designer,328.2,In Progress,5.75
2934,8,Coordinator,136.9,Delayed,8.11
2934,1,Analyst,316.6,In Progress,9.21
2935,4,Analyst,285.1,Completed,6.68
2935,10,Manager,179.3,Delayed,7.15
2936,3,Developer,128.7,Delayed,8.21
2936,2,Coordinator,195.4,In Progress,5.92
2936,1,Analyst,64.4,Delayed,5.22
2937,1,Coordinator,295.5,In Progress,6.35
2937,7,Developer,386.1,In Progress,9.14
2937,15,Designer,200.7,Completed,9.9
2938,11,Lead,305.3,Delayed,6.27
2938,5,Developer,267.5,Delayed,7.04
2938,10,Manager,380.0,In Progress,7.64
2939,5,Designer,262.3,In Progress,8.17
2940,12,Manager,391.9,In Progress,7.6
2940,1,Coordinator,294.1,Completed,8.25
2941,1,Analyst,369.2,Delayed,5.09
2941,6,Designer,228.2,In Progress,9.04
2942,7,Designer,296.3,In Progress,6.37
2942,2,Designer,325.5,Delayed,6.8
2943,7,Analyst,164.3,Delayed,7.29
2943,8,QA,338.7,Delayed,8.57
2943,4,Coordinator,71.8,Delayed,5.95
2944,2,Designer,393.7,Completed,5.53
2944,10,QA,255.4,In Progress,5.89
2945,6,Developer,111.0,In Progress,9.05
2945,11,QA,358.8,In Progress,7.24
2946,8,Manager,395.9,Delayed,7.47
2947,12,Lead,70.3,Completed,9.62
2947,13,Coordinator,205.0,Completed,6.52
2947,6,Designer,292.5,Delayed,6.74
2948,7,QA,379.4,In Progress,5.97
2948,14,Coordinator,140.2,Completed,5.06
2949,6,QA,213.8,Completed,9.95
2950,7,Manager,105.9,In Progress,6.7
2951,5,Lead,205.6,Completed,8.74
2951,12,Coordinator,265.6,Delayed,9.14
2951,9,Manager,359.8,Delayed,5.65
2952,4,Manager,398.3,Completed,9.82
2953,10,Lead,373.5,Completed,7.68
2953,2,Manager,307.8,In Progress,8.08
2954,7,QA,269.2,In Progress,5.48
2954,4,Lead,69.7,In Progress,7.06
2955,5,QA,54.6,Delayed,8.5
2955,8,Manager,287.6,Delayed,8.26
2956,15,QA,313.8,Delayed,8.73
2957,2,Coordinator,346.4,In Progress,5.38
2958,8,QA,294.4,Delayed,9.96
2958,15,Manager,384.7,Delayed,9.58
2958,13,Developer,358.2,In Progress,6.29
2959,6,Lead,142.2,Completed,7.62
2959,15,Lead,262.0,Delayed,9.37
2959,3,Lead,74.8,Completed,7.5
2960,3,Analyst,296.7,Completed,6.26
2960,9,Analyst,203.1,Delayed,9.83
2961,14,QA,91.9,Completed,8.6
2962,13,QA,116.6,Completed,9.64
2962,7,Manager,134.5,Delayed,8.05
2962,15,Lead,303.8,In Progress,9.82
2963,6,Developer,328.4,Delayed,5.85
2964,15,Designer,236.7,Delayed,7.51
2964,8,Manager,167.4,Delayed,5.26
2964,1,Lead,230.4,Delayed,8.83
2965,3,Developer,399.1,Completed,5.84
2965,6,Developer,349.0,In Progress,9.46
2965,13,QA,309.3,Completed,5.61
2966,3,QA,242.2,Delayed,6.06
2967,4,QA,45.1,In Progress,5.17
2967,13,QA,354.3,Delayed,5.8
2968,13,QA,223.9,In Progress,6.97
2968,12,Developer,356.1,Completed,8.12
2969,2,Developer,200.1,In Progress,5.61
2970,2,QA,187.4,Delayed,8.49
2970,8,Coordinator,362.9,Delayed,5.1
2971,13,QA,269.0,Delayed,5.49
2971,14,Analyst,134.5,Completed,7.43
2971,3,Lead,275.3,Delayed,6.14
2972,6,Lead,387.7,In Progress,5.15
2973,12,Manager,356.2,Delayed,6.2
2973,14,QA,353.4,In Progress,6.37
2973,15,Manager,249.1,Completed,7.44
2974,5,Lead,203.7,Delayed,5.01
2974,10,Developer,226.9,In Progress,7.16
2975,9,QA,137.2,In Progress,8.9
2975,2,Lead,266.0,In Progress,8.11
2976,4,Lead,168.5,Delayed,8.04
2976,5,Manager,324.8,In Progress,6.25
2977,6,QA,221.2,In Progress,5.37
2977,2,QA,59.7,In Progress,6.02
2977,13,Analyst,71.2,Delayed,9.89
2978,14,Developer,394.5,In Progress,5.96
2979,6,Developer,171.0,In Progress,9.14
2979,3,Developer,172.1,In Progress,7.51
2980,10,Coordinator,199.7,Completed,9.87
2980,6,Analyst,399.1,In Progress,8.99
2981,4,Analyst,262.8,In Progress,6.87
2981,5,Manager,232.7,Delayed,6.04
2981,6,Manager,259.7,Completed,5.26
2982,4,Lead,211.9,In Progress,6.92
2982,14,Designer,263.6,Delayed,9.18
2982,9,Developer,170.5,In Progress,5.65
2983,11,Coordinator,185.9,In Progress,7.06
2983,3,Coordinator,78.8,Delayed,5.91
2983,12,Designer,327.9,Delayed,8.78
2984,8,QA,304.5,In Progress,8.32
2984,4,Designer,277.2,In Progress,9.04
2985,5,Developer,304.7,Completed,9.5
2985,7,QA,387.4,Delayed,7.74
2986,4,Lead,321.0,Delayed,5.04
2986,5,Manager,350.9,In Progress,6.6
2986,11,Coordinator,46.2,In Progress,5.35
2987,9,Manager,321.5,Delayed,9.14
2987,3,Designer,286.8,Completed,5.84
2987,4,Designer,198.4,In Progress,5.09
2988,15,Developer,72.3,In Progress,6.19
2988,7,QA,108.5,Delayed,9.05
2989,10,Designer,296.8,Delayed,5.66
2989,15,Developer,196.1,Delayed,5.77
2989,13,Analyst,109.0,In Progress,7.64
2990,13,Coordinator,54.3,Delayed,6.76
2990,9,Manager,311.0,Delayed,8.1
2991,4,Manager,87.4,Delayed,9.21
2991,15,Analyst,237.2,Completed,9.81
2991,9,Lead,395.6,Completed,7.67
2992,5,QA,388.8,In Progress,6.52
2992,13,Developer,363.1,In Progress,9.86
2993,3,Lead,383.3,Completed,8.47
2993,6,Developer,57.1,In Progress,6.1
2994,12,Lead,172.5,Delayed,9.98
2994,8,Manager,170.7,Completed,9.5
2994,11,Coordinator,299.0,Delayed,7.68
2995,7,Designer,143.8,In Progress,9.18
2995,11,QA,211.0,Completed,6.64
2996,11,Lead,186.2,In Progress,8.8
2996,3,Designer,70.3,Delayed,9.04
2997,11,Lead,397.6,Delayed,9.7
2998,11,Coordinator,279.5,Completed,9.0
2998,15,Developer,121.4,Delayed,6.87
2999,12,Manager,351.0,Completed,9.99
2999,7,Developer,329.9,Completed,5.64
3000,1,Lead,261.5,Completed,7.15
3000,6,Lead,280.3,Delayed,9.41
3001,6,QA,368.7,Delayed,7.36
3001,4,Analyst,375.8,Delayed,9.32
3002,15,Developer,322.9,In Progress,9.93
3002,4,Designer,250.8,In Progress,6.73
3003,12,Coordinator,130.7,Completed,9.88
3003,9,Lead,257.0,Completed,7.6
3003,1,Lead,377.0,Completed,6.63
3004,5,Analyst,312.9,Delayed,7.13
3004,4,Developer,128.8,Delayed,6.9
3004,11,Lead,385.3,Completed,8.42
3005,3,Coordinator,265.0,Delayed,6.63
3005,5,Coordinator,233.7,In Progress,5.68
3006,4,Designer,329.2,In Progress,8.51
3007,14,Designer,213.7,In Progress,7.97
3008,14,Coordinator,170.1,Delayed,9.96
3008,10,Manager,98.8,Completed,9.31
3008,15,QA,182.8,Completed,8.74
3009,13,Developer,180.8,Delayed,5.76
3009,2,Analyst,72.8,In Progress,9.26
3010,14,Coordinator,69.9,Completed,5.41
3010,10,Analyst,284.0,Delayed,5.18
3010,15,Coordinator,229.5,In Progress,5.82
3011,13,Analyst,191.4,Completed,6.24
3011,8,Coordinator,178.8,In Progress,7.4
3012,10,Developer,98.6,Completed,6.38
3012,15,Manager,399.1,In Progress,9.41
3012,9,Lead,381.1,Delayed,8.14
3013,4,Manager,261.5,Delayed,5.66
3014,11,Analyst,229.1,Delayed,7.28
3014,5,Analyst,96.3,In Progress,6.95
3014,14,Manager,208.1,In Progress,9.54
3015,5,Coordinator,107.9,Delayed,9.51
3015,12,QA,74.2,In Progress,7.88
3015,6,Lead,208.4,Delayed,9.05
3016,14,Coordinator,84.3,Completed,9.36
3016,15,Designer,126.6,Delayed,5.04
3017,1,Lead,294.7,Delayed,5.19
3017,3,Designer,254.5,In Progress,6.01
3018,8,Coordinator,201.0,Completed,6.57
3019,2,Developer,165.9,Completed,7.96
3019,7,Designer,374.1,Completed,5.73
3019,15,Coordinator,121.6,Delayed,5.73
3020,8,Analyst,359.7,In Progress,6.29
3020,9,Coordinator,74.4,In Progress,5.75
3021,6,Analyst,93.2,In Progress,5.11
3021,3,Analyst,328.4,Delayed,9.09
3021,2,Developer,272.9,Delayed,9.86
3022,5,Developer,247.9,Delayed,6.38
3022,6,Lead,366.8,Delayed,7.33
3023,9,Lead,131.1,In Progress,6.61
3023,2,Designer,116.8,Delayed,7.83
3023,7,Designer,157.7,Delayed,8.89
3024,9,Designer,287.6,In Progress,8.19
3024,15,Designer,98.4,Delayed,9.45
3024,6,Analyst,89.4,Completed,9.49
3025,1,Coordinator,358.0,Delayed,8.55
3025,13,Manager,352.4,Delayed,8.5
3026,12,Analyst,355.2,Completed,8.83
3027,3,Developer,341.7,Delayed,7.64
3027,15,Analyst,301.2,Delayed,6.51
3028,13,Analyst,370.0,In Progress,6.86
3029,9,Coordinator,340.6,In Progress,7.74
3030,12,Coordinator,270.1,Completed,8.88
3030,5,Manager,331.4,Completed,5.9
3030,15,Manager,313.4,Completed,6.0
3031,2,Developer,222.8,Completed,8.33
3031,7,Developer,387.2,In Progress,5.65
3032,11,Developer,329.6,Delayed,5.96
3033,14,Developer,94.0,Completed,8.54
3034,10,Designer,391.0,Completed,9.02
3034,5,Manager,392.0,Completed,5.35
3034,14,Analyst,308.9,In Progress,7.19
3035,2,Manager,241.0,Completed,7.57
3036,9,Lead,188.5,Delayed,9.9
3036,4,Lead,201.1,In Progress,9.76
3037,4,Coordinator,52.5,In Progress,6.34
3037,5,QA,311.0,In Progress,8.1
3037,7,Manager,186.5,In Progress,7.87
3038,14,Coordinator,129.7,Completed,5.95
3038,10,Developer,291.0,In Progress,6.63
3039,6,Developer,356.6,Delayed,9.0
3039,3,Coordinator,161.1,Completed,6.46
3039,14,Designer,83.5,Completed,5.05
3040,6,Coordinator,275.8,Completed,7.9
3041,12,Designer,105.9,In Progress,7.74
3042,5,Manager,86.7,Delayed,8.04
3043,2,QA,167.3,In Progress,9.4
3043,14,Developer,205.8,Completed,6.51
3043,7,Lead,105.3,Delayed,6.22
3044,11,Developer,197.5,Delayed,9.41
3044,8,Designer,275.5,In Progress,6.61
3044,12,Lead,166.3,In Progress,9.71
3045,1,Analyst,217.3,In Progress,7.42
3045,13,Lead,78.6,Completed,6.35
3046,4,Analyst,166.5,In Progress,9.03
3046,1,QA,203.0,Delayed,7.98
3046,8,QA,193.1,In Progress,5.02
3047,1,Designer,215.1,Completed,6.97
3047,7,Manager,208.2,Delayed,5.62
3047,2,Developer,49.2,Delayed,7.34
3048,14,Developer,269.9,Completed,7.52
3048,13,Lead,84.5,Delayed,7.56
3048,6,Developer,244.9,Completed,6.36
3049,7,Developer,91.1,Completed,8.46
3050,12,Developer,124.4,Delayed,5.68
3050,1,Coordinator,356.7,Completed,8.72
3050,2,Manager,218.8,In Progress,9.15
3051,13,Manager,229.1,In Progress,5.96
3052,7,Lead,104.7,In Progress,9.27
3053,10,Designer,309.3,In Progress,7.22
3053,1,Designer,333.5,Completed,9.64
3054,1,Lead,269.6,In Progress,7.13
3055,7,Lead,310.5,Completed,7.38
3055,11,Analyst,345.1,In Progress,9.26
3056,3,Developer,122.1,Completed,8.91
3056,9,Coordinator,340.3,In Progress,6.1
3057,15,QA,46.8,Completed,9.27
3057,6,Designer,157.2,In Progress,7.42
3058,1,QA,301.0,Delayed,5.93
3058,14,Analyst,62.0,In Progress,6.83
3058,12,Manager,273.0,In Progress,8.77
3059,14,Analyst,58.9,In Progress,8.66
3060,15,Coordinator,204.3,Delayed,7.79
3060,14,Designer,232.1,Delayed,8.35
3061,8,Coordinator,85.6,In Progress,5.39
3062,14,Analyst,213.4,Delayed,7.38
3063,1,Developer,312.9,Delayed,7.91
3063,13,Manager,153.5,In Progress,6.82
3064,10,Coordinator,94.0,In Progress,8.46
3064,1,QA,246.5,In Progress,6.74
3064,8,Designer,278.4,In Progress,6.32
3065,10,Lead,203.9,Delayed,7.74
3066,12,Developer,189.1,Completed,7.2
3067,1,Manager,154.1,Completed,7.13
3068,4,Analyst,307.3,In Progress,9.89
3068,12,Developer,287.5,Delayed,9.99
3068,3,Analyst,117.8,Delayed,6.35
3069,4,Manager,171.8,Delayed,9.64
3069,8,Designer,50.9,Completed,7.63
3069,9,Coordinator,321.1,Delayed,9.08
3070,12,Analyst,300.1,Completed,8.79
3070,14,Coordinator,384.5,Delayed,6.65
3071,5,Lead,102.1,Completed,8.72
3071,7,Developer,327.0,Completed,5.34
3071,12,Manager,66.0,In Progress,8.41
3072,13,Manager,353.0,In Progress,8.84
3073,4,Designer,373.6,Delayed,7.64
3074,11,Manager,321.2,Completed,6.21
3074,12,Manager,345.6,Delayed,8.86
3074,2,Developer,374.8,In Progress,8.13
3075,2,Designer,333.5,Completed,9.55
3076,9,Coordinator,282.0,Completed,8.18
3077,10,Manager,65.2,In Progress,5.7
3077,1,Analyst,301.4,Delayed,8.5
3078,1,Analyst,186.2,In Progress,5.51
3078,15,Designer,273.0,Delayed,9.53
3079,1,Lead,77.2,Delayed,6.2
3079,7,Developer,326.8,Completed,5.38
3080,7,Manager,80.2,Completed,8.75
3080,12,Analyst,131.3,Delayed,8.94
3080,4,Lead,288.8,In Progress,8.21
3081,15,Manager,70.1,Delayed,8.39
3081,9,Lead,324.9,In Progress,8.68
3081,2,Analyst,100.3,Completed,8.74
3082,11,Analyst,266.5,Completed,9.37
3082,3,Analyst,384.4,In Progress,8.91
3083,14,Designer,318.4,Delayed,9.12
3083,10,Lead,138.8,In Progress,7.95
3084,15,Developer,68.7,Completed,5.49
3085,14,Coordinator,305.7,Delayed,7.81
3085,13,Analyst,51.3,Delayed,6.32
3086,10,Developer,395.2,Delayed,7.08
3086,7,Developer,131.7,Completed,9.53
3087,1,Lead,66.7,Delayed,8.01
3087,3,Designer,335.7,Delayed,5.51
3088,10,Designer,164.9,Delayed,8.1
3088,13,Manager,167.1,Delayed,7.96
3088,3,Lead,247.5,In Progress,9.53
3089,7,Developer,143.4,Delayed,8.41
3090,2,Designer,189.2,Completed,5.56
3090,9,Developer,188.4,Completed,5.69
3091,13,QA,393.2,Completed,5.06
3091,8,Designer,211.7,In Progress,7.56
3092,1,Analyst,365.3,Delayed,9.25
3093,5,Analyst,122.7,In Progress,8.97
3093,9,Developer,357.9,Delayed,7.47
3094,7,Analyst,203.9,Delayed,5.69
3095,7,Analyst,69.2,Completed,8.38
3095,5,Analyst,394.2,Delayed,7.81
3095,14,Coordinator,319.8,Delayed,7.47
3096,3,Analyst,202.8,Completed,8.04
3096,4,Coordinator,380.2,Delayed,5.34
3097,5,Coordinator,158.7,Completed,5.36
3098,13,Lead,366.2,Delayed,5.92
3098,2,Developer,337.3,Delayed,6.28
3099,13,Developer,143.2,Delayed,7.7
3099,9,Lead,86.6,Completed,8.76
3100,3,Designer,279.9,Completed,8.26
3100,1,Analyst,101.0,Delayed,5.47
3100,4,QA,378.8,Completed,8.09
3101,9,Lead,62.6,Completed,8.37
3101,8,Developer,270.9,Delayed,7.44
3102,14,Analyst,244.7,Completed,9.48
3103,8,Analyst,293.2,In Progress,7.19
3103,4,Manager,79.2,In Progress,6.63
3104,9,Manager,275.3,Delayed,5.02
3105,3,Designer,243.2,Delayed,8.43
3106,13,QA,246.9,In Progress,8.95
3106,4,Analyst,110.6,In Progress,6.19
3106,9,Developer,324.2,In Progress,6.35
3107,1,Designer,234.0,Completed,8.54
3107,14,Designer,344.1,Completed,9.14
3107,3,Analyst,196.9,Completed,7.76
3108,7,Designer,255.3,In Progress,5.39
3108,13,Coordinator,255.3,Delayed,9.42
3108,14,Developer,326.0,In Progress,7.4
3109,10,QA,143.4,In Progress,7.56
3109,11,Manager,132.6,In Progress,5.09
3110,9,QA,268.4,Completed,8.59
3110,11,Developer,300.4,In Progress,7.34
3111,5,Developer,48.3,In Progress,9.07
3111,3,Analyst,156.0,Completed,8.2
3111,9,Manager,167.2,Completed,7.16
3112,5,Analyst,89.9,Delayed,9.78
3113,12,Designer,382.3,Delayed,9.66
3113,2,Coordinator,198.5,Delayed,6.82
3113,10,Coordinator,71.2,Completed,7.78
3114,3,Manager,163.8,In Progress,8.79
3114,2,Analyst,219.2,In Progress,6.88
3114,12,Developer,328.2,Completed,8.8
3115,11,Developer,248.6,In Progress,9.73
3115,1,Designer,45.5,Completed,8.63
3115,7,Coordinator,48.1,Completed,5.35
3116,10,QA,318.1,Completed,8.93
3116,13,Designer,172.8,Delayed,9.33
3117,10,Coordinator,334.4,Completed,5.06
3117,11,Manager,337.4,Delayed,7.54
3117,2,Developer,293.5,Completed,6.22
3118,14,Analyst,261.5,Completed,7.04
3118,8,Lead,253.0,In Progress,7.48
3119,6,Coordinator,282.3,Delayed,6.35
3119,11,QA,264.6,Delayed,9.91
3119,4,Manager,101.5,Completed,9.42
3120,11,Coordinator,298.0,Completed,8.53
3121,9,QA,173.7,Completed,6.59
3122,3,QA,98.3,Delayed,5.24
3123,7,Coordinator,306.0,Completed,8.44
3123,2,Lead,110.6,Completed,6.47
3124,15,Lead,357.1,Delayed,6.81
3124,14,Designer,356.7,Completed,8.49
3125,12,Analyst,66.0,Completed,6.16
3125,2,Coordinator,375.5,In Progress,7.07
3126,5,QA,208.4,Completed,6.23
3127,11,Lead,144.0,Delayed,8.03
3127,9,QA,134.9,Delayed,6.81
3127,4,Coordinator,339.5,Completed,8.48
3128,4,Analyst,233.3,Completed,8.62
3129,13,Analyst,62.9,Completed,9.68
3129,6,Designer,70.1,In Progress,9.2
3129,2,Designer,254.8,Completed,6.19
3130,14,Analyst,270.9,In Progress,7.44
3130,3,Analyst,256.0,Completed,8.71
3131,6,Designer,253.1,Delayed,6.82
3132,9,Manager,294.2,In Progress,6.05
3132,5,Manager,320.7,Completed,6.17
3133,12,Manager,264.4,Delayed,7.81
3133,2,Manager,349.7,Completed,8.23
3134,1,Designer,255.2,In Progress,5.56
3134,2,Developer,165.0,Delayed,8.0
3135,1,QA,370.4,In Progress,8.65
3136,10,Designer,152.9,Delayed,5.6
3136,8,Analyst,274.2,In Progress,7.74
3137,6,Coordinator,285.8,In Progress,7.57
3138,2,Designer,346.1,Completed,6.58
3139,13,Developer,52.2,In Progress,7.07
3139,9,Analyst,126.9,Delayed,5.05
3139,1,Lead,372.6,Delayed,8.49
3140,12,Lead,373.3,In Progress,7.27
3140,11,QA,359.2,Delayed,6.56
3140,15,Developer,347.8,Delayed,7.1
3141,14,Coordinator,359.5,In Progress,9.22
3141,15,Developer,276.4,Delayed,5.24
3142,8,Coordinator,242.2,In Progress,6.22
3142,13,Designer,191.7,Completed,9.06
3142,7,QA,260.2,In Progress,7.25
3143,8,Analyst,234.0,Completed,5.11
3144,4,Designer,236.0,In Progress,7.99
3144,5,Lead,221.2,Delayed,5.01
3145,13,Analyst,320.7,Completed,9.72
3146,5,QA,313.0,Delayed,6.31
3147,5,Lead,325.7,In Progress,9.34
3147,13,Lead,326.0,Delayed,7.96
3147,9,Designer,344.4,In Progress,8.68
3148,15,Developer,47.3,Delayed,6.64
3149,9,Developer,295.9,Delayed,9.6
3150,1,Manager,364.9,In Progress,5.59
3150,12,Manager,106.8,Delayed,6.66
3151,14,QA,355.3,In Progress,9.53
3151,12,Analyst,65.8,Delayed,9.51
3152,6,Manager,169.9,Delayed,8.16
3152,7,Manager,332.3,Delayed,8.19
3153,13,QA,288.1,Completed,8.84
3153,8,Lead,167.9,Completed,8.22
3154,5,Designer,301.3,Completed,7.31
3155,13,Analyst,284.0,Delayed,9.83
3155,3,Developer,198.8,Delayed,8.28
3155,14,Lead,83.3,Completed,5.12
3156,15,Coordinator,52.1,Delayed,7.45
3157,1,Coordinator,371.5,Completed,7.37
3157,14,Analyst,337.2,Completed,5.57
3158,11,Coordinator,50.6,Delayed,5.97
3159,2,Coordinator,99.7,Delayed,6.28
3159,10,QA,216.8,In Progress,8.3
3160,7,Lead,184.9,Delayed,9.1
3160,3,Coordinator,63.3,Delayed,9.14
3160,9,Manager,328.7,Completed,9.92
3161,10,Coordinator,239.0,Completed,6.81
3161,13,Designer,116.3,Delayed,6.81
3161,1,Coordinator,241.9,In Progress,9.83
3162,3,Developer,369.0,In Progress,9.73
3163,6,Analyst,353.9,Delayed,5.57
3164,2,Manager,280.3,In Progress,5.98
3164,5,Analyst,338.4,In Progress,8.41
3165,8,Analyst,177.6,Delayed,9.72
3165,11,Lead,172.0,Completed,6.79
3166,7,Designer,281.3,In Progress,5.36
3166,6,Manager,354.7,Completed,9.95
3167,3,Coordinator,313.2,Delayed,9.35
3167,11,Lead,341.9,Delayed,7.06
3167,2,Manager,267.6,Completed,6.98
3168,11,Developer,349.2,Delayed,5.28
3168,8,Analyst,339.8,In Progress,9.01
3168,10,Manager,162.7,Completed,5.07
3169,1,Developer,229.1,In Progress,5.67
3169,5,Designer,352.4,Delayed,5.6
3170,9,QA,216.1,Delayed,6.04
3170,3,Manager,259.2,Delayed,5.43
3170,12,Developer,239.0,Completed,8.71
3171,10,Designer,120.8,Delayed,6.73
3172,5,Developer,349.7,Completed,6.76
3172,10,Coordinator,153.4,In Progress,6.14
3172,3,Designer,351.1,Completed,5.71
3173,15,Lead,154.4,Delayed,8.2
3174,4,Analyst,263.1,Delayed,5.57
3174,2,Designer,313.9,Delayed,9.92
3174,3,Designer,238.9,Delayed,5.6
3175,11,Coordinator,53.6,In Progress,7.65
3176,4,Designer,298.2,Completed,8.6
3176,9,Lead,360.2,Delayed,5.18
3177,11,Coordinator,152.3,Delayed,6.55
3178,9,Designer,313.6,In Progress,6.3
3178,3,Analyst,236.8,Completed,8.11
3179,10,Coordinator,41.4,Completed,8.93
3179,5,Lead,250.1,Completed,9.71
3180,9,Designer,215.0,In Progress,7.98
3181,11,QA,211.1,In Progress,7.37
3181,6,Designer,46.6,Delayed,5.35
3181,9,Designer,344.7,Delayed,7.99
3182,5,Designer,79.4,Delayed,5.92
3182,7,Designer,254.9,Delayed,5.47
3182,1,Developer,209.5,Completed,6.19
3183,4,QA,255.0,In Progress,5.62
3183,7,Developer,93.7,In Progress,5.43
3183,9,Coordinator,94.5,Delayed,8.94
3184,13,Analyst,324.7,Delayed,8.97
3185,12,QA,395.1,In Progress,5.08
3185,14,Coordinator,243.1,Completed,9.22
3186,11,Designer,144.3,Delayed,5.32
3186,6,Manager,276.7,Delayed,8.83
3187,8,Manager,102.9,Completed,9.19
3188,15,Developer,85.5,In Progress,6.47
3188,4,Manager,271.8,In Progress,5.4
3188,1,Lead,259.7,Completed,9.4
3189,3,Designer,293.0,Delayed,8.4
3189,2,Designer,129.8,In Progress,7.77
3190,4,Lead,182.4,Delayed,5.64
3190,12,Analyst,69.2,Completed,5.26
3190,9,Lead,51.9,Completed,9.67
3191,6,Analyst,334.7,In Progress,6.19
3191,15,Coordinator,51.0,Delayed,6.93
3191,9,Analyst,41.1,Delayed,5.62
3192,2,Manager,106.3,In Progress,6.49
3192,7,Manager,150.9,Completed,6.13
3192,5,Lead,54.0,Completed,9.26
3193,13,Analyst,181.3,In Progress,5.21
3193,1,Manager,261.1,Completed,9.19
3193,9,QA,150.1,In Progress,5.65
3194,1,Designer,236.5,In Progress,5.69
3195,1,QA,69.2,In Progress,9.02
3195,8,Coordinator,104.8,In Progress,5.66
3196,15,Designer,154.4,Delayed,5.01
3196,14,Designer,143.6,In Progress,6.73
3197,12,Lead,388.5,In Progress,9.28
3198,1,Manager,275.1,Completed,9.03
3198,12,Designer,229.4,Delayed,9.5
3199,1,Lead,393.8,Completed,7.57
3199,2,Coordinator,321.1,Delayed,7.33
3200,4,Analyst,48.3,Completed,8.58
3200,3,Coordinator,322.9,Delayed,6.35
3200,2,Designer,250.5,Delayed,7.99
3201,2,Analyst,182.8,Completed,9.89
3201,10,QA,152.5,Delayed,9.86
3201,1,Lead,384.7,In Progress,9.15
3202,15,Coordinator,44.7,Delayed,5.9
3203,12,Designer,334.0,Delayed,8.79
3203,2,Lead,82.8,Delayed,9.6
3203,10,Lead,372.3,Completed,9.45
3204,3,Coordinator,361.4,Delayed,6.62
3204,6,Analyst,292.0,Completed,8.9
3204,1,Lead,129.9,In Progress,5.96
3205,10,Coordinator,234.7,Completed,7.01
3205,12,Coordinator,143.1,In Progress,5.19
3206,4,Developer,360.6,Completed,6.23
3206,12,QA,173.7,Delayed,8.5
3206,15,Developer,79.6,Completed,5.74
3207,9,Analyst,223.6,Delayed,6.3
3207,7,QA,232.5,In Progress,5.01
3207,4,Coordinator,254.6,Completed,9.31
3208,9,Lead,61.8,In Progress,8.37
3209,1,Manager,161.1,Delayed,9.53
3209,7,Coordinator,315.0,In Progress,8.0
3210,12,Manager,243.5,Completed,7.47
3210,15,Manager,267.1,In Progress,7.12
3210,13,Analyst,171.3,Completed,6.0
3211,2,Coordinator,369.0,Delayed,9.46
3211,14,QA,199.9,Delayed,5.25
3211,15,Lead,62.9,Completed,6.8
3212,7,Coordinator,126.8,Completed,9.05
3213,11,Coordinator,83.1,In Progress,6.71
3213,13,QA,142.3,In Progress,7.4
3213,3,QA,394.9,In Progress,9.56
3214,14,Developer,279.4,Completed,9.8
3215,1,Designer,63.1,In Progress,6.47
3216,9,Developer,140.2,In Progress,8.99
3216,13,Designer,266.8,Delayed,7.17
3216,10,Lead,217.8,Completed,7.1
3217,6,QA,267.1,Delayed,9.51
3217,8,Developer,338.0,In Progress,9.03
3218,8,Analyst,191.2,Completed,9.35
3218,10,Manager,201.6,In Progress,8.17
3218,4,Manager,179.7,Delayed,7.52
3219,12,Lead,353.6,Completed,9.07
3219,2,Developer,312.0,In Progress,9.6
3219,7,Manager,256.2,In Progress,7.97
3220,7,Analyst,131.5,Completed,9.49
3220,11,QA,267.0,In Progress,7.38
3221,14,Analyst,201.4,In Progress,9.77
3221,5,Coordinator,187.7,Completed,9.55
3221,9,Manager,130.6,In Progress,8.79
3222,14,Manager,116.0,Delayed,6.88
3222,2,QA,306.5,Completed,7.33
3223,15,Developer,59.7,In Progress,6.12
3224,4,QA,136.8,Delayed,8.62
3224,1,QA,56.5,In Progress,6.95
3224,8,Developer,356.7,In Progress,8.72
3225,8,Coordinator,68.0,Delayed,8.85
3226,1,Coordinator,128.8,In Progress,8.66
3227,14,Designer,237.7,Delayed,7.69
3227,7,Coordinator,226.0,Delayed,5.76
3228,7,Designer,232.5,Delayed,8.99
3228,8,Manager,195.7,In Progress,6.52
3228,12,Designer,179.6,Delayed,5.5
3229,8,Manager,389.9,In Progress,5.64
3230,2,Lead,356.4,Completed,9.4
3230,13,QA,170.6,In Progress,8.37
3231,12,Designer,327.9,In Progress,5.29
3231,1,Lead,228.0,Completed,9.87
3232,2,Manager,355.7,Delayed,9.86
3232,14,Lead,335.8,Delayed,5.33
3232,8,Designer,126.5,Delayed,9.29
3233,12,Coordinator,192.1,Delayed,9.48
3233,3,Coordinator,46.7,In Progress,9.0
3234,3,Designer,120.2,Delayed,6.58
3235,9,Developer,59.9,In Progress,8.64
3235,1,Designer,152.5,Delayed,7.51
3235,14,QA,333.7,Completed,6.36
3236,10,Developer,88.3,In Progress,9.16
3236,4,Manager,133.6,Delayed,7.85
3236,11,Manager,296.4,Delayed,6.54
3237,10,Coordinator,147.9,Completed,5.96
3237,12,Designer,173.1,Completed,8.75
3237,6,Analyst,143.2,In Progress,5.05
3238,7,Analyst,138.0,Completed,7.01
3239,13,QA,66.2,In Progress,5.27
3239,15,Manager,341.4,Delayed,5.31
3240,15,QA,347.7,Delayed,7.31
3240,11,Analyst,170.5,Delayed,8.97
3241,11,QA,135.6,Completed,6.08
3241,1,QA,165.6,Delayed,8.71
3242,15,Developer,213.8,Completed,8.03
3242,2,Analyst,171.9,In Progress,8.07
3243,4,Lead,55.5,Completed,9.35
3244,14,Analyst,164.7,Delayed,9.06
3244,15,Manager,167.5,Delayed,6.12
3244,8,Analyst,302.1,Completed,8.53
3245,11,Developer,358.8,In Progress,7.92
3245,5,Manager,71.1,Delayed,5.46
3246,15,QA,135.6,Delayed,7.18
3247,12,Designer,179.4,Delayed,7.31
3247,7,Coordinator,248.7,Completed,8.35
3247,5,Analyst,319.3,Completed,6.24
3248,10,QA,337.4,Delayed,7.59
3248,15,Lead,376.8,In Progress,5.57
3249,3,Analyst,125.2,In Progress,5.21
3249,14,Developer,262.2,In Progress,6.46
3249,10,Manager,251.3,In Progress,9.97
3250,13,Coordinator,336.8,Completed,5.36
3250,6,Designer,348.8,Delayed,6.41
3251,9,Developer,389.4,Delayed,5.77
3251,13,Developer,55.7,Completed,8.7
3251,4,QA,251.1,Completed,9.62
3252,1,Analyst,90.7,In Progress,7.19
3253,12,QA,256.5,Completed,9.34
3254,14,Analyst,133.4,Completed,8.07
3255,1,Developer,390.2,Completed,8.31
3255,13,QA,55.2,In Progress,9.94
3255,14,Analyst,387.2,Delayed,9.12
3256,14,Lead,325.6,Delayed,8.54
3256,1,Manager,177.7,Completed,9.05
3256,8,Developer,390.8,Completed,5.28
3257,14,Designer,281.7,In Progress,8.35
3257,11,Coordinator,262.3,Completed,7.42
3258,5,Manager,127.3,In Progress,7.01
3258,12,Coordinator,268.1,Completed,7.24
3258,8,Lead,183.8,Completed,5.28
3259,6,Designer,319.9,In Progress,8.31
3259,8,Manager,180.9,Completed,5.26
3259,9,Analyst,110.2,In Progress,9.48
3260,10,Analyst,339.5,In Progress,6.3
3260,15,QA,68.8,In Progress,8.08
3261,3,Designer,166.2,In Progress,5.7
3261,9,Designer,146.6,In Progress,5.35
3261,15,QA,335.8,In Progress,6.86
3262,10,QA,285.1,In Progress,9.11
3263,8,Analyst,130.4,Completed,9.63
3264,14,Analyst,177.3,In Progress,7.53
3265,14,Analyst,99.7,Completed,9.49
3266,5,Analyst,372.9,Completed,5.83
3266,8,Designer,267.7,Delayed,5.09
3266,1,Analyst,389.2,Delayed,7.07
3267,9,Designer,251.0,Completed,8.04
3268,11,Manager,345.8,Delayed,5.18
3269,2,Coordinator,285.0,In Progress,8.63
3270,3,Coordinator,275.5,Delayed,7.78
3270,11,Coordinator,328.3,Delayed,5.67
3271,1,Analyst,362.9,In Progress,7.28
3272,6,Designer,231.1,Completed,6.21
3272,11,Manager,224.0,Completed,6.03
3272,4,Analyst,159.8,Delayed,5.57
3273,11,Analyst,338.0,In Progress,8.39
3273,14,Manager,141.7,Delayed,6.57
3273,4,Lead,256.3,Delayed,9.12
3274,9,Coordinator,305.5,In Progress,8.99
3275,5,Coordinator,172.0,In Progress,5.09
3275,7,Designer,267.1,In Progress,5.51
3276,10,QA,78.1,Delayed,9.48
3277,12,Lead,265.0,Delayed,8.59
3278,14,Coordinator,194.6,Delayed,8.21
3279,9,Coordinator,350.2,In Progress,5.14
3279,7,Lead,169.3,Completed,6.68
3279,13,Developer,385.0,Completed,7.2
3280,8,Coordinator,324.6,In Progress,8.81
3280,10,Coordinator,221.3,Delayed,9.09
3280,4,Lead,274.3,Completed,8.67
3281,13,Manager,186.6,In Progress,8.21
3281,4,Developer,147.4,Delayed,7.95
3281,9,Designer,278.7,In Progress,6.39
3282,8,Manager,328.9,Delayed,7.52
3282,14,Lead,78.1,Completed,5.3
3282,11,Designer,52.0,In Progress,9.59
3283,3,Manager,387.1,In Progress,5.52
3283,5,Lead,365.8,Delayed,8.57
3283,9,Lead,239.3,Completed,5.49
3284,11,Designer,374.4,In Progress,9.56
3284,10,QA,106.2,Completed,9.74
3285,10,Lead,125.2,Completed,8.55
3286,11,Manager,364.5,In Progress,6.61
3287,2,Analyst,390.4,Completed,6.69
3288,5,Analyst,296.4,Completed,8.12
3288,10,QA,209.4,In Progress,8.44
3289,8,Manager,104.9,Completed,9.39
3290,5,Designer,292.3,Completed,5.77
3290,10,Analyst,210.2,Completed,8.43
3291,1,Manager,42.9,Completed,9.63
3292,11,Developer,387.0,Completed,8.5
3292,7,QA,392.0,Delayed,9.35
3292,2,Designer,126.6,Completed,7.21
3293,11,Coordinator,54.1,Completed,9.12
3294,3,Designer,65.2,Completed,6.59
3294,6,Lead,330.0,In Progress,6.82
3295,13,Manager,172.9,Completed,7.5
3296,14,Coordinator,62.9,In Progress,7.71
3296,5,Designer,167.6,Delayed,9.4
3297,12,QA,103.2,In Progress,7.49
3297,6,Designer,200.9,Delayed,9.96
3298,14,Designer,155.0,In Progress,7.28
3298,1,Coordinator,112.6,In Progress,9.18
3298,10,Lead,158.1,In Progress,8.14
3299,4,Manager,101.9,In Progress,8.0
3299,14,Lead,124.0,Delayed,9.68
3299,11,Analyst,103.2,Delayed,6.47
3300,7,Analyst,133.6,Delayed,9.06
3300,6,Manager,234.2,Delayed,5.68
3301,8,Designer,394.6,In Progress,9.8
3301,11,Designer,75.5,Delayed,6.78
3301,1,Lead,342.9,Completed,6.26
3302,7,Coordinator,270.7,Completed,5.39
3303,12,Coordinator,307.0,Completed,7.66
3303,10,Lead,185.0,Completed,8.81
3304,1,Lead,313.4,Completed,5.71
3304,15,Designer,312.4,Completed,8.7
3304,12,Developer,296.9,In Progress,8.87
3305,11,Analyst,222.4,Completed,9.6
3306,6,QA,336.0,In Progress,7.35
3306,1,Analyst,80.5,In Progress,9.5
3306,15,Coordinator,139.4,Completed,6.89
3307,4,Lead,336.2,Delayed,7.58
3307,3,Analyst,365.0,Completed,7.74
3308,3,Coordinator,331.3,Completed,6.0
3309,12,Manager,68.7,Completed,6.17
3310,13,Analyst,189.4,In Progress,5.44
3310,3,Manager,256.3,Delayed,8.25
3311,2,Lead,172.8,In Progress,8.61
3311,4,Developer,135.4,Delayed,7.07
3311,12,Developer,143.0,Completed,7.63
3312,2,Coordinator,165.6,Delayed,6.21
3312,8,Analyst,385.7,In Progress,5.3
3312,1,Designer,109.3,In Progress,5.94
3313,10,Analyst,165.9,Completed,7.62
3313,14,Manager,80.7,Delayed,9.48
3314,2,Manager,343.7,Completed,5.61
3314,13,Lead,46.7,Delayed,9.12
3315,2,Lead,207.5,In Progress,9.16
3316,13,Manager,315.8,In Progress,9.63
3317,3,Designer,260.5,Completed,8.68
3317,14,Analyst,377.9,Delayed,6.43
3318,5,Developer,393.9,Delayed,9.84
3319,10,Analyst,251.1,In Progress,7.24
3319,6,Developer,199.4,Completed,6.94
3320,7,Coordinator,104.9,In Progress,7.69
3320,9,Coordinator,266.4,Delayed,5.73
3321,4,Manager,364.2,Delayed,5.84
3322,15,Coordinator,281.3,Completed,7.06
3322,12,Developer,378.3,Delayed,5.85
3323,11,Designer,235.5,Completed,8.08
3324,6,Coordinator,347.9,Delayed,9.38
3325,15,Designer,136.2,Completed,9.86
3326,5,Lead,106.5,In Progress,8.79
3327,1,Manager,329.0,In Progress,5.16
3327,4,Manager,361.2,Completed,7.16
3327,7,QA,48.8,In Progress,5.81
3328,7,Developer,287.6,In Progress,8.0
3328,9,Lead,271.8,Delayed,9.59
3329,10,Manager,200.0,Completed,9.49
3329,8,Manager,188.7,Completed,5.77
3330,2,Lead,265.1,Delayed,9.44
3330,8,Lead,333.8,Delayed,6.16
3330,12,Designer,386.6,Completed,8.58
3331,2,Analyst,345.8,In Progress,6.19
3331,7,Analyst,117.2,Delayed,8.11
3331,6,Analyst,339.4,In Progress,5.4
3332,15,Manager,366.7,Completed,6.43
3332,12,Developer,364.7,In Progress,7.04
3332,1,Designer,127.7,Delayed,5.54
3333,7,Designer,299.3,In Progress,8.03
3334,1,Lead,75.9,Delayed,9.92
3334,3,Lead,125.0,Delayed,8.98
3335,1,Analyst,114.3,In Progress,5.7
3336,6,Lead,284.8,In Progress,5.74
3337,12,Lead,195.0,Completed,5.14
3337,13,Lead,238.2,Completed,5.34
3338,15,QA,343.7,Delayed,5.4
3339,5,QA,141.2,Delayed,7.5
3339,15,Analyst,379.3,Completed,6.02
3340,15,Manager,262.2,Completed,6.81
3340,8,Designer,296.7,In Progress,8.09
3340,11,QA,236.9,In Progress,7.37
3341,9,Lead,100.7,Delayed,7.03
3342,1,Lead,207.5,In Progress,7.43
3342,14,Coordinator,318.1,In Progress,5.96
3343,1,Analyst,371.0,Completed,6.84
3343,13,Analyst,289.4,Delayed,8.04
3344,5,Analyst,145.1,In Progress,9.68
3344,9,Manager,384.4,In Progress,9.35
3344,15,QA,106.1,Delayed,8.79
3345,6,Manager,195.0,Delayed,9.27
3345,2,Coordinator,324.6,Delayed,8.56
3345,13,Analyst,312.1,Delayed,5.47
3346,12,Analyst,87.8,Completed,6.64
3346,3,Lead,223.6,Completed,7.82
3347,10,Coordinator,255.3,Completed,6.16
3348,7,Designer,351.4,In Progress,7.26
3348,6,Coordinator,106.1,Completed,9.75
3349,13,Developer,341.3,In Progress,5.08
3349,14,Lead,282.6,Completed,6.94
3349,12,Lead,44.5,In Progress,6.04
3350,11,QA,159.5,Completed,8.24
3351,1,Manager,60.8,In Progress,9.88
3351,4,Coordinator,365.3,Completed,8.85
3352,3,Coordinator,48.4,In Progress,7.31
3352,2,QA,326.9,In Progress,6.65
3353,12,Coordinator,75.2,In Progress,7.58
3353,3,Manager,152.3,In Progress,8.62
3353,8,Lead,87.5,In Progress,6.32
3354,15,Designer,82.2,Delayed,7.54
3354,9,Analyst,250.8,Completed,5.4
3354,6,Designer,52.2,In Progress,5.19
3355,2,Developer,61.3,In Progress,5.52
3356,10,Manager,318.1,Completed,5.15
3356,7,QA,233.2,Completed,7.84
3357,7,Coordinator,255.6,Delayed,6.04
3358,4,Lead,43.8,Delayed,7.26
3358,8,Coordinator,378.0,Delayed,8.72
3358,6,Coordinator,370.4,In Progress,9.28
3359,3,Designer,255.8,In Progress,9.53
3360,14,Developer,69.1,Delayed,9.05
3360,13,Developer,74.9,Delayed,7.0
3361,7,Manager,222.8,Completed,9.17
3361,14,Analyst,128.0,Delayed,9.66
3362,10,Coordinator,199.1,Completed,9.7
3362,1,Designer,305.4,Delayed,9.16
3363,11,Manager,360.4,Completed,6.57
3363,2,Manager,263.6,Delayed,7.19
3363,1,Designer,251.6,In Progress,7.72
3364,15,Developer,287.8,Completed,8.38
3364,2,Coordinator,355.9,Completed,7.19
3364,3,Manager,233.8,In Progress,6.96
3365,2,Designer,57.0,Delayed,7.27
3365,14,Developer,395.4,Completed,8.97
3366,2,Analyst,119.8,In Progress,5.44
3367,13,Analyst,184.1,In Progress,5.31
3368,5,Lead,353.9,In Progress,7.92
3368,1,Analyst,295.8,Delayed,5.67
3369,15,Designer,365.2,In Progress,6.54
3370,6,Developer,387.2,Delayed,5.96
3370,8,Lead,50.2,Completed,7.36
3370,4,Manager,122.1,Completed,5.53
3371,2,Coordinator,290.6,In Progress,7.36
3371,11,Designer,216.3,Completed,5.26
3372,15,Analyst,117.6,Delayed,9.66
3372,4,Coordinator,74.5,In Progress,8.34
3372,10,Developer,318.6,Completed,9.63
3373,3,Lead,91.3,Delayed,9.38
3373,14,Lead,240.7,Completed,8.65
3374,10,Lead,375.1,Delayed,9.97
3374,11,QA,156.3,Completed,7.86
3374,4,Designer,64.5,Completed,9.62
3375,13,QA,292.3,Delayed,9.14
3375,7,Manager,202.7,Completed,7.37
3376,15,Coordinator,264.2,In Progress,9.5
3376,11,Developer,101.5,In Progress,7.07
3377,7,Designer,58.9,In Progress,8.92
3378,7,Designer,70.4,Delayed,8.63
3379,2,Lead,43.5,Completed,8.07
3380,2,Designer,218.4,Completed,8.54
3380,5,Designer,104.6,Completed,6.52
3380,7,Analyst,327.0,Delayed,9.05
3381,12,Designer,156.0,Delayed,6.89
3381,3,Coordinator,233.3,Delayed,8.74
3381,7,Manager,220.6,In Progress,8.19
3382,7,Designer,328.0,Completed,8.49
3382,14,Lead,59.4,Completed,6.05
3383,3,Analyst,266.3,Delayed,7.44
3383,7,QA,399.6,In Progress,6.92
3383,13,Lead,230.9,In Progress,6.41
3384,10,QA,348.2,Completed,6.44
3384,6,Lead,240.8,Delayed,7.41
3384,9,Lead,46.3,Delayed,9.6
3385,15,Analyst,41.2,Delayed,7.84
3385,4,Coordinator,249.0,Delayed,6.97
3386,6,QA,304.9,Delayed,6.97
3386,9,Coordinator,360.0,Completed,9.65
3386,15,Analyst,149.9,In Progress,8.6
3387,8,Coordinator,316.5,In Progress,9.87
3388,8,Lead,87.6,Completed,9.73
3388,5,Developer,110.9,In Progress,5.18
3388,11,Analyst,68.1,In Progress,5.49
3389,6,Coordinator,264.0,Delayed,9.44
3389,14,Analyst,215.6,Completed,6.73
3390,14,Analyst,248.7,Completed,9.09
3391,12,Developer,184.7,In Progress,6.21
3391,10,Manager,73.0,In Progress,7.03
3392,4,QA,49.3,Completed,7.46
3392,15,Manager,49.2,In Progress,7.93
3392,2,Coordinator,386.8,Completed,7.06
3393,3,Designer,369.0,Completed,8.22
3394,12,Manager,248.3,Delayed,6.19
3394,9,Developer,143.8,Delayed,6.37
3394,7,Lead,65.7,In Progress,7.56
3395,2,Developer,218.2,Completed,8.8
3395,9,Coordinator,250.3,Delayed,5.32
3395,15,Designer,193.7,In Progress,7.37
3396,6,Coordinator,323.1,Delayed,8.52
3397,11,QA,351.9,In Progress,8.69
3397,1,Designer,44.0,Delayed,6.82
3398,1,Designer,374.4,Completed,5.4
3398,12,Manager,60.4,In Progress,6.19
3399,6,Lead,164.3,Delayed,5.97
3399,1,Lead,353.0,Delayed,9.02
3400,6,Designer,322.2,In Progress,9.02
3400,4,Designer,215.3,Completed,8.93
3400,7,Coordinator,58.3,Delayed,7.8
3401,11,Analyst,266.7,In Progress,9.31
3401,4,QA,134.5,Delayed,6.61
3402,13,QA,375.6,In Progress,9.24
3402,15,Developer,220.4,Delayed,8.32
3402,10,Analyst,111.5,Completed,5.88
3403,11,Designer,90.3,Completed,8.04
3403,15,Lead,83.7,Delayed,10.0
3404,2,QA,372.8,Delayed,5.15
3404,14,Coordinator,330.9,Completed,8.73
3405,12,Analyst,121.0,Completed,5.88
3406,7,Analyst,386.6,In Progress,8.49
3406,14,QA,103.0,In Progress,7.49
3407,9,Analyst,145.8,In Progress,7.25
3407,8,Analyst,143.4,In Progress,5.89
3407,2,Manager,91.1,Delayed,7.05
3408,3,Lead,49.0,In Progress,9.9
3409,14,Lead,63.0,In Progress,7.49
3410,2,Coordinator,282.8,Completed,7.72
3410,10,QA,326.6,Delayed,9.67
3411,1,Lead,205.1,In Progress,8.33
3412,5,Manager,262.0,Completed,8.9
3413,14,Coordinator,98.0,Delayed,7.65
3414,11,Manager,85.7,Completed,7.83
3415,6,Manager,147.1,Delayed,9.02
3416,5,Analyst,149.2,Delayed,8.33
3416,1,Manager,337.7,Completed,6.14
3417,6,Analyst,280.4,In Progress,7.29
3417,7,Coordinator,270.0,Completed,7.87
3418,15,Manager,314.9,In Progress,9.94
3419,8,Manager,228.9,In Progress,9.89
3419,11,Lead,387.5,Completed,6.72
3419,12,QA,80.2,Delayed,9.02
3420,15,Analyst,242.6,Completed,8.07
3421,3,Manager,361.4,Delayed,6.5
3422,1,Manager,347.3,Delayed,6.04
3422,2,Analyst,282.4,Completed,8.61
3423,10,QA,259.0,Delayed,5.06
3423,1,Lead,85.5,Delayed,9.72
3423,5,Analyst,302.1,Completed,8.4
3424,2,Designer,359.1,Completed,6.23
3424,8,QA,303.8,Delayed,7.57
3424,4,Manager,74.1,Delayed,9.2
3425,10,Manager,131.3,Completed,6.69
3425,5,Analyst,88.8,Delayed,8.62
3426,4,Analyst,292.3,Completed,7.18
3426,7,QA,326.6,Delayed,7.72
3427,1,Analyst,125.3,In Progress,5.11
3427,11,Coordinator,292.0,Completed,6.66
3428,4,Developer,369.0,Completed,7.28
3428,11,Lead,135.2,In Progress,6.67
3428,5,Designer,164.5,In Progress,9.55
3429,4,QA,64.8,Delayed,8.9
3430,7,Developer,343.9,Delayed,7.61
3430,3,Manager,234.4,Completed,5.67
3430,10,Lead,192.2,Delayed,6.07
3431,14,Analyst,173.9,In Progress,5.97
3431,10,Coordinator,76.3,Delayed,7.61
3431,7,Lead,227.0,Delayed,6.24
3432,11,Analyst,43.4,Delayed,8.86
3433,9,Analyst,49.6,In Progress,8.61
3433,7,Designer,160.2,Delayed,6.32
3433,5,Developer,165.7,Completed,8.77
3434,2,Designer,387.2,Completed,7.54
3434,3,Developer,170.1,Completed,9.4
3435,2,QA,312.6,Delayed,8.86
3435,14,QA,358.4,Delayed,5.3
3436,4,Lead,226.5,Delayed,9.1
3436,6,Designer,330.4,Delayed,8.4
3436,15,Lead,324.5,Delayed,7.43
3437,14,Designer,163.3,Completed,5.51
3438,12,Developer,196.6,Completed,5.44
3438,3,QA,195.2,Completed,6.16
3439,4,Analyst,216.3,In Progress,5.36
3440,6,Lead,130.3,Delayed,5.84
3440,4,Lead,220.9,Completed,5.97
3441,8,Analyst,184.5,In Progress,8.18
3441,11,Lead,92.4,Completed,7.96
3441,10,Manager,306.9,Completed,6.59
3442,6,Designer,203.2,Completed,7.07
3443,5,Designer,147.8,In Progress,8.66
3443,11,Coordinator,64.6,Completed,8.58
3444,15,Designer,372.8,Completed,6.04
3445,8,QA,377.5,In Progress,9.5
3445,7,Designer,312.4,Completed,7.82
3445,1,Designer,248.8,Completed,9.19
3446,2,Coordinator,241.4,Completed,6.06
3446,4,QA,139.4,In Progress,5.76
3447,5,Developer,149.5,Completed,7.91
3447,1,Coordinator,186.1,Completed,6.84
3448,8,Designer,229.1,In Progress,6.62
3448,14,Manager,172.4,Delayed,6.28
3448,10,Developer,89.1,Completed,5.01
3449,4,Analyst,343.8,Completed,8.32
3449,3,Manager,288.1,Completed,6.93
3449,6,Manager,202.2,Delayed,6.19
3450,9,Coordinator,313.8,In Progress,5.19
3451,8,Coordinator,373.6,Completed,8.24
3451,12,Designer,83.5,In Progress,6.33
3452,3,QA,368.8,Completed,6.53
3453,6,QA,331.2,In Progress,9.43
3453,4,Manager,227.8,Delayed,9.77
3453,8,Designer,283.2,Delayed,6.63
3454,13,Lead,79.8,Delayed,8.69
3455,3,Analyst,161.2,Completed,5.92
3455,7,Manager,52.3,In Progress,7.63
3456,1,Manager,192.6,In Progress,8.35
3456,5,QA,58.5,In Progress,7.32
3457,8,Developer,82.0,Completed,7.13
3458,15,Manager,254.2,In Progress,7.29
3459,10,Lead,101.9,In Progress,8.52
3459,7,Lead,165.6,Completed,8.76
3459,13,Lead,131.7,Delayed,9.12
3460,5,Coordinator,335.1,In Progress,5.09
3460,11,Coordinator,255.4,In Progress,6.87
3460,12,Developer,72.8,Delayed,7.63
3461,12,Coordinator,165.5,Delayed,8.38
3461,7,Coordinator,79.2,In Progress,7.8
3461,10,Manager,107.9,In Progress,9.77
3462,12,Coordinator,247.4,Completed,6.7
3463,7,Developer,258.7,In Progress,6.89
3464,13,Coordinator,110.9,Delayed,7.68
3464,11,Analyst,128.5,Delayed,5.28
3465,1,Manager,162.1,Delayed,5.41
3465,6,Designer,281.4,Completed,9.11
3466,4,QA,364.4,Delayed,5.62
3466,7,Developer,164.1,Completed,5.79
3467,7,Analyst,93.7,Completed,5.07
3467,2,QA,193.2,In Progress,7.83
3467,13,Lead,264.9,Delayed,7.56
3468,12,Coordinator,183.3,Delayed,9.82
3469,11,Manager,295.3,In Progress,6.3
3469,13,Manager,370.6,In Progress,8.22
3469,4,Developer,358.5,Delayed,7.76
3470,11,Coordinator,201.3,In Progress,5.71
3470,13,Designer,63.5,Completed,7.38
3471,13,QA,71.1,Delayed,6.33
3472,10,Coordinator,75.7,In Progress,8.95
3473,14,Designer,135.6,Completed,5.79
3473,3,Lead,317.3,Completed,6.69
3474,14,Developer,196.5,In Progress,6.79
3475,1,QA,80.3,Completed,8.35
3475,9,QA,236.6,Completed,8.08
3476,13,Analyst,169.4,Delayed,9.97
3477,12,Analyst,204.3,Delayed,8.38
3478,3,Developer,306.5,Completed,6.48
3479,10,Manager,182.6,Completed,8.95
3480,12,Coordinator,175.5,Delayed,6.86
3481,2,Manager,267.8,In Progress,5.98
3481,9,Analyst,236.0,Completed,7.87
3482,2,Analyst,308.1,In Progress,9.42
3482,14,Developer,208.0,Completed,6.7
3483,6,QA,76.7,In Progress,6.87
3483,12,Coordinator,295.7,In Progress,9.28
3483,14,Lead,385.3,Completed,5.72
3484,9,Developer,199.2,In Progress,5.7
3484,1,Designer,381.3,Delayed,6.81
3485,6,QA,395.3,Completed,6.36
3485,7,Lead,226.6,Delayed,6.78
3485,9,Lead,227.2,Delayed,5.82
3486,10,Developer,69.7,Delayed,5.31
3487,12,Coordinator,98.0,Delayed,9.79
3488,6,Manager,136.1,Completed,9.36
3489,5,Designer,388.8,Delayed,9.04
3489,13,QA,80.5,In Progress,9.95
3489,11,Designer,43.6,In Progress,8.92
3490,11,Manager,304.3,Delayed,5.48
3491,14,Developer,116.7,Completed,8.27
3491,6,Designer,256.0,In Progress,8.44
3491,10,QA,155.9,In Progress,7.98
3492,10,Designer,332.4,Completed,8.82
3493,14,Analyst,235.3,Completed,6.5
3493,1,Coordinator,300.2,Delayed,7.07
3494,10,Developer,52.7,Completed,9.38
3494,13,Developer,163.7,In Progress,6.15
3495,12,Developer,179.5,In Progress,5.5
3495,4,Developer,195.4,Delayed,5.45
3495,7,QA,168.8,In Progress,9.66
3496,10,Coordinator,228.8,Completed,5.48
3496,2,Manager,243.2,Completed,8.64
3497,14,Designer,71.8,In Progress,8.72
3497,5,Designer,50.7,Delayed,8.4
3498,13,Analyst,62.4,In Progress,9.76
3499,1,Manager,240.1,Delayed,9.68
3499,6,Manager,301.8,In Progress,5.97
3499,15,Analyst,195.4,Delayed,5.11
3500,10,QA,158.5,Completed,9.36
3501,13,Lead,266.9,In Progress,9.89
3502,4,Developer,265.8,Delayed,9.06
3502,15,QA,102.3,Delayed,5.03
3503,1,Manager,157.2,In Progress,8.02
3504,10,Developer,60.4,Completed,9.25
3505,5,Designer,209.6,Completed,9.98
3506,1,Developer,351.6,In Progress,9.98
3506,13,QA,286.2,In Progress,7.9
3507,3,QA,43.3,Delayed,6.75
3507,1,Developer,143.0,In Progress,6.4
3507,8,Lead,362.7,In Progress,6.63
3508,4,Manager,298.6,Delayed,9.97
3508,2,Lead,135.6,In Progress,6.51
3509,6,Coordinator,342.8,Delayed,7.47
3510,5,Analyst,157.2,Completed,8.41
3510,11,Coordinator,186.4,In Progress,5.89
3511,11,Coordinator,48.6,In Progress,6.71
3511,12,Lead,395.5,Completed,8.39
3511,2,Analyst,351.1,Completed,5.45
3512,15,Manager,328.7,Completed,6.9
3512,3,Developer,90.3,Delayed,6.82
3512,5,QA,397.2,Completed,5.25
3513,9,Coordinator,173.0,In Progress,7.08
3513,8,Manager,244.6,In Progress,9.37
3514,13,Analyst,316.1,Delayed,6.36
3514,9,Lead,143.1,Delayed,9.17
3515,5,QA,63.5,Delayed,6.48
3515,9,Coordinator,86.7,Completed,9.45
3516,13,Manager,47.8,Delayed,6.62
3516,5,Coordinator,212.7,In Progress,5.23
3516,14,Lead,80.2,Completed,9.61
3517,1,QA,157.3,Delayed,6.33
3518,10,QA,176.3,Completed,6.96
3518,6,Designer,330.4,Completed,6.01
3519,15,Developer,370.6,In Progress,9.86
3519,3,Manager,308.0,Delayed,6.78
3520,15,Coordinator,398.9,In Progress,8.91
3520,1,Manager,357.1,In Progress,7.41
3520,9,Lead,303.7,In Progress,7.7
3521,6,Developer,372.1,In Progress,8.07
3521,15,Manager,70.7,Delayed,7.16
3522,13,Lead,93.6,In Progress,6.47
3523,8,Lead,303.6,In Progress,7.54
3524,13,QA,353.1,Delayed,6.32
3524,15,Developer,158.3,Completed,9.54
3525,7,Developer,253.3,Delayed,7.88
3525,12,Developer,120.0,In Progress,7.14
3525,15,Designer,241.2,Delayed,7.53
3526,12,Analyst,91.8,In Progress,5.69
3527,14,Analyst,235.5,In Progress,5.67
3527,7,QA,140.4,In Progress,9.17
3528,3,Lead,326.9,Delayed,6.28
3528,1,Analyst,122.7,Completed,7.55
3529,9,Developer,100.7,In Progress,7.23
3529,15,Coordinator,288.8,Delayed,6.03
3529,3,Coordinator,86.1,In Progress,8.56
3530,3,Analyst,216.1,Delayed,5.02
3531,1,Analyst,94.1,Delayed,9.76
3532,2,Analyst,214.2,Completed,9.72
3532,14,Lead,281.7,Delayed,8.8
3532,13,Analyst,128.2,Completed,7.01
3533,11,Analyst,238.4,In Progress,9.0
3533,13,Developer,217.1,Delayed,9.43
3533,15,Coordinator,138.2,In Progress,8.1
3534,1,Analyst,131.3,Completed,7.69
3535,11,Analyst,95.9,In Progress,8.6
3535,9,Developer,208.5,Delayed,9.88
3536,8,Lead,327.2,In Progress,8.61
3536,14,Developer,102.4,In Progress,9.7
3537,1,QA,165.9,Delayed,6.45
3538,8,Designer,278.3,In Progress,7.55
3538,4,QA,230.6,In Progress,5.41
3538,1,Analyst,96.8,In Progress,9.05
3539,15,Designer,47.8,Completed,7.35
3539,6,QA,199.1,Delayed,9.71
3539,10,Lead,102.4,Delayed,6.93
3540,11,Manager,315.4,Delayed,7.75
3541,4,Lead,140.0,In Progress,7.77
3541,7,Analyst,277.2,Delayed,7.54
3542,4,Developer,203.3,In Progress,7.83
3542,10,Manager,361.5,Completed,9.61
3542,7,QA,93.5,Delayed,6.07
3543,7,Designer,144.7,In Progress,8.15
3543,1,Developer,215.7,Delayed,7.68
3543,2,Analyst,350.1,Completed,7.48
3544,14,Analyst,93.9,In Progress,8.19
3544,12,Lead,377.1,Delayed,7.49
3544,3,Lead,109.9,In Progress,9.28
3545,6,Coordinator,214.4,Completed,9.49
3545,12,Designer,291.1,Delayed,6.23
3546,2,Manager,59.0,Delayed,7.32
3546,13,Manager,288.8,In Progress,7.12
3546,11,Manager,92.6,In Progress,9.78
3547,10,Developer,354.8,In Progress,5.05
3547,1,Lead,356.0,Completed,6.27
3548,8,Lead,205.8,Completed,8.34
3548,14,Coordinator,250.9,Completed,6.24
3548,10,Analyst,260.9,Delayed,9.05
3549,3,Developer,83.4,In Progress,9.07
3550,6,QA,183.5,In Progress,7.94
3551,12,Analyst,107.4,Delayed,7.4
3551,14,Coordinator,248.6,Delayed,9.31
3552,15,Coordinator,201.1,In Progress,5.14
3553,11,Analyst,217.1,Completed,7.84
3554,4,Developer,390.7,In Progress,9.73
3554,15,Developer,245.7,In Progress,7.98
3555,8,Coordinator,342.3,In Progress,5.48
3556,11,QA,75.5,Completed,9.59
3557,14,Designer,322.0,Delayed,5.84
3558,3,Manager,194.6,Delayed,5.89
3558,12,QA,170.2,In Progress,6.02
3559,13,Coordinator,298.0,In Progress,9.37
3560,9,QA,46.8,In Progress,9.01
3560,2,Manager,223.0,Delayed,5.86
3560,4,Analyst,67.2,Completed,9.69
3561,1,Lead,381.7,In Progress,7.2
3562,2,Lead,236.0,Completed,7.17
3562,11,Designer,143.4,In Progress,6.33
3563,13,Manager,258.2,In Progress,8.97
3564,10,Developer,326.4,Completed,8.58
3565,2,Manager,299.7,In Progress,5.69
3565,1,Developer,309.5,In Progress,8.24
3566,12,Developer,308.5,Delayed,5.4
3566,1,Developer,103.0,Completed,6.73
3567,10,Analyst,73.7,In Progress,5.79
3567,6,Developer,367.4,Delayed,9.12
3567,8,Manager,332.4,Delayed,8.75
3568,15,QA,318.9,In Progress,6.79
3569,1,Coordinator,131.4,Completed,9.44
3569,9,Analyst,76.3,Completed,7.91
3569,2,QA,248.4,In Progress,5.2
3570,5,Analyst,203.4,In Progress,8.78
3571,11,Coordinator,109.7,Completed,9.73
3571,9,Coordinator,392.0,In Progress,5.69
3571,1,Developer,266.4,Delayed,6.94
3572,9,Designer,159.6,In Progress,8.05
3572,6,Analyst,65.7,Delayed,9.0
3573,1,QA,354.6,In Progress,8.94
3573,13,QA,62.9,Delayed,5.42
3573,2,Designer,50.0,Completed,5.6
3574,5,Manager,238.1,Completed,8.92
3574,8,Manager,212.9,In Progress,6.01
3575,5,Manager,74.6,Completed,7.86
3575,2,QA,330.9,Completed,6.19
3575,13,Manager,138.7,Completed,9.3
3576,3,Developer,105.0,Delayed,8.97
3576,2,Analyst,307.3,In Progress,8.57
3576,14,QA,186.1,Delayed,9.22
3577,10,Lead,364.4,In Progress,8.62
3578,11,Lead,252.8,In Progress,8.2
3578,8,Developer,282.9,In Progress,5.77
3578,15,Developer,251.5,Delayed,8.32
3579,7,Manager,303.8,Delayed,7.46
3579,14,QA,135.3,Delayed,6.42
3579,9,Manager,293.4,In Progress,7.76
3580,3,Designer,120.9,Delayed,6.72
3580,7,Lead,249.6,Completed,5.84
3580,10,QA,257.4,In Progress,7.39
3581,13,Lead,230.0,Completed,5.91
3581,14,Developer,259.8,In Progress,8.03
3582,3,Developer,268.9,Completed,8.23
3582,13,Designer,194.5,In Progress,7.32
3582,15,Coordinator,324.2,In Progress,8.94
3583,6,Lead,219.9,Delayed,5.58
3583,15,QA,279.5,Completed,9.34
3584,7,Coordinator,399.4,Completed,5.31
3584,3,Lead,59.5,Delayed,8.92
3584,6,QA,73.7,Completed,5.86
3585,9,Designer,142.0,Delayed,6.77
3585,3,Analyst,374.5,In Progress,7.64
3585,1,Coordinator,386.8,Completed,5.51
3586,8,Coordinator,278.6,Completed,7.65
3586,14,Coordinator,368.3,Completed,9.11
3587,15,Designer,132.3,In Progress,7.93
3587,14,Manager,103.3,Delayed,5.91
3587,10,Analyst,204.9,Completed,9.83
3588,15,Designer,396.6,Delayed,6.92
3589,3,Coordinator,289.1,Delayed,9.42
3590,4,Developer,134.3,Delayed,8.55
3591,3,Developer,164.2,Delayed,5.37
3591,10,Analyst,283.1,Delayed,9.95
3591,2,Coordinator,327.3,Completed,7.56
3592,8,Coordinator,64.0,In Progress,6.32
3593,1,Designer,382.5,Completed,7.82
3594,10,Manager,143.1,Completed,9.63
3594,6,Designer,378.0,Delayed,5.56
3595,13,Coordinator,75.0,In Progress,5.93
3595,14,Lead,272.9,Completed,6.2
3596,6,Manager,127.8,Delayed,7.19
3597,6,Lead,81.4,Completed,7.94
3597,1,QA,222.9,In Progress,9.97
3597,12,Coordinator,54.7,Delayed,7.77
3598,12,Coordinator,140.8,In Progress,6.16
3599,10,Developer,243.2,In Progress,8.01
3599,15,Lead,181.3,In Progress,5.4
3600,2,Lead,340.7,Delayed,5.64
3600,8,Manager,153.8,In Progress,5.49
3601,2,Analyst,281.4,Delayed,9.57
3601,13,Designer,307.1,In Progress,5.78
3602,1,QA,73.5,In Progress,9.89
3603,3,Designer,133.6,Delayed,5.49
3603,4,Lead,77.4,In Progress,9.8
3604,1,Designer,84.3,In Progress,9.85
3605,4,Developer,137.4,Completed,7.77
3606,12,Analyst,249.4,Delayed,9.4
3606,15,Lead,254.4,In Progress,7.8
3606,4,Lead,170.3,Delayed,5.69
3607,3,Developer,152.7,Delayed,8.56
3607,5,Manager,169.5,In Progress,7.76
3607,12,QA,359.7,Delayed,7.96
3608,6,Analyst,199.8,Completed,7.02
3608,13,Designer,212.5,Completed,8.05
3609,15,Designer,348.2,Completed,9.5
3610,9,Lead,308.3,Completed,7.03
3611,7,QA,48.9,Completed,7.66
3611,14,QA,308.0,Completed,5.37
3612,1,Designer,236.1,In Progress,6.35
3612,6,Manager,244.9,Completed,6.57
3613,4,Developer,246.5,In Progress,5.23
3613,7,Analyst,313.9,Completed,9.46
3613,13,Developer,190.4,Delayed,6.23
3614,8,Manager,174.6,Delayed,6.24
3615,2,Designer,132.5,Completed,5.25
3616,10,Developer,320.3,In Progress,8.0
3616,15,Coordinator,347.4,In Progress,5.79
3616,3,Manager,68.1,In Progress,9.91
3617,13,Designer,79.9,Delayed,8.41
3617,15,Manager,376.2,In Progress,5.52
3618,12,Analyst,267.9,Completed,8.8
3618,10,Coordinator,48.0,Delayed,6.82
3618,9,Developer,286.5,Delayed,7.52
3619,5,Manager,74.5,In Progress,9.04
3619,7,Designer,138.1,Completed,8.37
3620,5,Developer,215.8,Delayed,5.3
3621,13,QA,87.6,Completed,9.99
3621,6,Designer,148.8,Completed,8.65
3621,11,Coordinator,387.6,Completed,8.41
3622,14,Manager,142.4,In Progress,8.2
3622,11,Developer,130.9,Completed,9.28
3622,15,QA,267.2,Delayed,6.77
3623,5,Coordinator,194.7,Delayed,6.72
3623,14,Coordinator,143.6,Delayed,8.09
3623,4,Manager,228.9,Delayed,7.33
3624,13,Developer,58.4,Completed,7.48
3624,14,Lead,334.5,Completed,9.95
3625,12,Designer,357.6,Completed,7.33
3625,11,Lead,188.0,In Progress,5.94
3625,9,Coordinator,49.2,Completed,8.13
3626,1,QA,254.8,Completed,7.1
3626,5,Analyst,91.0,In Progress,6.95
3627,15,Developer,292.2,Completed,5.93
3627,9,Analyst,376.1,Delayed,8.64
3627,10,Coordinator,247.4,Completed,6.8
3628,4,Designer,306.4,In Progress,9.48
3628,2,QA,179.8,In Progress,7.13
3629,11,Lead,167.4,Completed,7.77
3629,12,Manager,151.6,In Progress,9.51
3630,6,Manager,111.4,Delayed,6.46
3630,8,QA,397.4,Completed,9.74
3631,2,Analyst,219.4,Delayed,6.21
3632,4,Analyst,308.3,Completed,9.99
3632,11,Designer,71.8,Delayed,5.97
3633,8,Coordinator,222.6,Completed,6.54
3633,15,QA,201.6,Completed,8.42
3633,5,Lead,245.4,In Progress,5.51
3634,9,Analyst,210.3,In Progress,5.66
3635,11,Lead,149.8,Delayed,8.39
3636,10,QA,266.2,In Progress,9.89
3636,5,Analyst,289.4,Delayed,7.49
3637,8,Analyst,67.8,Completed,9.53
3637,4,Manager,390.8,In Progress,9.73
3638,11,Analyst,370.7,In Progress,7.67
3638,14,Coordinator,320.7,Delayed,8.04
3639,6,Coordinator,65.8,Delayed,6.87
3639,8,Lead,183.5,Completed,5.39
3639,9,Developer,363.8,In Progress,9.85
3640,14,QA,179.8,In Progress,9.97
3640,1,Developer,257.8,Completed,9.92
3641,4,Manager,203.7,Completed,7.95
3641,9,Coordinator,181.7,Completed,8.64
3641,6,Developer,318.7,Delayed,6.86
3642,9,Lead,240.6,Delayed,9.24
3643,5,Lead,51.4,Completed,7.56
3643,1,Coordinator,128.6,Completed,5.48
3644,15,Manager,212.9,In Progress,6.33
3645,2,Developer,143.5,Completed,8.56
3645,8,Lead,249.6,Delayed,7.84
3645,7,QA,101.1,In Progress,8.78
3646,3,Analyst,206.9,Completed,8.96
3646,12,QA,99.0,Delayed,9.68
3646,9,Developer,377.6,In Progress,5.84
3647,15,Lead,67.2,Completed,5.45
3647,3,Manager,137.7,Delayed,7.88
3647,9,Developer,313.6,In Progress,8.91
3648,2,Developer,168.4,Delayed,7.27
3649,4,Coordinator,305.2,In Progress,9.83
3650,4,Designer,203.5,Completed,8.81
3651,11,Lead,351.6,Completed,9.09
3651,15,Designer,315.7,Delayed,6.88
3651,7,Coordinator,166.1,In Progress,5.53
3652,15,QA,219.4,Completed,8.02
3653,3,Analyst,204.2,Completed,6.55
3654,11,QA,198.9,Delayed,5.12
3654,10,Analyst,317.6,In Progress,5.65
3655,1,Designer,152.5,Delayed,9.59
3655,5,Designer,119.1,Completed,9.06
3655,13,Designer,74.3,Delayed,9.8
3656,6,Designer,273.4,Delayed,6.47
3656,10,Developer,76.3,In Progress,8.73
3656,11,Analyst,358.8,Completed,8.08
3657,12,QA,289.9,Completed,5.37
3657,9,Developer,165.3,In Progress,9.77
3658,8,Designer,194.6,In Progress,5.03
3658,13,Analyst,46.9,Completed,8.72
3658,9,Coordinator,288.5,Completed,8.03
3659,12,Lead,107.5,Completed,5.48
3659,10,QA,277.4,Completed,9.19
3659,1,Manager,156.4,Delayed,9.79
3660,14,Coordinator,152.9,Completed,9.41
3661,11,Coordinator,307.1,Delayed,9.76
3661,2,Designer,351.4,Completed,7.49
3661,5,Lead,362.5,Completed,5.36
3662,3,Coordinator,319.9,In Progress,5.91
3663,4,Manager,115.3,Completed,9.54
3664,4,Manager,185.4,Delayed,7.15
3665,9,Coordinator,236.4,Completed,7.04
3665,5,Designer,220.3,Completed,7.15
3666,10,Designer,332.4,In Progress,5.06
3667,1,Designer,357.4,In Progress,6.65
3667,13,Manager,306.1,Delayed,5.64
3667,8,Lead,121.2,Delayed,7.55
3668,1,Designer,84.7,Delayed,6.36
3668,6,QA,171.3,Completed,5.66
3669,7,Manager,139.9,Delayed,6.15
3669,6,Manager,311.5,Delayed,9.76
3670,9,Developer,399.9,Delayed,8.55
3671,7,Analyst,69.6,Completed,5.74
3672,14,Analyst,248.9,Completed,8.15
3673,1,Designer,322.7,Completed,8.96
3673,2,Developer,130.0,In Progress,9.03
3674,11,QA,173.1,Completed,7.6
3674,3,QA,389.7,Completed,5.58
3675,3,Designer,103.9,Delayed,8.15
3675,15,Manager,64.3,Delayed,8.43
3675,6,Lead,312.0,Completed,5.81
3676,8,Developer,181.2,In Progress,5.94
3677,1,Developer,331.4,Delayed,5.82
3677,12,Coordinator,370.4,Completed,9.44
3678,3,QA,108.3,In Progress,9.74
3678,5,Coordinator,84.9,Delayed,9.93
3678,10,QA,237.4,Completed,5.98
3679,8,QA,297.1,Completed,8.17
3679,7,QA,76.5,Delayed,5.02
3680,4,Manager,93.0,In Progress,5.4
3680,9,Manager,63.9,Delayed,5.91
3680,11,Manager,200.9,Delayed,6.04
3681,10,Analyst,205.3,Delayed,9.14
3681,5,Analyst,333.0,Completed,8.49
3681,11,Analyst,231.5,Delayed,5.25
3682,9,Designer,114.7,Completed,9.9
3682,15,QA,55.7,Completed,5.69
3682,5,QA,249.7,Completed,9.51
3683,13,Analyst,385.0,Completed,9.16
3684,2,Developer,112.6,In Progress,6.52
3685,4,Analyst,76.5,Delayed,8.24
3685,9,Coordinator,361.3,Completed,8.87
3685,5,Manager,252.4,Completed,9.41
3686,2,Manager,301.7,Completed,5.92
3687,4,Designer,197.8,In Progress,7.88
3687,8,Lead,162.0,Completed,6.31
3687,12,QA,98.0,Delayed,6.13
3688,7,Analyst,378.6,In Progress,6.43
3688,1,Developer,325.1,Delayed,7.4
3689,7,Manager,41.6,Completed,7.31
3690,10,Coordinator,119.3,Completed,7.05
3690,11,QA,231.7,Delayed,6.77
3690,9,Manager,211.8,Delayed,6.35
3691,5,Developer,263.8,Completed,8.88
3691,10,Developer,109.8,In Progress,7.91
3692,6,Designer,344.7,Completed,8.38
3692,7,Lead,187.6,Delayed,9.38
3693,15,Analyst,237.8,Delayed,8.22
3693,14,Lead,296.8,Delayed,5.6
3693,10,Manager,293.9,Delayed,6.06
3694,8,Designer,204.4,In Progress,5.78
3694,13,Manager,186.6,Delayed,5.24
3695,15,Analyst,298.5,In Progress,7.09
3696,15,Analyst,84.0,Delayed,9.08
3696,8,Designer,324.1,Delayed,7.17
3697,2,QA,328.9,Delayed,5.66
3698,7,Coordinator,92.5,In Progress,7.99
3699,8,Coordinator,102.0,In Progress,5.24
3699,7,Analyst,48.1,Completed,6.04
3699,5,Manager,256.3,Completed,7.46
3700,10,Manager,114.2,Completed,9.18
3700,5,Designer,325.6,Completed,6.84
3700,3,Lead,346.9,Delayed,8.18
3701,2,Coordinator,78.4,In Progress,7.09
3701,13,Manager,308.1,Completed,5.05
3701,14,Lead,148.2,In Progress,8.4
3702,5,Analyst,346.1,Completed,5.85
3702,9,Lead,212.1,Completed,8.52
3702,3,Coordinator,80.5,Delayed,8.83
3703,9,Analyst,79.6,In Progress,5.64
3703,15,Designer,252.4,Completed,7.98
3703,11,QA,337.6,In Progress,7.18
3704,6,Analyst,69.2,In Progress,7.13
3704,1,Lead,186.6,In Progress,5.6
3705,8,Lead,274.3,Completed,8.14
3705,3,Manager,143.6,In Progress,9.97
3705,4,Lead,349.4,Completed,5.94
3706,3,Lead,384.6,Completed,5.75
3706,7,Coordinator,110.9,Completed,7.25
3706,10,Analyst,198.7,Completed,7.35
3707,3,Analyst,226.9,In Progress,5.48
3707,12,Coordinator,329.6,Completed,8.64
3707,9,Analyst,133.0,Completed,7.22
3708,12,Developer,164.8,Completed,8.29
3708,2,QA,67.4,Completed,8.59
3709,9,Analyst,99.6,Completed,7.99
3710,15,Coordinator,303.5,Completed,8.04
3711,8,Lead,331.1,In Progress,8.04
3711,6,Developer,393.7,In Progress,9.25
3711,14,Manager,336.3,Delayed,6.97
3712,8,Developer,212.1,Delayed,9.46
3712,11,Lead,304.8,In Progress,8.3
3713,14,Manager,350.2,Completed,8.15
3714,3,Developer,345.6,Completed,5.38
3715,4,Analyst,41.9,In Progress,7.16
3715,11,Manager,232.3,Delayed,8.56
3715,13,Manager,153.3,Completed,8.2
3716,4,Manager,99.6,In Progress,7.1
3716,12,Lead,371.8,Delayed,8.99
3716,3,Manager,137.2,In Progress,7.08
3717,13,Designer,369.4,Completed,5.09
3717,1,Coordinator,123.7,Delayed,5.02
3717,14,Designer,154.3,In Progress,7.62
3718,11,Designer,108.0,Completed,6.98
3719,15,Lead,342.6,Delayed,7.71
3719,11,Coordinator,285.0,Completed,6.75
3720,3,Developer,250.0,In Progress,5.15
3721,7,QA,234.0,Delayed,7.99
3721,14,QA,64.7,Delayed,7.56
3721,5,QA,105.5,Completed,7.32
3722,9,QA,185.7,In Progress,6.79
3722,6,Manager,210.8,In Progress,7.43
3723,5,Designer,55.2,In Progress,5.62
3723,13,QA,302.6,Delayed,8.09
3724,6,Analyst,229.1,Delayed,7.56
3724,5,Coordinator,394.4,In Progress,5.0
3724,8,Analyst,266.3,Completed,6.22
3725,1,Lead,231.3,Completed,9.97
3726,9,Manager,299.6,Completed,5.36
3727,4,Lead,199.0,Completed,7.8
3727,11,Lead,241.4,Delayed,8.57
3728,3,Developer,189.8,Completed,5.58
3728,4,Designer,358.9,In Progress,5.64
3729,6,Designer,139.2,Delayed,5.31
3730,2,Analyst,101.1,Completed,8.85
3730,7,Analyst,314.9,Delayed,9.87
3731,13,Manager,392.4,Completed,5.3
3731,2,Designer,371.6,In Progress,5.86
3732,13,Analyst,219.8,Delayed,9.53
3732,14,QA,221.3,In Progress,5.85
3733,2,Analyst,116.5,Delayed,6.31
3733,7,Lead,285.0,In Progress,8.64
3733,9,Developer,355.1,In Progress,9.03
3734,9,Manager,156.2,Delayed,8.36
3734,10,Manager,310.5,Completed,7.55
3734,14,Analyst,356.9,Completed,6.8
3735,7,Manager,54.0,In Progress,7.75
3735,1,Coordinator,137.5,Delayed,7.8
3735,4,Lead,251.0,Delayed,7.63
3736,8,Developer,130.4,Completed,8.87
3736,3,Analyst,82.6,Completed,5.19
3736,10,Designer,55.5,In Progress,6.79
3737,9,Developer,359.0,Completed,7.34
3738,7,Coordinator,131.4,In Progress,8.73
3739,5,Lead,324.9,Delayed,6.61
3739,8,Analyst,189.3,Completed,9.26
3740,15,Coordinator,353.7,In Progress,9.88
3741,8,Designer,253.5,Completed,8.78
3742,5,Designer,42.8,Delayed,7.35
3742,3,Lead,241.0,Delayed,8.76
3742,6,Designer,250.9,Delayed,8.1
3743,8,Developer,334.3,Delayed,9.47
3744,9,Designer,194.6,In Progress,7.8
3744,2,Lead,116.3,Completed,7.28
3745,11,Analyst,179.9,Delayed,5.08
3746,2,Analyst,253.4,Completed,5.86
3746,6,QA,251.6,Completed,6.67
3747,7,Designer,264.6,Delayed,6.7
3748,1,QA,188.1,Completed,8.7
3749,3,Coordinator,369.0,In Progress,9.42
3749,1,Lead,98.9,Delayed,6.91
3749,5,Analyst,147.6,Completed,5.85
3750,7,Designer,249.0,Delayed,7.61
3751,4,Designer,275.3,In Progress,9.94
3751,13,Lead,248.7,In Progress,7.85
3752,2,Designer,327.7,Completed,5.82
3752,11,Developer,119.0,Completed,6.79
3753,14,QA,365.9,In Progress,5.94
3753,12,Designer,341.4,Completed,8.57
3753,5,Coordinator,253.7,Completed,8.68
3754,6,QA,105.7,Delayed,5.42
3754,11,Analyst,302.3,Completed,5.48
3754,13,Coordinator,198.5,Delayed,5.15
3755,5,Analyst,277.5,Delayed,8.5
3755,7,Designer,126.5,Delayed,5.08
3755,9,Developer,212.9,In Progress,8.26
3756,5,QA,340.1,In Progress,6.81
3757,11,Manager,218.6,In Progress,8.52
3757,5,Analyst,138.7,In Progress,7.18
3757,10,QA,137.3,Completed,8.54
3758,8,Lead,194.7,Delayed,6.97
3758,13,Designer,297.1,Completed,6.91
3758,9,QA,189.5,Delayed,5.33
3759,15,Lead,331.7,Completed,7.3
3759,14,Analyst,174.2,Delayed,8.04
3759,12,Lead,288.1,Completed,8.76
3760,5,Lead,318.9,In Progress,9.56
3761,12,Coordinator,344.0,Completed,5.98
3761,2,Manager,311.8,Delayed,9.81
3761,15,Designer,299.2,Delayed,5.82
3762,11,Developer,212.9,Delayed,6.08
3763,4,Analyst,330.6,Completed,5.39
3763,5,Analyst,236.2,Delayed,8.37
3764,3,Manager,99.9,Delayed,8.4
3765,2,Developer,114.1,In Progress,9.54
3765,15,Analyst,120.7,Completed,7.75
3765,11,Coordinator,226.1,In Progress,9.03
3766,14,Analyst,104.5,Completed,5.74
3766,7,Developer,295.5,In Progress,9.18
3766,10,Lead,310.9,Delayed,7.13
3767,11,Lead,179.4,Delayed,5.9
3767,13,Developer,238.2,In Progress,6.88
3768,4,Manager,263.4,Delayed,5.25
3769,9,Lead,215.5,Completed,8.98
3770,2,Manager,116.5,Delayed,9.3
3770,6,Analyst,341.6,Delayed,5.41
3771,9,Manager,134.4,Completed,7.49
3771,2,Developer,309.8,In Progress,6.2
3772,10,Coordinator,277.0,In Progress,6.16
3772,14,Lead,262.7,Delayed,7.37
3773,13,Analyst,369.8,Delayed,8.07
3773,5,QA,85.0,Delayed,9.87
3773,15,Developer,298.7,Delayed,7.61
3774,2,Manager,65.7,Completed,7.05
3774,7,Analyst,257.1,Delayed,9.8
3775,12,Coordinator,226.7,Completed,9.91
3775,8,Analyst,69.2,Delayed,5.48
3776,13,Designer,321.7,Completed,6.87
3776,12,Lead,161.1,Delayed,7.36
3776,11,Coordinator,57.9,Delayed,9.22
3777,15,Coordinator,373.8,In Progress,8.44
3778,13,Analyst,304.8,In Progress,6.31
3779,8,QA,144.6,Delayed,6.36
3779,5,Analyst,147.4,In Progress,8.0
3779,7,Designer,371.5,Completed,8.29
3780,7,QA,320.5,Delayed,8.95
3780,15,Coordinator,69.0,Completed,6.47
3781,1,Designer,281.7,Delayed,7.25
3782,4,Analyst,288.4,Completed,6.19
3783,13,Designer,69.8,Delayed,7.2
3784,10,Developer,115.6,In Progress,8.7
3784,8,Coordinator,134.6,Completed,7.29
3784,13,Manager,262.2,Delayed,5.22
3785,12,QA,171.0,Completed,7.99
3785,10,Coordinator,344.8,In Progress,6.82
3785,9,Developer,323.3,Completed,10.0
3786,2,Designer,362.9,Delayed,7.07
3787,1,Analyst,389.5,Delayed,8.74
3788,13,Designer,346.5,Completed,9.03
3789,4,QA,275.2,Delayed,9.08
3789,13,Developer,200.0,In Progress,7.14
3789,10,Manager,262.0,In Progress,5.46
3790,1,Coordinator,301.4,In Progress,7.99
3791,12,Manager,255.5,Completed,9.18
3792,8,Designer,210.3,In Progress,6.45
3792,1,Designer,98.5,Completed,9.32
3793,13,Lead,266.0,Completed,6.67
3793,6,Analyst,129.7,In Progress,5.7
3793,9,Developer,83.6,Completed,9.65
3794,1,Developer,308.9,Delayed,8.31
3794,6,Analyst,114.0,Delayed,8.28
3794,5,Manager,120.0,Completed,7.61
3795,1,Analyst,370.2,In Progress,9.43
3795,7,Analyst,307.3,In Progress,5.92
3795,4,Designer,71.0,Delayed,7.85
3796,11,Designer,399.0,In Progress,6.8
3796,12,Manager,338.0,Completed,7.63
3796,14,Analyst,125.7,Delayed,9.67
3797,11,Manager,133.9,Delayed,9.02
3797,7,Analyst,60.3,Delayed,8.31
3797,13,Lead,318.9,In Progress,8.37
3798,14,Lead,339.0,Delayed,7.11
3798,2,Designer,58.6,In Progress,8.97
3799,11,Developer,123.6,Completed,7.16
3799,9,Manager,74.4,In Progress,6.27
3800,5,Developer,161.4,Delayed,8.74
3800,12,Coordinator,150.9,Delayed,9.05
3800,11,Manager,224.3,Delayed,7.55
3801,7,Manager,297.3,In Progress,9.08
3801,3,Manager,322.8,In Progress,9.72
3802,12,Manager,137.3,Completed,8.65
3802,9,QA,77.2,Completed,5.01
3802,11,QA,126.5,In Progress,6.53
3803,12,Designer,136.3,Completed,6.27
3803,6,Lead,226.9,Completed,8.02
3804,2,Coordinator,365.5,Delayed,6.42
3804,15,Manager,48.0,Completed,6.87
3804,1,QA,283.3,Completed,9.62
3805,4,Manager,389.6,Delayed,7.15
3806,7,Developer,43.5,In Progress,7.19
3806,10,Analyst,264.8,In Progress,7.21
3806,3,Developer,273.5,Completed,6.13
3807,10,Analyst,238.7,Delayed,8.55
3807,12,Lead,353.9,In Progress,9.22
3807,1,Lead,93.6,In Progress,7.71
3808,6,Designer,53.9,Delayed,5.91
3808,8,Manager,372.4,Delayed,7.44
3808,5,Developer,228.1,In Progress,7.67
3809,3,Designer,96.0,In Progress,5.19
3809,7,Manager,343.2,Delayed,8.98
3810,5,Designer,388.7,Completed,8.95
3810,13,Lead,264.4,In Progress,7.22
3810,8,Coordinator,140.7,Completed,6.63
3811,10,Coordinator,229.4,Delayed,9.11
3811,15,Analyst,62.5,In Progress,9.18
3811,4,Lead,156.4,Delayed,7.94
3812,15,Developer,395.4,In Progress,9.45
3813,5,Analyst,282.4,Completed,8.43
3813,12,Coordinator,399.0,Delayed,5.35
3813,13,Coordinator,220.6,Completed,9.38
3814,9,Coordinator,244.0,In Progress,6.73
3815,10,Developer,230.5,In Progress,6.72
3816,5,Manager,93.8,In Progress,6.12
3816,11,Developer,147.0,Delayed,7.7
3816,10,Lead,306.7,Completed,8.2
3817,6,QA,75.7,Delayed,6.21
3818,10,QA,266.0,In Progress,5.64
3819,8,Developer,54.5,Delayed,8.5
3820,1,Analyst,81.6,In Progress,8.66
3820,5,Designer,331.9,Delayed,8.29
3820,10,Manager,336.8,In Progress,9.72
3821,1,Designer,184.4,In Progress,8.73
3821,12,Analyst,232.8,Delayed,5.25
3821,10,QA,206.1,Completed,6.4
3822,7,QA,368.3,Completed,6.55
3822,4,Lead,60.9,Delayed,8.47
3823,13,Analyst,183.5,In Progress,6.74
3824,8,QA,101.3,Completed,9.49
3824,1,Developer,358.8,In Progress,8.12
3824,15,Developer,100.0,In Progress,9.6
3825,15,Analyst,115.1,Completed,9.26
3826,13,Designer,332.8,In Progress,9.82
3826,5,Manager,276.1,In Progress,9.53
3827,6,QA,349.3,In Progress,7.11
3827,3,Coordinator,252.3,Completed,7.59
3828,6,Developer,159.3,Completed,8.88
3828,1,Analyst,100.1,Completed,7.94
3828,5,Lead,42.9,In Progress,6.28
3829,13,Coordinator,220.5,Delayed,7.34
3829,11,Coordinator,297.1,Completed,7.22
3829,12,Lead,137.5,In Progress,7.66
3830,9,Lead,285.0,In Progress,7.09
3830,4,QA,387.0,In Progress,8.22
3830,10,Lead,61.7,In Progress,7.8
3831,9,Lead,138.9,Completed,8.04
3831,11,Developer,133.0,In Progress,7.21
3831,7,QA,250.8,Completed,9.62
3832,15,Analyst,369.1,Completed,6.13
3832,5,Manager,242.6,In Progress,9.0
3833,15,Designer,266.8,Completed,7.48
3833,14,Manager,209.4,Delayed,9.09
3834,10,Developer,90.5,In Progress,8.3
3834,7,Analyst,180.8,Completed,9.48
3835,8,QA,298.6,In Progress,8.02
3835,14,QA,138.8,Delayed,8.21
3836,7,Manager,136.2,In Progress,9.57
3836,5,Lead,170.0,In Progress,7.38
3837,10,Developer,304.0,In Progress,9.96
3838,13,Developer,170.3,Completed,5.02
3839,1,Developer,69.4,Delayed,9.36
3839,15,Manager,188.8,Delayed,8.06
3840,14,QA,385.4,In Progress,5.42
3840,2,Developer,141.0,Completed,9.34
3841,6,Analyst,163.5,In Progress,7.35
3841,2,Manager,159.3,Delayed,5.63
3842,11,Coordinator,215.1,Delayed,9.53
3843,3,Coordinator,125.4,Completed,9.8
3844,12,Lead,156.8,In Progress,8.85
3845,6,Analyst,302.6,Delayed,5.47
3845,4,Manager,91.3,Completed,6.57
3846,11,Developer,329.4,In Progress,6.68
3846,5,Analyst,104.4,Delayed,7.99
3847,8,Designer,336.8,In Progress,7.14
3848,8,Lead,292.6,In Progress,6.1
3848,13,QA,269.5,Delayed,6.73
3849,15,Analyst,150.6,Delayed,6.18
3849,3,Developer,318.7,Completed,7.65
3849,9,Analyst,116.9,In Progress,7.94
3850,7,Designer,221.9,Completed,8.19
3851,3,Developer,195.2,In Progress,7.41
3851,11,Developer,53.2,Delayed,6.76
3851,5,QA,385.3,In Progress,9.76
3852,13,Developer,231.7,Completed,7.41
3852,10,Manager,116.9,Completed,9.86
3852,7,Designer,228.4,Delayed,5.2
3853,14,Lead,319.8,In Progress,6.04
3854,13,QA,326.5,Completed,8.59
3854,5,Manager,390.1,Completed,5.63
3855,11,Designer,199.7,Completed,8.19
3855,5,Coordinator,173.4,Delayed,9.26
3855,15,Developer,344.8,Delayed,8.92
3856,15,Analyst,132.8,In Progress,5.62
3856,11,Manager,212.5,Delayed,8.94
3856,3,Coordinator,136.3,In Progress,7.07
3857,15,Designer,347.7,In Progress,6.33
3858,11,Analyst,337.1,In Progress,7.1
3858,13,Lead,192.0,In Progress,6.79
3859,7,Manager,101.7,Delayed,5.51
3859,13,Developer,132.8,In Progress,5.95
3860,1,Coordinator,203.9,Delayed,8.69
3860,2,Manager,99.6,Delayed,7.84
3861,2,Lead,134.8,Delayed,6.39
3861,3,Developer,130.9,Delayed,6.47
3862,12,Lead,263.7,Completed,7.19
3862,3,Manager,155.0,Delayed,6.64
3863,5,Lead,249.2,Delayed,6.95
3864,3,Coordinator,147.2,In Progress,5.58
3864,15,Manager,312.8,In Progress,6.78
3865,5,Developer,246.2,Delayed,7.22
3865,3,Coordinator,113.5,Delayed,8.26
3865,6,QA,229.4,Completed,8.35
3866,5,Lead,190.3,Delayed,9.23
3867,13,Manager,335.1,In Progress,8.58
3867,10,Developer,309.7,Delayed,8.97
3868,15,Manager,93.0,Delayed,9.89
3868,3,Lead,388.4,In Progress,5.04
3868,10,Analyst,183.4,Delayed,5.72
3869,10,Developer,342.1,Delayed,5.04
3870,10,Lead,361.9,In Progress,6.19
3870,3,Developer,182.9,Completed,5.12
3871,13,Coordinator,350.9,In Progress,8.38
3872,8,Designer,189.5,In Progress,7.84
3872,1,Manager,281.8,Completed,9.68
3872,5,Manager,326.8,Completed,7.84
3873,10,QA,60.2,Completed,7.09
3873,5,Designer,173.0,Delayed,9.43
3873,15,Manager,111.0,Delayed,5.85
3874,9,Coordinator,151.0,Completed,9.39
3874,4,Manager,102.2,Completed,8.88
3874,2,Analyst,45.3,In Progress,7.07
3875,8,Analyst,110.3,Completed,9.31
3875,11,Analyst,259.9,Delayed,8.53
3876,15,Lead,237.5,Delayed,5.74
3876,3,Lead,298.1,Completed,6.43
3877,6,Manager,133.7,In Progress,9.86
3877,4,Manager,71.7,In Progress,8.63
3877,9,Developer,53.2,In Progress,9.22
3878,12,Designer,270.7,In Progress,7.51
3879,12,Coordinator,326.4,In Progress,8.89
3879,5,QA,311.9,Delayed,6.67
3880,7,QA,92.9,Completed,5.51
3880,14,Developer,66.0,Completed,8.49
3881,2,Manager,186.3,Delayed,8.74
3881,10,Manager,296.0,In Progress,6.16
3882,8,Lead,128.9,Completed,7.07
3882,7,QA,369.1,Delayed,5.2
3882,12,Manager,207.5,In Progress,8.35
3883,10,Coordinator,189.4,In Progress,5.42
3883,8,Developer,322.5,In Progress,6.26
3883,12,Designer,231.9,Completed,7.47
3884,6,Developer,367.7,Completed,5.27
3884,11,Developer,91.4,Completed,7.12
3884,8,Developer,367.5,Delayed,5.73
3885,5,QA,365.4,Delayed,9.75
3886,9,Designer,51.0,In Progress,8.48
3886,2,Designer,276.4,Completed,6.66
3886,15,Developer,239.4,Completed,5.79
3887,12,Designer,99.7,Delayed,5.93
3888,11,Lead,141.6,In Progress,8.93
3889,7,Lead,107.4,In Progress,9.86
3889,15,Manager,137.8,Delayed,6.71
3889,1,Manager,322.4,Completed,7.73
3890,13,Designer,389.5,In Progress,9.78
3890,15,Analyst,338.0,In Progress,7.5
3891,13,Designer,161.6,Completed,6.5
3891,14,Lead,118.2,Completed,8.36
3892,12,Analyst,74.0,Completed,5.7
3893,1,Designer,193.7,In Progress,8.04
3894,10,Manager,304.5,Completed,8.31
3894,2,Coordinator,369.8,Delayed,9.59
3894,11,Coordinator,246.3,Delayed,7.93
3895,3,Coordinator,390.3,Delayed,7.21
3896,4,Designer,195.4,Delayed,7.21
3896,10,Analyst,150.5,Delayed,8.39
3896,12,Analyst,112.3,Delayed,5.37
3897,1,Developer,339.9,Delayed,8.33
3897,12,Manager,294.3,Delayed,9.13
3897,6,Designer,232.2,Completed,9.32
3898,7,QA,374.2,Completed,7.0
3899,14,Designer,285.3,In Progress,7.36
3899,1,Manager,126.6,Delayed,7.34
3899,9,Lead,203.2,Delayed,8.18
3900,4,Lead,57.3,Completed,8.71
3900,8,Coordinator,206.8,Completed,5.57
3901,5,Manager,85.5,Delayed,7.79
3901,4,Lead,342.5,Delayed,8.23
3902,8,Coordinator,208.4,Delayed,7.87
3902,14,Analyst,372.7,Completed,9.78
3903,5,QA,365.2,In Progress,8.09
3903,9,Lead,176.1,Delayed,7.84
3903,8,Analyst,188.2,In Progress,6.52
3904,12,Analyst,96.8,Delayed,7.82
3904,11,Developer,163.1,Completed,9.32
3904,5,Lead,283.1,Completed,9.0
3905,2,Coordinator,192.6,Completed,6.67
3905,4,QA,141.0,Delayed,6.24
3905,8,Manager,91.9,Completed,9.21
3906,13,Analyst,223.8,Completed,6.06
3906,9,Developer,362.7,In Progress,6.39
3906,1,Manager,177.0,Completed,6.96
3907,5,Analyst,170.9,Delayed,6.73
3907,1,Manager,205.0,Delayed,6.6
3907,7,Analyst,130.4,Completed,7.15
3908,1,Coordinator,165.6,In Progress,9.53
3908,11,Manager,44.1,In Progress,5.95
3909,11,Coordinator,236.4,Delayed,5.22
3910,10,Lead,247.9,Delayed,6.93
3911,7,Coordinator,178.1,Completed,9.35
3911,5,Manager,177.0,Completed,6.84
3911,1,Developer,62.4,In Progress,9.12
3912,14,Manager,273.0,Delayed,9.68
3913,3,Coordinator,138.8,In Progress,9.92
3913,10,Coordinator,140.7,Completed,6.1
3913,5,Designer,181.8,Delayed,5.19
3914,10,QA,84.6,In Progress,9.71
3914,12,Designer,40.8,In Progress,5.63
3915,13,QA,144.9,In Progress,6.32
3915,4,Designer,319.4,Delayed,9.54
3916,14,Analyst,60.0,In Progress,7.66
3917,13,Coordinator,225.5,In Progress,8.86
3918,7,Designer,118.6,In Progress,9.41
3918,4,Manager,110.0,Completed,8.62
3919,8,Designer,263.8,In Progress,5.65
3920,11,Developer,235.4,Completed,6.66
3920,7,Analyst,339.6,Completed,7.47
3921,14,QA,328.5,Completed,8.48
3921,4,Coordinator,91.9,In Progress,7.17
3922,8,Lead,148.3,Delayed,5.19
3923,13,Analyst,129.7,Completed,8.65
3924,9,Coordinator,263.5,In Progress,5.83
3925,8,QA,279.1,In Progress,5.3
3925,14,Manager,179.7,In Progress,7.67
3925,11,Manager,163.0,Completed,5.04
3926,7,Analyst,214.1,Completed,9.0
3927,1,Manager,107.7,Completed,9.32
3928,2,Coordinator,394.4,Delayed,9.64
3929,3,Lead,233.9,In Progress,7.84
3929,5,Developer,42.8,Delayed,9.44
3929,7,QA,301.3,Completed,5.34
3930,4,QA,132.7,Completed,9.68
3930,7,Manager,103.4,Delayed,5.42
3931,12,Manager,59.3,Delayed,7.03
3932,6,Analyst,331.8,Completed,8.59
3932,9,Lead,365.3,Completed,7.77
3932,11,Developer,270.8,Delayed,7.72
3933,14,Developer,311.3,In Progress,7.05
3934,12,Manager,115.8,Delayed,6.24
3934,10,Lead,357.7,In Progress,6.01
3935,2,Analyst,203.5,Delayed,6.49
3935,6,QA,147.8,Delayed,8.32
3936,15,Coordinator,71.3,In Progress,8.72
3936,10,Designer,136.2,In Progress,8.69
3936,5,Lead,243.6,Delayed,8.64
3937,9,QA,380.1,Completed,5.18
3937,5,Manager,249.9,Completed,9.74
3937,14,Developer,283.3,In Progress,9.8
3938,6,QA,183.7,Delayed,5.75
3938,8,Lead,252.8,In Progress,9.66
3939,15,Analyst,155.5,Delayed,6.75
3940,3,Designer,384.6,Delayed,5.89
3941,12,Lead,246.6,Delayed,5.44
3942,1,Manager,325.5,Completed,7.91
3943,9,Manager,57.6,Delayed,6.43
3944,6,Analyst,298.6,Completed,8.8
3944,7,QA,153.4,In Progress,9.53
3945,7,Designer,281.4,In Progress,8.18
3945,2,Coordinator,260.5,Delayed,9.96
3946,15,Designer,158.3,In Progress,8.23
3946,13,Analyst,92.2,Completed,6.47
3946,11,Designer,334.9,In Progress,5.25
3947,9,Manager,262.0,Completed,9.02
3947,10,Manager,55.2,In Progress,6.12
3948,15,Developer,242.7,Completed,6.82
3949,12,QA,256.3,Completed,8.44
3950,6,Lead,191.0,Completed,9.75
3950,1,Designer,136.5,Completed,5.09
3950,4,Developer,246.9,Completed,6.86
3951,7,QA,115.6,In Progress,8.42
3951,5,Lead,93.2,Delayed,6.14
3951,6,Lead,89.5,Delayed,6.34
3952,7,QA,167.3,Completed,8.36
3952,11,Developer,228.8,In Progress,7.53
3953,10,Manager,237.9,Completed,9.27
3953,9,Coordinator,131.5,Completed,5.66
3953,12,Manager,368.0,Delayed,7.39
3954,1,Coordinator,381.3,Delayed,5.94
3954,6,QA,289.8,Delayed,9.8
3955,14,Analyst,247.3,Delayed,9.95
3956,15,Designer,391.1,Completed,7.64
3957,4,Lead,317.5,Delayed,7.13
3958,11,Designer,69.6,In Progress,9.03
3959,8,Lead,201.6,Completed,5.45
3959,7,Manager,395.9,Completed,5.06
3959,14,QA,162.4,Delayed,9.79
3960,8,Designer,387.9,Completed,6.9
3960,11,Analyst,316.6,Delayed,6.09
3961,12,Developer,241.2,Completed,6.38
3961,10,Manager,314.0,In Progress,6.59
3962,3,QA,152.1,In Progress,5.97
3962,13,Lead,224.6,Delayed,7.51
3962,15,Manager,139.5,Completed,6.85
3963,3,Analyst,213.7,Completed,6.44
3963,14,Manager,230.3,Completed,6.28
3963,8,Coordinator,361.9,Delayed,9.27
3964,9,Analyst,237.3,Completed,6.02
3965,2,Designer,337.2,Delayed,8.76
3965,3,Lead,157.7,In Progress,7.67
3966,12,QA,73.6,Completed,6.99
3966,1,Developer,245.9,Completed,6.69
3967,7,Lead,156.1,Completed,9.68
3968,1,Lead,175.8,Completed,8.04
3968,3,Designer,164.4,In Progress,9.59
3969,3,QA,319.5,Completed,9.16
3970,12,Lead,58.5,Delayed,9.11
3970,8,Developer,137.0,Completed,7.89
3971,7,Analyst,201.7,Completed,5.47
3971,10,Analyst,93.4,In Progress,9.87
3972,12,Developer,223.3,Completed,9.57
3972,13,Lead,316.5,In Progress,9.28
3972,2,Coordinator,187.2,Completed,9.17
3973,9,Designer,356.3,Delayed,7.73
3974,15,QA,106.0,Completed,5.42
3975,6,QA,92.3,In Progress,5.95
3975,14,Manager,302.3,Completed,8.44
3976,7,Analyst,324.4,In Progress,6.9
3977,8,Analyst,168.2,Delayed,8.55
3977,10,Analyst,261.4,Completed,5.0
3978,4,Designer,72.3,In Progress,9.94
3978,15,Analyst,158.0,In Progress,6.19
3978,3,Analyst,46.3,Completed,5.81
3979,10,Analyst,123.7,Delayed,6.35
3980,14,Analyst,107.9,Delayed,9.06
3980,5,Manager,242.7,In Progress,9.17
3981,6,Analyst,181.0,Delayed,5.29
3981,11,Lead,88.5,Completed,9.63
3982,6,Manager,54.7,Completed,7.93
3983,2,Analyst,328.6,In Progress,7.47
3984,7,Analyst,190.2,Completed,6.85
3984,3,Designer,124.5,In Progress,5.93
3984,12,Manager,54.1,In Progress,5.17
3985,9,Coordinator,381.5,In Progress,9.66
3985,12,Developer,80.3,Delayed,5.42
3986,6,Developer,279.4,Delayed,6.9
3986,13,Manager,324.1,Completed,5.74
3987,12,QA,295.7,In Progress,9.03
3988,14,Developer,285.2,Delayed,6.95
3989,10,QA,208.6,Delayed,7.65
3990,8,Developer,100.0,Completed,9.47
3991,15,Lead,182.3,In Progress,8.08
3992,11,Analyst,143.1,Completed,9.98
3993,2,Coordinator,389.5,Completed,8.92
3993,10,Analyst,158.0,In Progress,7.56
3993,7,Designer,294.7,Delayed,5.56
3994,4,Analyst,240.8,Completed,8.5
3994,1,Manager,316.0,In Progress,5.15
3994,14,Developer,353.8,Completed,8.18
3995,2,Designer,76.6,Delayed,5.3
3995,15,Manager,70.0,In Progress,6.06
3996,14,QA,208.8,In Progress,7.46
3996,15,Lead,63.0,Delayed,9.91
3997,5,Manager,387.6,Completed,8.73
3997,4,Coordinator,353.2,In Progress,7.92
3998,3,Developer,152.8,In Progress,5.33
3998,10,Analyst,204.4,Delayed,8.25
3999,1,Lead,41.2,Completed,9.57
3999,13,Developer,348.6,Completed,6.93
3999,9,Designer,386.9,Delayed,5.49
4000,8,Designer,237.1,Delayed,9.01
4001,14,Coordinator,287.2,Completed,7.9
4001,1,QA,364.4,Completed,7.83
4001,6,Lead,181.2,Completed,8.02
4002,13,Designer,233.0,In Progress,8.19
4002,6,Developer,49.6,Completed,9.53
4003,2,Lead,317.9,Delayed,7.71
4003,4,Lead,179.8,Completed,8.2
4003,1,Manager,235.9,Delayed,8.88
4004,8,Analyst,49.1,Delayed,6.85
4004,6,Developer,248.4,Completed,9.81
4005,5,Manager,151.8,Completed,7.09
4005,1,QA,183.0,Delayed,5.12
4005,4,Lead,146.3,Completed,5.96
4006,8,Coordinator,60.6,In Progress,5.54
4006,10,Manager,88.7,Delayed,8.51
4006,1,Coordinator,241.3,Completed,7.8
4007,3,Lead,182.0,Delayed,7.84
4008,9,Manager,384.3,Delayed,5.44
4008,10,Coordinator,75.5,In Progress,7.62
4008,7,QA,348.6,Completed,7.57
4009,5,Coordinator,83.5,In Progress,9.45
4009,4,Coordinator,58.2,Delayed,6.69
4010,12,Coordinator,183.6,In Progress,7.62
4010,7,Developer,187.5,Completed,5.93
4010,4,Lead,46.2,In Progress,8.21
4011,10,Developer,329.8,Completed,5.25
4011,11,Analyst,374.0,Delayed,7.81
4012,1,QA,356.4,Completed,5.03
4012,4,Designer,269.7,Completed,5.61
4012,10,Analyst,332.2,Completed,8.62
4013,13,Lead,225.2,Completed,7.91
4013,3,QA,307.9,Delayed,8.38
4014,5,Analyst,256.0,Delayed,6.52
4014,3,QA,379.9,Completed,9.87
4015,10,Manager,254.6,In Progress,7.82
4016,13,Lead,375.5,Delayed,7.0
4017,12,Designer,46.7,Delayed,8.57
4018,13,Developer,215.6,Delayed,7.2
4018,4,QA,146.4,Completed,6.56
4019,4,QA,182.4,In Progress,5.0
4019,2,QA,289.4,Completed,6.03
4020,14,Manager,394.3,In Progress,7.96
4021,11,Designer,395.0,Delayed,7.63
4021,4,QA,55.8,In Progress,8.33
4021,13,Developer,397.8,Completed,5.15
4022,13,Lead,385.5,Delayed,5.59
4022,6,Lead,204.8,Completed,8.59
4023,5,Coordinator,255.5,Completed,5.17
4023,6,Lead,208.8,In Progress,7.26
4024,1,Lead,61.9,In Progress,8.01
4024,3,Manager,89.1,Completed,9.71
4025,15,Developer,180.3,Delayed,5.79
4025,2,Developer,390.4,Delayed,8.65
4026,14,Coordinator,393.8,In Progress,9.52
4026,12,Designer,333.8,Delayed,6.66
4026,1,Analyst,283.3,Delayed,6.92
4027,14,Lead,75.3,Completed,5.14
4027,1,Analyst,93.3,Delayed,7.25
4028,14,Analyst,281.6,Completed,8.5
4028,6,Coordinator,364.8,Completed,6.52
4028,9,Lead,357.8,In Progress,5.85
4029,3,Manager,96.9,In Progress,5.91
4029,1,QA,115.0,Completed,5.59
4030,2,Developer,310.7,In Progress,6.73
4030,10,QA,261.1,Delayed,5.41
4031,5,QA,77.5,Delayed,6.78
4031,2,Manager,113.7,Delayed,5.42
4032,13,Developer,172.1,Delayed,7.72
4033,14,Developer,383.7,Delayed,8.98
4034,14,Developer,201.8,Completed,8.12
4034,7,Analyst,367.8,Completed,5.48
4035,5,Manager,40.1,Completed,8.64
4036,12,Developer,238.6,In Progress,9.23
4036,15,Analyst,205.0,Delayed,5.92
4036,9,QA,242.3,In Progress,7.25
4037,5,Designer,341.7,Completed,6.15
4037,7,Lead,283.8,Delayed,6.47
4038,5,QA,180.0,Completed,8.27
4038,4,Lead,145.5,Completed,8.61
4038,10,Designer,206.8,In Progress,6.07
4039,6,Designer,361.0,In Progress,9.02
4040,9,Analyst,357.6,In Progress,7.98
4040,1,QA,101.2,In Progress,6.71
4040,5,QA,171.9,In Progress,9.41
4041,3,Analyst,304.2,In Progress,6.74
4041,13,QA,366.9,Delayed,9.03
4042,6,Developer,361.3,Completed,7.32
4043,2,Developer,314.2,Completed,6.09
4043,15,Designer,172.4,Completed,8.26
4043,5,Analyst,158.9,Completed,8.47
4044,10,QA,366.8,In Progress,6.79
4044,4,Lead,255.7,In Progress,6.45
4044,9,Analyst,195.5,In Progress,8.02
4045,3,Coordinator,367.9,Completed,6.47
4046,15,Developer,255.5,Completed,6.59
4046,6,Lead,101.4,In Progress,8.36
4047,5,Coordinator,283.2,Completed,7.04
4048,13,Designer,352.3,Delayed,5.73
4049,2,Analyst,387.3,In Progress,6.28
4049,9,Coordinator,302.3,In Progress,5.04
4049,10,Analyst,346.0,Delayed,6.47
4050,11,QA,393.4,In Progress,7.88
4050,4,Manager,171.7,Completed,9.88
4050,6,Manager,109.2,Delayed,6.89
4051,1,QA,128.3,Completed,6.53
4052,8,Developer,329.1,Completed,7.5
4052,15,Coordinator,111.7,Completed,7.01
4053,8,Analyst,240.1,Delayed,9.76
4053,12,Designer,250.1,Completed,7.79
4053,2,Developer,65.5,Completed,6.76
4054,15,Lead,67.1,Completed,5.91
4055,2,Manager,166.5,Delayed,9.42
4056,10,Analyst,208.6,Completed,5.4
4056,13,QA,126.0,In Progress,8.38
4056,5,Designer,171.3,In Progress,7.93
4057,11,Designer,296.0,In Progress,7.92
4058,13,Lead,189.9,Completed,8.14
4058,12,Coordinator,253.5,In Progress,7.98
4058,6,Developer,104.9,In Progress,7.92
4059,1,Analyst,71.9,Completed,6.76
4059,12,Developer,289.4,In Progress,5.1
4060,4,Analyst,119.6,Delayed,9.11
4061,12,Manager,175.4,Delayed,7.1
4061,5,Designer,194.7,Completed,8.96
4061,10,Manager,184.2,Delayed,7.71
4062,15,Manager,388.3,In Progress,6.71
4062,6,Designer,226.0,In Progress,8.27
4062,7,Analyst,399.7,In Progress,7.36
4063,12,Analyst,397.0,Completed,9.05
4063,8,Developer,189.2,In Progress,9.61
4063,5,Designer,253.2,Completed,5.18
4064,14,QA,173.4,Completed,6.92
4064,2,Designer,103.0,Delayed,9.23
4065,11,Analyst,141.1,Delayed,7.99
4065,14,Coordinator,372.1,In Progress,6.23
4065,1,Coordinator,194.0,Delayed,7.43
4066,14,Developer,318.1,In Progress,8.7
4066,15,Developer,113.0,In Progress,8.34
4067,12,Coordinator,294.0,In Progress,6.86
4067,7,Developer,153.0,Delayed,6.06
4068,3,Developer,353.3,In Progress,5.8
4069,11,QA,111.0,In Progress,7.05
4069,12,Developer,293.8,Completed,9.05
4069,8,QA,74.8,Completed,5.53
4070,2,Analyst,77.8,In Progress,7.54
4070,5,Manager,272.0,Delayed,6.12
4071,3,QA,69.5,Delayed,5.11
4072,12,Coordinator,195.2,In Progress,7.3
4073,1,Coordinator,108.4,Delayed,9.91
4074,6,Manager,237.5,In Progress,6.1
4075,5,Coordinator,283.2,In Progress,5.13
4076,11,Manager,273.5,Completed,7.96
4076,3,Analyst,311.8,Completed,6.2
4077,1,Lead,240.3,Delayed,8.54
4077,15,Developer,242.2,In Progress,7.53
4078,14,QA,191.3,In Progress,6.03
4079,5,Coordinator,107.9,In Progress,6.47
4080,9,Designer,297.5,Delayed,7.52
4080,12,Designer,385.8,In Progress,8.44
4081,2,Designer,257.6,Delayed,9.89
4081,9,Coordinator,213.9,Completed,6.45
4081,10,Designer,344.4,Completed,9.62
4082,9,Lead,258.4,Completed,7.54
4082,3,Analyst,157.6,Delayed,9.1
4082,15,Analyst,240.7,In Progress,8.83
4083,13,Lead,145.5,Completed,5.89
4084,13,Designer,281.3,In Progress,6.89
4084,5,Designer,277.2,Completed,7.69
4085,15,Lead,54.9,Completed,6.74
4085,7,Designer,295.0,Completed,7.23
4085,3,QA,266.4,In Progress,9.9
4086,15,Analyst,316.9,In Progress,7.34
4087,6,QA,150.4,Completed,7.18
4088,14,QA,71.9,In Progress,9.93
4088,13,Developer,72.4,In Progress,6.06
4089,7,Analyst,391.8,Delayed,6.25
4089,2,QA,257.3,In Progress,9.63
4090,5,Analyst,358.0,In Progress,5.93
4091,14,Manager,202.5,In Progress,5.4
4091,8,Designer,371.6,Completed,8.58
4091,15,Developer,328.6,Completed,9.12
4092,12,Designer,55.1,In Progress,7.24
4092,14,Coordinator,326.8,Delayed,7.28
4092,1,Analyst,206.4,Delayed,6.06
4093,14,QA,236.5,Delayed,8.49
4093,7,Lead,338.1,Delayed,8.65
4093,8,Manager,90.7,Delayed,8.49
4094,12,Designer,266.4,In Progress,9.26
4094,5,Manager,245.0,Completed,9.08
4095,1,Designer,287.2,Completed,5.75
4096,9,Manager,57.8,Delayed,7.54
4097,1,Designer,83.1,Delayed,9.97
4097,9,Developer,241.7,In Progress,7.46
4098,12,Analyst,142.0,Delayed,9.76
4098,10,Lead,221.7,In Progress,7.6
4098,1,Designer,129.5,Delayed,8.34
4099,15,Lead,282.9,Completed,9.52
4099,6,QA,381.0,In Progress,5.45
4099,2,Lead,363.7,Delayed,7.35
4100,9,QA,261.1,Completed,8.03
4100,15,Coordinator,155.5,Completed,9.83
4101,3,Designer,244.0,In Progress,9.59
4102,15,QA,399.9,Completed,6.63
4103,3,Developer,176.4,Completed,7.07
4104,12,Analyst,248.8,Completed,8.06
4104,3,Manager,135.4,Completed,7.78
4104,15,Coordinator,392.8,Completed,7.24
4105,1,Coordinator,393.0,Delayed,5.82
4105,7,Analyst,54.3,Delayed,6.71
4106,9,Analyst,92.2,Delayed,9.72
4107,2,Designer,53.7,Delayed,9.69
4107,4,Designer,141.6,In Progress,5.41
4108,13,Analyst,151.5,Completed,6.47
4108,14,Designer,336.3,Delayed,6.12
4108,6,Analyst,218.0,Completed,9.44
4109,13,QA,392.2,In Progress,10.0
4109,2,Analyst,178.7,Delayed,6.91
4110,8,Designer,210.6,In Progress,6.78
4111,2,QA,278.8,In Progress,9.78
4112,12,Designer,340.7,Delayed,8.6
4112,2,Manager,201.0,Delayed,8.31
4112,8,Coordinator,97.3,Completed,6.55
4113,4,Designer,271.2,Completed,9.88
4113,6,Coordinator,187.2,In Progress,5.7
4114,13,Coordinator,182.5,Completed,8.11
4115,1,Designer,355.3,Delayed,7.09
4115,12,Manager,81.8,Completed,6.33
4116,11,Analyst,88.0,In Progress,6.83
4117,15,Developer,203.4,Completed,5.44
4117,8,Designer,223.6,Completed,8.34
4118,10,Manager,306.0,In Progress,9.57
4118,14,Coordinator,342.2,In Progress,9.22
4119,5,Coordinator,102.4,Completed,5.79
4119,11,Developer,319.7,In Progress,8.69
4120,8,Analyst,362.7,Delayed,8.09
4120,1,QA,349.1,In Progress,7.01
4121,13,Developer,235.4,Delayed,5.28
4122,2,Designer,184.8,Delayed,6.41
4122,1,Analyst,62.2,In Progress,8.08
4122,7,QA,351.5,Completed,5.76
4123,3,Manager,262.5,In Progress,7.07
4123,5,Manager,64.3,Completed,6.75
4124,13,Manager,212.1,Completed,7.09
4124,15,Designer,332.9,Delayed,8.6
4124,2,Manager,47.2,Completed,8.93
4125,4,Developer,365.5,In Progress,9.94
4125,11,Manager,219.1,Completed,5.04
4126,15,Designer,334.0,In Progress,7.13
4127,6,Developer,62.8,Delayed,7.71
4127,13,Coordinator,318.1,Delayed,9.05
4128,12,Designer,373.2,Completed,8.48
4128,11,Lead,350.6,Completed,8.54
4128,7,Analyst,129.9,In Progress,5.13
4129,6,QA,58.6,Delayed,6.88
4130,5,Developer,305.8,In Progress,8.63
4130,1,Analyst,333.4,Completed,8.35
4131,5,QA,62.2,In Progress,9.2
4131,13,Coordinator,281.9,In Progress,7.88
4131,11,Designer,74.0,Completed,6.7
4132,4,Manager,257.8,In Progress,6.64
4133,14,Manager,332.7,Completed,7.4
4133,13,Analyst,246.4,In Progress,6.81
4134,11,QA,281.3,In Progress,5.77
4135,14,QA,274.3,In Progress,6.16
4135,7,Manager,241.5,In Progress,8.43
4136,14,QA,343.9,In Progress,9.56
4136,13,Lead,323.9,Delayed,8.38
4137,2,QA,389.5,Completed,8.05
4138,15,QA,119.6,Completed,8.72
4139,8,Coordinator,334.5,Completed,9.47
4139,6,Developer,150.1,In Progress,9.87
4139,13,QA,123.1,In Progress,9.26
4140,13,Lead,102.7,In Progress,8.69
4141,2,QA,181.6,Delayed,8.78
4142,6,Coordinator,131.1,In Progress,6.3
4142,8,Coordinator,335.2,In Progress,6.13
4142,9,Coordinator,122.6,Delayed,6.71
4143,8,QA,70.9,In Progress,7.11
4144,3,Developer,318.5,Delayed,5.23
4145,3,Developer,150.6,Delayed,6.08
4146,3,Developer,190.7,Completed,8.11
4147,9,Designer,111.5,Delayed,8.65
4147,14,QA,239.8,Completed,8.94
4148,3,Developer,164.0,Completed,9.85
4149,13,Analyst,196.9,Completed,7.36
4149,8,Developer,321.0,Completed,6.6
4149,2,Lead,373.2,In Progress,6.49
4150,15,Coordinator,164.1,Completed,6.44
4151,11,Lead,189.5,Delayed,7.53
4151,4,Designer,186.6,Completed,8.42
4151,8,Developer,131.0,In Progress,9.82
4152,13,Coordinator,117.2,Delayed,7.9
4153,5,Analyst,359.6,In Progress,5.68
4154,5,Lead,201.0,Completed,9.73
4154,9,Designer,145.6,Delayed,5.0
4155,15,Analyst,126.7,Completed,8.93
4155,14,Lead,60.4,In Progress,6.58
4156,6,Coordinator,139.0,Delayed,6.85
4156,11,Designer,223.4,Delayed,6.02
4157,3,Manager,164.2,Delayed,6.6
4158,2,Designer,389.8,Delayed,8.78
4159,1,QA,234.3,Completed,5.01
4159,13,Coordinator,225.6,Delayed,5.19
4159,14,Manager,336.3,Delayed,7.62
4160,12,Coordinator,57.6,Delayed,7.62
4160,2,Lead,304.7,Delayed,7.75
4160,11,Designer,322.1,In Progress,9.25
4161,11,Coordinator,357.1,Delayed,6.82
4161,2,Coordinator,380.9,Delayed,5.39
4162,14,Analyst,375.9,Delayed,7.47
4163,7,Lead,275.1,In Progress,8.28
4163,13,Developer,126.6,In Progress,8.37
4163,11,Developer,207.4,In Progress,8.4
4164,7,Lead,304.5,Completed,6.51
4164,5,Analyst,228.2,Delayed,6.28
4164,10,Coordinator,399.8,Delayed,6.26
4165,11,Manager,231.3,Completed,9.08
4165,9,Lead,331.7,Delayed,8.78
4166,11,Designer,99.7,In Progress,5.55
4166,15,Designer,345.2,In Progress,8.86
4166,6,Lead,119.9,Completed,8.29
4167,2,Designer,176.1,Completed,8.96
4167,7,Manager,287.3,Completed,5.86
4167,12,Developer,218.9,In Progress,8.36
4168,7,QA,213.1,In Progress,9.36
4168,8,QA,101.5,Completed,6.11
4169,5,Analyst,260.5,Completed,8.57
4170,1,Developer,71.4,In Progress,7.13
4170,14,Designer,152.1,Delayed,9.46
4170,7,Analyst,67.2,Delayed,7.5
4171,1,Analyst,287.5,Delayed,9.0
4172,10,Analyst,351.8,In Progress,9.3
4172,13,Designer,207.5,Completed,8.29
4173,7,Coordinator,374.9,In Progress,7.45
4174,13,Coordinator,190.0,In Progress,9.99
4175,8,Developer,53.9,Delayed,7.57
4175,4,QA,371.2,In Progress,5.31
4176,12,Lead,236.9,In Progress,6.58
4176,10,QA,205.8,In Progress,8.38
4176,11,Coordinator,163.3,In Progress,5.81
4177,12,Developer,65.6,Delayed,7.74
4177,3,Analyst,120.2,Completed,8.25
4177,1,Lead,191.2,Completed,6.24
4178,10,Coordinator,134.0,Delayed,8.83
4178,12,Designer,235.6,Delayed,6.07
4179,9,Designer,212.8,Completed,5.45
4180,2,QA,270.2,Completed,7.94
4180,15,Lead,332.7,Completed,9.5
4180,1,Coordinator,226.6,In Progress,7.69
4181,5,Lead,142.9,In Progress,7.72
4181,2,Lead,244.3,In Progress,5.7
4181,14,Designer,46.3,Delayed,5.26
4182,8,Lead,135.0,In Progress,9.02
4183,3,Coordinator,278.3,In Progress,9.32
4183,13,Manager,100.9,Delayed,6.34
4183,6,Lead,254.0,Completed,6.54
4184,3,Designer,297.9,Completed,8.37
4184,7,QA,325.6,Completed,5.2
4184,12,Designer,223.8,Completed,9.38
4185,3,Lead,172.5,Delayed,7.42
4185,1,Manager,149.9,Delayed,7.52
4186,11,Manager,45.6,Completed,8.41
4186,9,Lead,49.6,In Progress,6.83
4186,14,Analyst,261.0,Completed,9.11
4187,15,Coordinator,55.7,Delayed,5.1
4187,4,Manager,214.6,In Progress,7.39
4187,5,Designer,243.3,Completed,5.77
4188,15,QA,338.0,Completed,7.5
4189,15,Analyst,178.8,In Progress,8.92
4189,13,Lead,64.4,Delayed,5.28
4190,3,Developer,198.0,Completed,7.06
4191,7,QA,79.9,In Progress,6.57
4192,10,Designer,258.6,In Progress,5.46
4193,7,Developer,354.8,Delayed,7.61
4194,13,Designer,273.6,Completed,8.69
4194,5,QA,211.0,In Progress,5.68
4194,12,Manager,46.2,In Progress,5.64
4195,7,Lead,195.0,Completed,7.78
4195,3,Manager,168.4,Completed,7.55
4196,1,Analyst,126.0,In Progress,5.85
4197,1,Coordinator,259.9,Delayed,8.14
4197,5,Coordinator,74.9,Completed,9.33
4198,7,QA,83.2,Delayed,5.71
4198,14,Designer,60.2,Delayed,5.49
4199,13,QA,379.8,Completed,8.47
4200,13,Developer,246.1,Delayed,6.52
4200,10,Designer,179.5,Delayed,9.04
4201,7,Designer,374.4,In Progress,5.97
4201,10,Manager,265.2,Completed,6.89
4201,6,Coordinator,315.5,In Progress,7.19
4202,7,Analyst,154.5,In Progress,7.66
4202,9,Manager,376.6,Delayed,8.85
4203,12,Developer,314.0,Delayed,8.92
4204,9,Coordinator,157.5,Delayed,5.01
4204,1,Lead,305.9,Delayed,9.02
4204,5,Manager,241.3,Completed,9.53
4205,8,Analyst,382.1,Delayed,8.14
4205,10,Coordinator,243.8,In Progress,8.89
4206,2,Manager,306.0,Delayed,5.04
4206,9,Analyst,137.8,Delayed,7.28
4206,3,Analyst,292.5,Delayed,6.86
4207,4,Manager,323.5,Delayed,6.09
4207,9,Analyst,119.2,Delayed,8.86
4208,12,Coordinator,311.6,Delayed,6.34
4208,4,QA,174.6,In Progress,5.5
4209,1,Developer,44.6,In Progress,9.18
4210,13,QA,180.2,Completed,7.95
4211,1,Coordinator,165.3,Completed,9.7
4212,12,Analyst,52.0,In Progress,9.78
4212,3,Manager,288.1,Completed,5.7
4212,14,Lead,181.5,Completed,5.42
4213,8,Lead,82.3,In Progress,7.51
4213,2,Lead,143.1,Completed,7.51
4213,5,Lead,303.0,Delayed,8.42
4214,8,Lead,108.7,Delayed,6.68
4214,13,Designer,126.0,In Progress,9.34
4214,15,Lead,341.7,Delayed,6.52
4215,2,Developer,114.4,Delayed,6.49
4216,1,Designer,389.1,In Progress,6.61
4217,8,Designer,150.1,Delayed,5.84
4218,4,Designer,94.4,Delayed,8.75
4219,8,Analyst,362.0,Completed,5.66
4220,3,Coordinator,85.2,In Progress,6.52
4220,6,Analyst,395.6,Completed,8.46
4221,9,Lead,62.1,In Progress,8.02
4221,4,Coordinator,111.4,Delayed,5.38
4221,8,Manager,228.1,Delayed,7.24
4222,10,Developer,89.1,Completed,9.6
4223,13,Developer,182.9,Delayed,5.42
4223,7,Developer,192.6,In Progress,8.72
4223,3,Manager,199.6,In Progress,8.01
4224,3,Developer,185.8,Delayed,7.74
4224,14,Coordinator,325.4,Delayed,9.61
4225,14,QA,41.8,Completed,6.02
4225,6,QA,126.6,Completed,7.25
4226,1,Lead,146.2,In Progress,8.11
4226,13,Designer,154.4,Delayed,6.39
4227,2,Coordinator,134.6,Delayed,9.71
4228,15,Coordinator,307.6,Delayed,9.74
4228,2,QA,66.8,In Progress,5.99
4229,5,QA,100.9,Completed,5.3
4229,1,Developer,149.8,Completed,8.43
4229,13,Developer,269.7,In Progress,8.38
4230,10,Developer,305.5,In Progress,8.15
4230,2,QA,60.4,Completed,7.19
4231,11,Coordinator,246.8,In Progress,8.22
4231,15,Manager,367.6,In Progress,6.24
4232,4,Designer,201.9,Completed,6.41
4232,12,Designer,331.1,Delayed,9.35
4232,1,QA,271.7,Delayed,9.83
4233,3,Analyst,315.7,Completed,7.09
4234,8,Manager,290.7,Completed,8.99
4235,8,Coordinator,383.5,Completed,8.48
4235,5,Coordinator,326.5,Completed,6.6
4235,10,Designer,333.8,In Progress,7.16
4236,15,Analyst,102.0,Delayed,7.36
4237,10,Designer,103.3,Delayed,6.3
4237,4,QA,389.8,In Progress,9.64
4237,8,Lead,61.6,Delayed,9.53
4238,10,Designer,156.8,Completed,5.83
4239,1,Lead,137.2,Completed,7.02
4239,5,Developer,355.6,Delayed,6.99
4240,2,Coordinator,92.3,Completed,9.73
4240,4,Analyst,203.8,Delayed,8.58
4241,13,Analyst,248.9,In Progress,9.84
4241,1,Coordinator,265.4,In Progress,7.75
4242,2,Designer,93.7,In Progress,9.51
4242,15,Coordinator,118.0,Delayed,9.39
4243,4,Coordinator,104.8,Delayed,9.72
4243,1,Analyst,380.8,Delayed,9.33
4244,13,Designer,353.8,Completed,9.91
4245,12,Manager,193.7,Delayed,6.03
4245,11,Analyst,61.0,Completed,7.95
4246,11,Manager,186.5,In Progress,5.4
4246,6,Manager,129.1,Completed,5.12
4246,8,Developer,278.8,Completed,7.07
4247,12,Manager,282.4,In Progress,7.77
4247,8,QA,143.7,In Progress,5.13
4247,5,Developer,213.1,Completed,7.34
4248,6,Manager,172.2,In Progress,7.23
4249,6,QA,138.2,In Progress,5.14
4250,3,Designer,207.9,Delayed,5.78
4250,8,Coordinator,203.1,Completed,9.52
4251,12,Developer,227.7,In Progress,9.59
4252,9,QA,251.2,In Progress,5.16
4252,8,Designer,128.8,Delayed,7.08
4253,11,Designer,369.7,In Progress,5.91
4254,8,QA,272.5,Delayed,8.3
4254,1,Designer,399.0,Completed,8.81
4255,1,Manager,128.3,Completed,5.52
4256,8,Developer,273.0,Completed,5.83
4256,5,Analyst,258.4,In Progress,5.21
4256,10,QA,335.5,Completed,6.71
4257,4,QA,371.4,Completed,9.17
4257,14,Manager,84.1,Completed,6.18
4257,9,Manager,309.1,Delayed,8.92
4258,1,Coordinator,220.6,In Progress,5.73
4259,5,Coordinator,303.1,In Progress,9.07
4259,4,Manager,250.1,Delayed,6.74
4260,10,Manager,351.4,Delayed,7.58
4260,1,Analyst,248.1,Delayed,8.25
4261,11,Designer,310.9,Completed,8.09
4261,3,Lead,190.0,Completed,9.72
4262,5,Coordinator,137.1,Completed,6.77
4262,6,QA,95.3,In Progress,6.25
4262,9,Coordinator,326.3,Completed,8.33
4263,7,Coordinator,171.7,Completed,8.63
4263,2,Lead,287.5,Delayed,6.81
4263,14,Designer,156.2,In Progress,7.96
4264,8,Coordinator,322.0,In Progress,7.85
4265,11,QA,345.1,Delayed,6.24
4265,4,Designer,242.8,Completed,7.68
4266,8,Manager,301.9,Delayed,8.65
4267,9,Lead,272.3,Completed,8.09
4268,4,Coordinator,88.2,Completed,8.42
4269,11,QA,89.1,Delayed,7.73
4269,8,Designer,332.3,Completed,8.67
4269,1,Manager,182.9,Delayed,9.58
4270,9,Designer,286.1,Completed,8.85
4270,7,Lead,45.4,Completed,7.84
4271,3,Manager,113.7,Completed,7.62
4271,7,Lead,270.6,Completed,7.81
4271,12,Developer,229.5,In Progress,9.08
4272,2,QA,207.9,Delayed,8.74
4272,7,Developer,352.6,Completed,5.15
4272,10,Developer,259.3,Completed,8.39
4273,4,QA,223.5,Delayed,5.3
4273,11,Lead,248.5,Completed,8.77
4273,15,Manager,378.7,Completed,8.1
4274,10,Analyst,41.0,Completed,5.34
4274,6,Manager,385.3,Completed,5.52
4275,11,QA,273.6,Completed,9.42
4275,2,Analyst,235.5,Delayed,9.95
4275,13,QA,317.8,Completed,9.33
4276,3,Manager,108.9,Completed,9.41
4276,14,Coordinator,254.9,Completed,8.12
4276,8,Designer,236.2,In Progress,8.29
4277,6,Analyst,233.1,Delayed,5.55
4278,11,Coordinator,112.2,Delayed,8.11
4278,9,Lead,229.7,In Progress,8.01
4278,14,Manager,225.1,Completed,6.62
4279,8,Analyst,242.7,Delayed,6.47
4279,4,Designer,168.1,Delayed,6.4
4279,10,Lead,157.4,Completed,9.12
4280,6,Coordinator,103.8,Delayed,7.21
4281,2,Lead,278.9,In Progress,9.46
4281,14,Lead,324.3,Delayed,9.21
4282,15,Developer,227.1,In Progress,5.61
4282,6,Analyst,304.4,Delayed,5.61
4282,2,Analyst,356.6,Delayed,6.03
4283,9,Lead,226.7,Completed,9.26
4284,10,Coordinator,316.2,Delayed,6.2
4284,1,Coordinator,256.5,Completed,7.61
4284,11,Lead,355.7,Delayed,8.88
4285,6,Coordinator,136.2,Delayed,6.95
4285,8,Lead,316.2,Completed,5.22
4285,5,QA,279.3,Delayed,8.01
4286,10,Analyst,169.0,Completed,9.3
4286,3,Lead,372.9,Delayed,7.81
4286,8,Developer,194.7,In Progress,7.9
4287,6,QA,91.7,In Progress,7.9
4287,7,Designer,60.2,Delayed,6.09
4288,6,Lead,259.8,Delayed,7.96
4288,2,Designer,171.8,Delayed,9.21
4289,6,Coordinator,257.9,Delayed,8.69
4289,4,QA,151.7,Delayed,8.51
4289,14,Lead,272.6,Delayed,5.23
4290,15,Manager,178.8,In Progress,7.78
4290,14,Developer,47.7,In Progress,9.94
4291,12,Coordinator,182.6,Delayed,9.83
4291,8,Lead,351.5,Delayed,6.15
4292,12,Lead,369.2,In Progress,5.88
4292,7,Designer,99.2,Delayed,8.85
4293,2,Lead,227.2,Delayed,7.75
4294,1,Developer,112.2,Delayed,9.68
4294,11,Analyst,199.9,In Progress,7.6
4295,12,Developer,315.5,In Progress,9.91
4296,5,Designer,260.2,Completed,5.89
4297,13,Lead,348.0,Delayed,6.08
4298,12,Manager,395.8,Delayed,7.84
4298,9,Coordinator,229.7,Completed,6.1
4298,14,Designer,180.0,In Progress,5.55
4299,7,Designer,108.2,In Progress,8.96
4299,11,Coordinator,69.3,In Progress,5.22
4299,5,Analyst,84.3,Completed,6.65
4300,11,Analyst,159.6,In Progress,9.37
4300,8,Coordinator,44.8,In Progress,5.71
4301,12,Manager,277.7,Delayed,9.26
4301,6,Designer,76.7,Completed,5.6
4302,7,Developer,56.5,Delayed,9.9
4302,3,Lead,120.3,Completed,6.33
4302,1,Analyst,376.7,Completed,7.72
4303,2,QA,289.2,In Progress,5.0
4304,8,Analyst,360.6,In Progress,9.24
4304,4,Developer,72.1,In Progress,8.73
4304,1,Lead,314.6,Completed,9.97
4305,5,Lead,358.3,In Progress,5.11
4306,11,Manager,106.4,In Progress,9.13
4307,9,Manager,231.4,Completed,5.21
4307,3,Developer,134.7,Completed,6.84
4308,11,Analyst,176.9,In Progress,7.32
4308,8,Manager,394.8,Completed,9.69
4309,11,Analyst,260.6,Delayed,7.64
4309,14,Lead,192.6,Completed,5.92
4310,13,Lead,321.2,Completed,5.53
4310,9,Coordinator,196.1,In Progress,9.96
4311,5,Analyst,388.5,In Progress,6.7
4311,13,Analyst,222.3,Completed,5.96
4312,11,Developer,390.8,Completed,7.31
4312,13,Designer,303.4,Completed,5.53
4312,10,QA,219.1,Completed,6.36
4313,1,QA,160.5,In Progress,9.65
4313,2,QA,130.1,In Progress,7.67
4313,3,Developer,206.8,Delayed,7.9
4314,12,Designer,258.0,Delayed,6.45
4315,11,Manager,265.0,In Progress,8.07
4315,5,Analyst,165.9,In Progress,8.64
4316,2,Lead,49.9,Delayed,5.9
4316,3,QA,282.8,Delayed,5.47
4316,8,QA,42.1,In Progress,7.67
4317,12,Designer,167.1,Completed,9.67
4318,2,Analyst,194.6,In Progress,5.3
4319,9,Designer,99.2,Delayed,7.73
4319,11,Developer,175.6,Completed,7.48
4320,13,QA,155.8,Completed,7.76
4320,6,Coordinator,275.4,In Progress,7.44
4320,5,Lead,248.6,Delayed,8.68
4321,2,QA,242.1,In Progress,8.38
4322,2,QA,362.4,In Progress,9.34
4322,12,Developer,358.6,In Progress,5.4
4323,1,Manager,385.1,In Progress,9.57
4324,7,Developer,169.3,In Progress,6.52
4325,11,Analyst,378.7,In Progress,8.51
4325,2,Developer,371.0,In Progress,9.74
4325,3,Manager,379.7,In Progress,8.01
4326,7,Analyst,285.8,In Progress,6.23
4327,11,Designer,194.0,Delayed,8.47
4327,12,Analyst,235.1,Delayed,8.93
4327,14,Manager,352.6,In Progress,9.58
4328,4,Lead,219.9,In Progress,8.63
4328,12,Coordinator,249.9,Completed,5.87
4328,3,Designer,375.1,Completed,5.83
4329,9,Lead,377.0,Completed,7.67
4330,6,Lead,64.0,In Progress,7.69
4330,14,Lead,109.7,Delayed,7.3
4331,13,Coordinator,55.6,Delayed,5.66
4331,8,QA,373.5,Completed,5.7
4332,2,Lead,96.9,Completed,5.82
4332,5,Developer,93.5,In Progress,6.27
4332,7,Analyst,190.1,Completed,6.76
4333,8,Analyst,83.9,Completed,6.41
4333,5,Designer,227.2,Delayed,7.83
4333,10,Manager,331.2,In Progress,5.84
4334,13,Analyst,297.7,Delayed,6.55
4334,6,Designer,374.6,Delayed,9.98
4335,2,Lead,282.5,In Progress,7.92
4336,12,Designer,259.6,Completed,5.93
4336,11,Coordinator,231.2,In Progress,6.54
4337,11,Developer,279.8,Delayed,5.86
4337,4,Designer,216.8,In Progress,9.68
4337,5,Developer,300.7,Delayed,6.45
4338,7,Manager,240.6,Completed,7.99
4339,8,Coordinator,354.5,Completed,8.39
4339,6,Developer,341.5,Delayed,9.36
4340,12,Analyst,150.8,Delayed,8.44
4341,11,Designer,296.3,Delayed,8.08
4341,13,Developer,345.0,In Progress,6.47
4341,5,Manager,389.3,Completed,8.9
4342,12,Analyst,378.8,Completed,9.41
4343,1,Analyst,201.0,Completed,8.6
4343,4,Coordinator,270.6,Completed,7.69
4343,6,Lead,84.5,Completed,9.73
4344,1,Designer,42.2,In Progress,6.43
4345,9,Manager,95.3,In Progress,6.16
4345,3,Developer,296.5,Delayed,6.61
4346,3,Coordinator,243.5,Completed,9.3
4347,1,QA,340.3,Delayed,5.81
4348,11,Lead,213.2,Completed,7.08
4349,1,Analyst,177.2,Completed,7.85
4349,6,Developer,352.9,Delayed,5.59
4350,13,QA,169.7,Completed,9.68
4350,6,Coordinator,157.0,In Progress,7.67
4350,12,Analyst,268.8,In Progress,5.5
4351,6,QA,282.2,In Progress,5.86
4351,1,Analyst,80.1,Delayed,7.02
4351,12,Manager,69.8,Delayed,9.31
4352,12,QA,347.2,Completed,5.33
4353,3,Designer,185.1,In Progress,8.35
4353,10,Designer,87.9,Delayed,6.03
4353,14,QA,83.0,Delayed,8.4
4354,11,Lead,389.5,Delayed,8.26
4354,4,QA,67.1,In Progress,8.81
4355,13,QA,91.1,Delayed,8.07
4355,1,Developer,262.9,Completed,7.55
4356,8,QA,160.4,In Progress,6.33
4356,14,Developer,366.9,Delayed,6.87
4357,6,QA,307.4,In Progress,8.61
4358,15,Manager,354.8,In Progress,9.29
4358,5,Coordinator,170.1,In Progress,8.35
4358,7,Developer,273.8,Delayed,8.1
4359,11,Coordinator,100.7,Delayed,6.96
4360,4,Manager,294.6,Completed,9.29
4360,12,Developer,193.3,Completed,8.42
4361,7,Developer,253.2,Completed,9.43
4361,14,Designer,318.0,Completed,5.38
4362,3,QA,331.9,Completed,5.18
4362,6,QA,281.5,In Progress,5.49
4362,8,Lead,302.0,In Progress,6.59
4363,14,Lead,236.1,In Progress,9.1
4363,11,Lead,309.3,In Progress,6.31
4363,8,Developer,108.4,Delayed,9.23
4364,1,Manager,253.0,Delayed,7.15
4364,10,Analyst,187.3,Completed,6.21
4364,12,Analyst,183.4,In Progress,5.98
4365,3,Designer,229.5,In Progress,9.54
4365,15,Analyst,206.1,Completed,6.08
4366,6,Analyst,138.5,Completed,9.46
4367,5,Lead,297.8,Completed,7.06
4367,6,Coordinator,355.0,Delayed,8.04
4367,3,Developer,69.2,Delayed,8.19
4368,10,Manager,74.1,In Progress,8.47
4368,13,Developer,253.1,In Progress,8.92
4369,12,Designer,43.7,Delayed,5.61
4369,15,Analyst,126.2,Delayed,7.74
4369,7,Manager,349.8,Delayed,9.03
4370,11,Developer,293.5,In Progress,6.88
4370,14,Analyst,377.1,Delayed,5.53
4370,10,Designer,299.6,In Progress,9.57
4371,10,Manager,276.3,Completed,8.8
4371,6,QA,229.0,In Progress,9.66
4371,2,Coordinator,121.2,Completed,5.99
4372,5,Developer,224.3,Completed,8.96
4372,3,Lead,97.2,Delayed,5.87
4373,13,Analyst,67.7,In Progress,7.07
4374,8,Developer,340.9,Completed,5.3
4374,13,QA,56.8,In Progress,6.31
4374,12,Coordinator,187.9,Completed,8.34
4375,1,Designer,250.4,In Progress,7.86
4375,5,Developer,373.2,Delayed,7.47
4375,11,Analyst,189.8,In Progress,8.14
4376,12,Developer,153.2,Delayed,6.98
4376,7,Manager,176.2,Completed,7.16
4376,6,QA,298.4,Delayed,8.81
4377,3,Analyst,40.0,Completed,5.06
4377,11,Designer,75.3,In Progress,8.03
4377,15,Lead,114.8,Completed,6.78
4378,15,Manager,290.7,Completed,8.82
4378,3,Developer,222.5,Completed,7.58
4378,5,Coordinator,143.0,Delayed,5.15
4379,5,Developer,48.7,Completed,5.41
4379,12,Lead,215.6,In Progress,5.67
4379,11,Designer,97.2,Completed,6.14
4380,11,Manager,303.7,In Progress,6.69
4380,12,Developer,159.9,Delayed,6.89
4380,2,Lead,284.0,In Progress,6.01
4381,14,Lead,110.1,Delayed,5.18
4381,7,Analyst,74.3,Completed,9.62
4381,11,Analyst,268.9,Delayed,5.19
4382,4,Developer,76.1,Delayed,6.01
4382,14,Analyst,306.2,Completed,6.45
4382,13,Manager,327.9,Delayed,5.2
4383,9,Developer,128.5,Completed,5.55
4384,6,Analyst,346.9,Completed,9.97
4385,4,QA,257.2,Delayed,8.99
4385,2,Developer,384.1,Delayed,9.73
4385,6,Analyst,77.5,In Progress,5.99
4386,7,Lead,221.6,In Progress,7.09
4386,9,Developer,287.7,Delayed,7.7
4387,4,Coordinator,398.9,Delayed,7.47
4387,15,Developer,322.3,Completed,6.2
4388,1,Manager,226.6,Completed,5.54
4388,13,Analyst,98.3,Completed,7.77
4388,14,Designer,195.8,In Progress,7.54
4389,3,Developer,195.4,Completed,9.51
4389,8,Analyst,379.1,In Progress,6.33
4390,12,Developer,217.2,Delayed,9.37
4390,3,Coordinator,374.7,Delayed,7.31
4391,12,Manager,96.2,In Progress,6.71
4392,7,Developer,370.1,Delayed,7.31
4392,9,Designer,386.0,Completed,7.94
4392,13,Designer,170.0,Delayed,7.93
4393,11,Developer,324.7,Completed,5.32
4393,9,Manager,300.0,Completed,7.68
4393,7,Manager,80.0,Delayed,5.12
4394,10,Analyst,263.6,In Progress,7.55
4395,12,Designer,358.0,Completed,8.58
4395,7,Manager,145.2,Completed,9.31
4396,13,Analyst,202.8,In Progress,6.75
4396,15,Analyst,193.2,In Progress,7.49
4396,14,Coordinator,185.6,Completed,6.43
4397,1,Manager,159.7,In Progress,7.68
4397,3,Developer,98.0,Completed,7.56
4398,14,Coordinator,127.8,Completed,7.64
4399,11,QA,304.0,In Progress,6.41
4399,2,Coordinator,340.8,Delayed,9.05
4400,7,Designer,244.7,Delayed,7.73
4401,8,QA,259.1,In Progress,6.91
4401,4,Analyst,165.1,Completed,6.92
4402,9,Lead,119.2,In Progress,8.58
4402,3,Coordinator,175.5,In Progress,7.57
4402,4,Lead,322.2,Delayed,9.22
4403,5,QA,72.5,Delayed,9.31
4403,15,QA,94.8,In Progress,6.57
4404,6,Lead,231.9,Delayed,5.73
4404,15,Coordinator,124.3,In Progress,7.81
4405,5,Developer,382.6,Delayed,8.13
4406,14,Manager,222.5,Delayed,8.41
4406,7,Manager,374.6,Delayed,9.13
4406,1,Analyst,133.8,Delayed,8.09
4407,11,Lead,196.3,Completed,7.44
4407,7,Developer,47.4,In Progress,6.89
4408,1,Designer,152.7,In Progress,9.43
4408,8,Designer,351.2,Delayed,7.36
4409,13,Analyst,146.2,Completed,9.58
4409,8,Developer,62.2,In Progress,5.83
4410,1,Developer,204.1,Delayed,9.47
4410,11,QA,286.2,Delayed,7.77
