EmployeeID,TrainingID,EnrollDate,CompletionDate,CompletionStatus,AssessmentScore
1,6,2023-10-07,2023-11-06,Completed,75.05
1,4,2023-05-08,2023-06-07,Completed,85.37
1,2,2023-10-19,,In Progress,0.0
1,9,2023-10-08,,In Progress,0.0
2,6,2023-12-10,2024-01-09,Completed,66.82
2,9,2023-06-25,,In Progress,0.0
2,8,2023-09-06,2023-10-06,Completed,74.74
2,3,2023-10-18,2023-11-17,Completed,63.53
3,10,2023-04-09,2023-05-09,Completed,85.32
3,7,2023-12-15,,Dropped,0.0
3,4,2023-09-05,2023-10-05,Completed,58.08
4,5,2023-12-11,2024-01-10,Completed,71.68
4,4,2023-07-03,2023-08-02,Completed,62.92
4,10,2023-08-07,2023-09-06,Completed,71.97
5,4,2023-03-05,2023-04-04,Completed,98.31
5,10,2023-10-19,2023-11-18,Completed,84.13
5,2,2023-06-22,,In Progress,0.0
5,8,2023-07-18,2023-08-17,Completed,61.71
6,8,2023-01-05,2023-02-04,Completed,80.31
7,4,2023-06-08,2023-07-08,Completed,93.38
7,3,2023-10-13,2023-11-12,Completed,95.57
8,6,2023-02-17,2023-03-19,Completed,80.12
8,2,2023-02-03,,In Progress,0.0
8,5,2023-03-27,2023-04-26,Completed,76.81
9,10,2023-03-10,2023-04-09,Completed,59.81
10,6,2023-01-17,2023-02-16,Completed,92.0
11,3,2023-06-09,,Dropped,0.0
11,4,2023-10-23,2023-11-22,Completed,74.99
11,9,2023-12-14,2024-01-13,Completed,57.59
11,7,2023-04-07,2023-05-07,Completed,60.72
12,8,2023-03-14,,In Progress,0.0
12,3,2023-12-20,2024-01-19,Completed,99.65
13,10,2023-07-06,,Dropped,0.0
13,1,2023-02-17,2023-03-19,Completed,91.5
13,3,2023-12-11,,Dropped,0.0
14,9,2023-01-03,2023-02-02,Completed,67.59
15,3,2023-05-16,2023-06-15,Completed,74.69
15,10,2023-10-20,2023-11-19,Completed,90.54
15,6,2023-10-20,2023-11-19,Completed,65.68
15,1,2023-08-07,2023-09-06,Completed,60.29
16,10,2023-12-19,,In Progress,0.0
17,7,2023-02-22,2023-03-24,Completed,70.01
17,2,2023-04-14,,Dropped,0.0
18,6,2023-07-19,,In Progress,0.0
19,4,2023-07-17,2023-08-16,Completed,64.72
20,5,2023-10-23,2023-11-22,Completed,57.06
21,9,2023-09-09,,Dropped,0.0
21,2,2023-10-14,2023-11-13,Completed,58.01
22,1,2023-07-24,2023-08-23,Completed,66.44
22,5,2023-12-17,2024-01-16,Completed,87.17
23,7,2023-12-24,2024-01-23,Completed,74.62
23,10,2023-09-21,,In Progress,0.0
24,10,2023-08-27,2023-09-26,Completed,82.31
24,5,2023-07-26,2023-08-25,Completed,65.75
24,3,2023-10-07,2023-11-06,Completed,67.8
25,6,2023-12-05,2024-01-04,Completed,67.09
25,2,2023-02-20,2023-03-22,Completed,88.74
25,1,2023-05-02,2023-06-01,Completed,95.66
26,8,2023-12-03,2024-01-02,Completed,62.04
26,3,2023-01-12,2023-02-11,Completed,93.42
26,9,2023-08-19,2023-09-18,Completed,59.8
27,4,2023-12-18,,In Progress,0.0
27,6,2023-03-25,2023-04-24,Completed,81.79
27,5,2023-11-14,2023-12-14,Completed,87.35
28,10,2023-01-20,,In Progress,0.0
28,5,2023-02-10,2023-03-12,Completed,77.33
28,7,2023-04-09,2023-05-09,Completed,69.78
29,4,2023-07-14,,In Progress,0.0
29,5,2023-03-12,2023-04-11,Completed,66.67
29,1,2023-02-24,2023-03-26,Completed,95.88
30,4,2023-12-07,,In Progress,0.0
30,3,2023-05-23,,In Progress,0.0
31,8,2023-07-22,,In Progress,0.0
31,7,2023-12-21,2024-01-20,Completed,61.33
31,5,2023-12-24,2024-01-23,Completed,76.97
32,9,2023-07-19,,Dropped,0.0
32,8,2023-07-26,2023-08-25,Completed,89.66
33,10,2023-04-22,,Dropped,0.0
34,7,2023-08-13,2023-09-12,Completed,75.08
34,4,2023-06-12,2023-07-12,Completed,79.21
34,3,2023-01-07,,In Progress,0.0
34,9,2023-11-25,2023-12-25,Completed,97.69
35,5,2023-10-17,2023-11-16,Completed,98.97
35,8,2023-08-15,2023-09-14,Completed,68.79
35,7,2023-01-02,2023-02-01,Completed,61.39
35,9,2023-06-11,2023-07-11,Completed,97.5
36,7,2023-12-08,,In Progress,0.0
36,9,2023-09-13,2023-10-13,Completed,90.75
36,5,2023-10-22,2023-11-21,Completed,57.61
36,6,2023-11-17,,Dropped,0.0
37,3,2023-01-12,,In Progress,0.0
37,1,2023-02-03,2023-03-05,Completed,80.32
37,2,2023-09-08,,Dropped,0.0
38,2,2023-02-11,2023-03-13,Completed,60.8
38,7,2023-08-17,2023-09-16,Completed,73.74
39,10,2023-09-18,2023-10-18,Completed,74.07
39,6,2023-05-18,2023-06-17,Completed,93.41
40,8,2023-12-05,2024-01-04,Completed,62.46
40,1,2023-02-21,2023-03-23,Completed,82.55
41,8,2023-06-16,,In Progress,0.0
41,1,2023-02-06,,Dropped,0.0
41,10,2023-04-14,,In Progress,0.0
41,4,2023-08-20,2023-09-19,Completed,92.97
42,6,2023-09-05,2023-10-05,Completed,84.03
42,3,2023-11-12,2023-12-12,Completed,91.82
42,8,2023-12-04,2024-01-03,Completed,86.01
43,10,2023-11-14,,Dropped,0.0
43,1,2023-11-21,2023-12-21,Completed,85.04
43,7,2023-02-04,,Dropped,0.0
43,2,2023-12-07,2024-01-06,Completed,61.44
44,6,2023-05-27,2023-06-26,Completed,77.37
44,2,2023-11-19,2023-12-19,Completed,84.18
44,10,2023-11-08,2023-12-08,Completed,78.63
44,8,2023-10-18,2023-11-17,Completed,78.74
45,1,2023-02-03,2023-03-05,Completed,58.94
45,8,2023-09-19,2023-10-19,Completed,75.9
45,5,2023-09-02,2023-10-02,Completed,82.01
45,2,2023-11-27,2023-12-27,Completed,94.37
46,9,2023-09-12,2023-10-12,Completed,91.37
46,10,2023-07-09,,In Progress,0.0
46,4,2023-04-27,,In Progress,0.0
47,6,2023-07-10,2023-08-09,Completed,57.78
47,2,2023-05-17,,Dropped,0.0
48,6,2023-03-04,,In Progress,0.0
48,8,2023-12-22,2024-01-21,Completed,81.26
48,2,2023-02-15,2023-03-17,Completed,95.5
48,1,2023-08-01,2023-08-31,Completed,76.94
49,4,2023-10-08,2023-11-07,Completed,68.48
49,7,2023-07-09,2023-08-08,Completed,57.06
50,8,2023-11-04,2023-12-04,Completed,98.34
51,4,2023-10-04,2023-11-03,Completed,95.92
51,5,2023-08-26,2023-09-25,Completed,98.05
52,3,2023-11-19,2023-12-19,Completed,87.52
52,10,2023-01-18,,Dropped,0.0
53,2,2023-12-11,,In Progress,0.0
53,8,2023-10-06,2023-11-05,Completed,85.98
54,1,2023-05-24,2023-06-23,Completed,55.19
54,6,2023-10-10,2023-11-09,Completed,76.31
55,2,2023-04-02,2023-05-02,Completed,91.6
55,10,2023-07-15,2023-08-14,Completed,60.96
55,1,2023-07-04,2023-08-03,Completed,60.7
56,7,2023-01-17,,In Progress,0.0
56,10,2023-03-11,2023-04-10,Completed,98.3
56,6,2023-03-02,2023-04-01,Completed,91.67
57,5,2023-07-24,2023-08-23,Completed,68.32
57,3,2023-12-13,2024-01-12,Completed,91.55
58,10,2023-08-01,2023-08-31,Completed,76.69
58,2,2023-10-11,,In Progress,0.0
58,6,2023-04-06,2023-05-06,Completed,91.5
59,4,2023-11-15,2023-12-15,Completed,59.1
60,3,2023-01-25,,In Progress,0.0
61,10,2023-05-20,,In Progress,0.0
61,1,2023-09-18,2023-10-18,Completed,95.17
62,6,2023-05-18,2023-06-17,Completed,57.46
62,9,2023-04-12,,Dropped,0.0
63,5,2023-11-22,2023-12-22,Completed,96.22
63,4,2023-05-21,2023-06-20,Completed,76.23
63,8,2023-01-06,2023-02-05,Completed,96.75
63,10,2023-08-25,2023-09-24,Completed,98.53
64,3,2023-11-27,2023-12-27,Completed,65.68
64,6,2023-02-02,,In Progress,0.0
64,4,2023-05-15,,Dropped,0.0
64,10,2023-10-12,,Dropped,0.0
65,8,2023-08-10,,Dropped,0.0
65,5,2023-05-12,2023-06-11,Completed,83.2
66,6,2023-05-17,2023-06-16,Completed,61.32
66,10,2023-08-06,2023-09-05,Completed,56.14
66,2,2023-06-26,2023-07-26,Completed,84.97
67,6,2023-02-04,2023-03-06,Completed,56.45
67,10,2023-02-17,,In Progress,0.0
67,1,2023-03-12,2023-04-11,Completed,59.43
68,2,2023-11-02,,In Progress,0.0
69,9,2023-03-15,2023-04-14,Completed,83.45
70,3,2023-11-25,2023-12-25,Completed,95.86
70,1,2023-04-26,2023-05-26,Completed,68.91
70,10,2023-02-26,2023-03-28,Completed,95.92
71,1,2023-01-22,2023-02-21,Completed,85.13
71,7,2023-09-05,2023-10-05,Completed,96.64
71,6,2023-03-16,2023-04-15,Completed,58.58
71,5,2023-12-19,2024-01-18,Completed,73.08
72,9,2023-06-21,2023-07-21,Completed,96.13
72,4,2023-03-05,2023-04-04,Completed,55.3
72,10,2023-10-19,2023-11-18,Completed,56.76
72,5,2023-05-16,,In Progress,0.0
73,10,2023-04-11,2023-05-11,Completed,99.17
74,5,2023-02-02,2023-03-04,Completed,76.34
74,10,2023-04-24,2023-05-24,Completed,70.77
75,10,2023-05-18,2023-06-17,Completed,76.07
76,7,2023-08-24,2023-09-23,Completed,65.0
76,9,2023-10-21,2023-11-20,Completed,64.61
77,9,2023-01-24,2023-02-23,Completed,60.39
77,7,2023-03-14,2023-04-13,Completed,59.43
78,1,2023-02-27,2023-03-29,Completed,70.54
78,6,2023-01-01,2023-01-31,Completed,68.46
78,4,2023-10-06,,In Progress,0.0
78,2,2023-01-13,2023-02-12,Completed,70.26
79,3,2023-08-23,2023-09-22,Completed,76.94
79,10,2023-09-03,2023-10-03,Completed,69.75
79,4,2023-08-24,2023-09-23,Completed,63.75
80,5,2023-11-09,2023-12-09,Completed,94.69
80,3,2023-11-25,2023-12-25,Completed,94.19
81,2,2023-02-07,2023-03-09,Completed,86.13
82,4,2023-06-04,2023-07-04,Completed,81.39
82,1,2023-11-11,2023-12-11,Completed,79.3
82,10,2023-02-21,2023-03-23,Completed,89.31
82,3,2023-07-04,2023-08-03,Completed,63.36
83,4,2023-04-12,2023-05-12,Completed,79.13
83,9,2023-05-27,2023-06-26,Completed,75.27
83,5,2023-05-19,2023-06-18,Completed,86.17
83,8,2023-10-05,2023-11-04,Completed,98.47
84,1,2023-04-20,2023-05-20,Completed,70.5
84,2,2023-03-06,,Dropped,0.0
84,8,2023-12-11,2024-01-10,Completed,80.34
84,5,2023-12-17,,In Progress,0.0
85,7,2023-12-02,2024-01-01,Completed,55.93
86,7,2023-10-15,2023-11-14,Completed,93.31
87,2,2023-01-20,2023-02-19,Completed,99.11
87,9,2023-08-27,2023-09-26,Completed,94.01
87,4,2023-12-19,,Dropped,0.0
87,1,2023-01-25,2023-02-24,Completed,82.7
88,2,2023-07-06,,In Progress,0.0
89,2,2023-08-07,2023-09-06,Completed,57.85
89,7,2023-10-09,2023-11-08,Completed,92.07
89,9,2023-02-17,2023-03-19,Completed,57.83
89,3,2023-08-01,2023-08-31,Completed,74.15
90,2,2023-01-22,2023-02-21,Completed,55.13
91,3,2023-12-18,2024-01-17,Completed,66.4
91,6,2023-06-12,2023-07-12,Completed,59.91
91,8,2023-09-23,,In Progress,0.0
91,2,2023-04-21,,In Progress,0.0
92,3,2023-12-26,2024-01-25,Completed,64.39
92,5,2023-02-17,2023-03-19,Completed,95.55
92,2,2023-02-13,2023-03-15,Completed,95.7
93,4,2023-10-07,2023-11-06,Completed,65.72
93,9,2023-07-10,2023-08-09,Completed,76.14
93,6,2023-07-19,2023-08-18,Completed,82.38
94,2,2023-01-15,2023-02-14,Completed,71.2
94,9,2023-02-24,2023-03-26,Completed,73.42
95,2,2023-07-07,2023-08-06,Completed,55.65
95,9,2023-01-07,2023-02-06,Completed,72.17
95,6,2023-05-05,,Dropped,0.0
95,10,2023-03-25,,In Progress,0.0
96,2,2023-03-23,2023-04-22,Completed,89.15
96,8,2023-09-08,,In Progress,0.0
96,6,2023-05-13,2023-06-12,Completed,85.44
96,10,2023-05-27,2023-06-26,Completed,76.3
97,9,2023-08-26,2023-09-25,Completed,98.69
97,1,2023-04-21,2023-05-21,Completed,71.0
98,8,2023-06-23,,In Progress,0.0
98,5,2023-05-05,2023-06-04,Completed,94.49
98,7,2023-09-14,,In Progress,0.0
99,2,2023-07-10,,Dropped,0.0
99,6,2023-05-21,2023-06-20,Completed,92.77
99,8,2023-03-27,,In Progress,0.0
99,3,2023-12-04,,In Progress,0.0
100,5,2023-01-14,,In Progress,0.0
100,6,2023-09-09,,In Progress,0.0
100,9,2023-05-03,2023-06-02,Completed,59.62
101,5,2023-07-14,2023-08-13,Completed,65.88
101,8,2023-05-21,2023-06-20,Completed,92.77
102,5,2023-07-20,2023-08-19,Completed,69.71
102,8,2023-04-15,,In Progress,0.0
102,2,2023-08-05,2023-09-04,Completed,80.1
102,4,2023-07-24,2023-08-23,Completed,94.17
103,10,2023-03-24,2023-04-23,Completed,75.75
104,9,2023-02-26,2023-03-28,Completed,57.66
104,8,2023-10-08,2023-11-07,Completed,66.51
104,3,2023-09-20,,In Progress,0.0
105,7,2023-11-15,,Dropped,0.0
105,8,2023-08-11,2023-09-10,Completed,84.68
105,10,2023-08-05,2023-09-04,Completed,88.31
105,4,2023-12-04,,In Progress,0.0
106,6,2023-08-11,2023-09-10,Completed,77.14
106,9,2023-02-20,2023-03-22,Completed,58.91
107,9,2023-01-21,2023-02-20,Completed,71.73
107,10,2023-08-25,,Dropped,0.0
108,9,2023-04-04,,In Progress,0.0
108,8,2023-01-02,2023-02-01,Completed,75.38
108,2,2023-12-01,2023-12-31,Completed,95.78
109,7,2023-06-20,2023-07-20,Completed,70.08
109,3,2023-07-27,2023-08-26,Completed,74.98
109,2,2023-12-05,2024-01-04,Completed,99.89
110,4,2023-03-14,,In Progress,0.0
110,6,2023-11-21,,In Progress,0.0
110,8,2023-11-20,2023-12-20,Completed,98.29
111,2,2023-08-15,2023-09-14,Completed,96.9
111,8,2023-03-17,,In Progress,0.0
111,7,2023-06-15,2023-07-15,Completed,77.78
111,9,2023-08-14,2023-09-13,Completed,88.8
112,8,2023-02-18,2023-03-20,Completed,62.27
112,5,2023-03-04,,In Progress,0.0
113,4,2023-09-11,2023-10-11,Completed,95.99
113,8,2023-10-06,2023-11-05,Completed,80.76
114,5,2023-05-21,2023-06-20,Completed,71.0
114,10,2023-06-19,2023-07-19,Completed,87.88
115,1,2023-02-01,2023-03-03,Completed,76.37
116,10,2023-08-18,2023-09-17,Completed,77.32
116,6,2023-08-04,2023-09-03,Completed,82.76
116,2,2023-10-08,2023-11-07,Completed,97.35
117,3,2023-12-26,,Dropped,0.0
117,9,2023-06-10,2023-07-10,Completed,85.87
117,8,2023-05-03,2023-06-02,Completed,73.96
117,10,2023-07-08,2023-08-07,Completed,90.85
118,6,2023-10-10,2023-11-09,Completed,66.44
118,7,2023-05-09,2023-06-08,Completed,65.74
118,1,2023-10-04,2023-11-03,Completed,70.08
119,4,2023-10-10,,Dropped,0.0
119,6,2023-02-26,,Dropped,0.0
119,7,2023-07-22,2023-08-21,Completed,90.81
120,5,2023-05-02,2023-06-01,Completed,80.38
120,6,2023-12-22,2024-01-21,Completed,85.0
120,1,2023-08-18,,In Progress,0.0
120,9,2023-12-24,,In Progress,0.0
121,10,2023-10-06,,Dropped,0.0
122,7,2023-08-11,2023-09-10,Completed,78.62
123,7,2023-02-04,,In Progress,0.0
123,9,2023-02-08,2023-03-10,Completed,85.75
123,5,2023-03-15,2023-04-14,Completed,92.61
123,2,2023-06-27,2023-07-27,Completed,72.87
124,6,2023-06-17,2023-07-17,Completed,68.51
125,5,2023-08-25,2023-09-24,Completed,62.45
126,5,2023-05-23,2023-06-22,Completed,99.41
126,2,2023-05-09,2023-06-08,Completed,62.34
126,1,2023-12-06,2024-01-05,Completed,96.74
126,9,2023-08-22,2023-09-21,Completed,73.01
127,4,2023-09-21,,In Progress,0.0
127,1,2023-07-20,2023-08-19,Completed,83.6
128,4,2023-01-16,,Dropped,0.0
128,9,2023-07-26,2023-08-25,Completed,72.59
129,3,2023-05-14,2023-06-13,Completed,64.55
129,8,2023-11-04,,In Progress,0.0
129,2,2023-06-01,2023-07-01,Completed,75.27
130,9,2023-09-22,2023-10-22,Completed,70.61
130,7,2023-10-01,2023-10-31,Completed,58.38
130,3,2023-11-05,,In Progress,0.0
130,2,2023-02-08,2023-03-10,Completed,56.88
131,2,2023-04-22,,In Progress,0.0
132,9,2023-01-25,2023-02-24,Completed,68.49
132,5,2023-09-26,,Dropped,0.0
133,6,2023-01-07,2023-02-06,Completed,55.71
133,5,2023-02-02,,In Progress,0.0
134,5,2023-10-20,2023-11-19,Completed,61.03
134,9,2023-02-05,2023-03-07,Completed,63.0
134,6,2023-01-07,2023-02-06,Completed,72.5
135,10,2023-02-26,2023-03-28,Completed,93.87
135,5,2023-09-20,,Dropped,0.0
135,4,2023-05-14,,In Progress,0.0
136,9,2023-10-24,2023-11-23,Completed,74.65
136,7,2023-06-02,2023-07-02,Completed,94.47
136,8,2023-12-26,2024-01-25,Completed,63.68
137,5,2023-09-04,2023-10-04,Completed,84.44
137,4,2023-06-07,2023-07-07,Completed,57.86
138,10,2023-11-13,2023-12-13,Completed,79.82
139,8,2023-10-13,2023-11-12,Completed,72.25
140,6,2023-11-08,2023-12-08,Completed,71.44
140,2,2023-04-23,,In Progress,0.0
140,5,2023-05-02,,In Progress,0.0
141,4,2023-05-14,2023-06-13,Completed,98.05
141,10,2023-08-10,2023-09-09,Completed,67.76
141,6,2023-05-19,2023-06-18,Completed,98.95
142,1,2023-04-10,2023-05-10,Completed,94.38
142,2,2023-08-13,,Dropped,0.0
142,8,2023-11-23,2023-12-23,Completed,85.91
143,4,2023-10-08,2023-11-07,Completed,65.04
143,6,2023-03-25,2023-04-24,Completed,81.52
143,2,2023-08-26,2023-09-25,Completed,79.68
144,4,2023-11-09,2023-12-09,Completed,66.35
144,10,2023-12-12,2024-01-11,Completed,91.71
145,5,2023-05-11,2023-06-10,Completed,72.98
146,6,2023-09-19,,In Progress,0.0
146,2,2023-01-07,2023-02-06,Completed,77.49
146,8,2023-04-16,,In Progress,0.0
146,4,2023-11-13,,In Progress,0.0
147,8,2023-01-10,2023-02-09,Completed,73.45
147,10,2023-11-03,,In Progress,0.0
147,7,2023-05-26,2023-06-25,Completed,67.37
148,6,2023-11-27,2023-12-27,Completed,90.37
148,7,2023-09-19,2023-10-19,Completed,55.73
149,7,2023-08-20,,In Progress,0.0
150,3,2023-04-03,2023-05-03,Completed,91.78
150,6,2023-06-26,,In Progress,0.0
150,7,2023-05-19,2023-06-18,Completed,85.02
151,10,2023-02-02,2023-03-04,Completed,79.67
151,7,2023-02-22,2023-03-24,Completed,83.51
151,4,2023-07-22,2023-08-21,Completed,96.75
152,3,2023-04-24,2023-05-24,Completed,67.75
153,6,2023-03-21,2023-04-20,Completed,72.55
153,1,2023-03-06,2023-04-05,Completed,92.67
153,4,2023-06-21,2023-07-21,Completed,79.61
154,9,2023-01-14,2023-02-13,Completed,67.24
155,3,2023-04-04,2023-05-04,Completed,66.3
156,5,2023-11-19,2023-12-19,Completed,86.8
157,3,2023-09-22,2023-10-22,Completed,92.41
157,6,2023-10-14,2023-11-13,Completed,69.98
158,8,2023-07-09,,In Progress,0.0
159,10,2023-09-11,2023-10-11,Completed,79.87
159,4,2023-08-16,,In Progress,0.0
159,9,2023-08-26,2023-09-25,Completed,84.98
160,3,2023-11-19,2023-12-19,Completed,91.24
160,6,2023-12-21,2024-01-20,Completed,72.86
160,10,2023-05-15,2023-06-14,Completed,98.32
160,9,2023-04-03,,In Progress,0.0
161,10,2023-04-19,2023-05-19,Completed,70.03
161,7,2023-03-25,2023-04-24,Completed,93.39
161,6,2023-02-17,2023-03-19,Completed,60.48
161,1,2023-05-05,2023-06-04,Completed,68.48
162,7,2023-11-13,2023-12-13,Completed,97.12
162,2,2023-07-12,2023-08-11,Completed,75.53
162,3,2023-10-18,,In Progress,0.0
162,4,2023-02-21,2023-03-23,Completed,67.72
163,7,2023-06-26,,Dropped,0.0
163,1,2023-06-18,2023-07-18,Completed,87.85
163,3,2023-02-21,2023-03-23,Completed,78.11
163,6,2023-10-27,2023-11-26,Completed,62.89
164,7,2023-07-20,2023-08-19,Completed,59.06
164,4,2023-06-07,2023-07-07,Completed,90.9
164,5,2023-11-15,2023-12-15,Completed,88.15
164,8,2023-02-25,2023-03-27,Completed,55.62
165,9,2023-04-06,,Dropped,0.0
165,6,2023-06-03,2023-07-03,Completed,75.66
166,3,2023-03-16,2023-04-15,Completed,70.77
166,2,2023-12-20,2024-01-19,Completed,64.97
166,5,2023-11-01,2023-12-01,Completed,62.57
167,6,2023-06-26,,In Progress,0.0
167,4,2023-07-14,,In Progress,0.0
167,3,2023-12-08,,In Progress,0.0
168,8,2023-11-12,2023-12-12,Completed,84.68
168,4,2023-06-10,2023-07-10,Completed,87.8
169,4,2023-06-14,2023-07-14,Completed,89.06
169,5,2023-11-23,2023-12-23,Completed,99.74
170,7,2023-02-15,,In Progress,0.0
171,4,2023-01-02,2023-02-01,Completed,64.52
171,8,2023-06-20,2023-07-20,Completed,84.53
171,10,2023-05-25,,In Progress,0.0
172,4,2023-06-12,2023-07-12,Completed,76.04
172,2,2023-02-03,2023-03-05,Completed,70.62
172,10,2023-12-21,2024-01-20,Completed,57.17
172,5,2023-04-27,,Dropped,0.0
173,6,2023-04-17,2023-05-17,Completed,77.35
173,9,2023-09-09,,In Progress,0.0
174,6,2023-12-19,2024-01-18,Completed,77.6
175,8,2023-02-13,2023-03-15,Completed,97.04
175,6,2023-11-03,,Dropped,0.0
175,4,2023-09-05,2023-10-05,Completed,64.38
175,1,2023-08-24,2023-09-23,Completed,71.98
176,7,2023-10-02,,In Progress,0.0
176,5,2023-06-01,2023-07-01,Completed,80.76
176,1,2023-02-06,2023-03-08,Completed,91.86
177,5,2023-06-02,2023-07-02,Completed,99.24
178,6,2023-04-02,2023-05-02,Completed,63.25
178,7,2023-07-13,2023-08-12,Completed,95.67
178,8,2023-03-01,2023-03-31,Completed,76.81
179,8,2023-12-14,2024-01-13,Completed,88.28
179,2,2023-09-19,2023-10-19,Completed,67.5
180,5,2023-04-08,2023-05-08,Completed,82.33
180,8,2023-06-20,2023-07-20,Completed,84.08
180,10,2023-12-06,,Dropped,0.0
181,1,2023-02-02,2023-03-04,Completed,84.72
181,8,2023-10-12,,Dropped,0.0
181,9,2023-07-25,2023-08-24,Completed,67.67
182,1,2023-03-17,2023-04-16,Completed,58.34
182,4,2023-07-26,2023-08-25,Completed,95.01
182,7,2023-10-11,,In Progress,0.0
183,2,2023-06-26,2023-07-26,Completed,56.97
184,3,2023-12-25,,Dropped,0.0
184,4,2023-12-22,2024-01-21,Completed,78.35
185,6,2023-08-21,2023-09-20,Completed,74.37
186,8,2023-02-27,2023-03-29,Completed,65.89
187,5,2023-11-03,2023-12-03,Completed,64.8
188,6,2023-02-08,2023-03-10,Completed,94.74
188,7,2023-06-08,2023-07-08,Completed,81.05
188,5,2023-09-20,,In Progress,0.0
188,4,2023-05-06,2023-06-05,Completed,85.85
189,2,2023-03-09,2023-04-08,Completed,71.54
190,6,2023-02-02,2023-03-04,Completed,84.6
190,8,2023-07-20,,In Progress,0.0
191,4,2023-05-24,,In Progress,0.0
191,2,2023-07-23,,In Progress,0.0
191,10,2023-09-26,,Dropped,0.0
191,1,2023-03-05,,In Progress,0.0
192,6,2023-12-26,2024-01-25,Completed,71.8
193,1,2023-07-11,,In Progress,0.0
193,7,2023-11-07,2023-12-07,Completed,87.41
193,4,2023-06-02,,Dropped,0.0
193,10,2023-09-25,2023-10-25,Completed,77.42
194,4,2023-12-20,2024-01-19,Completed,63.16
195,10,2023-09-20,2023-10-20,Completed,66.92
195,8,2023-03-02,2023-04-01,Completed,98.07
196,5,2023-10-02,2023-11-01,Completed,56.86
196,4,2023-01-24,2023-02-23,Completed,78.95
196,8,2023-12-22,2024-01-21,Completed,91.35
196,9,2023-11-11,2023-12-11,Completed,62.28
197,3,2023-08-02,2023-09-01,Completed,94.85
198,9,2023-09-07,2023-10-07,Completed,57.29
198,8,2023-04-25,2023-05-25,Completed,79.43
198,5,2023-03-09,2023-04-08,Completed,98.09
198,7,2023-05-08,2023-06-07,Completed,76.09
199,10,2023-06-18,2023-07-18,Completed,65.1
199,9,2023-01-19,,In Progress,0.0
200,2,2023-07-25,,In Progress,0.0
200,8,2023-03-26,2023-04-25,Completed,73.82
201,6,2023-09-20,,Dropped,0.0
201,1,2023-08-08,2023-09-07,Completed,68.29
202,2,2023-01-20,,In Progress,0.0
202,1,2023-02-13,2023-03-15,Completed,63.39
202,3,2023-11-21,2023-12-21,Completed,68.7
202,7,2023-10-04,2023-11-03,Completed,73.98
203,9,2023-12-01,2023-12-31,Completed,76.92
203,6,2023-04-06,2023-05-06,Completed,96.52
204,6,2023-05-16,2023-06-15,Completed,83.32
205,6,2023-12-23,2024-01-22,Completed,58.78
205,5,2023-07-22,,In Progress,0.0
205,3,2023-05-25,2023-06-24,Completed,88.18
205,9,2023-01-01,2023-01-31,Completed,86.82
206,7,2023-05-10,2023-06-09,Completed,90.33
206,3,2023-07-23,,In Progress,0.0
206,2,2023-09-19,2023-10-19,Completed,89.1
206,6,2023-03-03,2023-04-02,Completed,62.26
207,10,2023-12-07,,In Progress,0.0
207,8,2023-03-14,2023-04-13,Completed,99.31
207,1,2023-06-12,,Dropped,0.0
207,2,2023-07-08,2023-08-07,Completed,62.22
208,3,2023-09-08,2023-10-08,Completed,73.35
209,10,2023-12-19,,In Progress,0.0
209,2,2023-05-16,2023-06-15,Completed,90.52
209,9,2023-11-27,,In Progress,0.0
209,4,2023-05-08,2023-06-07,Completed,86.6
210,7,2023-10-02,,In Progress,0.0
210,6,2023-04-15,2023-05-15,Completed,82.35
210,3,2023-02-16,,In Progress,0.0
210,2,2023-06-13,,In Progress,0.0
211,3,2023-06-19,2023-07-19,Completed,63.73
211,8,2023-07-09,,In Progress,0.0
211,5,2023-06-03,,In Progress,0.0
212,2,2023-03-21,,In Progress,0.0
212,3,2023-02-20,2023-03-22,Completed,55.32
213,5,2023-06-26,,In Progress,0.0
213,9,2023-05-02,2023-06-01,Completed,82.43
214,10,2023-01-27,,In Progress,0.0
215,7,2023-10-26,2023-11-25,Completed,94.75
216,5,2023-07-06,,In Progress,0.0
216,7,2023-04-06,2023-05-06,Completed,79.34
217,5,2023-01-06,,Dropped,0.0
218,4,2023-01-18,2023-02-17,Completed,84.26
218,6,2023-09-04,2023-10-04,Completed,73.5
218,10,2023-08-14,2023-09-13,Completed,73.29
219,1,2023-10-25,2023-11-24,Completed,90.01
219,9,2023-09-01,2023-10-01,Completed,89.69
219,6,2023-02-04,2023-03-06,Completed,73.41
220,9,2023-11-10,,In Progress,0.0
220,6,2023-11-08,2023-12-08,Completed,90.93
220,3,2023-10-18,2023-11-17,Completed,65.2
221,2,2023-10-13,2023-11-12,Completed,55.71
222,8,2023-10-23,2023-11-22,Completed,93.51
223,5,2023-12-24,2024-01-23,Completed,68.66
224,6,2023-09-03,2023-10-03,Completed,74.86
224,4,2023-02-22,,Dropped,0.0
224,3,2023-11-02,,In Progress,0.0
224,10,2023-11-07,2023-12-07,Completed,58.85
225,5,2023-10-16,2023-11-15,Completed,67.47
226,5,2023-12-19,2024-01-18,Completed,71.39
227,6,2023-08-20,2023-09-19,Completed,62.68
227,3,2023-08-24,,Dropped,0.0
227,8,2023-10-22,2023-11-21,Completed,62.84
228,1,2023-01-04,2023-02-03,Completed,59.8
228,7,2023-07-02,2023-08-01,Completed,65.96
229,5,2023-07-18,2023-08-17,Completed,58.74
230,1,2023-10-20,2023-11-19,Completed,84.97
230,7,2023-09-08,2023-10-08,Completed,81.5
231,1,2023-04-27,2023-05-27,Completed,70.73
231,5,2023-06-03,2023-07-03,Completed,95.86
232,7,2023-03-24,2023-04-23,Completed,92.06
233,9,2023-04-21,,Dropped,0.0
233,6,2023-08-15,2023-09-14,Completed,88.14
234,3,2023-05-26,2023-06-25,Completed,87.51
235,3,2023-03-27,2023-04-26,Completed,94.57
235,7,2023-07-01,2023-07-31,Completed,84.14
235,2,2023-10-19,2023-11-18,Completed,62.34
235,1,2023-08-13,2023-09-12,Completed,92.14
236,1,2023-10-23,2023-11-22,Completed,73.06
236,2,2023-05-17,,In Progress,0.0
237,9,2023-12-27,2024-01-26,Completed,61.34
237,7,2023-04-21,2023-05-21,Completed,69.5
238,5,2023-08-07,2023-09-06,Completed,64.82
238,6,2023-06-18,,In Progress,0.0
238,10,2023-10-04,2023-11-03,Completed,57.88
239,8,2023-01-20,2023-02-19,Completed,63.04
239,4,2023-01-20,2023-02-19,Completed,92.12
239,9,2023-11-10,2023-12-10,Completed,67.37
240,8,2023-11-01,2023-12-01,Completed,97.18
241,8,2023-08-22,2023-09-21,Completed,84.64
241,6,2023-08-13,,In Progress,0.0
241,4,2023-08-12,,Dropped,0.0
242,8,2023-01-26,2023-02-25,Completed,62.81
242,6,2023-02-03,2023-03-05,Completed,66.72
243,7,2023-06-12,,Dropped,0.0
243,2,2023-05-11,2023-06-10,Completed,92.99
244,1,2023-12-24,,Dropped,0.0
244,2,2023-05-09,2023-06-08,Completed,72.0
244,6,2023-08-18,2023-09-17,Completed,67.34
244,3,2023-12-07,2024-01-06,Completed,61.79
245,9,2023-04-18,2023-05-18,Completed,98.43
245,5,2023-08-10,2023-09-09,Completed,86.21
245,3,2023-07-06,2023-08-05,Completed,76.98
246,5,2023-10-08,2023-11-07,Completed,63.31
247,4,2023-07-13,,In Progress,0.0
247,7,2023-11-23,2023-12-23,Completed,79.83
248,8,2023-07-08,,In Progress,0.0
248,2,2023-09-27,2023-10-27,Completed,99.0
248,4,2023-12-19,2024-01-18,Completed,99.95
249,5,2023-01-18,2023-02-17,Completed,92.58
249,3,2023-05-27,2023-06-26,Completed,67.26
249,4,2023-05-06,2023-06-05,Completed,89.29
250,4,2023-08-17,2023-09-16,Completed,76.01
250,7,2023-07-25,2023-08-24,Completed,58.08
250,5,2023-06-12,,In Progress,0.0
250,10,2023-10-21,2023-11-20,Completed,94.24
251,5,2023-11-02,2023-12-02,Completed,77.67
251,8,2023-10-08,2023-11-07,Completed,61.98
251,9,2023-05-08,2023-06-07,Completed,87.58
251,7,2023-07-22,2023-08-21,Completed,93.16
252,3,2023-06-14,2023-07-14,Completed,76.58
252,9,2023-08-03,,In Progress,0.0
253,7,2023-03-25,2023-04-24,Completed,84.63
253,4,2023-02-18,2023-03-20,Completed,83.09
253,9,2023-05-13,,In Progress,0.0
254,5,2023-07-25,,Dropped,0.0
254,10,2023-01-18,2023-02-17,Completed,59.14
255,10,2023-10-02,2023-11-01,Completed,76.4
255,6,2023-12-17,2024-01-16,Completed,82.93
255,2,2023-12-01,2023-12-31,Completed,92.8
255,9,2023-04-04,2023-05-04,Completed,62.49
256,6,2023-09-15,2023-10-15,Completed,65.08
256,7,2023-02-03,2023-03-05,Completed,75.54
256,1,2023-06-11,,Dropped,0.0
257,9,2023-12-10,2024-01-09,Completed,62.54
257,3,2023-05-26,2023-06-25,Completed,92.11
257,10,2023-07-19,,Dropped,0.0
258,6,2023-08-27,2023-09-26,Completed,90.35
258,10,2023-08-19,2023-09-18,Completed,73.61
259,7,2023-09-19,2023-10-19,Completed,68.73
259,10,2023-01-12,2023-02-11,Completed,63.48
259,9,2023-08-12,,Dropped,0.0
260,4,2023-07-12,2023-08-11,Completed,62.01
260,3,2023-03-05,,In Progress,0.0
260,8,2023-04-11,2023-05-11,Completed,88.6
260,2,2023-11-13,2023-12-13,Completed,85.99
261,7,2023-07-17,,In Progress,0.0
261,3,2023-02-15,2023-03-17,Completed,96.03
262,9,2023-02-24,2023-03-26,Completed,85.77
262,8,2023-02-01,2023-03-03,Completed,87.09
262,2,2023-04-25,2023-05-25,Completed,81.22
262,5,2023-01-21,2023-02-20,Completed,55.87
263,1,2023-06-25,2023-07-25,Completed,64.17
264,5,2023-02-09,,Dropped,0.0
264,8,2023-02-02,2023-03-04,Completed,69.8
264,3,2023-04-08,2023-05-08,Completed,64.32
264,9,2023-09-01,2023-10-01,Completed,89.38
265,3,2023-10-02,2023-11-01,Completed,82.55
265,1,2023-02-15,2023-03-17,Completed,90.84
266,6,2023-01-20,2023-02-19,Completed,87.95
266,4,2023-05-26,2023-06-25,Completed,59.99
266,9,2023-03-06,,In Progress,0.0
266,5,2023-09-09,,In Progress,0.0
267,6,2023-10-02,2023-11-01,Completed,99.54
267,9,2023-10-23,2023-11-22,Completed,86.49
267,3,2023-02-23,2023-03-25,Completed,62.08
267,8,2023-06-14,,In Progress,0.0
268,4,2023-04-02,2023-05-02,Completed,63.26
268,2,2023-09-07,,In Progress,0.0
269,10,2023-12-21,2024-01-20,Completed,74.06
269,2,2023-06-16,2023-07-16,Completed,66.01
269,3,2023-09-23,2023-10-23,Completed,82.2
270,3,2023-07-24,2023-08-23,Completed,68.94
270,4,2023-07-11,2023-08-10,Completed,92.64
271,2,2023-01-22,2023-02-21,Completed,56.38
271,1,2023-09-01,2023-10-01,Completed,56.61
271,7,2023-08-15,,In Progress,0.0
271,4,2023-01-12,2023-02-11,Completed,76.2
272,4,2023-01-22,2023-02-21,Completed,80.32
273,1,2023-04-25,2023-05-25,Completed,65.99
273,9,2023-10-24,2023-11-23,Completed,64.08
273,7,2023-08-07,2023-09-06,Completed,82.11
273,10,2023-11-08,2023-12-08,Completed,55.27
274,9,2023-12-25,,In Progress,0.0
274,10,2023-08-07,2023-09-06,Completed,90.5
275,4,2023-11-06,,In Progress,0.0
275,2,2023-09-04,,Dropped,0.0
275,1,2023-03-08,2023-04-07,Completed,95.21
275,8,2023-08-10,,Dropped,0.0
276,4,2023-03-21,2023-04-20,Completed,58.53
277,4,2023-09-15,2023-10-15,Completed,56.76
277,9,2023-06-10,,In Progress,0.0
277,2,2023-02-09,,In Progress,0.0
278,9,2023-09-10,2023-10-10,Completed,93.72
278,7,2023-03-08,2023-04-07,Completed,85.19
278,1,2023-05-11,2023-06-10,Completed,57.81
279,6,2023-07-14,2023-08-13,Completed,55.11
279,10,2023-02-24,2023-03-26,Completed,67.78
279,4,2023-12-10,2024-01-09,Completed,61.84
279,8,2023-01-20,2023-02-19,Completed,68.08
280,5,2023-01-19,2023-02-18,Completed,72.85
280,2,2023-08-21,2023-09-20,Completed,71.48
281,6,2023-05-19,2023-06-18,Completed,97.37
281,10,2023-11-18,2023-12-18,Completed,68.82
281,2,2023-07-26,,In Progress,0.0
281,3,2023-07-12,,In Progress,0.0
282,6,2023-03-07,,In Progress,0.0
282,1,2023-04-01,2023-05-01,Completed,67.86
282,2,2023-01-10,,In Progress,0.0
283,8,2023-03-11,2023-04-10,Completed,72.52
283,4,2023-04-14,2023-05-14,Completed,65.12
283,9,2023-12-15,2024-01-14,Completed,88.26
284,3,2023-11-24,2023-12-24,Completed,67.19
284,10,2023-04-12,,In Progress,0.0
284,6,2023-06-03,,In Progress,0.0
285,8,2023-06-06,2023-07-06,Completed,96.78
285,10,2023-06-05,2023-07-05,Completed,78.91
286,4,2023-04-23,2023-05-23,Completed,58.19
287,6,2023-03-09,2023-04-08,Completed,85.1
287,10,2023-12-01,2023-12-31,Completed,64.35
288,8,2023-12-22,,In Progress,0.0
288,7,2023-04-03,2023-05-03,Completed,62.75
288,4,2023-06-01,2023-07-01,Completed,59.96
288,10,2023-12-16,,Dropped,0.0
289,2,2023-02-02,2023-03-04,Completed,64.19
289,7,2023-09-07,2023-10-07,Completed,94.22
289,10,2023-06-23,,In Progress,0.0
289,5,2023-03-08,2023-04-07,Completed,94.46
290,1,2023-07-13,,Dropped,0.0
290,7,2023-04-10,,In Progress,0.0
290,8,2023-09-19,,In Progress,0.0
291,9,2023-01-16,,Dropped,0.0
291,5,2023-05-25,2023-06-24,Completed,63.92
292,8,2023-09-15,2023-10-15,Completed,56.38
292,10,2023-10-22,2023-11-21,Completed,65.73
292,4,2023-04-22,,In Progress,0.0
293,3,2023-06-01,,In Progress,0.0
293,9,2023-05-15,,In Progress,0.0
293,10,2023-08-11,2023-09-10,Completed,68.89
293,7,2023-03-17,2023-04-16,Completed,73.91
294,8,2023-01-22,2023-02-21,Completed,82.85
295,2,2023-08-13,,Dropped,0.0
295,9,2023-08-18,2023-09-17,Completed,94.0
295,7,2023-08-04,2023-09-03,Completed,88.41
295,4,2023-03-04,2023-04-03,Completed,89.53
296,7,2023-10-17,2023-11-16,Completed,96.75
296,4,2023-01-06,2023-02-05,Completed,65.48
296,2,2023-08-25,,Dropped,0.0
297,3,2023-06-06,2023-07-06,Completed,68.82
297,4,2023-07-18,,In Progress,0.0
297,6,2023-07-25,2023-08-24,Completed,55.88
298,9,2023-11-14,,Dropped,0.0
299,8,2023-11-15,2023-12-15,Completed,62.9
299,6,2023-04-02,2023-05-02,Completed,81.44
299,1,2023-01-27,2023-02-26,Completed,86.7
300,2,2023-08-03,2023-09-02,Completed,79.59
300,3,2023-06-16,2023-07-16,Completed,90.45
300,10,2023-11-09,2023-12-09,Completed,67.14
300,4,2023-12-06,2024-01-05,Completed,97.84
301,9,2023-05-01,2023-05-31,Completed,60.05
301,3,2023-04-22,2023-05-22,Completed,79.02
301,7,2023-11-21,2023-12-21,Completed,88.61
302,7,2023-08-06,,In Progress,0.0
302,9,2023-01-26,2023-02-25,Completed,62.59
303,8,2023-06-27,2023-07-27,Completed,63.46
303,7,2023-05-08,2023-06-07,Completed,67.59
303,3,2023-06-05,,In Progress,0.0
303,4,2023-03-02,2023-04-01,Completed,66.13
304,10,2023-04-21,2023-05-21,Completed,75.17
304,2,2023-06-15,2023-07-15,Completed,99.9
304,3,2023-09-25,,In Progress,0.0
304,9,2023-11-16,2023-12-16,Completed,89.88
305,5,2023-09-11,2023-10-11,Completed,77.83
305,6,2023-01-15,,Dropped,0.0
306,9,2023-02-24,2023-03-26,Completed,83.18
307,10,2023-08-18,,In Progress,0.0
307,9,2023-02-08,2023-03-10,Completed,83.1
308,5,2023-05-07,,In Progress,0.0
309,8,2023-03-25,,In Progress,0.0
309,5,2023-12-05,2024-01-04,Completed,58.8
309,9,2023-04-23,,In Progress,0.0
310,7,2023-04-09,2023-05-09,Completed,90.48
311,10,2023-09-18,,In Progress,0.0
311,6,2023-05-14,2023-06-13,Completed,63.19
312,9,2023-02-18,2023-03-20,Completed,63.24
313,10,2023-04-24,,In Progress,0.0
313,1,2023-11-20,2023-12-20,Completed,91.05
313,5,2023-10-24,2023-11-23,Completed,83.21
313,8,2023-05-06,2023-06-05,Completed,56.49
314,3,2023-07-05,2023-08-04,Completed,60.53
315,6,2023-08-15,2023-09-14,Completed,88.94
316,5,2023-07-26,2023-08-25,Completed,63.66
316,9,2023-11-05,2023-12-05,Completed,76.81
316,3,2023-09-10,,In Progress,0.0
316,8,2023-11-23,,In Progress,0.0
317,5,2023-02-19,,Dropped,0.0
317,7,2023-04-24,2023-05-24,Completed,96.88
318,3,2023-06-06,2023-07-06,Completed,85.08
318,2,2023-02-25,,In Progress,0.0
318,5,2023-05-07,,Dropped,0.0
319,9,2023-11-23,,In Progress,0.0
319,3,2023-07-19,,Dropped,0.0
319,8,2023-09-10,,Dropped,0.0
320,8,2023-07-26,,In Progress,0.0
320,9,2023-04-26,2023-05-26,Completed,62.76
320,7,2023-12-02,,In Progress,0.0
320,2,2023-01-22,2023-02-21,Completed,99.72
321,7,2023-12-24,,Dropped,0.0
321,5,2023-02-13,2023-03-15,Completed,99.68
322,9,2023-08-03,,In Progress,0.0
323,5,2023-05-20,2023-06-19,Completed,57.56
324,7,2023-05-12,2023-06-11,Completed,97.91
325,7,2023-05-03,,In Progress,0.0
325,3,2023-12-23,2024-01-22,Completed,86.56
325,8,2023-12-08,2024-01-07,Completed,90.05
325,4,2023-12-24,,In Progress,0.0
326,6,2023-12-23,,In Progress,0.0
327,10,2023-01-25,,Dropped,0.0
327,7,2023-11-23,2023-12-23,Completed,93.72
328,8,2023-12-21,2024-01-20,Completed,78.45
329,5,2023-02-27,2023-03-29,Completed,82.68
329,6,2023-05-13,2023-06-12,Completed,83.0
329,9,2023-05-06,2023-06-05,Completed,65.74
329,1,2023-03-07,,In Progress,0.0
330,4,2023-12-04,2024-01-03,Completed,68.66
331,3,2023-12-08,2024-01-07,Completed,58.19
331,1,2023-08-11,2023-09-10,Completed,95.68
331,6,2023-11-12,,In Progress,0.0
331,2,2023-02-24,2023-03-26,Completed,59.15
332,5,2023-03-26,2023-04-25,Completed,75.3
333,10,2023-07-04,2023-08-03,Completed,64.58
333,4,2023-08-04,,In Progress,0.0
333,3,2023-03-06,,In Progress,0.0
333,5,2023-12-19,,Dropped,0.0
334,10,2023-01-10,,In Progress,0.0
335,3,2023-06-07,2023-07-07,Completed,62.28
335,2,2023-01-08,,In Progress,0.0
336,3,2023-12-18,,In Progress,0.0
336,6,2023-05-21,2023-06-20,Completed,87.81
337,8,2023-08-04,2023-09-03,Completed,98.86
337,4,2023-01-02,2023-02-01,Completed,86.99
337,6,2023-10-10,2023-11-09,Completed,76.25
338,6,2023-06-02,2023-07-02,Completed,69.81
338,5,2023-03-13,2023-04-12,Completed,70.12
338,2,2023-01-23,2023-02-22,Completed,84.53
338,3,2023-01-20,2023-02-19,Completed,68.95
339,7,2023-02-02,,In Progress,0.0
340,4,2023-12-23,2024-01-22,Completed,81.21
340,9,2023-07-05,2023-08-04,Completed,95.38
340,1,2023-07-04,2023-08-03,Completed,86.59
341,1,2023-08-11,2023-09-10,Completed,87.14
341,7,2023-06-17,,In Progress,0.0
342,1,2023-06-27,,In Progress,0.0
342,4,2023-02-01,2023-03-03,Completed,67.05
343,10,2023-08-26,2023-09-25,Completed,60.81
343,8,2023-07-26,,In Progress,0.0
344,5,2023-05-03,2023-06-02,Completed,92.25
344,10,2023-07-22,2023-08-21,Completed,96.66
345,1,2023-07-11,2023-08-10,Completed,63.14
345,5,2023-10-27,2023-11-26,Completed,94.95
345,7,2023-04-03,2023-05-03,Completed,55.32
345,8,2023-05-09,2023-06-08,Completed,63.3
346,4,2023-04-12,2023-05-12,Completed,96.18
346,10,2023-11-06,2023-12-06,Completed,65.82
346,2,2023-02-08,,In Progress,0.0
347,7,2023-09-17,2023-10-17,Completed,87.82
348,2,2023-04-09,2023-05-09,Completed,85.83
348,5,2023-08-20,2023-09-19,Completed,83.59
349,4,2023-08-21,,In Progress,0.0
350,7,2023-10-23,,Dropped,0.0
351,1,2023-05-14,2023-06-13,Completed,64.98
351,4,2023-05-23,,Dropped,0.0
351,9,2023-03-22,2023-04-21,Completed,92.21
351,7,2023-03-20,,Dropped,0.0
352,6,2023-12-21,2024-01-20,Completed,74.25
352,3,2023-09-07,2023-10-07,Completed,84.37
352,2,2023-01-24,,In Progress,0.0
352,5,2023-09-18,2023-10-18,Completed,87.91
353,4,2023-02-26,2023-03-28,Completed,69.08
354,10,2023-03-15,2023-04-14,Completed,83.06
355,6,2023-05-07,2023-06-06,Completed,89.21
355,3,2023-08-25,2023-09-24,Completed,63.62
355,8,2023-03-04,2023-04-03,Completed,56.71
356,9,2023-05-20,,Dropped,0.0
356,10,2023-03-14,,In Progress,0.0
356,7,2023-02-02,2023-03-04,Completed,94.33
356,3,2023-02-22,2023-03-24,Completed,65.77
357,5,2023-09-27,2023-10-27,Completed,80.73
357,3,2023-09-17,,In Progress,0.0
358,2,2023-09-22,2023-10-22,Completed,66.12
358,7,2023-11-03,2023-12-03,Completed,72.86
358,5,2023-06-02,2023-07-02,Completed,58.94
358,9,2023-12-26,2024-01-25,Completed,78.04
359,10,2023-02-12,2023-03-14,Completed,57.3
360,2,2023-08-10,2023-09-09,Completed,61.76
360,10,2023-03-02,2023-04-01,Completed,68.29
360,1,2023-05-03,2023-06-02,Completed,65.04
361,5,2023-08-09,2023-09-08,Completed,74.87
362,2,2023-12-24,,In Progress,0.0
362,9,2023-08-10,2023-09-09,Completed,95.24
362,4,2023-03-20,2023-04-19,Completed,70.76
362,7,2023-06-14,2023-07-14,Completed,90.69
363,10,2023-07-25,,Dropped,0.0
364,4,2023-05-13,2023-06-12,Completed,65.36
364,7,2023-09-18,2023-10-18,Completed,59.2
365,6,2023-12-06,2024-01-05,Completed,56.08
365,2,2023-05-07,2023-06-06,Completed,78.75
365,4,2023-01-05,2023-02-04,Completed,89.62
366,1,2023-03-07,,Dropped,0.0
367,2,2023-05-05,2023-06-04,Completed,62.7
367,3,2023-09-27,2023-10-27,Completed,63.73
367,6,2023-08-06,,In Progress,0.0
368,2,2023-01-24,2023-02-23,Completed,73.74
368,6,2023-07-03,,In Progress,0.0
368,3,2023-12-03,2024-01-02,Completed,91.74
369,3,2023-10-15,2023-11-14,Completed,73.44
370,5,2023-06-22,2023-07-22,Completed,66.34
371,8,2023-09-16,2023-10-16,Completed,62.33
371,6,2023-04-19,2023-05-19,Completed,65.16
371,2,2023-05-02,2023-06-01,Completed,88.92
371,1,2023-11-10,,In Progress,0.0
372,2,2023-10-21,2023-11-20,Completed,65.7
373,8,2023-06-03,,In Progress,0.0
373,4,2023-05-22,2023-06-21,Completed,88.18
374,5,2023-01-13,2023-02-12,Completed,97.84
374,7,2023-10-26,2023-11-25,Completed,96.3
374,10,2023-03-19,2023-04-18,Completed,83.12
374,2,2023-01-01,2023-01-31,Completed,79.5
375,6,2023-06-19,,In Progress,0.0
376,8,2023-12-17,2024-01-16,Completed,60.49
376,6,2023-09-09,,Dropped,0.0
376,3,2023-10-05,2023-11-04,Completed,91.12
377,6,2023-03-18,2023-04-17,Completed,70.66
377,10,2023-04-14,2023-05-14,Completed,77.98
378,2,2023-04-24,2023-05-24,Completed,67.65
378,8,2023-04-13,,In Progress,0.0
378,3,2023-08-27,2023-09-26,Completed,80.76
379,5,2023-04-23,2023-05-23,Completed,61.4
379,10,2023-02-26,2023-03-28,Completed,55.24
379,7,2023-07-08,2023-08-07,Completed,59.2
379,1,2023-07-20,2023-08-19,Completed,84.7
380,8,2023-10-09,2023-11-08,Completed,95.66
380,4,2023-03-02,,Dropped,0.0
380,3,2023-11-07,2023-12-07,Completed,74.57
381,2,2023-02-03,2023-03-05,Completed,79.08
382,1,2023-04-25,2023-05-25,Completed,65.02
382,4,2023-07-21,2023-08-20,Completed,92.33
383,9,2023-03-09,2023-04-08,Completed,70.75
383,4,2023-12-12,2024-01-11,Completed,98.13
383,7,2023-11-17,2023-12-17,Completed,74.71
384,3,2023-07-06,2023-08-05,Completed,96.34
384,8,2023-10-14,,Dropped,0.0
385,4,2023-10-15,2023-11-14,Completed,60.54
386,2,2023-02-17,2023-03-19,Completed,93.97
386,5,2023-12-13,2024-01-12,Completed,85.34
387,2,2023-03-01,,In Progress,0.0
388,5,2023-05-08,,In Progress,0.0
388,8,2023-02-21,2023-03-23,Completed,99.27
388,7,2023-04-14,,In Progress,0.0
388,4,2023-01-27,,In Progress,0.0
389,4,2023-01-02,2023-02-01,Completed,66.62
389,10,2023-02-21,2023-03-23,Completed,66.2
389,9,2023-03-10,,Dropped,0.0
389,1,2023-01-03,2023-02-02,Completed,91.32
390,3,2023-12-23,,In Progress,0.0
390,5,2023-04-27,2023-05-27,Completed,88.57
390,10,2023-10-15,2023-11-14,Completed,98.01
390,4,2023-10-19,2023-11-18,Completed,77.53
391,10,2023-10-17,,In Progress,0.0
391,1,2023-09-20,2023-10-20,Completed,75.15
391,8,2023-04-15,2023-05-15,Completed,84.19
392,10,2023-03-10,,Dropped,0.0
392,8,2023-09-01,2023-10-01,Completed,94.21
392,1,2023-01-18,2023-02-17,Completed,72.79
393,9,2023-10-06,,Dropped,0.0
394,10,2023-02-13,,Dropped,0.0
394,7,2023-03-09,2023-04-08,Completed,87.21
394,3,2023-08-06,,Dropped,0.0
394,4,2023-12-17,2024-01-16,Completed,96.44
395,10,2023-02-21,,In Progress,0.0
395,9,2023-04-08,,Dropped,0.0
395,8,2023-07-10,2023-08-09,Completed,92.41
395,7,2023-05-25,2023-06-24,Completed,90.27
396,9,2023-11-24,2023-12-24,Completed,85.17
396,1,2023-01-12,,In Progress,0.0
397,1,2023-11-14,2023-12-14,Completed,92.05
397,3,2023-06-21,,Dropped,0.0
398,10,2023-09-12,2023-10-12,Completed,87.33
398,7,2023-11-10,,In Progress,0.0
398,6,2023-06-06,,In Progress,0.0
399,7,2023-02-14,2023-03-16,Completed,60.58
399,1,2023-09-15,2023-10-15,Completed,87.42
399,5,2023-02-26,2023-03-28,Completed,60.08
400,6,2023-09-22,2023-10-22,Completed,87.88
400,4,2023-03-16,2023-04-15,Completed,72.36
401,4,2023-11-24,,Dropped,0.0
402,4,2023-02-23,,In Progress,0.0
403,4,2023-03-12,2023-04-11,Completed,84.98
403,6,2023-08-26,2023-09-25,Completed,62.6
403,3,2023-01-27,2023-02-26,Completed,78.84
403,8,2023-06-04,2023-07-04,Completed,73.84
404,7,2023-06-22,2023-07-22,Completed,87.44
404,3,2023-12-23,2024-01-22,Completed,62.89
404,1,2023-10-24,2023-11-23,Completed,93.64
404,4,2023-05-24,,Dropped,0.0
405,6,2023-12-14,,In Progress,0.0
406,4,2023-10-23,2023-11-22,Completed,78.66
406,9,2023-03-12,,In Progress,0.0
406,3,2023-09-04,2023-10-04,Completed,85.86
406,2,2023-02-09,,Dropped,0.0
407,10,2023-10-27,,Dropped,0.0
407,9,2023-06-25,2023-07-25,Completed,62.05
407,2,2023-05-04,,Dropped,0.0
407,4,2023-12-16,2024-01-15,Completed,65.05
408,7,2023-08-18,2023-09-17,Completed,71.84
408,4,2023-08-09,2023-09-08,Completed,84.16
408,9,2023-09-22,,In Progress,0.0
409,1,2023-01-14,,In Progress,0.0
409,2,2023-05-13,2023-06-12,Completed,58.3
410,2,2023-04-27,,In Progress,0.0
410,4,2023-11-13,,In Progress,0.0
410,5,2023-05-01,,Dropped,0.0
410,3,2023-04-23,2023-05-23,Completed,78.56
411,2,2023-03-20,,In Progress,0.0
411,9,2023-09-26,,Dropped,0.0
412,5,2023-09-24,2023-10-24,Completed,66.19
412,1,2023-05-17,,In Progress,0.0
412,4,2023-08-10,2023-09-09,Completed,95.33
413,5,2023-07-26,2023-08-25,Completed,85.04
413,2,2023-12-10,2024-01-09,Completed,57.85
413,3,2023-03-20,2023-04-19,Completed,90.6
413,7,2023-03-19,2023-04-18,Completed,96.51
414,8,2023-05-08,2023-06-07,Completed,75.54
414,1,2023-12-02,2024-01-01,Completed,98.1
414,9,2023-12-04,,Dropped,0.0
414,2,2023-05-12,2023-06-11,Completed,64.18
415,3,2023-08-02,,In Progress,0.0
415,4,2023-12-04,2024-01-03,Completed,74.42
416,9,2023-04-11,2023-05-11,Completed,89.88
416,6,2023-05-19,,Dropped,0.0
416,4,2023-12-25,,In Progress,0.0
417,8,2023-05-02,2023-06-01,Completed,86.37
417,4,2023-01-27,2023-02-26,Completed,98.46
417,9,2023-01-11,2023-02-10,Completed,97.47
418,1,2023-03-11,2023-04-10,Completed,66.25
418,5,2023-08-03,2023-09-02,Completed,68.84
418,2,2023-04-09,2023-05-09,Completed,81.69
418,10,2023-09-10,,Dropped,0.0
419,8,2023-02-06,,In Progress,0.0
420,9,2023-09-09,2023-10-09,Completed,71.71
420,6,2023-06-01,2023-07-01,Completed,55.03
421,8,2023-08-14,2023-09-13,Completed,67.44
422,5,2023-01-27,,In Progress,0.0
422,2,2023-02-11,,In Progress,0.0
423,8,2023-11-04,,Dropped,0.0
423,2,2023-08-06,,Dropped,0.0
423,1,2023-10-04,2023-11-03,Completed,96.14
423,7,2023-06-17,2023-07-17,Completed,87.4
424,6,2023-03-05,2023-04-04,Completed,70.83
424,7,2023-06-22,2023-07-22,Completed,62.34
424,4,2023-02-11,,In Progress,0.0
425,7,2023-06-17,2023-07-17,Completed,92.29
425,2,2023-06-04,2023-07-04,Completed,90.11
425,9,2023-02-22,,Dropped,0.0
426,8,2023-12-27,2024-01-26,Completed,62.55
426,3,2023-06-16,2023-07-16,Completed,70.48
426,9,2023-01-21,2023-02-20,Completed,67.65
426,10,2023-06-09,2023-07-09,Completed,74.62
427,4,2023-05-18,2023-06-17,Completed,57.89
427,2,2023-08-22,2023-09-21,Completed,69.31
427,5,2023-12-27,,In Progress,0.0
428,4,2023-08-10,2023-09-09,Completed,74.46
428,1,2023-02-27,,In Progress,0.0
428,10,2023-05-10,2023-06-09,Completed,71.61
428,6,2023-06-19,2023-07-19,Completed,81.03
429,4,2023-03-05,2023-04-04,Completed,80.92
430,1,2023-01-07,,In Progress,0.0
430,3,2023-01-16,2023-02-15,Completed,75.51
431,3,2023-09-25,2023-10-25,Completed,83.31
431,2,2023-05-10,2023-06-09,Completed,75.35
432,2,2023-06-27,2023-07-27,Completed,96.33
432,9,2023-03-20,,Dropped,0.0
432,3,2023-05-12,2023-06-11,Completed,85.74
432,10,2023-01-12,2023-02-11,Completed,67.67
433,2,2023-09-16,2023-10-16,Completed,81.23
434,9,2023-11-04,2023-12-04,Completed,91.49
434,10,2023-03-20,2023-04-19,Completed,91.54
435,8,2023-03-27,,In Progress,0.0
435,2,2023-06-24,2023-07-24,Completed,57.4
436,8,2023-06-14,2023-07-14,Completed,82.86
436,7,2023-01-25,2023-02-24,Completed,66.5
436,2,2023-10-10,2023-11-09,Completed,57.06
437,5,2023-12-15,,In Progress,0.0
437,9,2023-08-09,,In Progress,0.0
437,4,2023-07-09,,In Progress,0.0
437,1,2023-11-03,2023-12-03,Completed,75.04
438,2,2023-09-19,2023-10-19,Completed,76.24
439,1,2023-12-09,,In Progress,0.0
439,4,2023-09-12,2023-10-12,Completed,77.55
439,10,2023-07-25,,In Progress,0.0
439,7,2023-07-27,2023-08-26,Completed,78.97
440,8,2023-05-18,,In Progress,0.0
440,5,2023-05-23,2023-06-22,Completed,75.5
440,1,2023-10-15,,Dropped,0.0
441,4,2023-01-04,,In Progress,0.0
442,6,2023-09-21,,In Progress,0.0
442,7,2023-05-23,2023-06-22,Completed,98.28
442,5,2023-05-09,2023-06-08,Completed,98.21
443,3,2023-03-06,2023-04-05,Completed,67.31
443,6,2023-11-02,2023-12-02,Completed,64.79
443,7,2023-03-27,2023-04-26,Completed,60.99
444,10,2023-11-16,,In Progress,0.0
444,7,2023-01-22,2023-02-21,Completed,80.83
444,4,2023-04-03,2023-05-03,Completed,80.54
445,4,2023-08-20,2023-09-19,Completed,61.13
445,7,2023-08-24,,In Progress,0.0
445,10,2023-10-15,2023-11-14,Completed,82.02
446,7,2023-12-13,2024-01-12,Completed,73.08
446,10,2023-09-14,2023-10-14,Completed,56.44
446,2,2023-01-18,2023-02-17,Completed,65.36
446,3,2023-04-02,2023-05-02,Completed,87.67
447,6,2023-12-09,2024-01-08,Completed,99.24
447,2,2023-06-05,2023-07-05,Completed,80.89
447,9,2023-07-22,,In Progress,0.0
447,10,2023-05-13,,In Progress,0.0
448,6,2023-03-14,2023-04-13,Completed,93.57
448,7,2023-09-13,2023-10-13,Completed,58.67
448,1,2023-09-09,,In Progress,0.0
448,10,2023-12-20,,In Progress,0.0
449,3,2023-12-23,,In Progress,0.0
450,9,2023-09-08,2023-10-08,Completed,82.23
451,8,2023-03-14,,In Progress,0.0
451,5,2023-01-26,2023-02-25,Completed,60.94
452,2,2023-06-04,2023-07-04,Completed,93.95
452,7,2023-07-14,2023-08-13,Completed,73.87
453,6,2023-09-15,2023-10-15,Completed,93.56
453,10,2023-04-10,2023-05-10,Completed,62.8
453,8,2023-11-05,2023-12-05,Completed,63.41
453,2,2023-01-02,2023-02-01,Completed,72.06
454,6,2023-07-08,2023-08-07,Completed,77.19
455,5,2023-05-02,,Dropped,0.0
456,2,2023-02-14,2023-03-16,Completed,99.95
456,8,2023-08-14,2023-09-13,Completed,74.17
457,1,2023-11-23,2023-12-23,Completed,71.16
457,8,2023-01-25,2023-02-24,Completed,75.12
457,6,2023-03-14,2023-04-13,Completed,73.78
457,7,2023-07-27,,In Progress,0.0
458,2,2023-11-16,2023-12-16,Completed,93.47
458,7,2023-12-02,2024-01-01,Completed,60.98
458,1,2023-02-05,2023-03-07,Completed,85.71
459,7,2023-12-26,2024-01-25,Completed,98.0
460,2,2023-10-11,2023-11-10,Completed,94.39
460,6,2023-01-06,2023-02-05,Completed,72.5
460,8,2023-08-09,,In Progress,0.0
461,3,2023-12-13,2024-01-12,Completed,72.19
462,9,2023-12-13,2024-01-12,Completed,75.85
462,7,2023-01-23,2023-02-22,Completed,67.22
462,3,2023-03-09,2023-04-08,Completed,56.61
462,2,2023-08-15,2023-09-14,Completed,86.27
463,4,2023-03-12,,In Progress,0.0
464,6,2023-05-14,2023-06-13,Completed,88.94
464,1,2023-05-21,2023-06-20,Completed,93.73
464,8,2023-02-10,2023-03-12,Completed,59.68
465,10,2023-11-09,,In Progress,0.0
465,8,2023-03-01,2023-03-31,Completed,65.5
465,3,2023-01-21,2023-02-20,Completed,86.98
465,2,2023-03-10,2023-04-09,Completed,89.42
466,2,2023-08-07,2023-09-06,Completed,55.12
466,3,2023-02-09,2023-03-11,Completed,85.48
467,1,2023-09-07,,Dropped,0.0
467,10,2023-08-05,2023-09-04,Completed,61.7
468,1,2023-08-06,2023-09-05,Completed,86.41
468,8,2023-04-06,2023-05-06,Completed,68.99
469,9,2023-06-19,,Dropped,0.0
470,1,2023-06-22,2023-07-22,Completed,85.34
470,2,2023-03-14,2023-04-13,Completed,58.19
470,4,2023-10-04,2023-11-03,Completed,69.47
471,8,2023-12-11,2024-01-10,Completed,61.26
471,3,2023-08-11,2023-09-10,Completed,56.09
472,3,2023-03-16,2023-04-15,Completed,75.25
473,3,2023-04-12,,In Progress,0.0
473,2,2023-06-07,,In Progress,0.0
474,4,2023-04-22,2023-05-22,Completed,65.71
474,9,2023-08-26,,In Progress,0.0
474,3,2023-12-24,2024-01-23,Completed,88.15
474,10,2023-08-10,2023-09-09,Completed,71.04
475,4,2023-02-21,,In Progress,0.0
475,6,2023-07-20,2023-08-19,Completed,92.78
475,1,2023-07-06,,In Progress,0.0
476,4,2023-02-13,,In Progress,0.0
477,7,2023-07-04,2023-08-03,Completed,98.82
477,3,2023-03-18,2023-04-17,Completed,69.96
478,10,2023-09-04,2023-10-04,Completed,67.35
479,5,2023-11-19,2023-12-19,Completed,58.12
479,9,2023-02-02,2023-03-04,Completed,65.15
480,1,2023-12-11,,In Progress,0.0
481,1,2023-10-26,2023-11-25,Completed,69.01
481,10,2023-07-13,,In Progress,0.0
482,2,2023-09-06,,In Progress,0.0
483,8,2023-09-03,2023-10-03,Completed,72.06
483,9,2023-08-04,2023-09-03,Completed,71.52
483,3,2023-05-18,2023-06-17,Completed,99.68
484,3,2023-10-01,2023-10-31,Completed,87.14
484,4,2023-01-21,2023-02-20,Completed,69.21
484,9,2023-06-27,,In Progress,0.0
484,8,2023-10-27,,In Progress,0.0
485,6,2023-12-01,2023-12-31,Completed,58.14
485,8,2023-11-25,2023-12-25,Completed,87.39
486,3,2023-12-13,2024-01-12,Completed,73.34
486,4,2023-01-20,2023-02-19,Completed,71.27
487,8,2023-05-25,,In Progress,0.0
487,3,2023-04-08,,In Progress,0.0
487,1,2023-12-12,2024-01-11,Completed,72.0
488,3,2023-12-22,2024-01-21,Completed,62.26
488,2,2023-01-02,2023-02-01,Completed,65.21
488,8,2023-10-03,2023-11-02,Completed,83.45
489,9,2023-10-11,2023-11-10,Completed,81.19
489,1,2023-02-24,2023-03-26,Completed,97.28
489,3,2023-09-08,2023-10-08,Completed,68.92
490,1,2023-02-24,,Dropped,0.0
490,4,2023-05-01,2023-05-31,Completed,58.37
490,6,2023-01-18,2023-02-17,Completed,85.66
490,5,2023-08-15,2023-09-14,Completed,90.66
491,6,2023-11-22,2023-12-22,Completed,91.1
491,5,2023-06-12,2023-07-12,Completed,57.76
491,7,2023-12-02,2024-01-01,Completed,75.0
491,3,2023-12-18,2024-01-17,Completed,93.11
492,7,2023-08-26,2023-09-25,Completed,89.49
492,10,2023-01-05,2023-02-04,Completed,85.49
492,1,2023-08-22,2023-09-21,Completed,85.36
492,5,2023-12-26,2024-01-25,Completed,70.43
493,5,2023-03-27,2023-04-26,Completed,95.76
493,10,2023-09-06,2023-10-06,Completed,98.21
494,10,2023-07-17,2023-08-16,Completed,83.43
495,9,2023-07-25,2023-08-24,Completed,93.95
495,7,2023-10-22,2023-11-21,Completed,77.11
496,6,2023-11-22,2023-12-22,Completed,72.48
496,9,2023-10-21,,Dropped,0.0
497,9,2023-01-25,,In Progress,0.0
498,9,2023-12-21,,In Progress,0.0
498,10,2023-09-20,,In Progress,0.0
498,1,2023-11-06,2023-12-06,Completed,55.9
498,6,2023-03-24,,Dropped,0.0
499,6,2023-06-27,2023-07-27,Completed,97.32
499,10,2023-05-01,,In Progress,0.0
499,9,2023-02-08,2023-03-10,Completed,63.17
500,2,2023-02-11,2023-03-13,Completed,55.14
500,7,2023-12-04,2024-01-03,Completed,88.95
501,7,2023-07-09,,In Progress,0.0
501,1,2023-11-09,2023-12-09,Completed,87.41
501,8,2023-12-06,2024-01-05,Completed,81.54
501,2,2023-01-18,2023-02-17,Completed,87.68
502,2,2023-10-20,2023-11-19,Completed,77.61
502,7,2023-02-25,,Dropped,0.0
503,10,2023-05-18,2023-06-17,Completed,65.82
503,9,2023-05-03,,In Progress,0.0
504,6,2023-06-14,2023-07-14,Completed,88.99
504,8,2023-07-11,,In Progress,0.0
504,1,2023-08-26,2023-09-25,Completed,71.93
505,1,2023-06-10,2023-07-10,Completed,92.33
505,3,2023-03-08,,In Progress,0.0
505,10,2023-05-24,,In Progress,0.0
505,2,2023-10-09,2023-11-08,Completed,92.12
506,10,2023-10-01,,Dropped,0.0
506,8,2023-09-08,,Dropped,0.0
506,1,2023-05-25,,In Progress,0.0
507,7,2023-05-11,,Dropped,0.0
507,3,2023-10-09,,In Progress,0.0
507,4,2023-08-26,,In Progress,0.0
508,5,2023-05-07,2023-06-06,Completed,58.21
508,7,2023-10-24,2023-11-23,Completed,99.28
509,9,2023-10-12,2023-11-11,Completed,81.66
509,10,2023-11-10,2023-12-10,Completed,77.48
509,5,2023-11-05,2023-12-05,Completed,94.78
509,3,2023-07-16,2023-08-15,Completed,99.62
510,9,2023-05-05,2023-06-04,Completed,99.24
511,10,2023-02-05,2023-03-07,Completed,82.39
512,6,2023-07-26,2023-08-25,Completed,81.09
512,4,2023-08-19,2023-09-18,Completed,94.48
513,1,2023-12-15,,In Progress,0.0
513,10,2023-07-10,2023-08-09,Completed,55.85
513,7,2023-12-10,2024-01-09,Completed,77.91
514,4,2023-06-02,2023-07-02,Completed,55.45
514,6,2023-02-06,2023-03-08,Completed,88.27
515,9,2023-07-04,2023-08-03,Completed,63.95
515,3,2023-11-10,2023-12-10,Completed,77.71
515,2,2023-03-08,2023-04-07,Completed,90.57
516,10,2023-01-26,,In Progress,0.0
516,7,2023-02-24,2023-03-26,Completed,92.98
516,6,2023-05-10,2023-06-09,Completed,98.11
517,10,2023-10-24,2023-11-23,Completed,98.08
517,9,2023-10-02,2023-11-01,Completed,71.23
517,1,2023-03-22,2023-04-21,Completed,74.89
517,7,2023-05-14,2023-06-13,Completed,83.6
518,5,2023-04-14,2023-05-14,Completed,72.21
519,2,2023-02-27,2023-03-29,Completed,77.11
519,1,2023-12-11,,Dropped,0.0
520,2,2023-07-04,2023-08-03,Completed,93.56
520,6,2023-04-14,2023-05-14,Completed,95.81
521,6,2023-11-09,2023-12-09,Completed,98.28
521,4,2023-03-18,2023-04-17,Completed,57.7
522,7,2023-08-12,2023-09-11,Completed,96.62
522,3,2023-11-21,,In Progress,0.0
522,2,2023-09-04,2023-10-04,Completed,69.56
523,1,2023-05-12,2023-06-11,Completed,69.32
524,2,2023-09-12,2023-10-12,Completed,76.52
524,4,2023-11-20,2023-12-20,Completed,59.44
524,8,2023-10-18,,In Progress,0.0
525,5,2023-05-23,2023-06-22,Completed,83.23
525,8,2023-02-06,2023-03-08,Completed,94.02
525,10,2023-07-26,2023-08-25,Completed,84.83
526,2,2023-10-17,2023-11-16,Completed,83.32
526,9,2023-08-12,2023-09-11,Completed,95.52
526,10,2023-11-09,2023-12-09,Completed,70.66
526,7,2023-08-07,2023-09-06,Completed,68.67
527,1,2023-02-13,2023-03-15,Completed,69.44
528,5,2023-12-23,2024-01-22,Completed,64.41
529,3,2023-04-12,,In Progress,0.0
529,8,2023-07-22,2023-08-21,Completed,74.8
529,10,2023-03-12,,In Progress,0.0
530,5,2023-06-20,,In Progress,0.0
530,4,2023-02-09,2023-03-11,Completed,80.62
530,10,2023-04-21,2023-05-21,Completed,56.36
531,8,2023-11-14,,In Progress,0.0
531,6,2023-04-23,2023-05-23,Completed,83.27
531,5,2023-12-18,,In Progress,0.0
531,7,2023-01-07,,Dropped,0.0
532,5,2023-07-05,,In Progress,0.0
533,6,2023-03-27,,Dropped,0.0
533,7,2023-01-08,2023-02-07,Completed,56.56
534,8,2023-04-07,2023-05-07,Completed,64.33
535,1,2023-11-16,2023-12-16,Completed,82.53
536,4,2023-03-21,2023-04-20,Completed,61.41
536,8,2023-07-13,2023-08-12,Completed,90.48
536,9,2023-10-06,,In Progress,0.0
537,8,2023-09-16,2023-10-16,Completed,94.63
538,8,2023-07-20,2023-08-19,Completed,96.49
538,2,2023-05-01,,In Progress,0.0
538,6,2023-05-23,2023-06-22,Completed,72.01
539,1,2023-06-04,2023-07-04,Completed,90.35
540,1,2023-12-06,2024-01-05,Completed,71.05
540,4,2023-11-05,2023-12-05,Completed,96.34
540,9,2023-12-26,2024-01-25,Completed,75.92
541,1,2023-09-19,2023-10-19,Completed,93.86
541,7,2023-03-19,2023-04-18,Completed,87.09
541,3,2023-04-24,,In Progress,0.0
541,4,2023-03-05,2023-04-04,Completed,67.64
542,7,2023-12-02,2024-01-01,Completed,96.33
542,9,2023-11-16,2023-12-16,Completed,55.29
542,10,2023-12-19,2024-01-18,Completed,88.34
542,6,2023-06-05,2023-07-05,Completed,71.12
543,9,2023-10-24,2023-11-23,Completed,78.67
543,6,2023-04-27,2023-05-27,Completed,63.09
544,5,2023-07-19,2023-08-18,Completed,98.98
544,9,2023-04-20,,In Progress,0.0
544,8,2023-09-12,,Dropped,0.0
545,1,2023-06-27,2023-07-27,Completed,99.86
545,2,2023-07-22,2023-08-21,Completed,63.12
545,6,2023-06-18,2023-07-18,Completed,64.85
546,6,2023-05-05,2023-06-04,Completed,86.6
546,4,2023-09-18,2023-10-18,Completed,96.85
546,3,2023-04-24,,In Progress,0.0
547,10,2023-04-09,2023-05-09,Completed,89.72
547,5,2023-03-02,2023-04-01,Completed,56.06
547,7,2023-10-09,2023-11-08,Completed,83.98
547,2,2023-03-24,2023-04-23,Completed,91.29
548,6,2023-11-06,,In Progress,0.0
548,3,2023-02-25,2023-03-27,Completed,99.19
548,8,2023-07-17,2023-08-16,Completed,77.76
549,6,2023-02-19,2023-03-21,Completed,94.15
549,8,2023-05-10,,In Progress,0.0
549,7,2023-07-15,,Dropped,0.0
550,6,2023-01-27,2023-02-26,Completed,87.85
550,4,2023-11-12,2023-12-12,Completed,72.73
550,10,2023-11-20,2023-12-20,Completed,96.67
550,9,2023-02-09,2023-03-11,Completed,56.59
551,1,2023-04-22,2023-05-22,Completed,64.04
552,9,2023-02-12,2023-03-14,Completed,60.43
552,6,2023-10-02,2023-11-01,Completed,59.02
552,3,2023-09-26,2023-10-26,Completed,98.85
552,10,2023-06-09,2023-07-09,Completed,69.16
553,8,2023-07-02,2023-08-01,Completed,57.58
553,5,2023-11-03,2023-12-03,Completed,78.58
554,1,2023-05-16,,In Progress,0.0
554,2,2023-07-22,2023-08-21,Completed,81.69
555,3,2023-09-27,2023-10-27,Completed,81.32
555,5,2023-09-24,2023-10-24,Completed,86.31
556,2,2023-10-09,2023-11-08,Completed,61.92
557,6,2023-06-08,2023-07-08,Completed,76.1
558,10,2023-08-15,2023-09-14,Completed,93.18
558,3,2023-09-07,2023-10-07,Completed,62.22
558,7,2023-10-24,2023-11-23,Completed,87.17
558,1,2023-10-24,2023-11-23,Completed,69.03
559,8,2023-10-04,2023-11-03,Completed,71.36
560,1,2023-09-03,,Dropped,0.0
560,5,2023-04-14,2023-05-14,Completed,84.24
560,7,2023-02-11,2023-03-13,Completed,98.02
561,6,2023-12-25,2024-01-24,Completed,60.12
561,3,2023-05-20,2023-06-19,Completed,58.74
562,6,2023-06-24,2023-07-24,Completed,88.0
563,7,2023-03-02,2023-04-01,Completed,86.78
563,8,2023-01-24,2023-02-23,Completed,57.43
563,5,2023-06-25,2023-07-25,Completed,93.06
564,10,2023-07-13,2023-08-12,Completed,89.89
564,1,2023-06-27,2023-07-27,Completed,56.43
564,4,2023-02-06,2023-03-08,Completed,88.49
565,10,2023-11-22,2023-12-22,Completed,83.8
565,6,2023-08-08,2023-09-07,Completed,57.82
566,3,2023-01-19,2023-02-18,Completed,62.08
566,10,2023-09-22,2023-10-22,Completed,91.87
566,4,2023-09-02,2023-10-02,Completed,78.49
566,9,2023-12-11,2024-01-10,Completed,71.35
567,5,2023-12-12,,In Progress,0.0
567,10,2023-05-04,,In Progress,0.0
568,7,2023-12-16,2024-01-15,Completed,93.74
568,9,2023-05-10,,In Progress,0.0
569,1,2023-02-04,2023-03-06,Completed,61.67
569,3,2023-11-21,,In Progress,0.0
569,8,2023-07-06,2023-08-05,Completed,72.74
570,4,2023-01-08,,In Progress,0.0
571,9,2023-01-15,2023-02-14,Completed,96.67
572,1,2023-01-17,2023-02-16,Completed,88.6
572,7,2023-01-15,2023-02-14,Completed,69.49
573,9,2023-08-21,2023-09-20,Completed,67.42
573,1,2023-06-26,2023-07-26,Completed,55.73
573,6,2023-12-23,,Dropped,0.0
573,8,2023-10-20,2023-11-19,Completed,55.91
574,2,2023-11-03,2023-12-03,Completed,65.51
575,5,2023-07-03,2023-08-02,Completed,94.27
575,3,2023-03-09,2023-04-08,Completed,73.22
575,9,2023-07-27,2023-08-26,Completed,79.29
576,8,2023-12-22,2024-01-21,Completed,97.37
576,6,2023-08-17,2023-09-16,Completed,57.41
577,6,2023-06-27,2023-07-27,Completed,82.3
577,10,2023-11-02,2023-12-02,Completed,86.31
577,7,2023-01-21,2023-02-20,Completed,89.28
578,10,2023-04-17,2023-05-17,Completed,89.51
578,5,2023-01-19,,Dropped,0.0
578,6,2023-12-02,2024-01-01,Completed,57.03
578,9,2023-05-27,,Dropped,0.0
579,7,2023-11-22,2023-12-22,Completed,97.35
579,4,2023-10-03,2023-11-02,Completed,90.43
580,5,2023-11-16,,In Progress,0.0
580,10,2023-11-08,,In Progress,0.0
580,8,2023-12-15,2024-01-14,Completed,67.48
580,9,2023-06-25,2023-07-25,Completed,95.35
581,5,2023-06-07,2023-07-07,Completed,94.29
582,8,2023-04-07,2023-05-07,Completed,66.41
582,10,2023-11-23,2023-12-23,Completed,56.44
583,10,2023-05-13,2023-06-12,Completed,71.39
583,6,2023-09-02,2023-10-02,Completed,80.77
584,9,2023-07-27,2023-08-26,Completed,76.8
584,6,2023-02-04,2023-03-06,Completed,78.66
584,2,2023-07-12,2023-08-11,Completed,64.97
584,8,2023-05-10,2023-06-09,Completed,70.15
585,10,2023-03-20,2023-04-19,Completed,78.94
585,9,2023-05-08,2023-06-07,Completed,96.42
585,6,2023-06-10,2023-07-10,Completed,87.44
586,3,2023-10-04,,Dropped,0.0
586,8,2023-06-09,2023-07-09,Completed,71.25
587,7,2023-01-03,2023-02-02,Completed,86.86
587,6,2023-07-09,,Dropped,0.0
587,3,2023-02-26,,Dropped,0.0
588,4,2023-01-20,,In Progress,0.0
589,8,2023-05-04,,Dropped,0.0
589,3,2023-10-06,2023-11-05,Completed,69.49
589,9,2023-01-20,,In Progress,0.0
590,10,2023-02-26,2023-03-28,Completed,89.06
591,2,2023-12-20,2024-01-19,Completed,56.98
591,6,2023-03-16,2023-04-15,Completed,89.98
592,3,2023-07-22,2023-08-21,Completed,62.16
592,6,2023-01-21,2023-02-20,Completed,67.16
593,7,2023-03-20,2023-04-19,Completed,75.45
594,3,2023-02-22,2023-03-24,Completed,76.42
594,1,2023-08-20,2023-09-19,Completed,58.83
595,4,2023-08-05,2023-09-04,Completed,90.95
595,3,2023-06-19,,In Progress,0.0
595,8,2023-03-12,2023-04-11,Completed,56.39
595,1,2023-07-03,2023-08-02,Completed,85.65
596,6,2023-09-10,,In Progress,0.0
596,9,2023-02-01,2023-03-03,Completed,96.62
596,4,2023-04-13,2023-05-13,Completed,67.7
597,7,2023-06-09,2023-07-09,Completed,90.07
597,6,2023-09-03,2023-10-03,Completed,68.46
597,10,2023-09-18,2023-10-18,Completed,84.69
597,2,2023-11-23,2023-12-23,Completed,64.81
598,6,2023-03-24,2023-04-23,Completed,75.17
598,8,2023-11-23,2023-12-23,Completed,55.8
598,4,2023-01-08,,In Progress,0.0
598,9,2023-02-13,2023-03-15,Completed,86.43
599,5,2023-06-10,2023-07-10,Completed,70.47
600,1,2023-03-26,,Dropped,0.0
600,5,2023-04-09,,In Progress,0.0
601,7,2023-06-10,,In Progress,0.0
601,3,2023-01-02,2023-02-01,Completed,89.84
602,2,2023-02-02,,In Progress,0.0
602,9,2023-08-14,2023-09-13,Completed,55.56
603,8,2023-05-27,2023-06-26,Completed,76.5
603,10,2023-11-23,2023-12-23,Completed,88.59
603,3,2023-11-05,2023-12-05,Completed,88.8
603,7,2023-04-18,2023-05-18,Completed,57.75
604,7,2023-03-19,2023-04-18,Completed,97.25
604,2,2023-11-19,2023-12-19,Completed,69.63
605,2,2023-04-19,,In Progress,0.0
605,10,2023-06-27,2023-07-27,Completed,62.8
605,5,2023-01-22,,Dropped,0.0
605,8,2023-08-24,2023-09-23,Completed,57.27
606,4,2023-11-10,2023-12-10,Completed,72.3
606,3,2023-02-19,2023-03-21,Completed,71.29
607,6,2023-12-27,2024-01-26,Completed,83.29
607,9,2023-02-13,2023-03-15,Completed,65.87
607,7,2023-03-01,2023-03-31,Completed,76.36
607,4,2023-04-17,,In Progress,0.0
608,1,2023-06-27,2023-07-27,Completed,61.62
608,8,2023-02-11,,In Progress,0.0
609,3,2023-07-02,2023-08-01,Completed,87.28
609,1,2023-12-09,2024-01-08,Completed,67.44
610,6,2023-08-14,2023-09-13,Completed,92.59
610,1,2023-02-14,2023-03-16,Completed,97.28
610,3,2023-08-20,2023-09-19,Completed,66.54
611,6,2023-07-06,,In Progress,0.0
612,4,2023-01-18,2023-02-17,Completed,56.61
612,5,2023-01-10,2023-02-09,Completed,95.02
612,7,2023-03-23,2023-04-22,Completed,94.44
613,3,2023-10-19,2023-11-18,Completed,64.78
613,10,2023-08-12,2023-09-11,Completed,78.12
613,2,2023-02-25,,Dropped,0.0
614,10,2023-08-14,2023-09-13,Completed,82.65
614,9,2023-12-13,2024-01-12,Completed,65.17
614,7,2023-02-10,2023-03-12,Completed,94.67
614,3,2023-01-06,2023-02-05,Completed,72.28
615,10,2023-10-23,,In Progress,0.0
615,2,2023-01-19,2023-02-18,Completed,73.67
616,7,2023-04-12,2023-05-12,Completed,89.36
617,8,2023-12-13,2024-01-12,Completed,79.99
617,4,2023-12-08,2024-01-07,Completed,57.44
618,5,2023-12-13,2024-01-12,Completed,74.98
618,1,2023-06-18,2023-07-18,Completed,95.44
619,8,2023-11-21,,Dropped,0.0
619,7,2023-12-26,,Dropped,0.0
619,4,2023-09-07,2023-10-07,Completed,58.03
620,8,2023-05-16,2023-06-15,Completed,81.39
620,1,2023-07-10,2023-08-09,Completed,94.82
621,6,2023-10-24,2023-11-23,Completed,92.73
622,8,2023-04-19,2023-05-19,Completed,64.23
622,4,2023-09-06,,Dropped,0.0
622,2,2023-08-17,2023-09-16,Completed,72.99
622,1,2023-03-25,2023-04-24,Completed,89.53
623,7,2023-08-23,2023-09-22,Completed,58.27
624,1,2023-08-03,2023-09-02,Completed,95.26
624,5,2023-04-27,2023-05-27,Completed,76.36
625,2,2023-09-19,2023-10-19,Completed,65.95
625,10,2023-03-06,2023-04-05,Completed,69.51
625,1,2023-05-01,,In Progress,0.0
625,5,2023-02-08,,In Progress,0.0
626,2,2023-09-27,2023-10-27,Completed,60.98
626,9,2023-08-22,2023-09-21,Completed,67.76
627,9,2023-09-07,2023-10-07,Completed,79.01
627,6,2023-07-21,,Dropped,0.0
628,6,2023-08-06,2023-09-05,Completed,66.66
629,5,2023-06-24,,Dropped,0.0
629,1,2023-12-22,2024-01-21,Completed,91.91
629,3,2023-07-10,2023-08-09,Completed,60.14
629,4,2023-11-14,2023-12-14,Completed,97.98
630,10,2023-11-23,2023-12-23,Completed,70.14
630,9,2023-11-12,2023-12-12,Completed,94.09
630,2,2023-01-22,2023-02-21,Completed,83.72
630,4,2023-01-13,,In Progress,0.0
631,2,2023-11-19,,Dropped,0.0
632,8,2023-12-15,,In Progress,0.0
632,1,2023-09-05,,Dropped,0.0
632,9,2023-06-25,2023-07-25,Completed,93.32
633,2,2023-08-13,2023-09-12,Completed,77.97
633,4,2023-03-19,2023-04-18,Completed,95.29
633,6,2023-04-12,,In Progress,0.0
634,8,2023-05-11,2023-06-10,Completed,95.12
634,9,2023-09-17,2023-10-17,Completed,97.08
634,6,2023-06-15,2023-07-15,Completed,68.31
635,1,2023-02-19,2023-03-21,Completed,94.65
635,7,2023-03-14,,Dropped,0.0
635,4,2023-04-27,,Dropped,0.0
635,9,2023-02-19,2023-03-21,Completed,56.6
636,9,2023-03-25,,In Progress,0.0
636,3,2023-08-21,,In Progress,0.0
637,6,2023-10-27,,Dropped,0.0
637,10,2023-02-06,2023-03-08,Completed,92.84
638,6,2023-06-26,2023-07-26,Completed,77.01
638,2,2023-06-17,2023-07-17,Completed,75.2
638,4,2023-03-08,2023-04-07,Completed,85.97
639,9,2023-12-03,2024-01-02,Completed,86.06
639,5,2023-07-06,,Dropped,0.0
639,10,2023-01-14,2023-02-13,Completed,93.89
639,2,2023-01-21,,Dropped,0.0
640,3,2023-02-21,2023-03-23,Completed,87.7
641,4,2023-08-08,2023-09-07,Completed,73.27
641,2,2023-08-01,,Dropped,0.0
641,9,2023-12-21,2024-01-20,Completed,75.5
642,1,2023-12-06,2024-01-05,Completed,67.84
642,7,2023-10-24,2023-11-23,Completed,95.7
642,2,2023-02-26,2023-03-28,Completed,97.44
643,9,2023-09-21,,Dropped,0.0
643,3,2023-12-22,,Dropped,0.0
644,4,2023-11-04,2023-12-04,Completed,71.06
645,3,2023-05-14,2023-06-13,Completed,95.36
646,10,2023-07-08,,In Progress,0.0
646,2,2023-09-04,2023-10-04,Completed,98.16
646,3,2023-07-15,,In Progress,0.0
646,8,2023-06-07,2023-07-07,Completed,71.94
647,6,2023-08-26,2023-09-25,Completed,79.78
648,5,2023-10-16,2023-11-15,Completed,60.82
648,10,2023-04-07,2023-05-07,Completed,70.9
648,1,2023-10-20,,In Progress,0.0
649,2,2023-12-23,,In Progress,0.0
649,10,2023-01-04,2023-02-03,Completed,97.54
650,4,2023-09-19,,Dropped,0.0
650,7,2023-06-11,2023-07-11,Completed,87.49
650,8,2023-12-20,,In Progress,0.0
650,9,2023-01-22,,In Progress,0.0
651,3,2023-12-14,,In Progress,0.0
652,6,2023-02-02,2023-03-04,Completed,65.33
653,2,2023-11-22,2023-12-22,Completed,99.52
654,6,2023-09-25,2023-10-25,Completed,75.52
654,4,2023-10-21,2023-11-20,Completed,71.28
655,7,2023-09-06,,Dropped,0.0
655,1,2023-03-16,2023-04-15,Completed,65.82
655,3,2023-12-05,,Dropped,0.0
655,8,2023-05-11,2023-06-10,Completed,82.34
656,7,2023-01-25,2023-02-24,Completed,90.05
656,9,2023-07-15,2023-08-14,Completed,96.15
656,6,2023-11-05,,In Progress,0.0
657,2,2023-03-09,,In Progress,0.0
657,4,2023-07-04,2023-08-03,Completed,85.98
657,6,2023-05-19,,In Progress,0.0
658,1,2023-11-09,,Dropped,0.0
659,4,2023-11-02,2023-12-02,Completed,91.63
659,8,2023-05-13,,In Progress,0.0
659,6,2023-06-05,2023-07-05,Completed,60.52
660,5,2023-09-22,2023-10-22,Completed,74.04
660,7,2023-06-23,2023-07-23,Completed,91.16
660,1,2023-05-14,,In Progress,0.0
660,10,2023-02-21,2023-03-23,Completed,85.51
661,4,2023-10-01,,Dropped,0.0
661,3,2023-05-18,,In Progress,0.0
661,7,2023-12-15,2024-01-14,Completed,86.11
661,2,2023-04-16,2023-05-16,Completed,67.51
662,4,2023-07-04,,In Progress,0.0
663,6,2023-04-05,,In Progress,0.0
663,1,2023-06-09,,In Progress,0.0
664,5,2023-08-09,,In Progress,0.0
665,7,2023-07-02,2023-08-01,Completed,99.97
665,8,2023-07-01,2023-07-31,Completed,96.36
665,6,2023-02-05,2023-03-07,Completed,69.55
665,10,2023-02-14,2023-03-16,Completed,68.79
666,2,2023-01-07,2023-02-06,Completed,72.58
667,9,2023-03-27,2023-04-26,Completed,68.69
667,2,2023-02-23,,Dropped,0.0
667,10,2023-09-10,2023-10-10,Completed,98.79
668,8,2023-03-08,2023-04-07,Completed,73.75
668,10,2023-12-27,2024-01-26,Completed,61.08
668,7,2023-08-24,2023-09-23,Completed,79.58
669,3,2023-02-27,,In Progress,0.0
669,4,2023-06-22,,In Progress,0.0
670,10,2023-12-22,2024-01-21,Completed,90.89
670,4,2023-02-16,2023-03-18,Completed,86.51
671,9,2023-09-12,2023-10-12,Completed,65.56
672,4,2023-09-20,,In Progress,0.0
672,10,2023-10-09,,In Progress,0.0
673,2,2023-12-23,2024-01-22,Completed,80.28
674,2,2023-05-06,2023-06-05,Completed,84.14
674,9,2023-09-25,2023-10-25,Completed,57.16
674,6,2023-07-01,2023-07-31,Completed,75.43
674,7,2023-10-12,2023-11-11,Completed,96.35
675,10,2023-01-14,,In Progress,0.0
675,3,2023-01-18,2023-02-17,Completed,88.82
675,4,2023-04-11,2023-05-11,Completed,68.22
676,10,2023-09-25,2023-10-25,Completed,96.85
676,8,2023-07-25,2023-08-24,Completed,75.2
676,1,2023-11-16,2023-12-16,Completed,58.33
676,7,2023-12-11,2024-01-10,Completed,61.98
677,4,2023-08-12,2023-09-11,Completed,98.66
677,3,2023-01-13,2023-02-12,Completed,63.23
678,4,2023-10-05,,In Progress,0.0
679,9,2023-08-09,2023-09-08,Completed,56.92
679,3,2023-11-27,,Dropped,0.0
679,5,2023-10-14,2023-11-13,Completed,70.66
679,2,2023-09-16,2023-10-16,Completed,72.45
680,1,2023-01-18,2023-02-17,Completed,76.65
680,2,2023-11-25,2023-12-25,Completed,71.06
680,8,2023-01-14,2023-02-13,Completed,56.14
681,6,2023-12-10,2024-01-09,Completed,67.74
681,9,2023-10-22,2023-11-21,Completed,72.01
682,10,2023-12-07,2024-01-06,Completed,67.02
682,4,2023-05-08,,In Progress,0.0
682,9,2023-04-13,2023-05-13,Completed,70.47
682,3,2023-04-13,,In Progress,0.0
683,1,2023-06-14,2023-07-14,Completed,70.8
683,3,2023-06-24,2023-07-24,Completed,82.55
683,9,2023-12-11,,Dropped,0.0
683,5,2023-09-13,2023-10-13,Completed,96.45
684,7,2023-10-17,,In Progress,0.0
684,5,2023-07-12,2023-08-11,Completed,72.51
684,2,2023-08-13,2023-09-12,Completed,76.19
685,1,2023-10-22,2023-11-21,Completed,75.03
686,5,2023-10-04,2023-11-03,Completed,76.69
686,9,2023-06-17,2023-07-17,Completed,79.36
686,4,2023-06-09,2023-07-09,Completed,83.69
686,8,2023-09-15,2023-10-15,Completed,99.13
687,8,2023-05-19,2023-06-18,Completed,80.98
687,1,2023-04-08,,In Progress,0.0
687,9,2023-06-04,2023-07-04,Completed,67.96
688,3,2023-06-18,2023-07-18,Completed,62.04
688,4,2023-03-23,2023-04-22,Completed,67.29
689,5,2023-10-06,2023-11-05,Completed,83.88
690,2,2023-04-22,2023-05-22,Completed,59.31
690,10,2023-05-23,,In Progress,0.0
691,6,2023-02-17,,In Progress,0.0
691,9,2023-04-11,2023-05-11,Completed,70.91
692,6,2023-10-19,,In Progress,0.0
692,2,2023-01-14,2023-02-13,Completed,57.13
692,7,2023-02-16,2023-03-18,Completed,74.67
692,1,2023-01-14,,In Progress,0.0
693,5,2023-12-15,2024-01-14,Completed,56.86
693,10,2023-05-07,2023-06-06,Completed,76.17
694,4,2023-07-27,,In Progress,0.0
694,8,2023-05-23,2023-06-22,Completed,93.14
695,9,2023-06-08,2023-07-08,Completed,94.09
695,2,2023-11-20,,In Progress,0.0
696,10,2023-06-14,2023-07-14,Completed,99.1
696,3,2023-02-15,2023-03-17,Completed,72.29
697,5,2023-06-26,2023-07-26,Completed,59.12
697,1,2023-07-04,2023-08-03,Completed,61.58
697,7,2023-08-23,,Dropped,0.0
697,6,2023-01-26,2023-02-25,Completed,69.81
698,10,2023-06-08,,Dropped,0.0
698,2,2023-05-12,,In Progress,0.0
698,7,2023-10-19,2023-11-18,Completed,56.97
699,3,2023-10-22,2023-11-21,Completed,81.16
699,9,2023-01-15,2023-02-14,Completed,92.04
699,10,2023-07-22,,In Progress,0.0
699,7,2023-02-22,2023-03-24,Completed,93.3
700,10,2023-07-23,,In Progress,0.0
700,7,2023-03-16,2023-04-15,Completed,55.4
700,4,2023-12-19,,In Progress,0.0
701,8,2023-10-27,2023-11-26,Completed,98.4
702,7,2023-12-01,2023-12-31,Completed,73.35
702,2,2023-10-08,2023-11-07,Completed,92.92
702,10,2023-11-15,2023-12-15,Completed,55.51
703,2,2023-12-24,,In Progress,0.0
704,9,2023-11-11,,Dropped,0.0
704,7,2023-07-08,,In Progress,0.0
705,2,2023-02-07,2023-03-09,Completed,59.68
706,4,2023-02-06,2023-03-08,Completed,76.97
707,1,2023-10-05,2023-11-04,Completed,87.61
707,6,2023-11-02,,In Progress,0.0
707,2,2023-04-07,,In Progress,0.0
707,4,2023-09-14,2023-10-14,Completed,85.14
708,6,2023-04-14,2023-05-14,Completed,60.89
709,4,2023-12-27,2024-01-26,Completed,58.26
710,6,2023-08-16,2023-09-15,Completed,75.56
710,7,2023-07-18,,In Progress,0.0
710,9,2023-05-17,2023-06-16,Completed,74.19
710,3,2023-05-25,2023-06-24,Completed,86.89
711,2,2023-07-17,2023-08-16,Completed,97.04
711,9,2023-01-24,,In Progress,0.0
711,4,2023-03-24,,In Progress,0.0
711,5,2023-04-21,,In Progress,0.0
712,9,2023-06-10,,Dropped,0.0
712,5,2023-11-19,2023-12-19,Completed,72.91
712,8,2023-02-04,2023-03-06,Completed,76.2
712,10,2023-10-23,2023-11-22,Completed,68.62
713,2,2023-01-19,,In Progress,0.0
714,4,2023-12-18,2024-01-17,Completed,91.28
715,3,2023-08-03,,In Progress,0.0
716,6,2023-07-08,,In Progress,0.0
717,1,2023-07-15,2023-08-14,Completed,89.55
718,8,2023-12-05,,In Progress,0.0
718,7,2023-01-07,2023-02-06,Completed,72.92
719,4,2023-06-02,,Dropped,0.0
719,7,2023-10-18,2023-11-17,Completed,74.99
720,2,2023-12-02,,In Progress,0.0
720,10,2023-11-10,,In Progress,0.0
720,7,2023-09-26,,In Progress,0.0
721,3,2023-08-04,2023-09-03,Completed,92.04
721,4,2023-07-14,,Dropped,0.0
721,1,2023-05-09,2023-06-08,Completed,67.13
722,8,2023-01-04,,In Progress,0.0
722,5,2023-02-23,,Dropped,0.0
723,9,2023-12-12,,In Progress,0.0
723,5,2023-04-17,2023-05-17,Completed,61.74
724,7,2023-04-23,2023-05-23,Completed,64.9
724,6,2023-12-26,,Dropped,0.0
724,10,2023-05-20,2023-06-19,Completed,93.08
725,4,2023-11-24,,In Progress,0.0
725,10,2023-08-27,2023-09-26,Completed,63.23
726,3,2023-01-04,,In Progress,0.0
726,2,2023-08-07,2023-09-06,Completed,63.15
726,1,2023-04-25,2023-05-25,Completed,62.61
726,4,2023-11-14,,Dropped,0.0
727,5,2023-07-16,2023-08-15,Completed,71.94
728,10,2023-07-07,,Dropped,0.0
728,9,2023-08-11,,In Progress,0.0
728,5,2023-02-03,2023-03-05,Completed,68.98
728,1,2023-06-11,2023-07-11,Completed,82.71
729,7,2023-04-07,2023-05-07,Completed,94.08
729,2,2023-05-05,2023-06-04,Completed,93.8
729,4,2023-08-01,,Dropped,0.0
730,9,2023-05-04,,In Progress,0.0
731,10,2023-05-06,,In Progress,0.0
731,3,2023-10-19,2023-11-18,Completed,94.99
732,10,2023-12-22,,In Progress,0.0
732,8,2023-11-05,,In Progress,0.0
732,1,2023-11-24,2023-12-24,Completed,95.97
733,9,2023-11-14,2023-12-14,Completed,67.73
734,4,2023-09-04,,In Progress,0.0
734,3,2023-06-15,2023-07-15,Completed,64.6
735,10,2023-08-24,2023-09-23,Completed,87.92
735,7,2023-12-26,,In Progress,0.0
736,7,2023-10-06,2023-11-05,Completed,61.04
737,3,2023-06-03,,In Progress,0.0
738,4,2023-12-07,2024-01-06,Completed,64.22
738,3,2023-12-09,2024-01-08,Completed,63.17
738,6,2023-12-27,2024-01-26,Completed,56.49
738,5,2023-06-27,2023-07-27,Completed,94.15
739,8,2023-04-10,,In Progress,0.0
739,5,2023-03-01,2023-03-31,Completed,65.4
739,2,2023-10-08,,In Progress,0.0
740,4,2023-11-27,2023-12-27,Completed,71.35
740,3,2023-05-27,2023-06-26,Completed,58.38
741,4,2023-10-12,2023-11-11,Completed,71.27
741,1,2023-01-25,2023-02-24,Completed,80.3
741,2,2023-05-20,2023-06-19,Completed,90.45
741,3,2023-01-11,,In Progress,0.0
742,3,2023-09-05,,In Progress,0.0
742,7,2023-05-27,2023-06-26,Completed,76.44
742,2,2023-05-26,2023-06-25,Completed,96.36
743,4,2023-08-14,2023-09-13,Completed,91.96
744,4,2023-02-27,2023-03-29,Completed,79.07
744,2,2023-08-20,,In Progress,0.0
745,1,2023-03-15,,In Progress,0.0
745,8,2023-02-13,,In Progress,0.0
746,7,2023-07-19,2023-08-18,Completed,99.12
746,2,2023-08-05,2023-09-04,Completed,73.47
747,6,2023-05-04,2023-06-03,Completed,83.97
748,7,2023-08-03,2023-09-02,Completed,90.92
748,9,2023-05-17,,Dropped,0.0
748,5,2023-05-25,2023-06-24,Completed,87.98
748,3,2023-05-14,2023-06-13,Completed,63.06
749,3,2023-02-21,2023-03-23,Completed,83.19
749,1,2023-02-05,,In Progress,0.0
750,3,2023-01-17,,Dropped,0.0
750,8,2023-01-22,2023-02-21,Completed,58.73
750,6,2023-12-10,2024-01-09,Completed,55.08
750,5,2023-02-11,,In Progress,0.0
751,5,2023-12-26,,In Progress,0.0
751,10,2023-03-15,,Dropped,0.0
752,5,2023-08-22,,In Progress,0.0
752,6,2023-12-14,,Dropped,0.0
753,2,2023-11-21,2023-12-21,Completed,79.87
753,7,2023-02-04,2023-03-06,Completed,78.84
754,9,2023-07-25,2023-08-24,Completed,79.16
754,5,2023-05-08,2023-06-07,Completed,96.15
754,10,2023-07-26,2023-08-25,Completed,85.78
755,3,2023-10-04,2023-11-03,Completed,82.42
755,4,2023-10-24,2023-11-23,Completed,76.25
756,3,2023-11-22,2023-12-22,Completed,79.56
756,6,2023-02-25,2023-03-27,Completed,71.56
756,10,2023-04-04,2023-05-04,Completed,83.86
757,6,2023-11-10,,In Progress,0.0
757,9,2023-05-23,2023-06-22,Completed,60.22
758,7,2023-06-21,2023-07-21,Completed,76.18
758,10,2023-08-08,,Dropped,0.0
759,3,2023-10-27,2023-11-26,Completed,67.36
760,5,2023-02-17,2023-03-19,Completed,88.09
760,10,2023-08-22,2023-09-21,Completed,80.01
760,1,2023-11-02,,Dropped,0.0
761,9,2023-02-11,2023-03-13,Completed,62.85
762,2,2023-03-09,2023-04-08,Completed,91.98
762,6,2023-02-25,2023-03-27,Completed,72.81
762,4,2023-02-19,2023-03-21,Completed,58.81
762,3,2023-06-24,,Dropped,0.0
763,3,2023-10-02,2023-11-01,Completed,99.35
763,7,2023-08-26,2023-09-25,Completed,55.95
763,6,2023-10-27,2023-11-26,Completed,89.82
764,4,2023-02-09,,In Progress,0.0
764,8,2023-04-26,2023-05-26,Completed,95.66
764,2,2023-08-14,2023-09-13,Completed,86.37
764,1,2023-03-11,2023-04-10,Completed,82.84
765,10,2023-02-17,2023-03-19,Completed,98.35
765,3,2023-06-11,,In Progress,0.0
765,1,2023-01-11,2023-02-10,Completed,66.11
765,6,2023-12-06,2024-01-05,Completed,57.24
766,6,2023-01-26,2023-02-25,Completed,99.81
767,6,2023-11-20,2023-12-20,Completed,73.14
767,4,2023-02-18,,Dropped,0.0
767,9,2023-05-19,2023-06-18,Completed,64.98
767,5,2023-06-25,2023-07-25,Completed,85.27
768,5,2023-12-27,2024-01-26,Completed,69.47
768,10,2023-08-09,2023-09-08,Completed,97.18
768,6,2023-05-23,2023-06-22,Completed,83.09
768,3,2023-09-21,2023-10-21,Completed,95.51
769,9,2023-03-12,2023-04-11,Completed,63.95
770,8,2023-12-27,2024-01-26,Completed,97.63
771,10,2023-01-26,2023-02-25,Completed,56.73
772,10,2023-05-07,,In Progress,0.0
772,1,2023-08-14,2023-09-13,Completed,65.44
773,4,2023-09-23,2023-10-23,Completed,69.05
773,5,2023-09-24,2023-10-24,Completed,78.94
773,1,2023-03-02,,In Progress,0.0
774,9,2023-08-23,2023-09-22,Completed,69.98
774,5,2023-06-04,2023-07-04,Completed,78.18
774,4,2023-12-20,2024-01-19,Completed,55.57
775,7,2023-01-15,,Dropped,0.0
776,2,2023-06-19,,Dropped,0.0
776,9,2023-06-08,,In Progress,0.0
777,10,2023-04-02,2023-05-02,Completed,69.36
777,5,2023-04-06,2023-05-06,Completed,83.67
777,3,2023-12-13,2024-01-12,Completed,89.24
778,5,2023-05-06,,In Progress,0.0
778,8,2023-02-14,2023-03-16,Completed,87.44
779,3,2023-03-14,2023-04-13,Completed,68.16
779,1,2023-04-18,,Dropped,0.0
780,1,2023-09-15,2023-10-15,Completed,81.48
780,2,2023-02-09,2023-03-11,Completed,74.46
780,9,2023-06-16,,Dropped,0.0
780,4,2023-01-20,2023-02-19,Completed,96.17
781,4,2023-03-17,,In Progress,0.0
781,9,2023-04-27,2023-05-27,Completed,78.97
781,3,2023-09-14,,Dropped,0.0
781,10,2023-08-12,2023-09-11,Completed,84.81
782,2,2023-03-12,2023-04-11,Completed,57.5
783,2,2023-01-10,2023-02-09,Completed,65.18
783,8,2023-07-02,2023-08-01,Completed,62.47
784,2,2023-04-15,,In Progress,0.0
784,5,2023-09-14,2023-10-14,Completed,91.68
784,10,2023-06-17,2023-07-17,Completed,71.73
784,1,2023-11-27,,Dropped,0.0
785,3,2023-08-07,2023-09-06,Completed,94.84
786,9,2023-01-06,,In Progress,0.0
787,10,2023-10-27,2023-11-26,Completed,68.7
787,4,2023-06-12,2023-07-12,Completed,82.62
787,9,2023-06-13,2023-07-13,Completed,55.95
788,5,2023-04-06,,Dropped,0.0
788,6,2023-12-01,2023-12-31,Completed,65.42
789,2,2023-06-14,,Dropped,0.0
790,3,2023-04-20,2023-05-20,Completed,80.65
791,7,2023-06-23,2023-07-23,Completed,85.43
791,1,2023-08-08,2023-09-07,Completed,93.42
791,5,2023-09-17,2023-10-17,Completed,98.6
792,9,2023-09-18,2023-10-18,Completed,73.86
792,8,2023-08-23,,In Progress,0.0
792,10,2023-11-23,2023-12-23,Completed,87.17
793,8,2023-04-16,2023-05-16,Completed,78.7
793,10,2023-11-23,2023-12-23,Completed,65.93
794,2,2023-04-04,,Dropped,0.0
794,10,2023-02-04,2023-03-06,Completed,81.51
794,6,2023-04-26,2023-05-26,Completed,67.05
795,9,2023-07-08,2023-08-07,Completed,74.45
795,5,2023-09-26,,In Progress,0.0
796,6,2023-05-01,2023-05-31,Completed,74.43
796,2,2023-09-26,,Dropped,0.0
797,3,2023-06-08,,Dropped,0.0
798,7,2023-09-24,,In Progress,0.0
798,9,2023-10-17,2023-11-16,Completed,89.31
799,10,2023-09-11,2023-10-11,Completed,85.81
800,1,2023-02-01,2023-03-03,Completed,71.9
801,4,2023-01-11,,In Progress,0.0
802,8,2023-09-23,2023-10-23,Completed,59.0
802,2,2023-08-03,,Dropped,0.0
802,4,2023-04-16,2023-05-16,Completed,88.78
802,5,2023-04-17,2023-05-17,Completed,55.35
803,8,2023-09-26,,Dropped,0.0
804,8,2023-01-04,2023-02-03,Completed,64.37
804,10,2023-08-22,,Dropped,0.0
804,1,2023-03-23,,Dropped,0.0
805,3,2023-06-13,,In Progress,0.0
805,4,2023-09-27,2023-10-27,Completed,85.05
805,1,2023-08-01,2023-08-31,Completed,96.65
806,7,2023-08-01,,In Progress,0.0
807,9,2023-06-10,2023-07-10,Completed,65.18
808,9,2023-11-11,2023-12-11,Completed,89.24
808,3,2023-10-18,2023-11-17,Completed,74.02
808,4,2023-08-27,2023-09-26,Completed,93.75
809,7,2023-10-10,2023-11-09,Completed,58.49
809,3,2023-07-08,,In Progress,0.0
809,8,2023-09-07,2023-10-07,Completed,90.67
810,3,2023-03-19,,In Progress,0.0
810,7,2023-07-25,2023-08-24,Completed,87.73
810,1,2023-10-13,2023-11-12,Completed,55.5
810,2,2023-10-08,2023-11-07,Completed,60.42
811,9,2023-08-12,2023-09-11,Completed,89.34
812,7,2023-07-10,,Dropped,0.0
812,4,2023-01-21,2023-02-20,Completed,66.14
812,6,2023-09-27,,In Progress,0.0
812,10,2023-04-11,,In Progress,0.0
813,5,2023-10-26,2023-11-25,Completed,99.4
813,9,2023-10-01,,In Progress,0.0
813,1,2023-10-06,,In Progress,0.0
814,2,2023-03-10,2023-04-09,Completed,67.4
814,10,2023-08-10,,In Progress,0.0
814,1,2023-11-20,,In Progress,0.0
815,3,2023-10-08,,Dropped,0.0
816,2,2023-07-10,2023-08-09,Completed,93.1
816,10,2023-11-21,,In Progress,0.0
816,1,2023-03-01,2023-03-31,Completed,98.94
816,3,2023-11-24,,In Progress,0.0
817,6,2023-06-14,2023-07-14,Completed,76.58
817,5,2023-09-25,,In Progress,0.0
817,3,2023-01-26,,In Progress,0.0
817,1,2023-03-05,,Dropped,0.0
818,8,2023-10-10,2023-11-09,Completed,83.23
818,1,2023-10-17,2023-11-16,Completed,85.65
819,1,2023-12-27,2024-01-26,Completed,60.68
819,5,2023-04-01,2023-05-01,Completed,99.25
819,3,2023-10-16,,In Progress,0.0
820,7,2023-05-26,2023-06-25,Completed,77.11
820,2,2023-07-21,,In Progress,0.0
821,5,2023-04-17,2023-05-17,Completed,95.66
821,10,2023-10-19,,Dropped,0.0
821,6,2023-11-03,,In Progress,0.0
821,4,2023-04-15,2023-05-15,Completed,73.75
822,6,2023-05-15,2023-06-14,Completed,70.69
822,8,2023-10-11,2023-11-10,Completed,55.57
823,3,2023-04-26,,In Progress,0.0
823,2,2023-01-18,2023-02-17,Completed,64.12
823,7,2023-10-21,2023-11-20,Completed,81.07
824,1,2023-10-03,2023-11-02,Completed,75.75
825,8,2023-04-24,2023-05-24,Completed,78.65
825,7,2023-12-07,,In Progress,0.0
826,1,2023-05-16,2023-06-15,Completed,62.6
826,6,2023-12-21,,In Progress,0.0
826,9,2023-04-22,,In Progress,0.0
826,4,2023-09-14,2023-10-14,Completed,56.02
827,6,2023-07-16,2023-08-15,Completed,87.24
827,3,2023-04-02,,In Progress,0.0
827,2,2023-06-07,2023-07-07,Completed,56.58
828,3,2023-03-21,2023-04-20,Completed,62.93
829,6,2023-07-27,2023-08-26,Completed,96.57
829,8,2023-06-05,2023-07-05,Completed,58.42
829,10,2023-03-24,2023-04-23,Completed,63.93
830,1,2023-05-15,2023-06-14,Completed,64.87
830,7,2023-01-01,,In Progress,0.0
831,6,2023-09-07,2023-10-07,Completed,77.6
831,9,2023-09-04,2023-10-04,Completed,75.95
831,5,2023-04-15,2023-05-15,Completed,87.53
832,6,2023-09-02,2023-10-02,Completed,61.0
832,7,2023-01-18,2023-02-17,Completed,99.57
833,5,2023-10-02,2023-11-01,Completed,87.59
833,3,2023-01-21,,In Progress,0.0
833,4,2023-07-10,2023-08-09,Completed,64.72
833,7,2023-02-23,2023-03-25,Completed,96.4
834,4,2023-01-02,2023-02-01,Completed,98.12
834,10,2023-06-06,2023-07-06,Completed,71.95
834,7,2023-07-10,,In Progress,0.0
835,10,2023-08-26,2023-09-25,Completed,60.14
835,2,2023-07-26,,In Progress,0.0
836,10,2023-04-09,2023-05-09,Completed,71.02
836,8,2023-07-20,,Dropped,0.0
836,5,2023-06-26,2023-07-26,Completed,85.58
837,8,2023-07-02,2023-08-01,Completed,99.16
837,2,2023-10-20,,In Progress,0.0
837,1,2023-10-23,2023-11-22,Completed,56.15
838,8,2023-03-26,,Dropped,0.0
838,4,2023-01-01,2023-01-31,Completed,58.8
839,10,2023-06-27,2023-07-27,Completed,63.46
839,1,2023-03-08,,In Progress,0.0
839,6,2023-04-21,2023-05-21,Completed,62.12
839,5,2023-08-27,2023-09-26,Completed,57.54
840,2,2023-01-07,,In Progress,0.0
841,6,2023-04-08,,In Progress,0.0
841,4,2023-10-19,,Dropped,0.0
841,7,2023-12-19,,In Progress,0.0
841,5,2023-03-17,,Dropped,0.0
842,7,2023-04-15,,In Progress,0.0
843,8,2023-10-03,2023-11-02,Completed,77.54
843,5,2023-04-26,2023-05-26,Completed,64.54
843,3,2023-09-10,2023-10-10,Completed,77.8
844,1,2023-06-01,,In Progress,0.0
844,8,2023-12-24,,In Progress,0.0
844,2,2023-11-22,2023-12-22,Completed,73.94
844,7,2023-10-23,,In Progress,0.0
845,6,2023-07-19,,In Progress,0.0
845,3,2023-09-20,2023-10-20,Completed,55.01
846,4,2023-12-08,2024-01-07,Completed,84.69
846,3,2023-08-17,2023-09-16,Completed,74.66
846,9,2023-06-03,2023-07-03,Completed,71.87
846,10,2023-06-20,,In Progress,0.0
847,3,2023-07-19,2023-08-18,Completed,73.84
847,6,2023-09-18,,Dropped,0.0
847,1,2023-05-11,2023-06-10,Completed,59.82
847,9,2023-09-23,2023-10-23,Completed,76.11
848,2,2023-09-26,2023-10-26,Completed,91.79
848,1,2023-12-21,2024-01-20,Completed,89.03
849,4,2023-11-04,,In Progress,0.0
849,5,2023-05-01,,In Progress,0.0
850,10,2023-01-06,2023-02-05,Completed,99.08
850,7,2023-10-27,2023-11-26,Completed,64.95
850,2,2023-04-06,2023-05-06,Completed,58.31
850,4,2023-09-05,2023-10-05,Completed,86.32
851,6,2023-12-06,2024-01-05,Completed,58.05
851,1,2023-10-03,2023-11-02,Completed,99.63
851,7,2023-03-08,,In Progress,0.0
852,9,2023-08-03,2023-09-02,Completed,64.93
852,5,2023-11-08,2023-12-08,Completed,68.51
852,1,2023-02-11,2023-03-13,Completed,67.77
853,8,2023-08-11,,In Progress,0.0
853,6,2023-12-13,2024-01-12,Completed,97.64
853,3,2023-02-19,2023-03-21,Completed,75.93
853,10,2023-04-06,,Dropped,0.0
854,5,2023-04-21,2023-05-21,Completed,87.08
855,2,2023-11-10,,Dropped,0.0
856,2,2023-01-01,2023-01-31,Completed,61.06
856,10,2023-07-24,2023-08-23,Completed,63.63
857,4,2023-11-27,2023-12-27,Completed,60.98
857,5,2023-05-22,2023-06-21,Completed,63.33
857,7,2023-12-26,2024-01-25,Completed,89.74
857,9,2023-12-18,2024-01-17,Completed,75.5
858,7,2023-10-09,,In Progress,0.0
859,7,2023-06-02,,In Progress,0.0
859,3,2023-11-01,2023-12-01,Completed,62.74
859,1,2023-04-13,2023-05-13,Completed,66.53
859,8,2023-10-15,2023-11-14,Completed,67.72
860,3,2023-01-06,2023-02-05,Completed,59.25
861,2,2023-06-15,2023-07-15,Completed,69.47
861,4,2023-12-17,2024-01-16,Completed,94.62
861,7,2023-12-11,,Dropped,0.0
862,8,2023-08-13,2023-09-12,Completed,87.44
862,7,2023-02-22,2023-03-24,Completed,85.25
862,4,2023-08-27,2023-09-26,Completed,61.66
862,3,2023-11-19,,In Progress,0.0
863,3,2023-09-25,2023-10-25,Completed,75.31
864,3,2023-05-08,2023-06-07,Completed,87.03
864,5,2023-04-22,2023-05-22,Completed,71.14
865,9,2023-04-19,2023-05-19,Completed,91.77
865,1,2023-09-11,,In Progress,0.0
865,10,2023-09-09,2023-10-09,Completed,74.12
865,6,2023-04-22,2023-05-22,Completed,85.06
866,6,2023-06-26,2023-07-26,Completed,78.0
866,9,2023-04-25,2023-05-25,Completed,97.31
866,3,2023-04-24,2023-05-24,Completed,83.19
867,2,2023-11-11,2023-12-11,Completed,58.32
867,6,2023-07-16,2023-08-15,Completed,64.54
867,7,2023-05-09,2023-06-08,Completed,93.39
868,7,2023-04-10,2023-05-10,Completed,99.85
869,8,2023-02-24,2023-03-26,Completed,63.95
870,3,2023-03-05,2023-04-04,Completed,60.28
870,2,2023-03-24,,In Progress,0.0
870,1,2023-11-26,2023-12-26,Completed,81.44
871,5,2023-07-20,,In Progress,0.0
871,9,2023-07-09,2023-08-08,Completed,67.74
871,7,2023-11-11,2023-12-11,Completed,79.87
872,1,2023-06-10,2023-07-10,Completed,92.0
872,3,2023-01-25,,Dropped,0.0
872,5,2023-12-01,,In Progress,0.0
873,8,2023-01-05,2023-02-04,Completed,62.44
874,9,2023-12-20,2024-01-19,Completed,99.21
874,2,2023-01-26,,In Progress,0.0
874,8,2023-09-15,2023-10-15,Completed,72.2
874,6,2023-08-06,2023-09-05,Completed,86.67
875,7,2023-05-26,,In Progress,0.0
876,10,2023-08-16,2023-09-15,Completed,96.62
877,2,2023-06-18,,In Progress,0.0
877,9,2023-05-20,2023-06-19,Completed,74.87
877,6,2023-04-10,,In Progress,0.0
877,10,2023-04-24,2023-05-24,Completed,67.16
878,5,2023-10-25,,In Progress,0.0
878,3,2023-04-20,2023-05-20,Completed,72.22
878,9,2023-08-02,,In Progress,0.0
879,5,2023-05-24,2023-06-23,Completed,81.49
879,8,2023-08-21,,In Progress,0.0
879,9,2023-11-17,,In Progress,0.0
879,3,2023-09-07,2023-10-07,Completed,55.7
880,3,2023-02-12,2023-03-14,Completed,95.2
881,6,2023-08-07,,In Progress,0.0
881,9,2023-04-16,2023-05-16,Completed,85.89
881,1,2023-02-16,2023-03-18,Completed,98.89
882,5,2023-03-14,2023-04-13,Completed,58.19
883,1,2023-07-22,,In Progress,0.0
883,8,2023-05-26,2023-06-25,Completed,70.65
883,3,2023-01-01,2023-01-31,Completed,76.07
884,3,2023-07-14,,Dropped,0.0
884,8,2023-11-22,2023-12-22,Completed,65.53
884,4,2023-10-17,,In Progress,0.0
884,10,2023-06-13,2023-07-13,Completed,71.42
885,4,2023-01-09,,In Progress,0.0
885,5,2023-04-27,,In Progress,0.0
885,2,2023-02-11,2023-03-13,Completed,68.93
885,8,2023-04-27,,Dropped,0.0
886,9,2023-09-03,,Dropped,0.0
887,2,2023-07-04,,In Progress,0.0
887,6,2023-09-01,,In Progress,0.0
887,7,2023-05-23,2023-06-22,Completed,94.66
887,8,2023-03-18,2023-04-17,Completed,69.02
888,4,2023-01-06,,In Progress,0.0
888,6,2023-10-19,2023-11-18,Completed,66.87
888,3,2023-06-18,2023-07-18,Completed,61.38
888,1,2023-08-14,2023-09-13,Completed,99.83
889,6,2023-05-27,2023-06-26,Completed,68.37
889,3,2023-04-15,2023-05-15,Completed,67.41
889,2,2023-01-08,,In Progress,0.0
890,4,2023-06-01,,In Progress,0.0
890,10,2023-08-01,2023-08-31,Completed,75.68
891,1,2023-07-24,2023-08-23,Completed,85.16
891,10,2023-01-14,2023-02-13,Completed,91.89
891,4,2023-03-21,2023-04-20,Completed,71.68
891,6,2023-11-18,2023-12-18,Completed,71.16
892,10,2023-12-22,,In Progress,0.0
892,6,2023-09-17,,Dropped,0.0
893,7,2023-06-07,,Dropped,0.0
894,3,2023-09-15,2023-10-15,Completed,81.16
894,5,2023-11-20,2023-12-20,Completed,97.32
894,6,2023-06-13,2023-07-13,Completed,96.17
894,2,2023-12-04,,Dropped,0.0
895,3,2023-03-21,,Dropped,0.0
895,10,2023-07-07,2023-08-06,Completed,89.75
895,2,2023-08-09,2023-09-08,Completed,96.14
895,9,2023-07-08,2023-08-07,Completed,56.47
896,4,2023-01-27,2023-02-26,Completed,57.95
896,5,2023-12-14,2024-01-13,Completed,61.26
896,10,2023-09-18,,In Progress,0.0
897,6,2023-05-16,2023-06-15,Completed,60.02
897,10,2023-11-12,,Dropped,0.0
897,9,2023-04-17,2023-05-17,Completed,66.02
897,7,2023-11-06,2023-12-06,Completed,86.28
898,3,2023-06-22,2023-07-22,Completed,58.75
898,1,2023-05-01,2023-05-31,Completed,79.94
898,2,2023-07-13,2023-08-12,Completed,97.45
899,8,2023-12-19,,In Progress,0.0
899,7,2023-09-20,2023-10-20,Completed,78.59
900,6,2023-07-11,,In Progress,0.0
900,8,2023-11-09,,In Progress,0.0
900,10,2023-02-24,,In Progress,0.0
900,1,2023-10-09,2023-11-08,Completed,71.72
901,4,2023-09-14,,Dropped,0.0
901,7,2023-05-26,2023-06-25,Completed,88.36
902,3,2023-04-19,2023-05-19,Completed,99.64
902,10,2023-10-17,2023-11-16,Completed,97.86
902,5,2023-11-26,,Dropped,0.0
902,1,2023-05-01,2023-05-31,Completed,72.18
903,3,2023-05-08,2023-06-07,Completed,79.38
903,7,2023-02-22,,Dropped,0.0
904,10,2023-07-11,,In Progress,0.0
904,5,2023-02-10,,Dropped,0.0
904,8,2023-02-24,,In Progress,0.0
904,4,2023-06-02,2023-07-02,Completed,81.82
905,7,2023-04-01,2023-05-01,Completed,95.24
905,10,2023-04-08,2023-05-08,Completed,62.05
906,7,2023-08-27,2023-09-26,Completed,79.09
906,9,2023-08-04,,In Progress,0.0
907,8,2023-04-11,,Dropped,0.0
907,4,2023-03-17,2023-04-16,Completed,59.97
907,10,2023-11-11,2023-12-11,Completed,94.78
908,7,2023-07-01,,In Progress,0.0
908,2,2023-09-04,,In Progress,0.0
908,1,2023-06-20,,In Progress,0.0
908,6,2023-12-22,,In Progress,0.0
909,2,2023-01-26,2023-02-25,Completed,83.23
909,4,2023-12-10,2024-01-09,Completed,60.88
909,8,2023-12-11,2024-01-10,Completed,86.38
909,9,2023-08-24,2023-09-23,Completed,73.3
910,8,2023-12-15,2024-01-14,Completed,63.46
910,1,2023-03-09,,Dropped,0.0
910,2,2023-02-04,2023-03-06,Completed,98.1
911,1,2023-09-04,2023-10-04,Completed,77.76
911,5,2023-01-02,,In Progress,0.0
911,2,2023-11-09,2023-12-09,Completed,76.43
912,7,2023-12-22,2024-01-21,Completed,59.86
912,2,2023-10-14,,Dropped,0.0
913,3,2023-12-06,2024-01-05,Completed,91.57
913,7,2023-06-05,2023-07-05,Completed,63.13
914,7,2023-07-09,2023-08-08,Completed,81.85
915,9,2023-10-04,2023-11-03,Completed,88.17
916,6,2023-10-16,2023-11-15,Completed,62.69
917,10,2023-01-14,,In Progress,0.0
917,8,2023-03-24,,Dropped,0.0
918,2,2023-09-15,2023-10-15,Completed,79.31
918,5,2023-10-08,,In Progress,0.0
919,10,2023-03-03,2023-04-02,Completed,72.76
920,8,2023-09-21,2023-10-21,Completed,78.43
920,5,2023-05-05,2023-06-04,Completed,62.87
920,10,2023-04-22,,Dropped,0.0
921,4,2023-08-17,2023-09-16,Completed,91.33
921,1,2023-10-21,2023-11-20,Completed,88.48
921,3,2023-11-09,2023-12-09,Completed,88.46
921,2,2023-01-04,2023-02-03,Completed,88.91
922,7,2023-07-02,2023-08-01,Completed,91.75
922,5,2023-10-08,,In Progress,0.0
923,10,2023-02-27,2023-03-29,Completed,68.77
923,3,2023-07-23,,Dropped,0.0
923,5,2023-10-05,,In Progress,0.0
923,8,2023-03-09,2023-04-08,Completed,55.12
924,2,2023-03-26,,In Progress,0.0
924,6,2023-12-19,2024-01-18,Completed,59.81
924,1,2023-04-13,2023-05-13,Completed,71.62
925,2,2023-06-24,2023-07-24,Completed,83.27
925,3,2023-10-24,,Dropped,0.0
926,5,2023-07-22,2023-08-21,Completed,59.34
926,9,2023-06-27,,In Progress,0.0
927,4,2023-09-25,2023-10-25,Completed,73.82
927,8,2023-10-09,2023-11-08,Completed,59.65
927,6,2023-12-05,2024-01-04,Completed,56.9
927,7,2023-05-21,2023-06-20,Completed,72.27
928,4,2023-02-03,2023-03-05,Completed,64.79
928,6,2023-08-16,,In Progress,0.0
928,5,2023-11-04,2023-12-04,Completed,73.31
928,2,2023-04-24,2023-05-24,Completed,75.38
929,5,2023-02-06,2023-03-08,Completed,99.59
929,8,2023-04-22,,Dropped,0.0
929,7,2023-04-09,2023-05-09,Completed,77.84
930,6,2023-11-23,2023-12-23,Completed,74.84
931,8,2023-08-11,2023-09-10,Completed,83.79
931,2,2023-05-11,,In Progress,0.0
932,8,2023-09-18,2023-10-18,Completed,62.6
932,5,2023-02-05,,In Progress,0.0
932,4,2023-05-14,2023-06-13,Completed,86.28
933,4,2023-01-23,2023-02-22,Completed,96.09
933,2,2023-11-07,2023-12-07,Completed,68.81
934,10,2023-11-02,2023-12-02,Completed,95.18
934,3,2023-08-15,,In Progress,0.0
934,9,2023-05-14,2023-06-13,Completed,77.63
934,6,2023-04-20,2023-05-20,Completed,77.91
935,3,2023-11-27,2023-12-27,Completed,94.7
936,5,2023-06-03,2023-07-03,Completed,62.11
936,7,2023-09-16,,In Progress,0.0
936,4,2023-07-16,2023-08-15,Completed,97.34
937,7,2023-05-19,,In Progress,0.0
937,5,2023-05-27,2023-06-26,Completed,65.47
937,10,2023-11-10,,In Progress,0.0
938,3,2023-01-25,2023-02-24,Completed,68.84
939,6,2023-06-07,2023-07-07,Completed,66.66
939,10,2023-09-16,2023-10-16,Completed,87.89
939,2,2023-09-01,,In Progress,0.0
940,1,2023-03-06,2023-04-05,Completed,77.03
940,9,2023-10-07,2023-11-06,Completed,56.16
940,8,2023-03-19,2023-04-18,Completed,73.1
941,4,2023-07-04,,Dropped,0.0
941,3,2023-12-02,2024-01-01,Completed,70.03
941,2,2023-12-21,,In Progress,0.0
942,4,2023-09-01,,In Progress,0.0
942,6,2023-09-02,2023-10-02,Completed,97.16
942,10,2023-12-11,2024-01-10,Completed,99.93
943,3,2023-03-03,2023-04-02,Completed,71.42
943,6,2023-12-25,2024-01-24,Completed,96.38
944,3,2023-02-26,2023-03-28,Completed,79.73
945,4,2023-07-17,2023-08-16,Completed,74.02
945,3,2023-09-03,2023-10-03,Completed,84.8
945,6,2023-10-20,2023-11-19,Completed,88.74
945,2,2023-12-25,2024-01-24,Completed,58.68
946,10,2023-12-25,2024-01-24,Completed,60.33
946,6,2023-01-04,,In Progress,0.0
946,7,2023-02-01,2023-03-03,Completed,96.83
947,8,2023-02-14,,In Progress,0.0
948,5,2023-07-27,,In Progress,0.0
948,9,2023-03-23,,In Progress,0.0
949,2,2023-06-01,2023-07-01,Completed,64.79
949,10,2023-09-25,2023-10-25,Completed,71.8
949,3,2023-09-19,,Dropped,0.0
949,1,2023-03-25,2023-04-24,Completed,57.89
950,1,2023-10-05,2023-11-04,Completed,95.11
950,5,2023-01-04,2023-02-03,Completed,78.15
951,8,2023-10-08,2023-11-07,Completed,89.17
951,9,2023-12-07,2024-01-06,Completed,70.72
951,10,2023-06-05,2023-07-05,Completed,66.15
952,6,2023-04-25,2023-05-25,Completed,56.89
953,4,2023-04-26,,In Progress,0.0
953,5,2023-11-02,2023-12-02,Completed,63.31
953,9,2023-06-12,2023-07-12,Completed,71.19
953,2,2023-10-11,2023-11-10,Completed,92.86
954,5,2023-01-14,2023-02-13,Completed,74.74
954,6,2023-09-23,,Dropped,0.0
955,6,2023-12-16,2024-01-15,Completed,99.22
956,7,2023-07-03,,In Progress,0.0
957,2,2023-12-24,2024-01-23,Completed,55.18
957,10,2023-03-02,2023-04-01,Completed,85.59
958,3,2023-06-23,2023-07-23,Completed,94.01
959,7,2023-08-11,2023-09-10,Completed,89.19
959,6,2023-02-03,,In Progress,0.0
960,3,2023-01-23,,Dropped,0.0
961,3,2023-04-18,2023-05-18,Completed,85.46
962,1,2023-10-20,,In Progress,0.0
962,3,2023-01-27,2023-02-26,Completed,78.45
962,9,2023-07-14,,In Progress,0.0
962,6,2023-12-03,,In Progress,0.0
963,4,2023-01-19,2023-02-18,Completed,60.12
963,6,2023-09-14,,In Progress,0.0
964,10,2023-11-22,2023-12-22,Completed,71.34
964,4,2023-02-21,,In Progress,0.0
964,1,2023-04-26,2023-05-26,Completed,88.41
964,7,2023-08-06,2023-09-05,Completed,57.28
965,4,2023-04-05,,Dropped,0.0
966,10,2023-05-24,2023-06-23,Completed,76.33
967,6,2023-10-22,,In Progress,0.0
968,10,2023-01-09,2023-02-08,Completed,62.66
968,9,2023-05-19,2023-06-18,Completed,85.55
969,7,2023-11-16,2023-12-16,Completed,80.23
969,8,2023-09-20,2023-10-20,Completed,82.97
969,3,2023-07-27,2023-08-26,Completed,99.77
969,9,2023-01-16,,Dropped,0.0
970,7,2023-10-15,2023-11-14,Completed,57.1
970,9,2023-07-16,,Dropped,0.0
970,1,2023-05-23,2023-06-22,Completed,89.83
971,3,2023-06-15,2023-07-15,Completed,59.84
971,10,2023-08-21,2023-09-20,Completed,89.61
971,9,2023-06-16,2023-07-16,Completed,97.83
972,7,2023-01-12,2023-02-11,Completed,66.01
972,4,2023-12-20,2024-01-19,Completed,86.71
972,8,2023-02-20,2023-03-22,Completed,59.7
972,6,2023-05-14,2023-06-13,Completed,83.46
973,10,2023-08-19,2023-09-18,Completed,91.39
973,2,2023-09-26,,In Progress,0.0
974,3,2023-08-01,2023-08-31,Completed,97.39
974,2,2023-06-01,,In Progress,0.0
974,6,2023-08-08,,In Progress,0.0
974,8,2023-04-25,2023-05-25,Completed,97.09
975,9,2023-03-02,2023-04-01,Completed,97.38
975,5,2023-04-18,2023-05-18,Completed,85.69
975,10,2023-08-07,,In Progress,0.0
975,3,2023-05-19,2023-06-18,Completed,77.62
976,3,2023-10-08,,Dropped,0.0
976,8,2023-01-22,2023-02-21,Completed,55.15
976,9,2023-11-01,2023-12-01,Completed,81.1
977,8,2023-05-16,2023-06-15,Completed,71.15
977,7,2023-06-26,2023-07-26,Completed,67.29
978,5,2023-01-16,,Dropped,0.0
979,7,2023-05-18,2023-06-17,Completed,60.0
980,10,2023-09-23,,In Progress,0.0
980,8,2023-08-14,,In Progress,0.0
980,9,2023-03-16,2023-04-15,Completed,75.52
981,3,2023-02-24,,Dropped,0.0
981,4,2023-06-23,,In Progress,0.0
981,6,2023-05-25,2023-06-24,Completed,85.97
982,10,2023-07-24,2023-08-23,Completed,90.94
982,9,2023-06-18,2023-07-18,Completed,69.56
983,6,2023-05-03,2023-06-02,Completed,76.68
983,7,2023-09-16,2023-10-16,Completed,93.78
983,10,2023-12-12,,Dropped,0.0
984,3,2023-03-04,2023-04-03,Completed,96.79
985,1,2023-03-16,2023-04-15,Completed,86.02
985,4,2023-01-10,2023-02-09,Completed,96.32
985,5,2023-01-22,2023-02-21,Completed,94.33
985,8,2023-06-05,2023-07-05,Completed,87.7
986,6,2023-04-03,,Dropped,0.0
986,4,2023-09-22,2023-10-22,Completed,68.39
987,1,2023-02-04,2023-03-06,Completed,95.54
987,7,2023-07-14,2023-08-13,Completed,77.08
987,9,2023-06-03,,Dropped,0.0
987,4,2023-01-04,,In Progress,0.0
988,7,2023-06-19,2023-07-19,Completed,98.54
988,8,2023-03-17,2023-04-16,Completed,61.87
988,2,2023-04-24,2023-05-24,Completed,71.19
988,3,2023-05-02,2023-06-01,Completed,98.69
989,9,2023-05-11,2023-06-10,Completed,81.88
989,5,2023-12-24,2024-01-23,Completed,87.29
989,8,2023-10-16,2023-11-15,Completed,74.47
990,1,2023-05-23,,In Progress,0.0
991,10,2023-10-03,2023-11-02,Completed,74.18
991,3,2023-08-15,2023-09-14,Completed,80.34
992,10,2023-02-12,2023-03-14,Completed,56.6
992,6,2023-07-22,2023-08-21,Completed,58.79
993,6,2023-12-18,2024-01-17,Completed,71.17
994,1,2023-12-23,2024-01-22,Completed,96.02
994,4,2023-01-21,2023-02-20,Completed,90.23
995,7,2023-10-10,2023-11-09,Completed,76.21
996,10,2023-03-05,,In Progress,0.0
997,6,2023-04-11,2023-05-11,Completed,67.19
998,6,2023-03-27,2023-04-26,Completed,80.28
998,2,2023-12-09,2024-01-08,Completed,74.7
999,5,2023-09-07,2023-10-07,Completed,89.16
1000,6,2023-08-14,,In Progress,0.0
1001,5,2023-01-10,2023-02-09,Completed,62.4
1001,10,2023-05-04,2023-06-03,Completed,92.29
1002,8,2023-07-06,,In Progress,0.0
1002,1,2023-06-24,,In Progress,0.0
1002,3,2023-07-11,,In Progress,0.0
1003,7,2023-07-13,2023-08-12,Completed,85.86
1003,9,2023-05-01,2023-05-31,Completed,84.62
1004,10,2023-08-05,,Dropped,0.0
1004,4,2023-01-08,,In Progress,0.0
1004,7,2023-02-22,2023-03-24,Completed,62.38
1005,4,2023-04-17,,Dropped,0.0
1005,2,2023-04-24,2023-05-24,Completed,74.42
1005,8,2023-04-11,,In Progress,0.0
1005,1,2023-01-25,2023-02-24,Completed,73.99
1006,1,2023-02-26,2023-03-28,Completed,92.48
1006,10,2023-12-19,2024-01-18,Completed,92.72
1006,5,2023-10-05,,Dropped,0.0
1006,3,2023-10-27,2023-11-26,Completed,97.5
1007,5,2023-05-03,2023-06-02,Completed,76.84
1008,8,2023-02-27,,In Progress,0.0
1009,8,2023-11-09,2023-12-09,Completed,69.53
1009,5,2023-12-16,2024-01-15,Completed,67.66
1009,10,2023-02-19,,Dropped,0.0
1010,8,2023-06-05,,In Progress,0.0
1010,3,2023-05-03,,In Progress,0.0
1010,9,2023-06-06,,In Progress,0.0
1011,3,2023-11-21,,In Progress,0.0
1011,4,2023-06-17,2023-07-17,Completed,61.72
1011,9,2023-01-21,,Dropped,0.0
1012,10,2023-01-27,2023-02-26,Completed,96.46
1012,7,2023-06-11,2023-07-11,Completed,71.97
1012,6,2023-02-15,2023-03-17,Completed,58.83
1013,6,2023-11-24,2023-12-24,Completed,77.73
1013,4,2023-08-06,2023-09-05,Completed,59.43
1013,9,2023-03-11,2023-04-10,Completed,94.97
1014,3,2023-01-08,,In Progress,0.0
1015,3,2023-04-21,,In Progress,0.0
1015,4,2023-12-09,,Dropped,0.0
1016,9,2023-10-23,,In Progress,0.0
1016,3,2023-05-23,2023-06-22,Completed,72.58
1017,1,2023-05-19,,In Progress,0.0
1018,1,2023-04-02,2023-05-02,Completed,57.39
1018,5,2023-11-13,,In Progress,0.0
1018,2,2023-12-27,,In Progress,0.0
1018,4,2023-10-11,,In Progress,0.0
1019,2,2023-07-04,2023-08-03,Completed,56.34
1019,3,2023-07-21,,In Progress,0.0
1019,6,2023-02-07,2023-03-09,Completed,99.4
1020,2,2023-09-04,,Dropped,0.0
1020,1,2023-03-06,2023-04-05,Completed,74.43
1021,8,2023-10-03,2023-11-02,Completed,90.38
1021,7,2023-08-17,2023-09-16,Completed,83.56
1021,5,2023-06-04,2023-07-04,Completed,88.16
1022,1,2023-08-22,2023-09-21,Completed,70.15
1023,7,2023-04-21,,In Progress,0.0
1023,10,2023-05-06,2023-06-05,Completed,74.53
1024,1,2023-10-11,2023-11-10,Completed,85.94
1025,9,2023-09-02,,In Progress,0.0
1025,5,2023-07-15,2023-08-14,Completed,87.02
1025,1,2023-09-26,2023-10-26,Completed,73.42
1025,4,2023-06-04,,In Progress,0.0
1026,5,2023-11-20,2023-12-20,Completed,58.14
1026,8,2023-06-22,,In Progress,0.0
1026,4,2023-02-14,,In Progress,0.0
1027,8,2023-09-19,,In Progress,0.0
1028,7,2023-11-24,,In Progress,0.0
1029,1,2023-03-03,,In Progress,0.0
1030,10,2023-05-04,2023-06-03,Completed,87.48
1030,6,2023-08-09,,In Progress,0.0
1030,2,2023-01-14,2023-02-13,Completed,68.13
1030,4,2023-10-19,2023-11-18,Completed,95.09
1031,9,2023-07-15,2023-08-14,Completed,92.31
1031,5,2023-03-11,,In Progress,0.0
1032,1,2023-12-19,2024-01-18,Completed,56.99
1032,10,2023-12-20,2024-01-19,Completed,76.16
1032,5,2023-10-22,2023-11-21,Completed,65.47
1033,1,2023-05-06,,In Progress,0.0
1033,6,2023-12-04,2024-01-03,Completed,71.29
1033,7,2023-01-27,2023-02-26,Completed,91.62
1033,9,2023-10-17,2023-11-16,Completed,62.65
1034,10,2023-07-16,,In Progress,0.0
1034,4,2023-02-15,2023-03-17,Completed,58.51
1034,8,2023-02-18,2023-03-20,Completed,82.64
1035,2,2023-11-22,2023-12-22,Completed,88.51
1035,5,2023-01-06,,In Progress,0.0
1035,10,2023-09-26,2023-10-26,Completed,60.14
1035,9,2023-04-23,2023-05-23,Completed,57.65
1036,3,2023-04-20,2023-05-20,Completed,57.55
1036,2,2023-12-23,,Dropped,0.0
1036,4,2023-05-08,2023-06-07,Completed,86.76
1036,1,2023-10-26,2023-11-25,Completed,76.91
1037,8,2023-03-10,2023-04-09,Completed,72.98
1038,9,2023-01-06,2023-02-05,Completed,66.79
1038,4,2023-07-01,2023-07-31,Completed,83.15
1039,5,2023-12-03,,In Progress,0.0
1039,6,2023-04-11,2023-05-11,Completed,62.56
1039,8,2023-11-26,2023-12-26,Completed,64.26
1039,10,2023-10-14,,In Progress,0.0
1040,4,2023-10-11,,In Progress,0.0
1040,10,2023-07-25,,In Progress,0.0
1040,3,2023-03-20,2023-04-19,Completed,69.63
1041,3,2023-12-12,,Dropped,0.0
1041,8,2023-10-02,2023-11-01,Completed,84.96
1041,4,2023-09-23,2023-10-23,Completed,61.47
1041,5,2023-05-27,2023-06-26,Completed,76.06
1042,9,2023-10-25,,In Progress,0.0
1042,7,2023-05-12,2023-06-11,Completed,61.75
1043,7,2023-06-15,2023-07-15,Completed,73.0
1043,1,2023-01-12,,In Progress,0.0
1043,6,2023-06-23,2023-07-23,Completed,89.15
1044,7,2023-09-09,,Dropped,0.0
1044,2,2023-10-05,2023-11-04,Completed,83.12
1045,2,2023-05-15,2023-06-14,Completed,67.08
1045,6,2023-03-01,2023-03-31,Completed,64.29
1045,9,2023-12-24,,In Progress,0.0
1046,4,2023-05-19,,Dropped,0.0
1047,2,2023-04-18,2023-05-18,Completed,63.87
1047,8,2023-09-24,2023-10-24,Completed,74.12
1047,5,2023-12-02,2024-01-01,Completed,70.17
1048,4,2023-09-23,2023-10-23,Completed,66.37
1048,3,2023-06-01,2023-07-01,Completed,94.03
1049,7,2023-12-09,2024-01-08,Completed,87.77
1049,6,2023-08-09,2023-09-08,Completed,99.31
1050,5,2023-04-20,,In Progress,0.0
1050,6,2023-08-24,2023-09-23,Completed,93.31
1050,4,2023-06-05,2023-07-05,Completed,61.86
1050,7,2023-12-23,2024-01-22,Completed,72.8
1051,6,2023-12-13,2024-01-12,Completed,60.09
1051,10,2023-12-15,2024-01-14,Completed,97.51
1051,9,2023-11-18,,In Progress,0.0
1052,3,2023-01-26,2023-02-25,Completed,73.08
1053,1,2023-06-12,2023-07-12,Completed,89.01
1053,4,2023-03-16,2023-04-15,Completed,90.66
1053,2,2023-07-19,,In Progress,0.0
1053,9,2023-11-13,2023-12-13,Completed,56.01
1054,6,2023-12-26,,Dropped,0.0
1054,8,2023-04-07,2023-05-07,Completed,71.74
1054,1,2023-06-19,2023-07-19,Completed,57.43
1054,10,2023-11-13,2023-12-13,Completed,94.29
1055,9,2023-04-22,2023-05-22,Completed,92.02
1055,7,2023-04-17,2023-05-17,Completed,73.35
1056,6,2023-12-14,2024-01-13,Completed,92.61
1056,1,2023-09-16,2023-10-16,Completed,81.87
1056,3,2023-07-04,2023-08-03,Completed,88.2
1057,7,2023-09-03,2023-10-03,Completed,97.35
1057,2,2023-11-08,2023-12-08,Completed,89.22
1057,8,2023-08-10,,In Progress,0.0
1058,10,2023-02-24,,In Progress,0.0
1058,8,2023-06-21,2023-07-21,Completed,86.53
1059,9,2023-09-23,2023-10-23,Completed,64.76
1059,3,2023-08-09,2023-09-08,Completed,57.38
1060,7,2023-06-18,2023-07-18,Completed,76.89
1061,9,2023-09-27,2023-10-27,Completed,59.9
1061,5,2023-06-08,2023-07-08,Completed,67.42
1061,3,2023-04-05,,In Progress,0.0
1061,6,2023-09-08,2023-10-08,Completed,88.14
1062,10,2023-01-12,2023-02-11,Completed,83.61
1062,5,2023-04-04,2023-05-04,Completed,59.58
1062,7,2023-10-15,2023-11-14,Completed,80.71
1062,1,2023-12-09,2024-01-08,Completed,78.7
1063,6,2023-01-20,,Dropped,0.0
1064,2,2023-10-19,2023-11-18,Completed,83.56
1064,7,2023-09-01,2023-10-01,Completed,66.92
1064,10,2023-11-11,2023-12-11,Completed,96.11
1064,6,2023-06-03,2023-07-03,Completed,95.44
1065,1,2023-11-16,2023-12-16,Completed,66.77
1065,8,2023-01-20,2023-02-19,Completed,71.41
1065,2,2023-12-20,,Dropped,0.0
1065,5,2023-06-26,,Dropped,0.0
1066,7,2023-12-25,,In Progress,0.0
1066,1,2023-07-12,2023-08-11,Completed,71.95
1066,3,2023-08-20,2023-09-19,Completed,73.26
1066,10,2023-09-27,,In Progress,0.0
1067,4,2023-09-16,,In Progress,0.0
1067,6,2023-06-02,,In Progress,0.0
1067,7,2023-05-14,2023-06-13,Completed,92.85
1068,10,2023-06-08,2023-07-08,Completed,76.81
1068,5,2023-08-12,,In Progress,0.0
1068,9,2023-01-15,2023-02-14,Completed,82.5
1068,4,2023-09-04,2023-10-04,Completed,89.5
1069,8,2023-06-14,,In Progress,0.0
1069,3,2023-02-05,2023-03-07,Completed,95.18
1069,2,2023-02-08,,Dropped,0.0
1069,7,2023-08-27,2023-09-26,Completed,62.0
1070,2,2023-10-27,2023-11-26,Completed,80.64
1071,6,2023-02-12,2023-03-14,Completed,70.07
1071,10,2023-12-10,,In Progress,0.0
1071,8,2023-04-04,2023-05-04,Completed,67.23
1071,9,2023-05-11,2023-06-10,Completed,92.58
1072,10,2023-06-14,2023-07-14,Completed,59.35
1072,6,2023-01-08,2023-02-07,Completed,80.73
1072,7,2023-08-14,,In Progress,0.0
1073,9,2023-10-07,,Dropped,0.0
1073,7,2023-11-17,2023-12-17,Completed,93.11
1073,10,2023-02-25,2023-03-27,Completed,58.76
1073,1,2023-04-27,,In Progress,0.0
1074,8,2023-09-03,,In Progress,0.0
1075,2,2023-10-16,2023-11-15,Completed,88.25
1075,8,2023-11-17,2023-12-17,Completed,55.99
1075,10,2023-05-22,2023-06-21,Completed,83.19
1075,7,2023-11-04,2023-12-04,Completed,74.23
1076,9,2023-07-10,2023-08-09,Completed,72.56
1076,10,2023-05-26,2023-06-25,Completed,61.45
1076,8,2023-05-05,2023-06-04,Completed,95.79
1077,1,2023-06-23,2023-07-23,Completed,91.0
1077,9,2023-09-22,2023-10-22,Completed,58.9
1077,8,2023-08-25,,In Progress,0.0
1077,7,2023-08-18,2023-09-17,Completed,80.08
1078,8,2023-09-25,2023-10-25,Completed,56.07
1078,10,2023-10-08,,Dropped,0.0
1078,9,2023-12-06,,In Progress,0.0
1079,3,2023-06-07,,In Progress,0.0
1079,4,2023-07-09,,In Progress,0.0
1079,10,2023-09-11,2023-10-11,Completed,96.22
1080,9,2023-03-26,2023-04-25,Completed,71.55
1081,9,2023-05-15,,In Progress,0.0
1081,8,2023-03-21,2023-04-20,Completed,61.24
1081,6,2023-03-19,2023-04-18,Completed,56.83
1081,4,2023-08-22,,In Progress,0.0
1082,7,2023-12-07,2024-01-06,Completed,89.07
1082,6,2023-05-11,,In Progress,0.0
1082,9,2023-08-01,2023-08-31,Completed,92.79
1083,3,2023-10-05,2023-11-04,Completed,61.77
1084,7,2023-10-15,2023-11-14,Completed,61.29
1084,5,2023-03-04,,In Progress,0.0
1084,3,2023-02-27,,In Progress,0.0
1085,2,2023-03-19,2023-04-18,Completed,75.78
1085,5,2023-04-10,2023-05-10,Completed,61.28
1085,8,2023-01-21,2023-02-20,Completed,98.93
1085,10,2023-12-23,2024-01-22,Completed,79.82
1086,8,2023-01-04,2023-02-03,Completed,75.75
1086,7,2023-07-08,2023-08-07,Completed,82.84
1087,6,2023-11-06,2023-12-06,Completed,72.89
1087,2,2023-07-25,2023-08-24,Completed,76.58
1088,10,2023-04-26,2023-05-26,Completed,89.39
1088,6,2023-06-02,2023-07-02,Completed,85.83
1088,7,2023-07-22,2023-08-21,Completed,61.24
1089,7,2023-07-16,,Dropped,0.0
1089,6,2023-12-23,2024-01-22,Completed,55.31
1089,9,2023-07-20,2023-08-19,Completed,64.47
1089,1,2023-06-09,2023-07-09,Completed,85.13
1090,8,2023-11-17,2023-12-17,Completed,96.18
1090,1,2023-01-26,2023-02-25,Completed,76.14
1091,6,2023-11-07,2023-12-07,Completed,75.26
1091,8,2023-09-23,2023-10-23,Completed,60.43
1091,2,2023-06-17,2023-07-17,Completed,70.96
1091,9,2023-01-25,,In Progress,0.0
1092,2,2023-06-01,2023-07-01,Completed,97.99
1092,8,2023-04-20,,In Progress,0.0
1092,7,2023-08-01,2023-08-31,Completed,59.21
1093,2,2023-11-15,2023-12-15,Completed,55.42
1093,10,2023-03-17,2023-04-16,Completed,94.4
1093,4,2023-07-06,2023-08-05,Completed,67.65
1093,1,2023-02-10,2023-03-12,Completed,79.22
1094,7,2023-05-14,,In Progress,0.0
1094,2,2023-04-03,2023-05-03,Completed,66.69
1094,1,2023-03-09,2023-04-08,Completed,74.29
1095,1,2023-07-19,,In Progress,0.0
1095,4,2023-10-02,2023-11-01,Completed,68.61
1096,6,2023-11-19,2023-12-19,Completed,72.32
1096,4,2023-01-05,2023-02-04,Completed,74.72
1096,7,2023-12-20,2024-01-19,Completed,74.15
1097,7,2023-08-08,2023-09-07,Completed,78.44
1097,2,2023-10-01,,In Progress,0.0
1098,8,2023-06-05,,In Progress,0.0
1099,6,2023-02-06,2023-03-08,Completed,77.78
1100,6,2023-12-16,,Dropped,0.0
1100,9,2023-01-16,2023-02-15,Completed,91.27
1100,2,2023-12-20,2024-01-19,Completed,55.42
1101,10,2023-12-15,2024-01-14,Completed,95.54
1102,5,2023-03-02,,Dropped,0.0
1102,10,2023-07-16,,In Progress,0.0
1103,7,2023-02-21,2023-03-23,Completed,88.63
1104,5,2023-09-20,2023-10-20,Completed,84.83
1105,6,2023-04-03,,Dropped,0.0
1105,10,2023-07-05,2023-08-04,Completed,93.3
1106,8,2023-07-08,,In Progress,0.0
1106,7,2023-04-20,2023-05-20,Completed,96.08
1107,1,2023-11-21,2023-12-21,Completed,68.14
1107,7,2023-02-02,,Dropped,0.0
1108,6,2023-11-09,,In Progress,0.0
1108,4,2023-01-11,2023-02-10,Completed,73.37
1108,8,2023-10-09,2023-11-08,Completed,64.28
1108,3,2023-10-24,2023-11-23,Completed,60.1
1109,2,2023-12-04,,In Progress,0.0
1109,10,2023-03-02,2023-04-01,Completed,63.81
1109,8,2023-07-03,2023-08-02,Completed,88.73
1110,10,2023-06-24,2023-07-24,Completed,57.28
1110,2,2023-11-10,2023-12-10,Completed,81.79
1110,3,2023-02-18,,Dropped,0.0
1111,7,2023-07-14,,In Progress,0.0
1111,4,2023-06-03,,In Progress,0.0
1111,2,2023-09-10,2023-10-10,Completed,88.97
1111,9,2023-04-27,2023-05-27,Completed,72.98
1112,4,2023-03-16,2023-04-15,Completed,78.05
1112,8,2023-04-17,2023-05-17,Completed,86.65
1113,9,2023-07-14,2023-08-13,Completed,63.98
1113,8,2023-07-25,2023-08-24,Completed,73.23
1113,5,2023-06-09,2023-07-09,Completed,73.93
1114,9,2023-07-05,2023-08-04,Completed,85.01
1115,2,2023-02-09,,In Progress,0.0
1115,7,2023-05-18,2023-06-17,Completed,60.43
1115,3,2023-03-21,,Dropped,0.0
1116,6,2023-06-17,2023-07-17,Completed,59.2
1117,4,2023-02-03,2023-03-05,Completed,66.22
1117,7,2023-04-22,2023-05-22,Completed,65.13
1117,3,2023-12-05,2024-01-04,Completed,58.09
1117,6,2023-06-25,2023-07-25,Completed,71.14
1118,1,2023-09-13,2023-10-13,Completed,94.27
1118,6,2023-01-09,2023-02-08,Completed,96.74
1118,5,2023-04-25,2023-05-25,Completed,57.03
1118,3,2023-10-04,2023-11-03,Completed,89.41
1119,7,2023-10-19,2023-11-18,Completed,95.82
1119,5,2023-05-07,,In Progress,0.0
1119,9,2023-07-07,2023-08-06,Completed,86.04
1120,8,2023-09-23,2023-10-23,Completed,79.76
1120,10,2023-05-19,2023-06-18,Completed,91.12
1120,9,2023-08-08,2023-09-07,Completed,96.9
1121,7,2023-06-03,2023-07-03,Completed,99.05
1121,1,2023-07-02,2023-08-01,Completed,57.62
1121,9,2023-03-08,,In Progress,0.0
1122,8,2023-06-27,2023-07-27,Completed,82.88
1122,10,2023-11-05,2023-12-05,Completed,91.75
1122,5,2023-11-22,2023-12-22,Completed,74.22
1122,7,2023-06-23,2023-07-23,Completed,66.87
1123,5,2023-09-23,,Dropped,0.0
1123,8,2023-09-20,,In Progress,0.0
1124,1,2023-07-23,,In Progress,0.0
1124,5,2023-05-01,,In Progress,0.0
1125,4,2023-09-10,2023-10-10,Completed,58.01
1125,6,2023-07-24,2023-08-23,Completed,79.62
1125,3,2023-12-17,2024-01-16,Completed,76.77
1126,5,2023-11-16,,In Progress,0.0
1126,10,2023-04-17,,Dropped,0.0
1126,4,2023-02-04,2023-03-06,Completed,86.51
1126,8,2023-11-02,2023-12-02,Completed,69.63
1127,8,2023-06-05,2023-07-05,Completed,81.57
1128,9,2023-04-11,,In Progress,0.0
1129,8,2023-01-16,2023-02-15,Completed,81.07
1130,4,2023-09-04,2023-10-04,Completed,55.44
1130,1,2023-06-23,,Dropped,0.0
1130,9,2023-09-11,,In Progress,0.0
1130,5,2023-07-05,2023-08-04,Completed,69.44
1131,1,2023-12-06,2024-01-05,Completed,62.38
1131,7,2023-08-11,2023-09-10,Completed,81.54
1131,4,2023-12-11,2024-01-10,Completed,68.63
1131,10,2023-12-09,2024-01-08,Completed,68.75
1132,4,2023-05-01,,In Progress,0.0
1132,7,2023-03-26,2023-04-25,Completed,65.47
1133,7,2023-03-16,,Dropped,0.0
1133,3,2023-09-27,2023-10-27,Completed,99.12
1133,9,2023-10-26,2023-11-25,Completed,92.14
1133,1,2023-07-23,,In Progress,0.0
1134,8,2023-10-13,2023-11-12,Completed,84.95
1134,4,2023-11-06,,Dropped,0.0
1134,10,2023-10-15,2023-11-14,Completed,93.63
1135,5,2023-10-02,2023-11-01,Completed,94.6
1136,4,2023-04-16,2023-05-16,Completed,92.97
1136,8,2023-01-22,2023-02-21,Completed,92.48
1136,10,2023-11-27,2023-12-27,Completed,75.01
1137,4,2023-07-08,2023-08-07,Completed,94.25
1137,10,2023-09-12,,In Progress,0.0
1138,3,2023-08-13,2023-09-12,Completed,75.36
1138,4,2023-12-14,,In Progress,0.0
1138,6,2023-10-06,,In Progress,0.0
1139,10,2023-07-15,2023-08-14,Completed,83.47
1139,6,2023-05-23,2023-06-22,Completed,98.66
1140,4,2023-08-12,2023-09-11,Completed,98.98
1140,2,2023-01-16,,In Progress,0.0
1141,9,2023-03-14,2023-04-13,Completed,70.33
1142,1,2023-03-09,2023-04-08,Completed,92.98
1142,6,2023-09-22,2023-10-22,Completed,67.12
1142,2,2023-07-08,2023-08-07,Completed,62.01
1142,10,2023-01-02,2023-02-01,Completed,98.78
1143,8,2023-07-27,2023-08-26,Completed,80.85
1143,1,2023-07-06,2023-08-05,Completed,88.68
1144,9,2023-08-25,2023-09-24,Completed,71.26
1144,10,2023-07-23,2023-08-22,Completed,78.66
1145,9,2023-01-09,2023-02-08,Completed,96.43
1145,3,2023-03-03,2023-04-02,Completed,55.72
1145,4,2023-08-19,,In Progress,0.0
1145,1,2023-09-26,2023-10-26,Completed,91.76
1146,6,2023-05-11,2023-06-10,Completed,84.67
1146,9,2023-01-03,2023-02-02,Completed,88.07
1146,3,2023-01-25,2023-02-24,Completed,57.0
1146,7,2023-10-15,2023-11-14,Completed,64.17
1147,1,2023-08-09,,In Progress,0.0
1147,8,2023-10-10,2023-11-09,Completed,60.5
1147,10,2023-01-13,2023-02-12,Completed,78.09
1147,9,2023-01-03,2023-02-02,Completed,67.91
1148,1,2023-07-23,2023-08-22,Completed,79.72
1148,7,2023-01-08,2023-02-07,Completed,77.89
1148,6,2023-11-09,2023-12-09,Completed,60.55
1148,8,2023-12-11,2024-01-10,Completed,86.97
1149,1,2023-06-26,,In Progress,0.0
1149,7,2023-06-22,2023-07-22,Completed,69.95
1150,1,2023-03-04,2023-04-03,Completed,77.09
1151,8,2023-10-26,,In Progress,0.0
1151,2,2023-09-22,2023-10-22,Completed,97.24
1151,6,2023-11-17,2023-12-17,Completed,83.96
1152,10,2023-07-26,2023-08-25,Completed,80.81
1152,1,2023-10-19,,In Progress,0.0
1152,2,2023-04-22,2023-05-22,Completed,82.7
1153,10,2023-08-05,2023-09-04,Completed,59.75
1153,3,2023-09-22,2023-10-22,Completed,63.61
1154,5,2023-08-01,2023-08-31,Completed,84.92
1154,7,2023-08-26,,In Progress,0.0
1155,10,2023-04-09,,In Progress,0.0
1156,9,2023-09-26,2023-10-26,Completed,75.31
1156,10,2023-04-15,,In Progress,0.0
1157,7,2023-11-05,,In Progress,0.0
1158,6,2023-11-05,,Dropped,0.0
1158,9,2023-10-16,2023-11-15,Completed,62.64
1158,10,2023-04-05,,Dropped,0.0
1159,4,2023-07-09,2023-08-08,Completed,95.82
1159,1,2023-07-06,2023-08-05,Completed,84.76
1159,3,2023-07-09,2023-08-08,Completed,88.6
1159,2,2023-11-23,,Dropped,0.0
1160,6,2023-09-15,2023-10-15,Completed,83.23
1160,3,2023-06-26,,In Progress,0.0
1160,4,2023-05-25,2023-06-24,Completed,90.68
1161,6,2023-07-12,2023-08-11,Completed,71.53
1162,7,2023-01-20,2023-02-19,Completed,80.21
1163,5,2023-01-07,2023-02-06,Completed,85.07
1163,1,2023-06-20,2023-07-20,Completed,90.97
1163,3,2023-05-26,2023-06-25,Completed,67.57
1163,2,2023-12-08,2024-01-07,Completed,71.31
1164,10,2023-08-05,2023-09-04,Completed,64.43
1165,10,2023-06-08,,Dropped,0.0
1165,8,2023-04-22,2023-05-22,Completed,63.6
1165,7,2023-07-16,2023-08-15,Completed,89.72
1166,3,2023-12-19,2024-01-18,Completed,66.02
1166,2,2023-11-06,2023-12-06,Completed,94.87
1167,1,2023-06-19,2023-07-19,Completed,87.85
1167,2,2023-03-25,2023-04-24,Completed,76.28
1168,9,2023-04-09,2023-05-09,Completed,74.89
1168,3,2023-07-20,2023-08-19,Completed,81.78
1169,3,2023-01-03,,Dropped,0.0
1170,2,2023-10-21,2023-11-20,Completed,85.42
1171,5,2023-11-10,,In Progress,0.0
1171,10,2023-08-25,,Dropped,0.0
1171,9,2023-01-17,,In Progress,0.0
1172,1,2023-01-11,2023-02-10,Completed,83.86
1172,8,2023-06-22,2023-07-22,Completed,65.76
1172,2,2023-05-16,2023-06-15,Completed,68.6
1172,9,2023-07-15,2023-08-14,Completed,80.96
1173,2,2023-05-10,2023-06-09,Completed,63.07
1173,6,2023-10-07,2023-11-06,Completed,66.59
1173,7,2023-12-26,2024-01-25,Completed,83.54
1174,8,2023-05-12,2023-06-11,Completed,66.07
1175,4,2023-08-02,2023-09-01,Completed,64.11
1175,9,2023-01-11,,In Progress,0.0
1175,2,2023-09-19,2023-10-19,Completed,87.99
1175,1,2023-11-06,2023-12-06,Completed,90.58
1176,5,2023-12-23,2024-01-22,Completed,89.36
1177,4,2023-09-20,2023-10-20,Completed,82.0
1177,5,2023-01-25,,In Progress,0.0
1178,6,2023-08-02,,In Progress,0.0
1179,8,2023-06-03,2023-07-03,Completed,89.83
1179,5,2023-12-19,,In Progress,0.0
1179,9,2023-11-19,,In Progress,0.0
1180,3,2023-06-19,2023-07-19,Completed,57.01
1180,4,2023-01-11,2023-02-10,Completed,79.24
1181,6,2023-03-26,,In Progress,0.0
1182,10,2023-07-12,2023-08-11,Completed,98.21
1182,9,2023-12-12,2024-01-11,Completed,61.97
1182,8,2023-02-11,2023-03-13,Completed,83.42
1183,10,2023-03-03,2023-04-02,Completed,90.72
1184,1,2023-02-06,2023-03-08,Completed,57.87
1185,3,2023-10-14,,Dropped,0.0
1186,2,2023-03-12,2023-04-11,Completed,56.97
1187,3,2023-03-18,2023-04-17,Completed,84.98
1187,4,2023-08-06,2023-09-05,Completed,64.51
1187,6,2023-10-26,2023-11-25,Completed,63.0
1187,5,2023-08-10,,In Progress,0.0
1188,1,2023-11-06,2023-12-06,Completed,96.59
1188,8,2023-05-21,2023-06-20,Completed,89.08
1189,6,2023-03-11,2023-04-10,Completed,77.81
1190,8,2023-10-26,2023-11-25,Completed,63.6
1191,8,2023-06-10,,Dropped,0.0
1191,9,2023-04-13,2023-05-13,Completed,84.01
1191,7,2023-12-10,,In Progress,0.0
1192,1,2023-10-24,2023-11-23,Completed,89.85
1193,5,2023-12-21,,In Progress,0.0
1194,8,2023-09-27,2023-10-27,Completed,72.21
1194,10,2023-04-14,2023-05-14,Completed,67.86
1194,9,2023-12-23,2024-01-22,Completed,71.15
1194,1,2023-01-02,2023-02-01,Completed,68.09
1195,7,2023-07-15,,In Progress,0.0
1196,3,2023-11-01,2023-12-01,Completed,86.64
1196,6,2023-09-10,2023-10-10,Completed,84.28
1196,10,2023-12-08,2024-01-07,Completed,76.45
1196,4,2023-05-01,2023-05-31,Completed,65.12
1197,7,2023-06-01,2023-07-01,Completed,55.76
1197,5,2023-05-25,,In Progress,0.0
1197,2,2023-04-02,2023-05-02,Completed,87.2
1197,4,2023-02-17,,In Progress,0.0
1198,8,2023-01-01,,In Progress,0.0
1198,5,2023-03-26,2023-04-25,Completed,77.84
1198,6,2023-01-12,,In Progress,0.0
1199,1,2023-03-23,2023-04-22,Completed,68.72
1199,9,2023-12-13,2024-01-12,Completed,67.17
1199,2,2023-03-04,2023-04-03,Completed,64.05
1200,4,2023-08-14,2023-09-13,Completed,58.34
1201,1,2023-01-20,,In Progress,0.0
1201,2,2023-07-27,2023-08-26,Completed,74.77
1201,6,2023-06-12,,In Progress,0.0
1202,3,2023-05-19,2023-06-18,Completed,82.31
1202,10,2023-08-18,2023-09-17,Completed,93.84
1202,4,2023-12-25,2024-01-24,Completed,76.26
1203,10,2023-11-11,2023-12-11,Completed,83.28
1204,10,2023-08-24,2023-09-23,Completed,61.88
1204,4,2023-11-07,2023-12-07,Completed,86.52
1204,5,2023-04-19,2023-05-19,Completed,56.55
1205,10,2023-12-14,2024-01-13,Completed,60.67
1205,1,2023-10-27,,In Progress,0.0
1206,1,2023-10-23,2023-11-22,Completed,97.12
1206,3,2023-10-07,2023-11-06,Completed,87.39
1206,5,2023-01-01,2023-01-31,Completed,62.65
1206,2,2023-04-17,2023-05-17,Completed,87.18
1207,3,2023-02-01,2023-03-03,Completed,63.8
1207,5,2023-07-20,,Dropped,0.0
1207,2,2023-06-20,2023-07-20,Completed,87.41
1207,9,2023-12-07,2024-01-06,Completed,63.33
1208,3,2023-02-26,2023-03-28,Completed,78.54
1209,5,2023-01-06,,In Progress,0.0
1209,7,2023-02-09,2023-03-11,Completed,86.18
1210,10,2023-12-16,,In Progress,0.0
1210,7,2023-02-18,2023-03-20,Completed,90.54
1210,2,2023-03-03,,In Progress,0.0
1211,1,2023-04-10,2023-05-10,Completed,68.62
1211,10,2023-07-27,2023-08-26,Completed,62.77
1211,3,2023-05-05,2023-06-04,Completed,99.28
1211,9,2023-04-13,2023-05-13,Completed,86.65
1212,7,2023-01-08,2023-02-07,Completed,65.56
1212,10,2023-09-06,2023-10-06,Completed,65.71
1213,6,2023-03-01,2023-03-31,Completed,80.46
1213,8,2023-04-16,,In Progress,0.0
1213,7,2023-10-07,2023-11-06,Completed,75.13
1214,5,2023-09-22,2023-10-22,Completed,99.06
1215,7,2023-07-18,2023-08-17,Completed,74.09
1215,5,2023-05-17,2023-06-16,Completed,86.11
1216,4,2023-04-23,2023-05-23,Completed,57.66
1216,7,2023-02-08,2023-03-10,Completed,57.7
1216,1,2023-12-12,2024-01-11,Completed,96.88
1217,6,2023-08-15,2023-09-14,Completed,71.09
1217,8,2023-08-24,,Dropped,0.0
1218,4,2023-08-12,2023-09-11,Completed,94.82
1218,9,2023-07-09,2023-08-08,Completed,85.02
1218,1,2023-06-10,2023-07-10,Completed,78.18
1219,5,2023-06-01,2023-07-01,Completed,84.05
1219,2,2023-12-27,2024-01-26,Completed,64.61
1219,1,2023-02-01,2023-03-03,Completed,74.99
1219,10,2023-07-20,2023-08-19,Completed,80.84
1220,9,2023-06-02,2023-07-02,Completed,75.24
1220,5,2023-08-23,,In Progress,0.0
1221,9,2023-11-27,,In Progress,0.0
1221,8,2023-10-13,,In Progress,0.0
1222,8,2023-03-24,2023-04-23,Completed,64.34
1222,10,2023-06-20,,In Progress,0.0
1223,1,2023-08-13,,Dropped,0.0
1223,10,2023-08-15,2023-09-14,Completed,98.41
1224,6,2023-01-06,2023-02-05,Completed,79.63
1224,2,2023-06-22,2023-07-22,Completed,95.15
1224,1,2023-05-10,,In Progress,0.0
1224,10,2023-11-03,2023-12-03,Completed,92.6
1225,7,2023-06-22,,Dropped,0.0
1225,10,2023-02-08,2023-03-10,Completed,95.79
1225,4,2023-10-18,2023-11-17,Completed,84.86
1225,6,2023-01-21,2023-02-20,Completed,96.33
1226,5,2023-07-13,2023-08-12,Completed,56.5
1226,9,2023-11-23,2023-12-23,Completed,93.92
1226,3,2023-04-16,,Dropped,0.0
1227,2,2023-06-18,2023-07-18,Completed,67.03
1227,9,2023-04-02,2023-05-02,Completed,78.8
1227,10,2023-10-05,,In Progress,0.0
1227,7,2023-08-16,2023-09-15,Completed,94.22
1228,9,2023-07-09,2023-08-08,Completed,59.95
1229,4,2023-09-04,,In Progress,0.0
1229,6,2023-10-27,2023-11-26,Completed,55.27
1230,1,2023-03-25,2023-04-24,Completed,75.74
1231,2,2023-02-25,2023-03-27,Completed,58.11
1231,10,2023-01-07,2023-02-06,Completed,75.13
1232,4,2023-08-13,2023-09-12,Completed,87.0
1232,2,2023-04-19,,Dropped,0.0
1232,6,2023-03-20,,Dropped,0.0
1233,10,2023-03-24,2023-04-23,Completed,98.11
1233,3,2023-11-20,,Dropped,0.0
1233,6,2023-04-12,2023-05-12,Completed,88.61
1234,8,2023-04-10,2023-05-10,Completed,89.74
1234,4,2023-01-25,2023-02-24,Completed,55.17
1235,1,2023-06-19,2023-07-19,Completed,90.57
1235,8,2023-03-25,2023-04-24,Completed,88.27
1235,4,2023-04-21,,In Progress,0.0
1236,5,2023-07-04,,In Progress,0.0
1237,10,2023-09-13,2023-10-13,Completed,58.2
1238,10,2023-02-12,2023-03-14,Completed,89.29
1238,3,2023-11-19,,Dropped,0.0
1239,7,2023-11-19,2023-12-19,Completed,88.07
1239,4,2023-10-13,,Dropped,0.0
1239,6,2023-01-17,2023-02-16,Completed,76.22
1239,8,2023-10-23,,In Progress,0.0
1240,4,2023-11-23,2023-12-23,Completed,93.49
1241,10,2023-07-02,2023-08-01,Completed,78.24
1241,1,2023-07-11,2023-08-10,Completed,69.76
1241,5,2023-03-25,,In Progress,0.0
1241,8,2023-06-15,2023-07-15,Completed,90.97
1242,6,2023-09-27,,In Progress,0.0
1242,1,2023-03-13,,Dropped,0.0
1242,9,2023-09-03,,Dropped,0.0
1242,2,2023-03-17,2023-04-16,Completed,84.77
1243,6,2023-01-09,2023-02-08,Completed,84.97
1243,3,2023-04-09,2023-05-09,Completed,82.15
1243,8,2023-09-18,2023-10-18,Completed,67.1
1244,4,2023-04-13,,In Progress,0.0
1244,7,2023-02-16,2023-03-18,Completed,63.62
1244,10,2023-07-18,,In Progress,0.0
1245,2,2023-01-06,,In Progress,0.0
1245,1,2023-09-15,,In Progress,0.0
1245,10,2023-11-13,2023-12-13,Completed,97.58
1246,6,2023-07-07,2023-08-06,Completed,72.06
1247,3,2023-10-04,2023-11-03,Completed,95.39
1247,4,2023-04-14,2023-05-14,Completed,79.67
1247,8,2023-06-06,,In Progress,0.0
1247,10,2023-02-05,2023-03-07,Completed,62.83
1248,4,2023-11-25,,In Progress,0.0
1248,3,2023-11-10,2023-12-10,Completed,69.18
1248,7,2023-08-06,2023-09-05,Completed,99.62
1249,5,2023-08-03,2023-09-02,Completed,60.69
1249,1,2023-04-12,,In Progress,0.0
1249,9,2023-07-02,,In Progress,0.0
1249,10,2023-09-01,,In Progress,0.0
1250,8,2023-01-16,2023-02-15,Completed,76.92
1250,6,2023-05-08,2023-06-07,Completed,55.3
1251,10,2023-04-05,2023-05-05,Completed,65.29
1251,6,2023-12-02,,In Progress,0.0
1251,5,2023-11-08,,In Progress,0.0
1251,8,2023-01-13,2023-02-12,Completed,86.67
1252,6,2023-08-05,2023-09-04,Completed,58.52
1252,2,2023-08-22,2023-09-21,Completed,77.71
1252,7,2023-01-17,,Dropped,0.0
1253,10,2023-10-14,,Dropped,0.0
1253,1,2023-08-02,2023-09-01,Completed,62.19
1253,9,2023-01-24,2023-02-23,Completed,62.37
1253,3,2023-01-13,2023-02-12,Completed,68.82
1254,8,2023-09-18,2023-10-18,Completed,79.82
1255,6,2023-02-07,2023-03-09,Completed,72.42
1255,8,2023-10-09,2023-11-08,Completed,99.42
1256,5,2023-06-04,2023-07-04,Completed,74.01
1257,4,2023-02-24,2023-03-26,Completed,73.08
1257,6,2023-10-13,,In Progress,0.0
1257,7,2023-06-23,2023-07-23,Completed,89.26
1257,9,2023-10-15,2023-11-14,Completed,62.72
1258,8,2023-02-11,2023-03-13,Completed,87.23
1259,9,2023-05-06,,In Progress,0.0
1259,10,2023-03-09,2023-04-08,Completed,65.87
1260,10,2023-06-27,2023-07-27,Completed,97.37
1260,6,2023-01-08,2023-02-07,Completed,77.21
1260,9,2023-10-27,,In Progress,0.0
1261,2,2023-03-09,2023-04-08,Completed,61.86
1261,8,2023-12-07,,In Progress,0.0
1261,7,2023-02-20,2023-03-22,Completed,94.74
1262,6,2023-07-05,2023-08-04,Completed,81.39
1262,3,2023-09-09,2023-10-09,Completed,56.08
1262,5,2023-08-01,2023-08-31,Completed,91.51
1263,6,2023-01-03,2023-02-02,Completed,84.59
1263,8,2023-07-19,,In Progress,0.0
1263,10,2023-02-27,2023-03-29,Completed,92.77
1263,5,2023-08-26,2023-09-25,Completed,84.84
1264,6,2023-03-10,2023-04-09,Completed,74.03
1264,7,2023-07-02,,In Progress,0.0
1264,2,2023-02-04,2023-03-06,Completed,83.89
1264,5,2023-02-11,2023-03-13,Completed,84.56
1265,10,2023-06-04,,Dropped,0.0
1265,8,2023-03-08,,Dropped,0.0
1266,3,2023-12-23,2024-01-22,Completed,83.48
1266,1,2023-01-15,2023-02-14,Completed,71.87
1266,9,2023-10-19,2023-11-18,Completed,78.54
1267,10,2023-11-05,2023-12-05,Completed,93.35
1267,2,2023-07-07,2023-08-06,Completed,66.29
1267,1,2023-03-13,2023-04-12,Completed,61.45
1267,8,2023-08-20,2023-09-19,Completed,64.0
1268,7,2023-02-08,,In Progress,0.0
1268,2,2023-06-15,2023-07-15,Completed,68.71
1269,2,2023-01-14,,Dropped,0.0
1269,6,2023-07-14,,In Progress,0.0
1269,8,2023-04-27,2023-05-27,Completed,82.11
1269,7,2023-04-05,,In Progress,0.0
1270,6,2023-09-02,2023-10-02,Completed,97.28
1270,9,2023-07-07,,In Progress,0.0
1270,2,2023-03-11,2023-04-10,Completed,89.34
1270,8,2023-05-22,2023-06-21,Completed,84.57
1271,2,2023-07-12,,In Progress,0.0
1272,5,2023-02-04,2023-03-06,Completed,91.03
1272,1,2023-01-07,,In Progress,0.0
1272,7,2023-05-09,,Dropped,0.0
1273,3,2023-10-14,,In Progress,0.0
1274,7,2023-03-09,2023-04-08,Completed,98.71
1274,10,2023-04-26,2023-05-26,Completed,72.69
1275,1,2023-07-12,,In Progress,0.0
1275,7,2023-03-05,2023-04-04,Completed,88.01
1275,8,2023-01-23,2023-02-22,Completed,86.78
1275,10,2023-09-14,2023-10-14,Completed,90.16
1276,10,2023-06-27,2023-07-27,Completed,74.13
1276,3,2023-03-23,2023-04-22,Completed,97.66
1276,8,2023-08-02,,In Progress,0.0
1277,7,2023-03-19,2023-04-18,Completed,93.84
1277,3,2023-04-03,2023-05-03,Completed,75.8
1277,5,2023-02-09,2023-03-11,Completed,97.37
1278,7,2023-02-13,2023-03-15,Completed,87.57
1278,4,2023-11-19,2023-12-19,Completed,75.13
1279,1,2023-06-01,2023-07-01,Completed,99.19
1279,7,2023-06-14,2023-07-14,Completed,84.4
1279,2,2023-02-03,2023-03-05,Completed,71.93
1280,9,2023-06-13,2023-07-13,Completed,95.24
1281,5,2023-09-12,2023-10-12,Completed,99.78
1282,1,2023-01-25,2023-02-24,Completed,85.26
1282,6,2023-04-25,2023-05-25,Completed,59.72
1282,8,2023-07-21,2023-08-20,Completed,89.38
1283,8,2023-01-13,2023-02-12,Completed,65.88
1283,9,2023-11-15,2023-12-15,Completed,73.79
1283,5,2023-01-03,2023-02-02,Completed,56.73
1284,9,2023-12-17,,In Progress,0.0
1284,5,2023-04-17,2023-05-17,Completed,62.05
1284,6,2023-09-14,2023-10-14,Completed,67.77
1285,5,2023-01-20,2023-02-19,Completed,73.67
1286,1,2023-12-02,2024-01-01,Completed,68.14
1287,10,2023-05-02,,In Progress,0.0
1287,8,2023-01-26,2023-02-25,Completed,78.87
1287,9,2023-11-05,,In Progress,0.0
1287,5,2023-12-09,2024-01-08,Completed,96.51
1288,10,2023-03-24,2023-04-23,Completed,64.49
1289,10,2023-08-20,2023-09-19,Completed,96.53
1290,6,2023-12-10,2024-01-09,Completed,72.05
1290,8,2023-08-11,2023-09-10,Completed,59.71
1290,1,2023-03-20,2023-04-19,Completed,59.45
1290,9,2023-05-17,,Dropped,0.0
1291,2,2023-09-13,2023-10-13,Completed,99.03
1291,6,2023-12-12,2024-01-11,Completed,83.62
1291,10,2023-09-18,,In Progress,0.0
1291,9,2023-06-03,2023-07-03,Completed,70.96
1292,6,2023-03-20,,In Progress,0.0
1292,10,2023-06-12,,In Progress,0.0
1293,2,2023-05-25,,In Progress,0.0
1293,7,2023-12-08,2024-01-07,Completed,77.47
1293,3,2023-02-26,2023-03-28,Completed,92.29
1293,5,2023-03-23,2023-04-22,Completed,67.8
1294,5,2023-07-16,,Dropped,0.0
1294,6,2023-10-21,2023-11-20,Completed,93.51
1294,2,2023-07-26,,Dropped,0.0
1294,1,2023-12-05,2024-01-04,Completed,66.18
1295,1,2023-12-17,2024-01-16,Completed,69.91
1295,2,2023-03-27,,In Progress,0.0
1295,9,2023-12-21,,Dropped,0.0
1296,4,2023-01-23,,Dropped,0.0
1297,9,2023-04-25,,In Progress,0.0
1297,4,2023-03-22,,In Progress,0.0
1297,2,2023-04-12,2023-05-12,Completed,70.4
1297,10,2023-01-11,2023-02-10,Completed,58.05
1298,2,2023-10-04,2023-11-03,Completed,81.68
1299,2,2023-12-02,2024-01-01,Completed,90.46
1299,10,2023-10-09,,Dropped,0.0
1300,4,2023-05-25,2023-06-24,Completed,59.33
1300,7,2023-04-20,2023-05-20,Completed,58.71
1300,10,2023-05-24,2023-06-23,Completed,90.07
1300,9,2023-08-03,,In Progress,0.0
1301,8,2023-10-05,2023-11-04,Completed,67.47
1302,3,2023-02-11,2023-03-13,Completed,61.86
1302,10,2023-06-23,2023-07-23,Completed,59.14
1303,6,2023-08-03,,In Progress,0.0
1303,5,2023-12-02,2024-01-01,Completed,70.23
1304,7,2023-11-27,,In Progress,0.0
1304,4,2023-04-26,2023-05-26,Completed,86.49
1304,5,2023-01-03,,In Progress,0.0
1304,2,2023-01-12,2023-02-11,Completed,90.66
1305,1,2023-11-05,2023-12-05,Completed,82.28
1305,6,2023-10-27,,Dropped,0.0
1305,10,2023-05-22,,Dropped,0.0
1305,5,2023-08-18,2023-09-17,Completed,99.25
1306,2,2023-11-12,2023-12-12,Completed,81.31
1307,1,2023-09-16,,In Progress,0.0
1307,9,2023-05-27,2023-06-26,Completed,91.97
1307,8,2023-07-23,2023-08-22,Completed,94.62
1307,3,2023-06-10,,In Progress,0.0
1308,7,2023-11-21,2023-12-21,Completed,68.16
1309,7,2023-04-01,2023-05-01,Completed,77.68
1309,5,2023-08-24,2023-09-23,Completed,66.67
1310,10,2023-08-13,2023-09-12,Completed,71.4
1310,5,2023-11-03,2023-12-03,Completed,74.39
1310,8,2023-02-25,2023-03-27,Completed,96.45
1311,1,2023-01-23,2023-02-22,Completed,65.47
1311,8,2023-06-24,2023-07-24,Completed,60.09
1311,9,2023-03-22,2023-04-21,Completed,92.03
1312,8,2023-01-21,,In Progress,0.0
1312,1,2023-05-25,2023-06-24,Completed,71.89
1312,3,2023-07-03,2023-08-02,Completed,85.17
1312,10,2023-02-10,2023-03-12,Completed,74.54
1313,6,2023-05-10,,In Progress,0.0
1313,2,2023-12-01,2023-12-31,Completed,76.91
1313,4,2023-05-08,2023-06-07,Completed,77.46
1313,7,2023-09-05,2023-10-05,Completed,74.1
1314,10,2023-03-16,2023-04-15,Completed,80.59
1314,8,2023-12-10,2024-01-09,Completed,87.71
1314,4,2023-06-26,,In Progress,0.0
1315,5,2023-08-26,2023-09-25,Completed,69.02
1316,10,2023-07-22,2023-08-21,Completed,96.49
1317,9,2023-09-04,2023-10-04,Completed,71.15
1317,8,2023-03-24,2023-04-23,Completed,66.29
1317,4,2023-03-17,,In Progress,0.0
1317,1,2023-12-15,,In Progress,0.0
1318,4,2023-12-09,2024-01-08,Completed,66.95
1319,1,2023-02-05,2023-03-07,Completed,78.62
1319,8,2023-12-21,2024-01-20,Completed,68.67
1319,10,2023-06-27,2023-07-27,Completed,79.68
1319,3,2023-11-06,,In Progress,0.0
1320,4,2023-01-12,2023-02-11,Completed,81.84
1320,8,2023-08-17,2023-09-16,Completed,92.01
1320,9,2023-03-15,,Dropped,0.0
1320,5,2023-10-15,2023-11-14,Completed,56.47
1321,1,2023-07-25,,Dropped,0.0
1321,2,2023-04-08,,In Progress,0.0
1321,9,2023-12-27,2024-01-26,Completed,60.43
1322,3,2023-05-10,2023-06-09,Completed,69.24
1323,6,2023-04-08,2023-05-08,Completed,84.32
1323,3,2023-07-17,,In Progress,0.0
1324,4,2023-07-23,,Dropped,0.0
1324,2,2023-08-04,2023-09-03,Completed,56.66
1325,1,2023-06-04,2023-07-04,Completed,60.24
1325,9,2023-09-13,2023-10-13,Completed,68.18
1325,8,2023-03-11,,In Progress,0.0
1326,10,2023-05-02,,In Progress,0.0
1326,2,2023-05-15,,In Progress,0.0
1327,1,2023-01-10,,In Progress,0.0
1327,4,2023-07-22,2023-08-21,Completed,73.39
1327,10,2023-08-27,2023-09-26,Completed,82.31
1328,7,2023-05-08,2023-06-07,Completed,87.74
1328,9,2023-05-04,2023-06-03,Completed,95.19
1328,8,2023-02-21,,In Progress,0.0
1329,5,2023-10-14,,In Progress,0.0
1329,10,2023-05-24,2023-06-23,Completed,70.81
1329,3,2023-03-15,2023-04-14,Completed,95.01
1329,6,2023-04-19,2023-05-19,Completed,61.53
1330,2,2023-09-16,2023-10-16,Completed,83.78
1330,7,2023-04-18,2023-05-18,Completed,92.4
1330,9,2023-08-18,2023-09-17,Completed,85.91
1330,1,2023-09-15,,Dropped,0.0
1331,1,2023-06-22,2023-07-22,Completed,83.15
1331,5,2023-03-23,,In Progress,0.0
1331,4,2023-05-14,,In Progress,0.0
1331,3,2023-01-14,,In Progress,0.0
1332,4,2023-11-26,2023-12-26,Completed,60.12
1332,7,2023-11-25,2023-12-25,Completed,92.98
1332,5,2023-12-12,2024-01-11,Completed,91.41
1333,9,2023-11-15,2023-12-15,Completed,95.65
1334,3,2023-04-09,2023-05-09,Completed,93.33
1334,6,2023-12-25,2024-01-24,Completed,74.35
1334,10,2023-02-20,2023-03-22,Completed,92.09
1335,1,2023-04-05,2023-05-05,Completed,70.25
1336,5,2023-01-23,,In Progress,0.0
1336,2,2023-09-20,2023-10-20,Completed,93.15
1336,9,2023-02-22,,Dropped,0.0
1337,9,2023-06-17,2023-07-17,Completed,96.44
1338,3,2023-06-07,,Dropped,0.0
1338,5,2023-03-27,2023-04-26,Completed,55.47
1339,7,2023-11-18,2023-12-18,Completed,59.44
1340,5,2023-06-24,,In Progress,0.0
1340,10,2023-02-15,2023-03-17,Completed,95.75
1340,1,2023-02-21,,In Progress,0.0
1340,7,2023-12-21,2024-01-20,Completed,94.56
1341,8,2023-05-09,,In Progress,0.0
1341,4,2023-03-24,2023-04-23,Completed,78.08
1341,7,2023-06-01,,In Progress,0.0
1341,10,2023-12-13,2024-01-12,Completed,55.82
1342,7,2023-04-09,2023-05-09,Completed,67.46
1342,3,2023-08-18,2023-09-17,Completed,55.98
1342,1,2023-05-05,2023-06-04,Completed,89.45
1342,5,2023-01-06,,In Progress,0.0
1343,9,2023-04-05,2023-05-05,Completed,87.74
1343,2,2023-06-04,,Dropped,0.0
1343,10,2023-11-08,2023-12-08,Completed,75.32
1343,5,2023-03-21,2023-04-20,Completed,65.88
1344,2,2023-12-03,2024-01-02,Completed,84.0
1344,4,2023-05-13,2023-06-12,Completed,89.67
1344,10,2023-08-23,2023-09-22,Completed,61.53
1345,8,2023-11-23,,Dropped,0.0
1346,10,2023-06-04,2023-07-04,Completed,69.75
1346,3,2023-11-25,,Dropped,0.0
1346,2,2023-11-01,,Dropped,0.0
1347,3,2023-04-05,,In Progress,0.0
1348,1,2023-02-06,2023-03-08,Completed,84.07
1348,10,2023-05-04,2023-06-03,Completed,79.82
1349,6,2023-09-24,2023-10-24,Completed,82.14
1349,4,2023-05-22,2023-06-21,Completed,90.88
1349,1,2023-05-02,,Dropped,0.0
1349,5,2023-12-14,2024-01-13,Completed,63.77
1350,9,2023-04-15,2023-05-15,Completed,74.36
1350,6,2023-02-01,2023-03-03,Completed,80.49
1350,1,2023-03-22,2023-04-21,Completed,86.91
1350,7,2023-10-11,2023-11-10,Completed,81.54
1351,10,2023-01-21,2023-02-20,Completed,56.7
1351,9,2023-02-22,2023-03-24,Completed,99.92
1352,5,2023-05-18,2023-06-17,Completed,74.81
1352,3,2023-07-24,2023-08-23,Completed,96.87
1352,6,2023-04-09,2023-05-09,Completed,55.33
1353,8,2023-08-22,2023-09-21,Completed,84.28
1353,5,2023-10-14,2023-11-13,Completed,57.96
1354,3,2023-01-21,2023-02-20,Completed,81.16
1354,5,2023-04-25,2023-05-25,Completed,67.99
1355,5,2023-12-26,2024-01-25,Completed,56.95
1356,9,2023-11-25,2023-12-25,Completed,81.34
1356,5,2023-03-05,2023-04-04,Completed,60.97
1356,4,2023-06-12,2023-07-12,Completed,56.19
1356,2,2023-02-08,2023-03-10,Completed,87.25
1357,4,2023-05-15,2023-06-14,Completed,67.18
1357,8,2023-08-10,2023-09-09,Completed,79.2
1357,7,2023-09-25,2023-10-25,Completed,96.33
1358,10,2023-04-18,2023-05-18,Completed,92.17
1359,2,2023-02-03,2023-03-05,Completed,70.54
1360,1,2023-01-26,2023-02-25,Completed,80.32
1360,8,2023-07-02,,In Progress,0.0
1360,4,2023-11-21,2023-12-21,Completed,92.44
1361,10,2023-11-24,,In Progress,0.0
1361,6,2023-04-26,2023-05-26,Completed,80.56
1361,8,2023-07-10,2023-08-09,Completed,56.07
1362,2,2023-07-13,2023-08-12,Completed,61.56
1362,5,2023-10-08,,In Progress,0.0
1363,2,2023-06-07,2023-07-07,Completed,66.14
1363,4,2023-12-18,2024-01-17,Completed,81.94
1363,9,2023-07-07,2023-08-06,Completed,85.85
1363,8,2023-01-17,2023-02-16,Completed,98.89
1364,5,2023-12-07,,Dropped,0.0
1364,9,2023-01-15,2023-02-14,Completed,58.29
1364,2,2023-03-05,2023-04-04,Completed,82.02
1364,7,2023-10-27,2023-11-26,Completed,67.65
1365,10,2023-03-01,,In Progress,0.0
1365,5,2023-03-20,2023-04-19,Completed,96.25
1365,8,2023-03-23,,In Progress,0.0
1366,9,2023-10-17,2023-11-16,Completed,91.27
1366,6,2023-11-11,,In Progress,0.0
1366,5,2023-10-19,,Dropped,0.0
1366,4,2023-12-27,2024-01-26,Completed,68.11
1367,2,2023-05-06,2023-06-05,Completed,92.89
1368,3,2023-07-10,,In Progress,0.0
1368,9,2023-10-23,,In Progress,0.0
1368,10,2023-07-06,2023-08-05,Completed,73.14
1368,4,2023-09-05,,Dropped,0.0
1369,9,2023-06-17,,In Progress,0.0
1369,8,2023-11-13,2023-12-13,Completed,55.82
1369,2,2023-11-03,2023-12-03,Completed,78.84
1370,6,2023-02-01,2023-03-03,Completed,69.0
1370,10,2023-06-08,2023-07-08,Completed,70.68
1371,9,2023-06-13,2023-07-13,Completed,68.45
1371,6,2023-05-12,2023-06-11,Completed,61.94
1371,2,2023-01-07,2023-02-06,Completed,62.64
1371,7,2023-04-03,2023-05-03,Completed,62.38
1372,9,2023-10-13,,In Progress,0.0
1373,5,2023-04-08,2023-05-08,Completed,59.0
1373,4,2023-06-26,2023-07-26,Completed,68.82
1374,2,2023-02-23,2023-03-25,Completed,71.6
1374,4,2023-10-26,,Dropped,0.0
1374,8,2023-08-16,,In Progress,0.0
1374,5,2023-07-03,2023-08-02,Completed,80.43
1375,9,2023-02-18,2023-03-20,Completed,80.32
1375,6,2023-09-25,2023-10-25,Completed,60.5
1375,1,2023-06-11,2023-07-11,Completed,59.35
1376,5,2023-03-23,,Dropped,0.0
1376,8,2023-11-02,,In Progress,0.0
1376,6,2023-01-15,2023-02-14,Completed,76.21
1377,8,2023-09-06,,Dropped,0.0
1377,4,2023-08-12,2023-09-11,Completed,56.81
1378,3,2023-01-15,2023-02-14,Completed,57.39
1379,1,2023-11-14,2023-12-14,Completed,93.78
1379,10,2023-09-25,2023-10-25,Completed,75.95
1380,4,2023-02-11,,In Progress,0.0
1380,6,2023-04-14,2023-05-14,Completed,88.34
1380,3,2023-02-10,,Dropped,0.0
1381,7,2023-07-23,2023-08-22,Completed,69.72
1381,5,2023-09-02,2023-10-02,Completed,86.37
1381,6,2023-07-12,,Dropped,0.0
1382,9,2023-11-23,2023-12-23,Completed,67.96
1382,4,2023-05-25,2023-06-24,Completed,65.0
1383,8,2023-02-14,2023-03-16,Completed,66.74
1383,1,2023-04-06,2023-05-06,Completed,84.83
1383,5,2023-03-03,2023-04-02,Completed,59.91
1383,7,2023-07-05,2023-08-04,Completed,68.14
1384,2,2023-12-27,2024-01-26,Completed,69.0
1384,3,2023-08-12,,In Progress,0.0
1384,9,2023-11-01,2023-12-01,Completed,61.86
1384,7,2023-06-15,,Dropped,0.0
1385,3,2023-03-08,2023-04-07,Completed,88.1
1385,5,2023-03-04,,In Progress,0.0
1385,1,2023-12-20,2024-01-19,Completed,79.62
1385,6,2023-09-23,2023-10-23,Completed,95.94
1386,7,2023-12-08,2024-01-07,Completed,64.6
1387,6,2023-11-17,2023-12-17,Completed,64.67
1387,10,2023-08-05,,In Progress,0.0
1387,8,2023-08-08,2023-09-07,Completed,77.18
1388,1,2023-05-18,,In Progress,0.0
1388,4,2023-05-26,,In Progress,0.0
1388,6,2023-08-16,2023-09-15,Completed,61.93
1389,5,2023-06-12,2023-07-12,Completed,66.68
1390,10,2023-06-15,2023-07-15,Completed,56.76
1390,9,2023-11-02,2023-12-02,Completed,92.38
1390,1,2023-09-18,2023-10-18,Completed,84.4
1390,4,2023-02-17,2023-03-19,Completed,56.31
1391,6,2023-02-09,2023-03-11,Completed,60.04
1391,7,2023-01-16,2023-02-15,Completed,59.49
1391,5,2023-09-13,2023-10-13,Completed,85.72
1391,8,2023-11-04,2023-12-04,Completed,80.14
1392,2,2023-11-19,2023-12-19,Completed,83.05
1392,3,2023-04-01,,In Progress,0.0
1393,7,2023-06-07,2023-07-07,Completed,60.16
1393,9,2023-04-23,2023-05-23,Completed,64.53
1393,1,2023-08-22,2023-09-21,Completed,71.89
1394,7,2023-07-10,2023-08-09,Completed,77.69
1394,4,2023-06-03,2023-07-03,Completed,65.65
1394,1,2023-06-14,2023-07-14,Completed,60.85
1394,9,2023-03-27,2023-04-26,Completed,86.67
1395,9,2023-09-06,2023-10-06,Completed,85.16
1395,5,2023-08-12,2023-09-11,Completed,68.88
1395,7,2023-01-10,,In Progress,0.0
1395,1,2023-03-14,2023-04-13,Completed,60.51
1396,4,2023-05-12,2023-06-11,Completed,72.61
1396,10,2023-04-10,,Dropped,0.0
1396,9,2023-12-02,2024-01-01,Completed,55.88
1397,3,2023-07-21,2023-08-20,Completed,73.75
1397,2,2023-12-16,,Dropped,0.0
1398,8,2023-11-01,,Dropped,0.0
1398,7,2023-09-02,2023-10-02,Completed,85.6
1399,7,2023-11-14,2023-12-14,Completed,96.09
1399,3,2023-01-16,,In Progress,0.0
1400,3,2023-10-16,2023-11-15,Completed,98.73
1400,6,2023-10-27,2023-11-26,Completed,57.46
1400,10,2023-08-06,2023-09-05,Completed,81.07
1401,5,2023-10-16,,In Progress,0.0
1402,2,2023-10-25,2023-11-24,Completed,78.29
1402,7,2023-05-15,2023-06-14,Completed,56.77
1402,8,2023-01-12,2023-02-11,Completed,79.68
1402,9,2023-04-23,2023-05-23,Completed,96.81
1403,4,2023-06-01,,Dropped,0.0
1404,3,2023-10-11,,Dropped,0.0
1404,4,2023-04-27,2023-05-27,Completed,60.3
1404,8,2023-06-07,2023-07-07,Completed,77.45
1404,5,2023-07-09,,In Progress,0.0
1405,8,2023-09-12,,In Progress,0.0
1405,5,2023-10-09,2023-11-08,Completed,90.81
1405,4,2023-03-19,2023-04-18,Completed,98.19
1405,6,2023-08-09,,In Progress,0.0
1406,10,2023-11-13,2023-12-13,Completed,79.63
1406,6,2023-01-23,2023-02-22,Completed,86.04
1406,1,2023-03-16,2023-04-15,Completed,92.32
1406,7,2023-04-19,2023-05-19,Completed,58.18
1407,8,2023-03-03,2023-04-02,Completed,81.45
1407,5,2023-10-18,2023-11-17,Completed,95.25
1408,1,2023-01-19,,Dropped,0.0
1408,2,2023-01-05,,In Progress,0.0
1409,3,2023-02-24,2023-03-26,Completed,77.07
1409,5,2023-06-09,2023-07-09,Completed,90.63
1409,1,2023-02-20,2023-03-22,Completed,88.43
1409,7,2023-11-26,,In Progress,0.0
1410,10,2023-08-04,,In Progress,0.0
1410,7,2023-04-13,,In Progress,0.0
1410,8,2023-09-24,,In Progress,0.0
1410,1,2023-03-07,2023-04-06,Completed,58.81
1411,9,2023-01-21,,Dropped,0.0
1411,6,2023-05-10,2023-06-09,Completed,93.43
1411,8,2023-03-09,2023-04-08,Completed,76.21
1411,7,2023-06-21,,In Progress,0.0
1412,5,2023-06-17,,In Progress,0.0
1412,1,2023-02-15,2023-03-17,Completed,64.19
1412,10,2023-01-02,2023-02-01,Completed,78.18
1412,3,2023-11-13,,In Progress,0.0
1413,3,2023-02-10,2023-03-12,Completed,69.82
1414,7,2023-03-05,2023-04-04,Completed,65.24
1414,3,2023-07-21,2023-08-20,Completed,69.74
1414,4,2023-04-12,2023-05-12,Completed,99.1
1415,10,2023-11-18,2023-12-18,Completed,65.49
1415,5,2023-09-07,2023-10-07,Completed,77.38
1415,7,2023-12-24,2024-01-23,Completed,96.31
1415,9,2023-10-03,2023-11-02,Completed,89.9
1416,5,2023-07-04,2023-08-03,Completed,63.84
1417,1,2023-11-22,,In Progress,0.0
1417,9,2023-01-23,2023-02-22,Completed,97.29
1418,9,2023-12-07,2024-01-06,Completed,79.95
1419,1,2023-05-07,,In Progress,0.0
1420,10,2023-07-24,,In Progress,0.0
1420,1,2023-10-05,2023-11-04,Completed,92.57
1421,4,2023-08-16,,In Progress,0.0
1421,1,2023-12-21,2024-01-20,Completed,88.99
1421,9,2023-05-11,2023-06-10,Completed,65.61
1421,8,2023-04-10,2023-05-10,Completed,71.58
1422,8,2023-02-17,2023-03-19,Completed,73.27
1422,1,2023-01-10,2023-02-09,Completed,71.44
1423,7,2023-02-08,2023-03-10,Completed,83.31
1424,2,2023-12-21,2024-01-20,Completed,72.97
1424,4,2023-12-21,2024-01-20,Completed,68.3
1424,10,2023-07-11,2023-08-10,Completed,96.54
1424,3,2023-07-23,,In Progress,0.0
1425,3,2023-11-02,2023-12-02,Completed,90.69
1425,2,2023-04-10,2023-05-10,Completed,83.51
1426,10,2023-04-22,2023-05-22,Completed,88.93
1426,7,2023-05-03,2023-06-02,Completed,65.76
1427,2,2023-12-10,2024-01-09,Completed,67.52
1427,3,2023-05-08,2023-06-07,Completed,84.15
1427,4,2023-12-02,,Dropped,0.0
1428,8,2023-03-25,2023-04-24,Completed,67.08
1428,3,2023-10-22,2023-11-21,Completed,55.49
1429,4,2023-07-15,2023-08-14,Completed,78.46
1429,6,2023-08-20,,In Progress,0.0
1429,10,2023-10-04,,Dropped,0.0
1429,5,2023-09-11,2023-10-11,Completed,73.52
1430,4,2023-02-24,2023-03-26,Completed,86.18
1430,8,2023-01-04,2023-02-03,Completed,62.93
1431,10,2023-11-06,2023-12-06,Completed,68.43
1431,5,2023-08-06,,Dropped,0.0
1431,4,2023-07-08,2023-08-07,Completed,89.66
1432,10,2023-12-05,2024-01-04,Completed,82.62
1432,9,2023-10-03,2023-11-02,Completed,66.53
1432,7,2023-02-12,2023-03-14,Completed,78.08
1433,9,2023-10-05,2023-11-04,Completed,59.67
1433,6,2023-04-12,,Dropped,0.0
1433,8,2023-07-16,2023-08-15,Completed,59.41
1433,4,2023-05-10,,Dropped,0.0
1434,1,2023-02-13,2023-03-15,Completed,61.83
1434,3,2023-11-10,,Dropped,0.0
1434,2,2023-04-22,,In Progress,0.0
1435,8,2023-01-05,2023-02-04,Completed,68.82
1435,1,2023-03-23,2023-04-22,Completed,66.73
1435,9,2023-07-25,2023-08-24,Completed,55.36
1435,7,2023-02-20,2023-03-22,Completed,99.06
1436,4,2023-09-26,2023-10-26,Completed,81.09
1436,9,2023-03-26,2023-04-25,Completed,68.43
1436,10,2023-04-13,2023-05-13,Completed,63.65
1437,7,2023-06-06,2023-07-06,Completed,80.9
1437,6,2023-03-19,,Dropped,0.0
1437,10,2023-08-22,2023-09-21,Completed,70.56
1437,3,2023-11-17,2023-12-17,Completed,92.51
1438,2,2023-11-17,,Dropped,0.0
1439,3,2023-01-20,,In Progress,0.0
1440,5,2023-12-21,,Dropped,0.0
1440,9,2023-04-19,2023-05-19,Completed,77.98
1440,3,2023-04-22,2023-05-22,Completed,60.72
1441,8,2023-08-23,2023-09-22,Completed,81.34
1442,1,2023-08-22,2023-09-21,Completed,80.67
1442,9,2023-08-10,2023-09-09,Completed,59.55
1442,4,2023-12-22,2024-01-21,Completed,75.65
1442,5,2023-09-18,,Dropped,0.0
1443,7,2023-09-05,2023-10-05,Completed,78.19
1443,9,2023-06-11,,In Progress,0.0
1443,10,2023-06-21,2023-07-21,Completed,76.99
1444,2,2023-05-15,2023-06-14,Completed,87.43
1444,4,2023-01-02,2023-02-01,Completed,96.95
1444,6,2023-05-23,2023-06-22,Completed,60.61
1445,3,2023-04-18,2023-05-18,Completed,96.86
1445,4,2023-07-15,2023-08-14,Completed,96.9
1446,10,2023-09-01,2023-10-01,Completed,89.48
1446,1,2023-07-07,2023-08-06,Completed,65.92
1446,3,2023-08-08,2023-09-07,Completed,73.03
1446,9,2023-03-03,,In Progress,0.0
1447,10,2023-09-05,2023-10-05,Completed,75.26
1447,7,2023-08-07,2023-09-06,Completed,58.85
1447,2,2023-07-06,2023-08-05,Completed,90.95
1448,1,2023-08-13,2023-09-12,Completed,66.76
1448,5,2023-04-07,2023-05-07,Completed,99.9
1448,4,2023-09-17,2023-10-17,Completed,99.32
1448,9,2023-05-20,,In Progress,0.0
1449,10,2023-05-11,2023-06-10,Completed,58.19
1449,1,2023-10-11,2023-11-10,Completed,70.39
1449,8,2023-07-16,2023-08-15,Completed,64.3
1449,6,2023-01-20,,In Progress,0.0
1450,8,2023-05-07,2023-06-06,Completed,95.79
1450,6,2023-04-01,2023-05-01,Completed,70.92
1451,3,2023-03-13,,Dropped,0.0
1452,10,2023-09-27,2023-10-27,Completed,62.1
1453,4,2023-03-04,2023-04-03,Completed,94.27
1453,7,2023-09-06,,In Progress,0.0
1453,6,2023-04-05,2023-05-05,Completed,85.03
1454,9,2023-11-01,,In Progress,0.0
1454,1,2023-12-23,,In Progress,0.0
1454,10,2023-02-05,2023-03-07,Completed,70.55
1454,5,2023-02-24,2023-03-26,Completed,71.13
1455,8,2023-03-03,,Dropped,0.0
1456,4,2023-10-08,2023-11-07,Completed,62.99
1456,3,2023-10-02,2023-11-01,Completed,67.94
1456,9,2023-01-24,2023-02-23,Completed,69.16
1456,8,2023-05-15,2023-06-14,Completed,82.61
1457,10,2023-08-10,2023-09-09,Completed,94.95
1457,5,2023-01-19,2023-02-18,Completed,84.47
1457,1,2023-09-18,2023-10-18,Completed,66.03
1457,8,2023-08-26,,Dropped,0.0
1458,9,2023-09-12,2023-10-12,Completed,62.97
1458,2,2023-04-26,2023-05-26,Completed,81.81
1458,7,2023-05-07,2023-06-06,Completed,62.41
1459,2,2023-10-18,2023-11-17,Completed,69.02
1459,1,2023-10-08,,In Progress,0.0
1459,7,2023-08-08,2023-09-07,Completed,80.17
1459,10,2023-09-06,,In Progress,0.0
1460,8,2023-08-07,,In Progress,0.0
1460,7,2023-10-09,2023-11-08,Completed,89.6
1461,2,2023-10-07,2023-11-06,Completed,63.76
1461,6,2023-05-03,,In Progress,0.0
1461,1,2023-05-02,2023-06-01,Completed,96.29
1462,8,2023-01-08,2023-02-07,Completed,95.37
1462,1,2023-09-11,2023-10-11,Completed,95.98
1462,7,2023-08-07,,In Progress,0.0
1463,6,2023-10-01,2023-10-31,Completed,58.81
1464,4,2023-07-12,2023-08-11,Completed,63.15
1465,8,2023-01-19,,Dropped,0.0
1465,4,2023-10-01,2023-10-31,Completed,93.0
1466,2,2023-02-14,2023-03-16,Completed,88.95
1466,1,2023-11-18,2023-12-18,Completed,82.15
1466,4,2023-11-16,,In Progress,0.0
1467,4,2023-02-03,2023-03-05,Completed,55.57
1468,8,2023-01-11,2023-02-10,Completed,87.77
1468,10,2023-02-14,,Dropped,0.0
1468,3,2023-03-21,,In Progress,0.0
1468,1,2023-01-09,,In Progress,0.0
1469,8,2023-08-18,2023-09-17,Completed,57.22
1469,10,2023-05-07,2023-06-06,Completed,93.25
1470,7,2023-04-22,2023-05-22,Completed,87.59
1471,5,2023-07-14,2023-08-13,Completed,78.47
1472,4,2023-06-18,,In Progress,0.0
1472,1,2023-07-08,2023-08-07,Completed,91.57
1472,10,2023-12-25,2024-01-24,Completed,81.15
1473,7,2023-01-18,,In Progress,0.0
1474,6,2023-12-22,,Dropped,0.0
1474,5,2023-11-10,2023-12-10,Completed,64.69
1474,1,2023-02-22,2023-03-24,Completed,70.35
1474,7,2023-01-21,2023-02-20,Completed,92.13
1475,3,2023-12-01,,Dropped,0.0
1475,1,2023-12-22,2024-01-21,Completed,90.53
1475,9,2023-03-16,2023-04-15,Completed,77.1
1475,6,2023-10-13,2023-11-12,Completed,65.13
1476,3,2023-02-03,2023-03-05,Completed,60.93
1476,5,2023-09-17,,In Progress,0.0
1476,9,2023-04-06,2023-05-06,Completed,73.71
1476,8,2023-07-19,2023-08-18,Completed,92.76
1477,8,2023-04-19,2023-05-19,Completed,58.93
1477,7,2023-06-22,2023-07-22,Completed,96.45
1478,10,2023-03-27,2023-04-26,Completed,69.73
1478,6,2023-11-09,2023-12-09,Completed,66.85
1479,7,2023-09-06,,In Progress,0.0
1480,10,2023-03-22,2023-04-21,Completed,83.86
1480,9,2023-10-04,2023-11-03,Completed,60.53
1480,5,2023-06-08,2023-07-08,Completed,96.42
1480,7,2023-02-27,,Dropped,0.0
1481,6,2023-09-14,,In Progress,0.0
1481,5,2023-09-16,2023-10-16,Completed,66.77
1482,9,2023-09-27,2023-10-27,Completed,87.52
1483,1,2023-04-03,2023-05-03,Completed,74.39
1483,7,2023-05-09,2023-06-08,Completed,69.77
1483,8,2023-01-11,,Dropped,0.0
1483,3,2023-09-20,2023-10-20,Completed,80.44
1484,4,2023-11-14,,In Progress,0.0
1484,9,2023-01-21,2023-02-20,Completed,75.6
1484,5,2023-01-03,,Dropped,0.0
1485,8,2023-04-11,2023-05-11,Completed,67.9
1485,3,2023-09-13,,Dropped,0.0
1485,5,2023-03-16,,Dropped,0.0
1485,6,2023-06-04,2023-07-04,Completed,63.88
1486,7,2023-09-23,2023-10-23,Completed,89.5
1487,7,2023-09-02,2023-10-02,Completed,72.88
1488,6,2023-08-13,,Dropped,0.0
1489,3,2023-05-12,2023-06-11,Completed,70.09
1489,9,2023-08-04,,In Progress,0.0
1489,8,2023-07-18,2023-08-17,Completed,70.86
1489,2,2023-06-26,2023-07-26,Completed,57.39
1490,10,2023-12-17,,In Progress,0.0
1490,1,2023-05-13,,In Progress,0.0
1491,9,2023-11-26,2023-12-26,Completed,99.92
1491,5,2023-01-02,2023-02-01,Completed,79.9
1491,1,2023-03-25,,Dropped,0.0
1491,4,2023-09-06,2023-10-06,Completed,61.15
1492,9,2023-09-11,2023-10-11,Completed,56.67
1492,7,2023-11-12,2023-12-12,Completed,69.11
1492,8,2023-11-27,,In Progress,0.0
1492,3,2023-07-26,2023-08-25,Completed,92.06
1493,10,2023-06-26,2023-07-26,Completed,68.21
1493,5,2023-06-14,,In Progress,0.0
1493,3,2023-04-19,2023-05-19,Completed,94.7
1494,7,2023-09-26,,In Progress,0.0
1494,6,2023-06-11,,In Progress,0.0
1494,4,2023-07-17,2023-08-16,Completed,55.58
1494,5,2023-02-15,,Dropped,0.0
1495,5,2023-07-12,,In Progress,0.0
1495,1,2023-03-23,2023-04-22,Completed,69.87
1495,4,2023-09-02,,Dropped,0.0
1495,10,2023-10-22,2023-11-21,Completed,71.77
1496,9,2023-09-16,2023-10-16,Completed,72.46
1496,10,2023-10-06,2023-11-05,Completed,61.0
1496,6,2023-05-12,2023-06-11,Completed,65.51
1496,5,2023-03-18,2023-04-17,Completed,70.08
1497,9,2023-08-16,,In Progress,0.0
1497,6,2023-11-08,2023-12-08,Completed,62.85
1497,10,2023-04-04,2023-05-04,Completed,69.48
1498,8,2023-02-23,2023-03-25,Completed,61.51
1499,7,2023-10-18,,Dropped,0.0
1499,1,2023-11-07,2023-12-07,Completed,59.19
1499,3,2023-10-23,2023-11-22,Completed,60.18
1499,9,2023-10-16,2023-11-15,Completed,64.8
1500,3,2023-09-09,2023-10-09,Completed,96.26
1500,6,2023-01-15,2023-02-14,Completed,95.41
1500,7,2023-01-04,,In Progress,0.0
1501,2,2023-12-17,,Dropped,0.0
1501,5,2023-05-12,,Dropped,0.0
1501,10,2023-04-27,2023-05-27,Completed,65.86
1501,6,2023-01-12,2023-02-11,Completed,74.85
1502,9,2023-07-13,,Dropped,0.0
1503,5,2023-07-05,2023-08-04,Completed,67.45
1503,4,2023-12-26,2024-01-25,Completed,69.67
1503,7,2023-11-03,2023-12-03,Completed,94.82
1503,1,2023-04-17,,Dropped,0.0
1504,5,2023-07-24,2023-08-23,Completed,90.13
1504,7,2023-09-09,,Dropped,0.0
1504,6,2023-06-18,2023-07-18,Completed,73.69
1504,10,2023-10-24,,In Progress,0.0
1505,8,2023-08-20,2023-09-19,Completed,58.03
1505,5,2023-03-01,,In Progress,0.0
1505,6,2023-06-10,,Dropped,0.0
1505,4,2023-04-06,,Dropped,0.0
1506,6,2023-07-05,,In Progress,0.0
1506,7,2023-03-05,2023-04-04,Completed,97.75
1506,9,2023-11-14,,Dropped,0.0
1507,2,2023-02-18,2023-03-20,Completed,56.73
1507,7,2023-03-01,2023-03-31,Completed,96.49
1507,10,2023-01-03,,In Progress,0.0
1507,9,2023-06-23,,In Progress,0.0
1508,8,2023-05-16,2023-06-15,Completed,85.27
1508,7,2023-05-02,2023-06-01,Completed,81.82
1508,6,2023-01-10,2023-02-09,Completed,63.3
1509,1,2023-05-26,2023-06-25,Completed,73.46
1509,2,2023-06-14,2023-07-14,Completed,68.04
1509,9,2023-01-17,2023-02-16,Completed,59.41
1509,8,2023-12-25,2024-01-24,Completed,55.94
1510,4,2023-09-19,,In Progress,0.0
1510,7,2023-09-13,2023-10-13,Completed,93.61
1511,1,2023-06-12,,Dropped,0.0
1512,5,2023-09-14,2023-10-14,Completed,85.72
1512,10,2023-12-19,,In Progress,0.0
1513,6,2023-10-04,2023-11-03,Completed,59.49
1514,6,2023-04-04,,In Progress,0.0
1514,1,2023-04-11,2023-05-11,Completed,77.44
1515,3,2023-01-18,2023-02-17,Completed,92.89
1515,7,2023-10-23,2023-11-22,Completed,56.89
1515,2,2023-01-19,2023-02-18,Completed,97.53
1516,2,2023-11-08,,In Progress,0.0
1517,10,2023-07-14,,In Progress,0.0
1517,8,2023-12-03,2024-01-02,Completed,92.06
1517,2,2023-11-02,2023-12-02,Completed,75.6
1517,4,2023-11-16,,In Progress,0.0
1518,10,2023-01-09,,In Progress,0.0
1518,1,2023-03-22,2023-04-21,Completed,85.88
1518,9,2023-01-18,2023-02-17,Completed,68.18
1518,5,2023-01-24,2023-02-23,Completed,62.18
1519,1,2023-09-18,2023-10-18,Completed,74.7
1519,10,2023-08-20,,Dropped,0.0
1519,2,2023-01-23,2023-02-22,Completed,65.0
1519,4,2023-11-24,2023-12-24,Completed,88.79
1520,5,2023-12-14,2024-01-13,Completed,72.88
1520,4,2023-12-01,2023-12-31,Completed,59.99
1521,7,2023-12-08,2024-01-07,Completed,99.53
1521,9,2023-03-04,2023-04-03,Completed,81.67
1522,4,2023-08-19,2023-09-18,Completed,89.03
1523,3,2023-09-25,2023-10-25,Completed,79.15
1523,2,2023-10-05,2023-11-04,Completed,55.06
1523,7,2023-07-02,2023-08-01,Completed,98.3
1523,10,2023-03-09,,In Progress,0.0
1524,2,2023-03-25,2023-04-24,Completed,60.69
1524,10,2023-12-12,,In Progress,0.0
1524,1,2023-03-09,2023-04-08,Completed,58.04
1525,6,2023-06-25,,In Progress,0.0
1525,9,2023-11-13,2023-12-13,Completed,95.52
1525,8,2023-03-18,2023-04-17,Completed,93.31
1525,10,2023-07-12,2023-08-11,Completed,59.59
1526,4,2023-12-25,,In Progress,0.0
1526,2,2023-06-18,,In Progress,0.0
1527,3,2023-05-02,2023-06-01,Completed,61.31
1527,1,2023-08-19,2023-09-18,Completed,68.43
1528,9,2023-11-04,2023-12-04,Completed,61.83
1528,7,2023-07-16,2023-08-15,Completed,94.28
1528,10,2023-10-10,2023-11-09,Completed,97.71
1529,7,2023-09-17,2023-10-17,Completed,64.71
1529,8,2023-02-17,2023-03-19,Completed,72.46
1530,3,2023-08-03,2023-09-02,Completed,69.46
1530,8,2023-02-13,2023-03-15,Completed,72.02
1530,4,2023-12-24,,In Progress,0.0
1531,3,2023-07-20,,In Progress,0.0
1532,6,2023-08-20,,In Progress,0.0
1532,8,2023-11-26,,In Progress,0.0
1532,7,2023-07-18,2023-08-17,Completed,78.68
1532,9,2023-12-20,2024-01-19,Completed,61.34
1533,1,2023-12-06,2024-01-05,Completed,90.87
1533,8,2023-04-01,2023-05-01,Completed,68.41
1534,7,2023-08-13,2023-09-12,Completed,93.27
1534,9,2023-12-20,,In Progress,0.0
1534,3,2023-08-03,,In Progress,0.0
1535,5,2023-12-24,2024-01-23,Completed,80.89
1535,9,2023-02-01,2023-03-03,Completed,72.04
1536,10,2023-12-07,,Dropped,0.0
1536,8,2023-05-16,2023-06-15,Completed,68.86
1537,3,2023-08-08,2023-09-07,Completed,68.19
1537,4,2023-06-16,2023-07-16,Completed,95.43
1538,10,2023-08-19,2023-09-18,Completed,72.17
1539,3,2023-12-05,,In Progress,0.0
1540,10,2023-05-22,2023-06-21,Completed,73.91
1540,2,2023-11-07,2023-12-07,Completed,58.94
1540,6,2023-08-16,2023-09-15,Completed,72.49
1540,3,2023-05-26,2023-06-25,Completed,56.27
1541,8,2023-09-13,2023-10-13,Completed,85.45
1541,7,2023-04-02,,In Progress,0.0
1541,5,2023-08-04,2023-09-03,Completed,77.58
1542,1,2023-10-22,2023-11-21,Completed,81.07
1543,5,2023-07-04,2023-08-03,Completed,77.36
1543,1,2023-05-17,2023-06-16,Completed,76.78
1543,6,2023-10-19,2023-11-18,Completed,84.72
1543,7,2023-09-20,,Dropped,0.0
1544,4,2023-12-20,,Dropped,0.0
1544,3,2023-10-22,2023-11-21,Completed,98.72
1545,7,2023-06-17,2023-07-17,Completed,90.01
1545,2,2023-10-15,,In Progress,0.0
1545,10,2023-02-13,2023-03-15,Completed,90.62
1546,3,2023-05-06,2023-06-05,Completed,83.91
1546,8,2023-06-11,2023-07-11,Completed,85.26
1546,6,2023-03-07,,In Progress,0.0
1546,5,2023-01-03,2023-02-02,Completed,60.6
1547,10,2023-10-21,2023-11-20,Completed,73.1
1547,6,2023-01-15,2023-02-14,Completed,66.46
1548,8,2023-11-03,,In Progress,0.0
1549,9,2023-11-18,2023-12-18,Completed,58.09
1549,5,2023-08-22,2023-09-21,Completed,81.67
1549,4,2023-11-16,,Dropped,0.0
1549,3,2023-05-02,2023-06-01,Completed,77.15
1550,1,2023-02-17,2023-03-19,Completed,68.74
1550,8,2023-04-03,2023-05-03,Completed,97.83
1550,7,2023-11-18,,In Progress,0.0
1551,8,2023-03-17,,In Progress,0.0
1551,1,2023-07-17,2023-08-16,Completed,75.54
1551,6,2023-07-18,,In Progress,0.0
1552,1,2023-09-05,,In Progress,0.0
1552,3,2023-05-12,2023-06-11,Completed,82.55
1552,10,2023-05-19,2023-06-18,Completed,81.23
1553,6,2023-10-15,2023-11-14,Completed,78.1
1553,3,2023-12-05,2024-01-04,Completed,56.62
1553,9,2023-07-06,2023-08-05,Completed,88.31
1553,4,2023-12-12,2024-01-11,Completed,90.93
1554,7,2023-09-11,,In Progress,0.0
1554,8,2023-01-27,,Dropped,0.0
1554,4,2023-06-12,,In Progress,0.0
1555,6,2023-08-04,2023-09-03,Completed,71.9
1555,8,2023-02-01,2023-03-03,Completed,87.48
1555,7,2023-03-02,2023-04-01,Completed,97.81
1556,6,2023-04-13,,In Progress,0.0
1557,3,2023-01-12,,In Progress,0.0
1557,4,2023-09-19,2023-10-19,Completed,82.42
1558,6,2023-03-05,,In Progress,0.0
1559,3,2023-01-14,2023-02-13,Completed,85.33
1559,7,2023-10-23,,In Progress,0.0
1559,2,2023-04-25,2023-05-25,Completed,91.34
1559,8,2023-06-27,2023-07-27,Completed,59.05
1560,8,2023-10-02,,Dropped,0.0
1560,10,2023-03-04,2023-04-03,Completed,70.11
1560,7,2023-03-11,2023-04-10,Completed,72.28
1561,7,2023-01-02,,Dropped,0.0
1561,10,2023-12-05,2024-01-04,Completed,93.75
1561,6,2023-11-16,2023-12-16,Completed,76.81
1562,5,2023-06-09,2023-07-09,Completed,62.34
1563,7,2023-11-12,2023-12-12,Completed,91.26
1563,5,2023-03-15,2023-04-14,Completed,68.19
1563,2,2023-06-27,2023-07-27,Completed,72.13
1564,6,2023-01-01,2023-01-31,Completed,94.73
1564,2,2023-12-10,2024-01-09,Completed,70.88
1564,5,2023-04-10,2023-05-10,Completed,68.86
1565,9,2023-05-05,2023-06-04,Completed,58.96
1565,2,2023-11-26,2023-12-26,Completed,85.21
1565,5,2023-05-17,2023-06-16,Completed,98.62
1565,7,2023-05-11,,In Progress,0.0
1566,10,2023-01-07,2023-02-06,Completed,85.17
1566,8,2023-12-15,,In Progress,0.0
1566,5,2023-04-21,2023-05-21,Completed,64.14
1566,9,2023-11-27,2023-12-27,Completed,79.45
1567,8,2023-04-22,,In Progress,0.0
1567,3,2023-03-22,2023-04-21,Completed,91.16
1567,10,2023-06-24,,Dropped,0.0
1567,9,2023-05-27,2023-06-26,Completed,80.48
1568,7,2023-03-06,2023-04-05,Completed,55.38
1568,1,2023-04-05,2023-05-05,Completed,74.24
1568,5,2023-02-27,2023-03-29,Completed,92.03
1568,4,2023-11-06,2023-12-06,Completed,79.84
1569,4,2023-10-06,2023-11-05,Completed,92.84
1569,5,2023-08-11,2023-09-10,Completed,96.52
1570,8,2023-08-07,,Dropped,0.0
1570,4,2023-01-17,,Dropped,0.0
1570,9,2023-09-09,2023-10-09,Completed,60.41
1570,10,2023-09-14,2023-10-14,Completed,56.53
1571,9,2023-02-08,2023-03-10,Completed,78.81
1572,3,2023-01-26,,In Progress,0.0
1572,5,2023-12-03,,Dropped,0.0
1572,10,2023-04-12,,In Progress,0.0
1573,9,2023-03-05,2023-04-04,Completed,64.61
1573,5,2023-04-19,,In Progress,0.0
1573,2,2023-08-26,,In Progress,0.0
1574,10,2023-06-24,2023-07-24,Completed,63.38
1574,6,2023-04-17,,In Progress,0.0
1575,10,2023-05-15,2023-06-14,Completed,78.52
1575,4,2023-12-23,,Dropped,0.0
1576,4,2023-03-24,,Dropped,0.0
1576,6,2023-10-16,2023-11-15,Completed,65.82
1576,5,2023-05-17,2023-06-16,Completed,92.56
1576,10,2023-05-13,2023-06-12,Completed,63.29
1577,8,2023-04-02,2023-05-02,Completed,82.67
1577,6,2023-01-21,2023-02-20,Completed,66.55
1577,5,2023-11-01,,In Progress,0.0
1578,10,2023-01-10,2023-02-09,Completed,61.67
1578,9,2023-08-23,,In Progress,0.0
1578,3,2023-01-17,,In Progress,0.0
1579,1,2023-02-16,2023-03-18,Completed,81.64
1579,8,2023-04-19,2023-05-19,Completed,87.81
1580,6,2023-11-26,2023-12-26,Completed,87.63
1580,2,2023-09-23,,In Progress,0.0
1581,6,2023-02-27,2023-03-29,Completed,86.8
1581,10,2023-11-13,2023-12-13,Completed,84.77
1582,6,2023-04-10,2023-05-10,Completed,85.96
1582,1,2023-05-04,,Dropped,0.0
1582,8,2023-07-14,2023-08-13,Completed,62.29
1582,4,2023-12-03,,Dropped,0.0
1583,7,2023-02-17,2023-03-19,Completed,68.64
1583,9,2023-03-27,,Dropped,0.0
1583,2,2023-09-20,,In Progress,0.0
1584,3,2023-03-15,2023-04-14,Completed,79.87
1584,10,2023-08-03,2023-09-02,Completed,81.33
1584,8,2023-01-10,,In Progress,0.0
1584,6,2023-08-15,2023-09-14,Completed,80.95
1585,3,2023-08-09,,In Progress,0.0
1585,1,2023-12-13,2024-01-12,Completed,90.89
1585,8,2023-06-02,,In Progress,0.0
1585,5,2023-06-01,2023-07-01,Completed,98.4
1586,10,2023-01-14,2023-02-13,Completed,57.24
1586,1,2023-09-19,,In Progress,0.0
1586,7,2023-01-21,2023-02-20,Completed,95.55
1587,4,2023-05-05,2023-06-04,Completed,77.43
1588,4,2023-05-15,2023-06-14,Completed,90.86
1588,2,2023-03-08,,In Progress,0.0
1588,8,2023-06-22,2023-07-22,Completed,59.48
1589,4,2023-09-19,2023-10-19,Completed,99.92
1589,1,2023-03-13,2023-04-12,Completed,94.72
1589,10,2023-03-26,2023-04-25,Completed,95.36
1589,2,2023-12-01,,In Progress,0.0
1590,1,2023-07-10,2023-08-09,Completed,68.76
1591,10,2023-06-26,,In Progress,0.0
1591,3,2023-04-07,2023-05-07,Completed,77.8
1591,9,2023-08-17,2023-09-16,Completed,73.67
1592,4,2023-08-25,,Dropped,0.0
1593,7,2023-09-03,2023-10-03,Completed,95.51
1593,9,2023-12-15,,In Progress,0.0
1594,5,2023-05-21,2023-06-20,Completed,56.91
1594,2,2023-11-02,,In Progress,0.0
1595,2,2023-12-13,2024-01-12,Completed,64.28
1595,10,2023-12-08,,In Progress,0.0
1595,6,2023-04-06,2023-05-06,Completed,81.34
1596,2,2023-12-05,2024-01-04,Completed,84.12
1596,6,2023-01-20,2023-02-19,Completed,86.31
1596,10,2023-09-03,,In Progress,0.0
1596,5,2023-07-26,,In Progress,0.0
1597,4,2023-03-06,2023-04-05,Completed,78.22
1597,10,2023-04-19,2023-05-19,Completed,82.16
1597,2,2023-06-02,2023-07-02,Completed,97.92
1598,9,2023-12-02,,In Progress,0.0
1598,5,2023-08-25,2023-09-24,Completed,63.56
1598,8,2023-12-13,2024-01-12,Completed,55.67
1598,2,2023-06-21,2023-07-21,Completed,68.08
1599,4,2023-06-06,,Dropped,0.0
1599,3,2023-06-10,,In Progress,0.0
1600,3,2023-10-06,2023-11-05,Completed,71.5
1601,6,2023-10-03,2023-11-02,Completed,74.44
1601,4,2023-02-27,2023-03-29,Completed,68.34
1601,8,2023-07-13,,In Progress,0.0
1602,1,2023-03-22,2023-04-21,Completed,75.33
1602,9,2023-04-12,2023-05-12,Completed,70.4
1602,4,2023-03-15,,In Progress,0.0
1602,6,2023-05-10,,In Progress,0.0
1603,9,2023-12-12,2024-01-11,Completed,60.09
1603,6,2023-08-16,2023-09-15,Completed,75.95
1603,3,2023-03-05,2023-04-04,Completed,81.31
1604,7,2023-12-17,2024-01-16,Completed,81.39
1604,5,2023-10-13,2023-11-12,Completed,88.89
1605,4,2023-05-01,2023-05-31,Completed,84.15
1605,1,2023-08-17,2023-09-16,Completed,86.05
1605,5,2023-09-13,2023-10-13,Completed,77.75
1606,10,2023-09-09,,Dropped,0.0
1607,2,2023-12-05,2024-01-04,Completed,86.15
1607,3,2023-06-27,2023-07-27,Completed,70.03
1608,10,2023-12-09,,In Progress,0.0
1608,9,2023-01-12,2023-02-11,Completed,61.93
1608,5,2023-11-08,2023-12-08,Completed,89.5
1608,6,2023-08-16,,In Progress,0.0
1609,3,2023-03-08,2023-04-07,Completed,60.59
1609,5,2023-11-09,2023-12-09,Completed,60.92
1609,9,2023-03-10,2023-04-09,Completed,60.64
1610,8,2023-11-27,2023-12-27,Completed,82.31
1610,10,2023-08-27,,In Progress,0.0
1610,6,2023-04-19,2023-05-19,Completed,70.25
1611,7,2023-04-17,,In Progress,0.0
1611,5,2023-12-18,2024-01-17,Completed,99.59
1612,1,2023-11-14,2023-12-14,Completed,57.72
1612,6,2023-03-12,,In Progress,0.0
1613,8,2023-09-15,,In Progress,0.0
1614,5,2023-11-16,2023-12-16,Completed,99.96
1614,3,2023-09-27,,Dropped,0.0
1614,8,2023-04-08,2023-05-08,Completed,97.73
1614,2,2023-04-18,,Dropped,0.0
1615,10,2023-05-07,2023-06-06,Completed,96.04
1616,6,2023-04-13,2023-05-13,Completed,88.33
1616,3,2023-09-23,,In Progress,0.0
1617,9,2023-01-26,2023-02-25,Completed,77.0
1618,5,2023-06-02,2023-07-02,Completed,63.77
1618,3,2023-01-17,2023-02-16,Completed,74.17
1618,4,2023-06-14,2023-07-14,Completed,76.03
1619,5,2023-07-16,2023-08-15,Completed,56.86
1619,3,2023-06-17,2023-07-17,Completed,88.59
1619,8,2023-08-22,2023-09-21,Completed,69.83
1620,7,2023-11-09,2023-12-09,Completed,72.2
1621,5,2023-07-24,2023-08-23,Completed,62.1
1621,3,2023-10-23,2023-11-22,Completed,77.1
1621,9,2023-03-21,2023-04-20,Completed,58.78
1621,2,2023-01-10,2023-02-09,Completed,80.61
1622,4,2023-03-27,,In Progress,0.0
1623,7,2023-04-07,2023-05-07,Completed,73.82
1623,4,2023-04-06,2023-05-06,Completed,58.11
1624,2,2023-06-06,2023-07-06,Completed,91.31
1625,8,2023-02-26,2023-03-28,Completed,91.75
1626,5,2023-12-14,2024-01-13,Completed,84.62
1626,8,2023-01-25,,In Progress,0.0
1626,9,2023-02-21,2023-03-23,Completed,69.69
1626,10,2023-08-27,,In Progress,0.0
1627,9,2023-07-09,,In Progress,0.0
1627,2,2023-07-14,2023-08-13,Completed,72.39
1627,1,2023-10-25,2023-11-24,Completed,66.16
1628,1,2023-06-08,2023-07-08,Completed,99.53
1629,6,2023-11-24,2023-12-24,Completed,86.12
1629,9,2023-02-18,2023-03-20,Completed,58.48
1629,10,2023-08-10,2023-09-09,Completed,68.06
1630,6,2023-08-11,2023-09-10,Completed,75.54
1630,9,2023-02-22,,Dropped,0.0
1630,10,2023-08-21,2023-09-20,Completed,64.08
1630,8,2023-05-03,2023-06-02,Completed,90.91
1631,7,2023-11-01,2023-12-01,Completed,78.61
1631,3,2023-08-03,,Dropped,0.0
1631,8,2023-05-26,2023-06-25,Completed,57.66
1632,1,2023-12-21,2024-01-20,Completed,67.21
1632,2,2023-06-04,2023-07-04,Completed,61.0
1632,5,2023-06-21,,In Progress,0.0
1632,3,2023-02-23,2023-03-25,Completed,69.99
1633,10,2023-04-15,2023-05-15,Completed,63.45
1634,5,2023-05-10,2023-06-09,Completed,56.3
1634,2,2023-10-03,,In Progress,0.0
1635,1,2023-04-11,,In Progress,0.0
1635,10,2023-06-12,2023-07-12,Completed,67.97
1636,1,2023-08-13,2023-09-12,Completed,95.71
1637,5,2023-05-09,,Dropped,0.0
1637,3,2023-03-13,2023-04-12,Completed,84.78
1638,6,2023-01-18,,Dropped,0.0
1638,7,2023-11-19,2023-12-19,Completed,87.81
1639,1,2023-12-18,2024-01-17,Completed,71.15
1640,2,2023-06-05,2023-07-05,Completed,84.55
1640,10,2023-08-03,2023-09-02,Completed,73.16
1640,4,2023-08-01,2023-08-31,Completed,85.74
1640,5,2023-06-19,,Dropped,0.0
1641,2,2023-12-05,,Dropped,0.0
1641,8,2023-04-17,2023-05-17,Completed,55.28
1641,7,2023-11-03,,In Progress,0.0
1642,10,2023-11-18,2023-12-18,Completed,80.33
1642,2,2023-02-09,2023-03-11,Completed,72.45
1643,3,2023-05-23,2023-06-22,Completed,97.49
1643,8,2023-08-08,2023-09-07,Completed,64.91
1644,5,2023-09-14,,In Progress,0.0
1644,8,2023-07-23,2023-08-22,Completed,63.44
1645,3,2023-01-04,2023-02-03,Completed,55.06
1646,1,2023-11-08,2023-12-08,Completed,84.86
1646,10,2023-11-13,,In Progress,0.0
1647,9,2023-05-25,2023-06-24,Completed,72.49
1647,10,2023-02-19,2023-03-21,Completed,73.31
1647,6,2023-11-02,,In Progress,0.0
1647,3,2023-04-08,,Dropped,0.0
1648,4,2023-08-11,,Dropped,0.0
1648,8,2023-06-24,,In Progress,0.0
1648,9,2023-03-06,,Dropped,0.0
1649,7,2023-01-14,2023-02-13,Completed,89.26
1649,10,2023-05-12,,In Progress,0.0
1649,3,2023-09-25,,Dropped,0.0
1650,1,2023-05-08,2023-06-07,Completed,76.66
1650,4,2023-11-19,,In Progress,0.0
1650,5,2023-07-24,2023-08-23,Completed,66.11
1650,2,2023-01-13,2023-02-12,Completed,89.39
1651,9,2023-05-22,2023-06-21,Completed,59.39
1651,10,2023-03-13,2023-04-12,Completed,76.76
1651,7,2023-11-26,2023-12-26,Completed,85.74
1651,8,2023-08-19,,In Progress,0.0
1652,7,2023-05-01,2023-05-31,Completed,68.88
1652,1,2023-03-21,2023-04-20,Completed,96.53
1653,6,2023-05-03,2023-06-02,Completed,60.19
1654,10,2023-04-17,2023-05-17,Completed,96.76
1654,8,2023-08-12,2023-09-11,Completed,56.43
1655,8,2023-09-05,2023-10-05,Completed,57.11
1655,7,2023-02-15,2023-03-17,Completed,60.17
1655,6,2023-07-12,,In Progress,0.0
1655,3,2023-12-27,,Dropped,0.0
1656,5,2023-08-05,2023-09-04,Completed,84.56
1656,10,2023-04-11,2023-05-11,Completed,87.9
1656,4,2023-04-12,,Dropped,0.0
1656,1,2023-03-16,2023-04-15,Completed,81.28
1657,9,2023-07-12,2023-08-11,Completed,78.59
1657,4,2023-11-01,2023-12-01,Completed,60.45
1658,7,2023-10-14,2023-11-13,Completed,82.93
1658,8,2023-02-10,2023-03-12,Completed,95.83
1658,9,2023-01-08,2023-02-07,Completed,83.76
1658,1,2023-10-08,2023-11-07,Completed,89.31
1659,7,2023-04-14,2023-05-14,Completed,61.53
1659,5,2023-06-06,2023-07-06,Completed,57.01
1659,6,2023-05-21,,In Progress,0.0
1659,9,2023-01-20,,Dropped,0.0
1660,5,2023-06-21,,In Progress,0.0
1661,3,2023-08-26,,In Progress,0.0
1662,2,2023-02-09,2023-03-11,Completed,65.09
1662,10,2023-10-25,,In Progress,0.0
1662,1,2023-03-26,2023-04-25,Completed,91.33
1663,6,2023-03-08,2023-04-07,Completed,61.89
1663,10,2023-11-17,2023-12-17,Completed,60.25
1664,9,2023-11-21,2023-12-21,Completed,58.85
1664,4,2023-01-03,2023-02-02,Completed,61.8
1665,8,2023-03-17,2023-04-16,Completed,56.19
1665,1,2023-07-13,2023-08-12,Completed,87.16
1665,6,2023-09-08,,Dropped,0.0
1665,9,2023-10-19,2023-11-18,Completed,70.56
1666,10,2023-12-02,2024-01-01,Completed,99.55
1666,4,2023-05-25,2023-06-24,Completed,85.8
1666,2,2023-07-11,,Dropped,0.0
1666,5,2023-04-19,,In Progress,0.0
1667,6,2023-05-26,2023-06-25,Completed,90.44
1667,7,2023-02-01,2023-03-03,Completed,80.87
1667,3,2023-03-05,,In Progress,0.0
1668,4,2023-09-01,2023-10-01,Completed,84.7
1668,9,2023-01-04,2023-02-03,Completed,72.87
1669,10,2023-05-08,2023-06-07,Completed,60.8
1669,5,2023-01-14,2023-02-13,Completed,79.95
1669,1,2023-09-03,2023-10-03,Completed,60.81
1669,7,2023-02-26,2023-03-28,Completed,64.97
1670,1,2023-06-11,2023-07-11,Completed,63.0
1671,5,2023-05-15,,Dropped,0.0
1671,2,2023-08-12,2023-09-11,Completed,87.14
1671,3,2023-09-21,,Dropped,0.0
1671,8,2023-07-05,2023-08-04,Completed,68.73
1672,6,2023-09-23,2023-10-23,Completed,85.64
1672,1,2023-03-26,2023-04-25,Completed,78.75
1672,5,2023-07-08,,In Progress,0.0
1673,1,2023-07-07,,In Progress,0.0
1673,7,2023-10-14,2023-11-13,Completed,93.44
1673,3,2023-04-06,,In Progress,0.0
1674,9,2023-11-13,2023-12-13,Completed,86.26
1675,5,2023-10-07,2023-11-06,Completed,69.55
1675,4,2023-08-05,2023-09-04,Completed,55.23
1675,3,2023-07-16,,In Progress,0.0
1676,4,2023-08-23,2023-09-22,Completed,96.65
1676,10,2023-03-21,2023-04-20,Completed,85.44
1677,8,2023-11-25,2023-12-25,Completed,98.34
1677,10,2023-02-17,,In Progress,0.0
1677,9,2023-08-21,,In Progress,0.0
1678,8,2023-07-02,,In Progress,0.0
1678,7,2023-08-09,,In Progress,0.0
1679,3,2023-11-11,2023-12-11,Completed,74.23
1679,6,2023-06-19,,In Progress,0.0
1680,9,2023-03-23,2023-04-22,Completed,90.89
1680,2,2023-05-15,2023-06-14,Completed,93.95
1680,3,2023-11-19,2023-12-19,Completed,59.38
1680,1,2023-06-14,,Dropped,0.0
1681,1,2023-10-04,,Dropped,0.0
1681,3,2023-02-12,2023-03-14,Completed,80.24
1681,5,2023-05-19,,Dropped,0.0
1681,10,2023-05-02,,In Progress,0.0
1682,10,2023-12-25,,In Progress,0.0
1683,6,2023-03-09,2023-04-08,Completed,81.62
1684,4,2023-12-15,2024-01-14,Completed,88.77
1684,3,2023-02-27,2023-03-29,Completed,62.73
1684,7,2023-12-22,,In Progress,0.0
1684,6,2023-11-24,2023-12-24,Completed,62.54
1685,6,2023-06-13,,Dropped,0.0
1686,9,2023-12-18,2024-01-17,Completed,57.58
1687,3,2023-02-03,2023-03-05,Completed,98.01
1688,10,2023-04-14,2023-05-14,Completed,66.04
1688,6,2023-03-21,,Dropped,0.0
1688,1,2023-09-18,,In Progress,0.0
1688,4,2023-07-22,2023-08-21,Completed,72.23
1689,7,2023-12-09,2024-01-08,Completed,77.85
1690,1,2023-11-03,2023-12-03,Completed,55.25
1690,9,2023-11-15,2023-12-15,Completed,85.88
1690,7,2023-06-18,2023-07-18,Completed,99.54
1691,1,2023-03-17,,Dropped,0.0
1691,4,2023-12-08,2024-01-07,Completed,79.57
1692,8,2023-11-04,2023-12-04,Completed,77.21
1692,10,2023-10-15,2023-11-14,Completed,74.43
1692,9,2023-12-21,,In Progress,0.0
1693,3,2023-06-11,2023-07-11,Completed,60.42
1694,6,2023-12-01,2023-12-31,Completed,61.93
1694,2,2023-06-24,2023-07-24,Completed,92.87
1695,7,2023-04-21,2023-05-21,Completed,59.07
1695,5,2023-03-07,2023-04-06,Completed,59.7
1695,4,2023-08-10,2023-09-09,Completed,55.3
1696,6,2023-04-24,2023-05-24,Completed,64.59
1697,8,2023-12-21,2024-01-20,Completed,68.71
1697,1,2023-06-10,2023-07-10,Completed,74.81
1697,2,2023-04-05,,Dropped,0.0
1697,6,2023-05-27,2023-06-26,Completed,99.83
1698,10,2023-03-20,2023-04-19,Completed,88.99
1698,8,2023-12-24,,Dropped,0.0
1698,1,2023-09-02,,In Progress,0.0
1699,4,2023-01-21,2023-02-20,Completed,98.14
1699,5,2023-08-26,2023-09-25,Completed,68.76
1700,4,2023-12-18,,In Progress,0.0
1700,5,2023-04-01,2023-05-01,Completed,55.57
1701,1,2023-06-17,2023-07-17,Completed,55.53
1702,3,2023-04-11,2023-05-11,Completed,81.91
1702,2,2023-09-13,2023-10-13,Completed,99.17
1703,2,2023-12-02,2024-01-01,Completed,88.52
1703,4,2023-07-20,,In Progress,0.0
1703,7,2023-10-19,,In Progress,0.0
1704,7,2023-07-08,2023-08-07,Completed,72.53
1705,7,2023-04-18,2023-05-18,Completed,77.36
1705,9,2023-07-08,,Dropped,0.0
1706,8,2023-02-23,2023-03-25,Completed,63.53
1706,5,2023-06-27,2023-07-27,Completed,56.42
1706,3,2023-10-27,,Dropped,0.0
1706,4,2023-05-10,2023-06-09,Completed,57.22
1707,9,2023-08-06,2023-09-05,Completed,90.31
1708,2,2023-11-17,,In Progress,0.0
1708,6,2023-12-14,,In Progress,0.0
1708,1,2023-06-01,,In Progress,0.0
1709,8,2023-09-03,2023-10-03,Completed,85.48
1709,7,2023-06-04,2023-07-04,Completed,76.16
1709,5,2023-12-12,,Dropped,0.0
1710,4,2023-07-07,2023-08-06,Completed,62.71
1710,8,2023-09-11,2023-10-11,Completed,93.95
1710,6,2023-12-05,2024-01-04,Completed,60.96
1710,9,2023-10-08,,In Progress,0.0
1711,2,2023-01-06,,Dropped,0.0
1711,8,2023-10-20,2023-11-19,Completed,72.96
1711,3,2023-12-10,2024-01-09,Completed,89.57
1711,6,2023-02-09,2023-03-11,Completed,75.96
1712,1,2023-03-01,2023-03-31,Completed,69.63
1713,9,2023-06-14,2023-07-14,Completed,87.19
1714,1,2023-08-22,,In Progress,0.0
1714,7,2023-12-27,,Dropped,0.0
1715,9,2023-09-25,2023-10-25,Completed,80.52
1715,6,2023-09-14,2023-10-14,Completed,65.38
1715,10,2023-11-19,,In Progress,0.0
1715,3,2023-02-11,2023-03-13,Completed,95.94
1716,5,2023-10-03,2023-11-02,Completed,74.46
1716,7,2023-10-09,,In Progress,0.0
1716,1,2023-02-07,2023-03-09,Completed,86.41
1717,4,2023-11-25,,In Progress,0.0
1718,4,2023-09-01,2023-10-01,Completed,65.4
1719,10,2023-09-05,,Dropped,0.0
1720,4,2023-03-23,2023-04-22,Completed,79.9
1720,9,2023-12-08,,Dropped,0.0
1720,3,2023-02-22,2023-03-24,Completed,85.66
1721,9,2023-08-05,2023-09-04,Completed,92.03
1721,2,2023-05-27,,In Progress,0.0
1721,6,2023-12-17,,Dropped,0.0
1722,2,2023-01-13,,In Progress,0.0
1723,4,2023-08-21,,In Progress,0.0
1724,8,2023-01-21,2023-02-20,Completed,99.43
1725,9,2023-04-11,2023-05-11,Completed,82.26
1725,6,2023-04-02,2023-05-02,Completed,72.75
1725,10,2023-07-06,,Dropped,0.0
1726,2,2023-02-23,2023-03-25,Completed,83.83
1726,3,2023-05-01,2023-05-31,Completed,99.43
1726,6,2023-01-04,,In Progress,0.0
1726,5,2023-09-27,2023-10-27,Completed,63.42
1727,3,2023-02-01,2023-03-03,Completed,90.52
1727,5,2023-05-16,,In Progress,0.0
1727,7,2023-05-18,,In Progress,0.0
1727,9,2023-11-20,,In Progress,0.0
1728,4,2023-05-07,,Dropped,0.0
1728,5,2023-10-03,2023-11-02,Completed,71.91
1728,7,2023-11-06,2023-12-06,Completed,58.7
1729,1,2023-11-11,2023-12-11,Completed,64.5
1730,6,2023-06-06,2023-07-06,Completed,77.13
1730,8,2023-08-08,2023-09-07,Completed,82.76
1731,6,2023-06-04,,Dropped,0.0
1731,7,2023-02-12,,In Progress,0.0
1731,3,2023-06-05,2023-07-05,Completed,69.17
1732,3,2023-02-15,2023-03-17,Completed,55.39
1732,2,2023-11-03,,In Progress,0.0
1732,7,2023-05-25,2023-06-24,Completed,96.99
1733,6,2023-02-04,2023-03-06,Completed,66.58
1734,1,2023-10-04,2023-11-03,Completed,62.85
1734,6,2023-02-19,2023-03-21,Completed,56.27
1734,4,2023-06-01,2023-07-01,Completed,89.53
1734,9,2023-04-17,2023-05-17,Completed,85.71
1735,7,2023-01-01,2023-01-31,Completed,64.99
1735,4,2023-08-21,,In Progress,0.0
1735,5,2023-06-02,,In Progress,0.0
1735,10,2023-05-12,2023-06-11,Completed,80.07
1736,10,2023-06-19,,Dropped,0.0
1737,6,2023-05-25,2023-06-24,Completed,88.58
1738,3,2023-06-10,2023-07-10,Completed,68.4
1739,3,2023-07-09,2023-08-08,Completed,96.28
1739,4,2023-06-09,2023-07-09,Completed,68.01
1740,7,2023-01-05,,Dropped,0.0
1740,1,2023-05-03,2023-06-02,Completed,92.15
1740,4,2023-06-06,2023-07-06,Completed,85.01
1740,2,2023-10-14,2023-11-13,Completed,87.15
1741,1,2023-01-23,2023-02-22,Completed,99.14
1742,9,2023-12-07,2024-01-06,Completed,77.12
1743,2,2023-04-20,2023-05-20,Completed,70.57
1743,1,2023-02-23,2023-03-25,Completed,92.24
1743,6,2023-07-25,,Dropped,0.0
1744,4,2023-06-27,2023-07-27,Completed,69.23
1744,3,2023-05-11,2023-06-10,Completed,61.39
1745,7,2023-09-24,2023-10-24,Completed,80.38
1745,4,2023-04-20,,Dropped,0.0
1745,8,2023-06-04,2023-07-04,Completed,89.31
1745,6,2023-10-04,2023-11-03,Completed,82.43
1746,1,2023-11-18,2023-12-18,Completed,64.67
1746,4,2023-03-04,,In Progress,0.0
1746,9,2023-12-18,2024-01-17,Completed,97.05
1746,2,2023-01-24,2023-02-23,Completed,60.22
1747,2,2023-11-02,2023-12-02,Completed,78.03
1747,10,2023-02-26,2023-03-28,Completed,84.74
1747,9,2023-04-20,2023-05-20,Completed,60.52
1747,8,2023-08-01,2023-08-31,Completed,62.84
1748,7,2023-02-03,2023-03-05,Completed,56.64
1749,10,2023-06-08,2023-07-08,Completed,68.42
1749,7,2023-10-02,2023-11-01,Completed,98.41
1749,4,2023-12-27,2024-01-26,Completed,91.59
1750,4,2023-08-27,2023-09-26,Completed,97.09
1750,3,2023-11-17,2023-12-17,Completed,92.2
1751,10,2023-09-22,2023-10-22,Completed,64.27
1751,9,2023-05-22,,Dropped,0.0
1751,6,2023-04-09,2023-05-09,Completed,75.83
1751,7,2023-05-01,,Dropped,0.0
1752,6,2023-12-18,,In Progress,0.0
1752,3,2023-11-10,,In Progress,0.0
1753,4,2023-08-13,2023-09-12,Completed,78.9
1753,8,2023-11-05,2023-12-05,Completed,95.44
1754,9,2023-06-09,2023-07-09,Completed,55.93
1754,8,2023-03-20,2023-04-19,Completed,59.09
1754,3,2023-02-23,,Dropped,0.0
1755,10,2023-05-26,,In Progress,0.0
1755,2,2023-07-09,2023-08-08,Completed,59.13
1755,9,2023-03-15,2023-04-14,Completed,58.85
1756,1,2023-06-23,2023-07-23,Completed,79.97
1756,7,2023-03-08,2023-04-07,Completed,96.22
1756,2,2023-06-05,,In Progress,0.0
1756,3,2023-07-27,2023-08-26,Completed,77.97
1757,8,2023-07-21,2023-08-20,Completed,73.21
1757,9,2023-07-16,2023-08-15,Completed,67.62
1757,3,2023-05-02,2023-06-01,Completed,85.67
1758,5,2023-12-14,,In Progress,0.0
1758,6,2023-12-13,2024-01-12,Completed,83.25
1758,1,2023-11-25,2023-12-25,Completed,96.64
1758,9,2023-06-02,,Dropped,0.0
1759,7,2023-02-25,2023-03-27,Completed,57.52
1760,9,2023-04-06,2023-05-06,Completed,61.53
1761,5,2023-01-08,2023-02-07,Completed,81.19
1761,7,2023-04-16,2023-05-16,Completed,83.46
1762,9,2023-10-05,2023-11-04,Completed,74.28
1762,3,2023-08-17,,Dropped,0.0
1762,6,2023-07-06,2023-08-05,Completed,75.37
1762,5,2023-03-10,,Dropped,0.0
1763,2,2023-07-10,2023-08-09,Completed,86.2
1763,4,2023-12-08,,In Progress,0.0
1763,5,2023-05-24,,In Progress,0.0
1764,5,2023-07-16,2023-08-15,Completed,66.89
1764,6,2023-07-02,2023-08-01,Completed,73.46
1765,1,2023-06-03,2023-07-03,Completed,88.78
1765,2,2023-02-12,,In Progress,0.0
1765,3,2023-09-22,2023-10-22,Completed,92.25
1765,8,2023-10-12,2023-11-11,Completed,78.23
1766,9,2023-07-21,2023-08-20,Completed,74.04
1766,7,2023-07-22,,In Progress,0.0
1767,4,2023-07-07,,Dropped,0.0
1768,1,2023-11-15,2023-12-15,Completed,86.38
1768,2,2023-06-04,,Dropped,0.0
1769,5,2023-03-03,2023-04-02,Completed,83.33
1769,8,2023-09-05,2023-10-05,Completed,93.66
1769,7,2023-05-15,2023-06-14,Completed,88.79
1769,10,2023-08-17,2023-09-16,Completed,92.47
1770,10,2023-03-27,,In Progress,0.0
1771,1,2023-02-03,2023-03-05,Completed,99.27
1771,4,2023-08-04,2023-09-03,Completed,99.96
1771,8,2023-12-02,2024-01-01,Completed,64.79
1772,1,2023-08-10,2023-09-09,Completed,90.09
1773,4,2023-03-03,2023-04-02,Completed,84.61
1773,7,2023-12-05,2024-01-04,Completed,88.97
1774,10,2023-02-17,2023-03-19,Completed,87.07
1774,6,2023-09-04,2023-10-04,Completed,63.9
1774,7,2023-02-19,,In Progress,0.0
1775,3,2023-08-11,,In Progress,0.0
1775,6,2023-06-24,2023-07-24,Completed,68.04
1775,5,2023-03-11,2023-04-10,Completed,60.48
1776,5,2023-10-27,,Dropped,0.0
1777,1,2023-05-12,2023-06-11,Completed,91.36
1777,5,2023-11-22,2023-12-22,Completed,68.83
1777,6,2023-09-13,2023-10-13,Completed,81.14
1777,4,2023-12-01,2023-12-31,Completed,69.89
1778,8,2023-03-23,2023-04-22,Completed,91.92
1779,1,2023-07-12,2023-08-11,Completed,90.35
1780,10,2023-10-26,2023-11-25,Completed,60.23
1780,1,2023-04-06,2023-05-06,Completed,76.21
1780,8,2023-01-20,2023-02-19,Completed,62.49
1781,4,2023-08-15,,Dropped,0.0
1781,5,2023-12-07,2024-01-06,Completed,83.23
1781,10,2023-05-15,,Dropped,0.0
1782,2,2023-05-23,,In Progress,0.0
1782,3,2023-12-06,2024-01-05,Completed,78.44
1782,1,2023-11-22,2023-12-22,Completed,61.55
1782,4,2023-10-07,2023-11-06,Completed,77.29
1783,5,2023-05-18,2023-06-17,Completed,85.42
1783,8,2023-10-17,2023-11-16,Completed,82.37
1783,4,2023-04-13,2023-05-13,Completed,99.21
1783,7,2023-11-26,,In Progress,0.0
1784,2,2023-03-18,,Dropped,0.0
1784,6,2023-06-19,2023-07-19,Completed,63.44
1784,7,2023-08-15,2023-09-14,Completed,79.39
1784,9,2023-07-15,2023-08-14,Completed,87.47
1785,7,2023-03-10,2023-04-09,Completed,82.18
1786,10,2023-05-02,2023-06-01,Completed,70.57
1786,1,2023-05-12,2023-06-11,Completed,82.46
1787,8,2023-02-08,2023-03-10,Completed,74.53
1787,2,2023-11-01,2023-12-01,Completed,66.92
1788,7,2023-03-10,2023-04-09,Completed,98.17
1788,3,2023-12-09,,Dropped,0.0
1788,1,2023-02-11,2023-03-13,Completed,78.52
1789,2,2023-07-20,,Dropped,0.0
1789,1,2023-01-01,2023-01-31,Completed,63.89
1789,6,2023-01-15,2023-02-14,Completed,71.87
1789,8,2023-09-06,2023-10-06,Completed,59.5
1790,7,2023-09-21,2023-10-21,Completed,92.3
1790,6,2023-07-25,2023-08-24,Completed,91.11
1790,10,2023-10-14,,Dropped,0.0
1791,4,2023-09-20,2023-10-20,Completed,62.83
1791,8,2023-06-18,2023-07-18,Completed,68.71
1792,9,2023-06-18,,In Progress,0.0
1792,3,2023-11-06,2023-12-06,Completed,90.84
1792,2,2023-11-27,2023-12-27,Completed,57.36
1792,10,2023-03-17,2023-04-16,Completed,63.56
1793,6,2023-07-07,2023-08-06,Completed,94.06
1793,3,2023-08-05,2023-09-04,Completed,59.02
1793,8,2023-07-22,,In Progress,0.0
1794,4,2023-07-24,2023-08-23,Completed,92.11
1794,8,2023-06-17,2023-07-17,Completed,95.19
1794,9,2023-03-13,2023-04-12,Completed,63.59
1795,7,2023-04-17,2023-05-17,Completed,64.58
1796,8,2023-01-15,2023-02-14,Completed,85.88
1796,5,2023-05-01,2023-05-31,Completed,77.09
1796,6,2023-03-02,,In Progress,0.0
1796,4,2023-02-02,2023-03-04,Completed,80.2
1797,10,2023-11-11,2023-12-11,Completed,76.32
1798,5,2023-05-17,2023-06-16,Completed,62.01
1798,1,2023-05-01,2023-05-31,Completed,68.84
1798,10,2023-10-19,,In Progress,0.0
1798,6,2023-05-21,2023-06-20,Completed,56.95
1799,9,2023-10-27,2023-11-26,Completed,69.82
1799,7,2023-01-04,,Dropped,0.0
1799,5,2023-06-19,2023-07-19,Completed,60.72
1799,1,2023-09-08,2023-10-08,Completed,77.3
1800,5,2023-05-18,,In Progress,0.0
1801,5,2023-03-25,,Dropped,0.0
1802,8,2023-11-01,,In Progress,0.0
1802,7,2023-02-09,2023-03-11,Completed,72.44
1802,2,2023-11-05,2023-12-05,Completed,88.22
1803,6,2023-12-11,2024-01-10,Completed,56.64
1803,5,2023-12-13,2024-01-12,Completed,72.82
1803,3,2023-06-06,2023-07-06,Completed,96.41
1803,1,2023-05-12,2023-06-11,Completed,60.15
1804,10,2023-10-24,,Dropped,0.0
1804,3,2023-02-05,2023-03-07,Completed,78.61
1805,7,2023-07-05,2023-08-04,Completed,55.4
1806,6,2023-06-21,2023-07-21,Completed,72.97
1807,6,2023-02-26,,In Progress,0.0
1807,5,2023-09-20,2023-10-20,Completed,63.58
1807,4,2023-09-21,2023-10-21,Completed,76.94
1807,2,2023-04-12,2023-05-12,Completed,96.02
1808,10,2023-07-21,2023-08-20,Completed,98.59
1808,4,2023-02-26,2023-03-28,Completed,83.28
1809,3,2023-02-20,2023-03-22,Completed,73.0
1809,6,2023-07-07,2023-08-06,Completed,86.3
1809,2,2023-01-04,2023-02-03,Completed,56.99
1810,10,2023-06-16,,In Progress,0.0
1810,3,2023-02-27,2023-03-29,Completed,69.03
1810,9,2023-01-07,2023-02-06,Completed,90.2
1811,10,2023-09-20,2023-10-20,Completed,72.36
1811,6,2023-04-17,,In Progress,0.0
1811,1,2023-05-26,2023-06-25,Completed,78.9
1812,1,2023-02-14,,Dropped,0.0
1812,7,2023-09-03,2023-10-03,Completed,68.93
1812,4,2023-06-02,2023-07-02,Completed,95.27
1812,9,2023-01-17,2023-02-16,Completed,79.12
1813,8,2023-09-11,2023-10-11,Completed,60.95
1813,2,2023-01-10,,Dropped,0.0
1813,5,2023-09-15,2023-10-15,Completed,81.9
1813,6,2023-11-21,,Dropped,0.0
1814,6,2023-07-04,2023-08-03,Completed,97.15
1814,9,2023-03-09,2023-04-08,Completed,60.98
1814,7,2023-02-18,2023-03-20,Completed,68.95
1815,3,2023-07-19,,In Progress,0.0
1815,2,2023-09-10,2023-10-10,Completed,67.82
1815,9,2023-09-19,2023-10-19,Completed,71.59
1815,7,2023-02-16,2023-03-18,Completed,62.41
1816,8,2023-10-11,,In Progress,0.0
1816,2,2023-06-23,2023-07-23,Completed,87.37
1816,4,2023-12-20,2024-01-19,Completed,88.59
1816,5,2023-01-27,,Dropped,0.0
1817,8,2023-06-21,2023-07-21,Completed,57.44
1817,2,2023-02-13,2023-03-15,Completed,59.39
1817,5,2023-05-01,2023-05-31,Completed,59.67
1817,1,2023-08-15,2023-09-14,Completed,68.29
1818,10,2023-04-27,,Dropped,0.0
1818,5,2023-03-01,2023-03-31,Completed,93.71
1819,8,2023-12-22,2024-01-21,Completed,61.76
1819,5,2023-02-12,2023-03-14,Completed,69.13
1819,7,2023-10-10,2023-11-09,Completed,65.36
1820,6,2023-12-01,,In Progress,0.0
1821,7,2023-08-19,2023-09-18,Completed,96.23
1822,3,2023-01-22,2023-02-21,Completed,97.19
1823,1,2023-01-16,2023-02-15,Completed,57.99
1823,6,2023-09-26,,Dropped,0.0
1823,8,2023-01-24,2023-02-23,Completed,76.03
1823,4,2023-06-20,2023-07-20,Completed,64.02
1824,10,2023-04-15,,In Progress,0.0
1825,3,2023-11-15,2023-12-15,Completed,92.09
1825,10,2023-02-10,2023-03-12,Completed,97.32
1826,7,2023-02-20,2023-03-22,Completed,66.35
1826,5,2023-02-21,,In Progress,0.0
1826,9,2023-08-16,,In Progress,0.0
1827,8,2023-01-16,2023-02-15,Completed,60.89
1827,3,2023-10-01,2023-10-31,Completed,97.23
1827,2,2023-02-01,,Dropped,0.0
1828,3,2023-05-05,,In Progress,0.0
1828,4,2023-12-25,2024-01-24,Completed,81.87
1828,8,2023-03-22,2023-04-21,Completed,80.85
1829,1,2023-01-09,2023-02-08,Completed,56.16
1830,5,2023-02-03,2023-03-05,Completed,75.36
1831,8,2023-01-03,2023-02-02,Completed,57.23
1832,8,2023-01-26,2023-02-25,Completed,84.73
1833,7,2023-06-20,,In Progress,0.0
1834,4,2023-04-04,2023-05-04,Completed,62.81
1835,7,2023-12-01,2023-12-31,Completed,94.42
1835,8,2023-01-06,2023-02-05,Completed,76.14
1835,2,2023-02-01,2023-03-03,Completed,89.99
1836,10,2023-08-12,,Dropped,0.0
1837,10,2023-01-09,2023-02-08,Completed,59.36
1838,6,2023-05-03,2023-06-02,Completed,88.41
1839,3,2023-07-10,,In Progress,0.0
1840,8,2023-10-25,2023-11-24,Completed,63.36
1840,7,2023-01-20,2023-02-19,Completed,84.9
1840,5,2023-07-12,2023-08-11,Completed,99.66
1841,9,2023-08-18,2023-09-17,Completed,95.57
1841,1,2023-08-22,2023-09-21,Completed,70.1
1842,2,2023-06-17,2023-07-17,Completed,61.83
1843,9,2023-03-16,2023-04-15,Completed,95.94
1843,3,2023-06-18,,Dropped,0.0
1843,2,2023-08-02,2023-09-01,Completed,62.76
1844,6,2023-11-11,2023-12-11,Completed,92.78
1844,4,2023-12-02,2024-01-01,Completed,76.24
1844,1,2023-04-07,2023-05-07,Completed,55.41
1845,7,2023-10-27,,In Progress,0.0
1846,1,2023-10-13,,In Progress,0.0
1846,4,2023-04-25,,In Progress,0.0
1847,7,2023-03-11,2023-04-10,Completed,62.13
1847,1,2023-10-24,2023-11-23,Completed,94.21
1847,5,2023-07-19,2023-08-18,Completed,80.64
1847,4,2023-03-01,2023-03-31,Completed,68.46
1848,8,2023-01-10,,In Progress,0.0
1848,9,2023-05-22,2023-06-21,Completed,55.38
1848,1,2023-03-09,2023-04-08,Completed,86.17
1849,3,2023-10-22,2023-11-21,Completed,56.5
1850,5,2023-09-17,2023-10-17,Completed,70.02
1850,10,2023-06-18,2023-07-18,Completed,59.88
1850,7,2023-06-26,,Dropped,0.0
1850,8,2023-08-06,,Dropped,0.0
1851,7,2023-07-04,2023-08-03,Completed,70.23
1852,2,2023-02-04,2023-03-06,Completed,63.66
1853,7,2023-10-20,,In Progress,0.0
1854,3,2023-07-07,,In Progress,0.0
1854,6,2023-08-19,2023-09-18,Completed,70.66
1854,5,2023-09-05,2023-10-05,Completed,96.92
1855,8,2023-09-21,,In Progress,0.0
1855,4,2023-08-19,,In Progress,0.0
1856,7,2023-07-12,2023-08-11,Completed,96.79
1856,8,2023-09-16,,In Progress,0.0
1856,10,2023-09-20,2023-10-20,Completed,96.11
1856,5,2023-01-17,,In Progress,0.0
1857,1,2023-03-16,2023-04-15,Completed,66.31
1857,8,2023-02-03,2023-03-05,Completed,96.17
1857,2,2023-08-10,2023-09-09,Completed,94.24
1857,9,2023-11-20,,Dropped,0.0
1858,10,2023-05-27,2023-06-26,Completed,59.09
1858,9,2023-06-20,,Dropped,0.0
1858,7,2023-06-07,,In Progress,0.0
1858,1,2023-03-02,2023-04-01,Completed,92.93
1859,7,2023-01-09,2023-02-08,Completed,76.37
1859,1,2023-08-05,2023-09-04,Completed,90.45
1860,2,2023-08-27,2023-09-26,Completed,74.76
1861,9,2023-07-13,2023-08-12,Completed,65.21
1861,1,2023-02-25,2023-03-27,Completed,93.51
1862,9,2023-09-07,2023-10-07,Completed,55.45
1863,8,2023-12-19,2024-01-18,Completed,75.24
1863,9,2023-05-12,2023-06-11,Completed,76.42
1864,3,2023-08-17,2023-09-16,Completed,84.73
1865,8,2023-12-20,2024-01-19,Completed,82.98
1865,3,2023-07-14,2023-08-13,Completed,55.32
1865,1,2023-07-14,,Dropped,0.0
1866,9,2023-06-23,2023-07-23,Completed,85.71
1866,4,2023-06-03,,In Progress,0.0
1866,1,2023-04-04,,Dropped,0.0
1866,10,2023-10-12,2023-11-11,Completed,91.43
1867,4,2023-07-23,2023-08-22,Completed,61.9
1867,3,2023-10-06,2023-11-05,Completed,86.0
1867,5,2023-11-12,2023-12-12,Completed,89.87
1868,3,2023-11-10,2023-12-10,Completed,63.26
1868,10,2023-05-15,2023-06-14,Completed,71.73
1868,8,2023-03-05,,In Progress,0.0
1868,7,2023-09-21,,In Progress,0.0
1869,1,2023-02-02,2023-03-04,Completed,84.49
1870,5,2023-06-26,2023-07-26,Completed,85.27
1870,3,2023-03-20,,In Progress,0.0
1870,7,2023-07-08,2023-08-07,Completed,88.73
1870,9,2023-10-24,,In Progress,0.0
1871,7,2023-06-01,2023-07-01,Completed,98.13
1872,8,2023-04-27,2023-05-27,Completed,76.67
1872,3,2023-08-13,2023-09-12,Completed,70.68
1873,1,2023-03-11,,In Progress,0.0
1873,10,2023-10-08,,In Progress,0.0
1874,3,2023-02-12,2023-03-14,Completed,64.63
1875,4,2023-03-02,2023-04-01,Completed,82.36
1876,5,2023-05-07,2023-06-06,Completed,60.99
1877,8,2023-01-16,,In Progress,0.0
1877,7,2023-06-27,,Dropped,0.0
1877,1,2023-06-01,2023-07-01,Completed,91.93
1877,2,2023-10-26,2023-11-25,Completed,63.18
1878,10,2023-03-26,2023-04-25,Completed,58.86
1878,5,2023-03-01,2023-03-31,Completed,79.35
1878,4,2023-08-14,,Dropped,0.0
1878,8,2023-02-22,,Dropped,0.0
1879,9,2023-09-15,2023-10-15,Completed,94.8
1879,5,2023-08-18,2023-09-17,Completed,95.12
1880,4,2023-01-13,2023-02-12,Completed,93.59
1880,2,2023-12-17,2024-01-16,Completed,80.67
1881,6,2023-11-18,2023-12-18,Completed,76.71
1882,2,2023-02-20,2023-03-22,Completed,74.48
1882,8,2023-10-18,,In Progress,0.0
1882,7,2023-12-19,2024-01-18,Completed,74.86
1882,6,2023-10-12,2023-11-11,Completed,65.42
1883,1,2023-02-18,,In Progress,0.0
1883,7,2023-05-10,2023-06-09,Completed,97.71
1883,4,2023-02-17,2023-03-19,Completed,78.0
1883,9,2023-02-09,2023-03-11,Completed,78.96
1884,4,2023-02-14,2023-03-16,Completed,76.52
1884,6,2023-08-01,2023-08-31,Completed,58.66
1884,3,2023-10-26,2023-11-25,Completed,95.87
1884,2,2023-10-22,,In Progress,0.0
1885,3,2023-02-11,,In Progress,0.0
1885,9,2023-03-17,,In Progress,0.0
1885,7,2023-12-20,2024-01-19,Completed,58.62
1886,9,2023-11-06,2023-12-06,Completed,93.89
1886,1,2023-05-04,2023-06-03,Completed,82.46
1886,10,2023-09-22,2023-10-22,Completed,62.15
1886,7,2023-10-17,2023-11-16,Completed,65.31
1887,4,2023-03-11,2023-04-10,Completed,77.88
1887,9,2023-12-26,,In Progress,0.0
1888,3,2023-04-05,2023-05-05,Completed,68.05
1888,7,2023-11-15,2023-12-15,Completed,62.01
1888,10,2023-05-08,2023-06-07,Completed,62.33
1889,1,2023-04-18,2023-05-18,Completed,55.63
1889,8,2023-08-21,2023-09-20,Completed,94.32
1889,2,2023-09-10,2023-10-10,Completed,73.94
1890,9,2023-08-22,2023-09-21,Completed,84.61
1891,10,2023-01-24,2023-02-23,Completed,96.41
1892,1,2023-06-07,,In Progress,0.0
1892,7,2023-06-20,,Dropped,0.0
1892,6,2023-09-06,2023-10-06,Completed,71.43
1893,4,2023-08-18,2023-09-17,Completed,55.75
1893,5,2023-05-06,,In Progress,0.0
1893,8,2023-03-12,,In Progress,0.0
1894,7,2023-08-09,,Dropped,0.0
1894,4,2023-12-23,2024-01-22,Completed,71.28
1894,3,2023-11-18,2023-12-18,Completed,75.81
1895,8,2023-01-09,2023-02-08,Completed,84.38
1895,3,2023-01-27,2023-02-26,Completed,76.14
1895,1,2023-08-25,2023-09-24,Completed,79.46
1896,2,2023-03-14,2023-04-13,Completed,83.38
1896,3,2023-07-26,,Dropped,0.0
1896,1,2023-07-18,2023-08-17,Completed,61.14
1896,6,2023-11-27,2023-12-27,Completed,73.76
1897,9,2023-09-26,,In Progress,0.0
1897,2,2023-01-07,2023-02-06,Completed,56.84
1897,4,2023-02-20,2023-03-22,Completed,66.38
1898,7,2023-07-07,2023-08-06,Completed,66.63
1898,9,2023-07-07,2023-08-06,Completed,76.41
1898,2,2023-05-18,,In Progress,0.0
1899,9,2023-01-15,2023-02-14,Completed,55.01
1899,10,2023-02-15,2023-03-17,Completed,59.6
1899,8,2023-05-11,,In Progress,0.0
1899,3,2023-06-09,2023-07-09,Completed,70.12
1900,3,2023-12-05,2024-01-04,Completed,75.11
1900,8,2023-01-25,,Dropped,0.0
1900,6,2023-05-14,2023-06-13,Completed,85.2
1901,9,2023-11-02,2023-12-02,Completed,92.64
1901,8,2023-05-19,2023-06-18,Completed,63.01
1901,7,2023-12-27,2024-01-26,Completed,78.56
1901,2,2023-09-14,2023-10-14,Completed,68.3
1902,1,2023-03-23,,Dropped,0.0
1903,5,2023-05-23,2023-06-22,Completed,82.82
1903,1,2023-02-27,2023-03-29,Completed,88.08
1904,5,2023-06-05,,In Progress,0.0
1904,2,2023-03-22,,In Progress,0.0
1904,1,2023-04-10,2023-05-10,Completed,73.03
1904,9,2023-05-06,2023-06-05,Completed,92.77
1905,5,2023-02-18,2023-03-20,Completed,71.64
1905,7,2023-01-02,2023-02-01,Completed,63.42
1906,8,2023-03-18,,In Progress,0.0
1906,3,2023-12-13,,In Progress,0.0
1906,6,2023-09-13,2023-10-13,Completed,73.13
1907,3,2023-01-18,2023-02-17,Completed,66.27
1908,5,2023-02-27,2023-03-29,Completed,75.59
1908,10,2023-06-07,2023-07-07,Completed,95.59
1908,9,2023-11-20,2023-12-20,Completed,61.95
1909,10,2023-04-11,,In Progress,0.0
1910,2,2023-09-10,2023-10-10,Completed,84.48
1910,6,2023-01-18,2023-02-17,Completed,95.07
1910,9,2023-04-27,,In Progress,0.0
1910,3,2023-01-17,2023-02-16,Completed,73.88
1911,2,2023-08-25,2023-09-24,Completed,77.35
1912,5,2023-02-13,2023-03-15,Completed,83.33
1913,2,2023-04-17,2023-05-17,Completed,60.69
1914,2,2023-06-21,,In Progress,0.0
1915,6,2023-03-01,,In Progress,0.0
1916,10,2023-02-14,2023-03-16,Completed,70.86
1916,1,2023-05-07,2023-06-06,Completed,62.96
1916,7,2023-12-23,2024-01-22,Completed,55.86
1916,8,2023-01-13,2023-02-12,Completed,64.99
1917,2,2023-11-05,2023-12-05,Completed,69.03
1917,5,2023-09-10,2023-10-10,Completed,81.27
1918,2,2023-02-21,,Dropped,0.0
1918,9,2023-03-25,2023-04-24,Completed,65.41
1919,2,2023-11-08,,Dropped,0.0
1919,6,2023-06-01,2023-07-01,Completed,78.04
1919,7,2023-07-18,2023-08-17,Completed,56.54
1920,4,2023-03-23,2023-04-22,Completed,95.7
1920,9,2023-08-20,2023-09-19,Completed,69.77
1921,3,2023-08-25,2023-09-24,Completed,59.87
1921,2,2023-09-15,,In Progress,0.0
1921,4,2023-06-03,2023-07-03,Completed,61.12
1921,6,2023-09-04,2023-10-04,Completed,85.68
1922,6,2023-05-19,2023-06-18,Completed,84.03
1922,8,2023-04-25,2023-05-25,Completed,87.56
1922,3,2023-02-06,,In Progress,0.0
1922,4,2023-09-09,,Dropped,0.0
1923,6,2023-04-18,,In Progress,0.0
1923,3,2023-08-15,2023-09-14,Completed,71.33
1923,7,2023-02-03,2023-03-05,Completed,82.14
1923,1,2023-04-05,2023-05-05,Completed,55.7
1924,7,2023-06-08,2023-07-08,Completed,72.75
1924,10,2023-02-25,,In Progress,0.0
1924,5,2023-12-01,,In Progress,0.0
1924,2,2023-02-18,2023-03-20,Completed,68.24
1925,4,2023-10-15,2023-11-14,Completed,72.66
1925,9,2023-01-16,,Dropped,0.0
1925,5,2023-06-06,2023-07-06,Completed,99.06
1925,7,2023-11-06,2023-12-06,Completed,96.6
1926,4,2023-10-14,,In Progress,0.0
1927,4,2023-08-24,2023-09-23,Completed,60.86
1927,10,2023-11-05,,In Progress,0.0
1927,6,2023-04-02,2023-05-02,Completed,65.71
1928,8,2023-11-06,2023-12-06,Completed,97.46
1928,6,2023-08-11,,In Progress,0.0
1928,7,2023-07-03,,Dropped,0.0
1929,5,2023-06-14,2023-07-14,Completed,67.17
1930,2,2023-02-11,,In Progress,0.0
1930,1,2023-09-11,,In Progress,0.0
1930,4,2023-08-21,2023-09-20,Completed,64.12
1930,5,2023-07-10,2023-08-09,Completed,78.56
1931,3,2023-08-12,2023-09-11,Completed,89.16
1932,8,2023-03-04,,Dropped,0.0
1932,6,2023-01-23,2023-02-22,Completed,57.58
1932,5,2023-08-02,2023-09-01,Completed,57.56
1933,7,2023-03-06,2023-04-05,Completed,85.6
1933,9,2023-05-08,,In Progress,0.0
1933,4,2023-06-11,2023-07-11,Completed,62.83
1934,7,2023-09-02,2023-10-02,Completed,57.78
1934,1,2023-05-24,2023-06-23,Completed,83.78
1935,4,2023-07-20,2023-08-19,Completed,70.86
1935,7,2023-08-20,2023-09-19,Completed,74.46
1935,2,2023-05-07,,In Progress,0.0
1936,8,2023-02-07,2023-03-09,Completed,57.57
1936,7,2023-10-07,2023-11-06,Completed,88.51
1937,10,2023-07-10,,In Progress,0.0
1937,9,2023-03-16,2023-04-15,Completed,88.88
1937,7,2023-09-21,2023-10-21,Completed,70.39
1938,1,2023-05-17,2023-06-16,Completed,99.7
1938,2,2023-12-09,2024-01-08,Completed,76.57
1939,8,2023-08-06,,Dropped,0.0
1939,6,2023-04-04,2023-05-04,Completed,89.16
1939,1,2023-03-03,2023-04-02,Completed,86.04
1939,2,2023-07-14,2023-08-13,Completed,57.4
1940,5,2023-05-14,2023-06-13,Completed,94.46
1941,9,2023-02-03,2023-03-05,Completed,70.97
1941,6,2023-02-07,2023-03-09,Completed,88.11
1941,5,2023-01-23,2023-02-22,Completed,81.34
1942,1,2023-08-02,2023-09-01,Completed,87.66
1942,9,2023-02-23,,In Progress,0.0
1942,2,2023-03-21,2023-04-20,Completed,85.15
1943,3,2023-05-03,2023-06-02,Completed,64.03
1943,8,2023-01-19,,In Progress,0.0
1943,10,2023-05-02,2023-06-01,Completed,90.28
1944,3,2023-08-09,2023-09-08,Completed,92.59
1945,1,2023-05-16,2023-06-15,Completed,79.63
1945,10,2023-02-06,2023-03-08,Completed,76.69
1946,5,2023-08-11,,Dropped,0.0
1946,6,2023-04-17,2023-05-17,Completed,89.26
1947,4,2023-03-07,2023-04-06,Completed,82.66
1947,2,2023-07-18,2023-08-17,Completed,97.73
1947,7,2023-07-15,,Dropped,0.0
1948,4,2023-04-16,,Dropped,0.0
1948,7,2023-04-02,2023-05-02,Completed,83.66
1949,9,2023-02-07,2023-03-09,Completed,56.23
1949,8,2023-04-21,,In Progress,0.0
1950,8,2023-07-21,2023-08-20,Completed,86.76
1950,9,2023-11-24,2023-12-24,Completed,76.68
1950,10,2023-06-16,,Dropped,0.0
1950,7,2023-11-02,,In Progress,0.0
1951,8,2023-02-24,,Dropped,0.0
1951,9,2023-07-01,2023-07-31,Completed,80.62
1951,5,2023-06-10,2023-07-10,Completed,71.75
1952,5,2023-10-09,2023-11-08,Completed,94.33
1952,7,2023-08-21,,Dropped,0.0
1952,6,2023-09-10,2023-10-10,Completed,65.75
1953,8,2023-10-24,,Dropped,0.0
1953,9,2023-06-08,2023-07-08,Completed,94.56
1953,5,2023-01-01,2023-01-31,Completed,69.93
1954,7,2023-11-11,,In Progress,0.0
1954,4,2023-06-16,,In Progress,0.0
1955,8,2023-06-23,,In Progress,0.0
1955,4,2023-09-19,,In Progress,0.0
1955,5,2023-12-10,,Dropped,0.0
1956,9,2023-02-16,,In Progress,0.0
1956,5,2023-03-23,2023-04-22,Completed,95.57
1956,7,2023-10-05,2023-11-04,Completed,65.51
1956,10,2023-08-22,,In Progress,0.0
1957,3,2023-08-12,2023-09-11,Completed,99.94
1957,7,2023-06-02,2023-07-02,Completed,57.68
1957,1,2023-06-11,2023-07-11,Completed,99.96
1957,2,2023-06-10,2023-07-10,Completed,92.94
1958,2,2023-12-27,2024-01-26,Completed,60.76
1958,1,2023-05-12,2023-06-11,Completed,91.04
1958,9,2023-04-09,2023-05-09,Completed,65.09
1959,3,2023-12-05,,Dropped,0.0
1959,1,2023-09-09,2023-10-09,Completed,97.41
1960,2,2023-01-26,2023-02-25,Completed,67.6
1961,2,2023-03-03,2023-04-02,Completed,94.69
1962,9,2023-08-01,,Dropped,0.0
1962,7,2023-04-17,,In Progress,0.0
1962,10,2023-01-02,2023-02-01,Completed,81.33
1962,8,2023-11-19,,Dropped,0.0
1963,4,2023-04-11,,In Progress,0.0
1964,3,2023-10-20,,In Progress,0.0
1964,2,2023-11-22,2023-12-22,Completed,68.88
1964,9,2023-04-18,2023-05-18,Completed,74.64
1965,7,2023-06-15,2023-07-15,Completed,99.15
1965,4,2023-07-04,2023-08-03,Completed,65.78
1966,8,2023-05-20,2023-06-19,Completed,63.37
1966,1,2023-12-18,2024-01-17,Completed,63.67
1967,8,2023-05-12,,In Progress,0.0
1967,9,2023-04-19,2023-05-19,Completed,59.61
1967,3,2023-04-16,2023-05-16,Completed,58.3
1968,7,2023-06-20,,In Progress,0.0
1968,5,2023-08-26,,In Progress,0.0
1968,4,2023-03-12,2023-04-11,Completed,78.44
1969,4,2023-01-10,2023-02-09,Completed,81.28
1970,5,2023-05-11,,Dropped,0.0
1970,3,2023-09-06,2023-10-06,Completed,86.65
1970,10,2023-07-08,2023-08-07,Completed,96.17
1970,7,2023-08-27,,Dropped,0.0
1971,8,2023-07-25,2023-08-24,Completed,84.59
1971,10,2023-01-25,2023-02-24,Completed,78.49
1971,7,2023-09-23,2023-10-23,Completed,68.11
1972,5,2023-01-26,2023-02-25,Completed,73.73
1972,7,2023-05-18,,Dropped,0.0
1972,3,2023-03-06,,In Progress,0.0
1973,9,2023-01-18,2023-02-17,Completed,92.95
1974,3,2023-08-23,2023-09-22,Completed,82.16
1974,6,2023-11-06,2023-12-06,Completed,88.37
1975,8,2023-04-27,2023-05-27,Completed,94.44
1975,6,2023-06-11,2023-07-11,Completed,99.84
1975,3,2023-04-17,2023-05-17,Completed,63.97
1975,4,2023-12-04,2024-01-03,Completed,93.74
1976,5,2023-08-08,2023-09-07,Completed,60.65
1976,8,2023-02-21,2023-03-23,Completed,66.77
1976,1,2023-08-17,2023-09-16,Completed,72.08
1976,3,2023-08-18,2023-09-17,Completed,93.74
1977,1,2023-05-21,,In Progress,0.0
1977,8,2023-12-05,2024-01-04,Completed,77.29
1978,3,2023-07-24,2023-08-23,Completed,91.54
1979,10,2023-07-03,,Dropped,0.0
1979,2,2023-09-26,2023-10-26,Completed,99.66
1979,5,2023-11-10,2023-12-10,Completed,85.78
1979,4,2023-02-08,,Dropped,0.0
1980,9,2023-11-02,2023-12-02,Completed,88.68
1981,1,2023-08-13,2023-09-12,Completed,75.96
1981,6,2023-12-27,2024-01-26,Completed,62.23
1982,10,2023-04-08,2023-05-08,Completed,67.12
1982,5,2023-05-08,2023-06-07,Completed,70.06
1983,5,2023-05-06,2023-06-05,Completed,77.03
1984,5,2023-04-18,2023-05-18,Completed,63.28
1984,7,2023-08-03,,Dropped,0.0
1984,8,2023-11-15,2023-12-15,Completed,67.45
1985,8,2023-06-19,2023-07-19,Completed,85.36
1986,4,2023-01-16,,In Progress,0.0
1987,5,2023-06-11,,In Progress,0.0
1987,4,2023-11-15,,In Progress,0.0
1987,10,2023-12-15,2024-01-14,Completed,60.71
1988,5,2023-03-20,2023-04-19,Completed,58.5
1988,3,2023-01-18,2023-02-17,Completed,81.67
1988,8,2023-09-17,2023-10-17,Completed,91.23
1988,6,2023-05-22,2023-06-21,Completed,81.92
1989,6,2023-12-05,2024-01-04,Completed,55.73
1989,7,2023-07-10,,In Progress,0.0
1989,9,2023-06-09,2023-07-09,Completed,79.77
1990,1,2023-05-20,,In Progress,0.0
1990,3,2023-04-04,2023-05-04,Completed,84.8
1990,6,2023-05-27,2023-06-26,Completed,60.62
1991,2,2023-10-17,2023-11-16,Completed,92.02
1991,9,2023-11-19,2023-12-19,Completed,77.35
1991,10,2023-11-19,,In Progress,0.0
1992,2,2023-02-05,2023-03-07,Completed,58.3
1992,3,2023-06-07,2023-07-07,Completed,86.33
1992,8,2023-03-19,,In Progress,0.0
1992,9,2023-01-26,2023-02-25,Completed,96.07
1993,2,2023-09-03,2023-10-03,Completed,57.69
1993,5,2023-06-27,2023-07-27,Completed,91.32
1993,6,2023-07-14,,In Progress,0.0
1993,9,2023-05-12,,Dropped,0.0
1994,5,2023-12-23,2024-01-22,Completed,64.08
1994,4,2023-05-27,,Dropped,0.0
1994,2,2023-12-05,2024-01-04,Completed,77.74
1994,10,2023-10-13,,In Progress,0.0
1995,8,2023-08-25,2023-09-24,Completed,91.84
1995,2,2023-10-22,2023-11-21,Completed,77.71
1995,9,2023-08-24,,Dropped,0.0
1996,3,2023-03-15,,Dropped,0.0
1996,10,2023-07-13,2023-08-12,Completed,73.97
1997,9,2023-01-05,2023-02-04,Completed,86.84
1998,1,2023-10-11,2023-11-10,Completed,61.89
1998,4,2023-09-21,2023-10-21,Completed,72.85
1998,5,2023-07-21,,In Progress,0.0
1999,7,2023-07-14,2023-08-13,Completed,67.81
2000,7,2023-07-13,2023-08-12,Completed,93.37
2000,3,2023-08-16,,Dropped,0.0
2000,6,2023-08-24,2023-09-23,Completed,80.35
2000,9,2023-12-06,2024-01-05,Completed,69.77
2001,4,2023-02-23,2023-03-25,Completed,79.11
2001,6,2023-11-06,2023-12-06,Completed,73.44
2001,7,2023-03-20,,In Progress,0.0
2002,10,2023-07-23,2023-08-22,Completed,63.41
2002,3,2023-02-04,2023-03-06,Completed,72.52
2002,1,2023-03-20,2023-04-19,Completed,87.79
2002,6,2023-08-24,,In Progress,0.0
2003,2,2023-09-22,2023-10-22,Completed,78.33
2003,10,2023-11-06,,In Progress,0.0
2003,4,2023-01-12,2023-02-11,Completed,77.26
2003,3,2023-05-25,2023-06-24,Completed,94.51
2004,10,2023-10-14,,In Progress,0.0
2004,5,2023-08-09,,In Progress,0.0
2005,6,2023-08-03,2023-09-02,Completed,80.51
2005,4,2023-10-20,2023-11-19,Completed,98.93
2006,7,2023-11-24,,Dropped,0.0
2006,3,2023-08-07,,Dropped,0.0
2007,7,2023-02-25,,In Progress,0.0
2007,8,2023-03-26,2023-04-25,Completed,71.94
2007,3,2023-03-06,,In Progress,0.0
2008,10,2023-01-06,2023-02-05,Completed,75.89
2008,1,2023-08-25,2023-09-24,Completed,93.74
2009,9,2023-05-10,2023-06-09,Completed,55.21
2010,2,2023-04-26,2023-05-26,Completed,77.49
2010,7,2023-11-11,2023-12-11,Completed,77.61
2010,10,2023-07-25,2023-08-24,Completed,79.44
2011,2,2023-08-27,2023-09-26,Completed,61.35
2011,4,2023-08-17,2023-09-16,Completed,95.75
2012,8,2023-06-05,,In Progress,0.0
2012,3,2023-06-17,2023-07-17,Completed,77.43
2012,10,2023-02-17,2023-03-19,Completed,80.45
2013,10,2023-04-26,2023-05-26,Completed,79.58
2013,4,2023-11-05,2023-12-05,Completed,79.13
2013,7,2023-03-09,,In Progress,0.0
2014,3,2023-11-17,2023-12-17,Completed,69.28
2014,2,2023-06-13,2023-07-13,Completed,61.0
2014,9,2023-03-26,2023-04-25,Completed,89.19
2015,10,2023-02-21,2023-03-23,Completed,72.6
2015,2,2023-04-22,2023-05-22,Completed,78.03
2015,8,2023-06-13,2023-07-13,Completed,59.86
2015,9,2023-07-27,,In Progress,0.0
2016,1,2023-08-23,2023-09-22,Completed,90.78
2016,6,2023-01-23,2023-02-22,Completed,56.23
2017,5,2023-06-21,2023-07-21,Completed,90.48
2017,9,2023-02-05,2023-03-07,Completed,94.08
2017,6,2023-12-07,,Dropped,0.0
2017,1,2023-12-27,2024-01-26,Completed,63.85
2018,3,2023-12-16,2024-01-15,Completed,68.94
2018,6,2023-12-24,2024-01-23,Completed,77.35
2019,9,2023-06-05,2023-07-05,Completed,60.6
2019,7,2023-07-14,2023-08-13,Completed,66.63
2020,6,2023-01-05,2023-02-04,Completed,73.69
2020,5,2023-10-13,2023-11-12,Completed,83.3
2020,2,2023-11-24,2023-12-24,Completed,96.56
2021,9,2023-07-04,2023-08-03,Completed,77.48
2021,6,2023-08-27,2023-09-26,Completed,83.88
2022,4,2023-11-20,,Dropped,0.0
2022,8,2023-05-26,2023-06-25,Completed,76.7
2022,9,2023-08-26,2023-09-25,Completed,71.05
2023,8,2023-01-02,2023-02-01,Completed,57.03
2024,8,2023-05-12,2023-06-11,Completed,98.21
2025,2,2023-11-15,,In Progress,0.0
2026,9,2023-01-20,2023-02-19,Completed,70.77
2026,10,2023-01-25,,In Progress,0.0
2026,4,2023-07-07,,Dropped,0.0
2026,2,2023-08-01,2023-08-31,Completed,79.14
2027,2,2023-12-05,2024-01-04,Completed,70.66
2028,7,2023-08-04,2023-09-03,Completed,73.05
2028,3,2023-03-27,2023-04-26,Completed,84.78
2028,10,2023-11-16,2023-12-16,Completed,98.04
2029,2,2023-08-05,2023-09-04,Completed,78.5
2029,6,2023-08-26,2023-09-25,Completed,94.2
2029,1,2023-06-24,2023-07-24,Completed,79.69
2030,3,2023-02-27,,In Progress,0.0
2030,5,2023-01-23,,Dropped,0.0
2031,8,2023-09-27,2023-10-27,Completed,73.47
2031,5,2023-08-01,2023-08-31,Completed,55.99
2032,5,2023-04-12,2023-05-12,Completed,83.57
2032,1,2023-09-24,2023-10-24,Completed,60.49
2032,2,2023-01-04,2023-02-03,Completed,71.67
2033,1,2023-08-17,2023-09-16,Completed,79.52
2033,5,2023-11-22,2023-12-22,Completed,64.74
2034,4,2023-03-26,,Dropped,0.0
2034,1,2023-02-01,2023-03-03,Completed,60.78
2035,8,2023-05-11,,In Progress,0.0
2036,9,2023-09-21,2023-10-21,Completed,87.66
2037,6,2023-03-24,2023-04-23,Completed,58.06
2037,5,2023-05-10,2023-06-09,Completed,78.11
2037,10,2023-01-17,2023-02-16,Completed,61.89
2037,3,2023-01-12,2023-02-11,Completed,85.84
2038,8,2023-10-23,2023-11-22,Completed,68.85
2039,4,2023-11-13,2023-12-13,Completed,83.46
2040,7,2023-04-17,2023-05-17,Completed,92.07
2040,2,2023-10-07,2023-11-06,Completed,90.22
2040,5,2023-09-12,2023-10-12,Completed,76.88
2041,6,2023-11-05,,In Progress,0.0
2041,10,2023-11-26,,In Progress,0.0
2041,8,2023-01-17,2023-02-16,Completed,71.81
2042,6,2023-08-04,2023-09-03,Completed,93.26
2042,1,2023-10-20,2023-11-19,Completed,76.78
2042,7,2023-12-26,,In Progress,0.0
2043,9,2023-01-25,,In Progress,0.0
2044,2,2023-12-27,2024-01-26,Completed,81.91
2044,7,2023-03-09,2023-04-08,Completed,55.35
2044,3,2023-03-18,2023-04-17,Completed,84.82
2044,10,2023-01-06,,Dropped,0.0
2045,10,2023-11-04,2023-12-04,Completed,59.18
2045,6,2023-09-08,2023-10-08,Completed,91.27
2045,3,2023-10-08,,In Progress,0.0
2045,4,2023-08-03,,In Progress,0.0
2046,2,2023-11-11,2023-12-11,Completed,95.5
2046,5,2023-07-15,2023-08-14,Completed,92.91
2046,1,2023-05-09,,In Progress,0.0
2046,6,2023-10-10,,In Progress,0.0
2047,9,2023-02-26,2023-03-28,Completed,86.84
2047,3,2023-11-20,2023-12-20,Completed,88.95
2047,2,2023-07-16,2023-08-15,Completed,85.82
2048,6,2023-09-27,2023-10-27,Completed,98.84
2049,3,2023-12-23,2024-01-22,Completed,73.34
2050,5,2023-09-22,2023-10-22,Completed,89.51
2050,3,2023-06-06,2023-07-06,Completed,86.74
2050,7,2023-08-03,2023-09-02,Completed,89.02
2051,7,2023-03-27,2023-04-26,Completed,94.91
2051,2,2023-08-11,2023-09-10,Completed,91.1
2052,2,2023-10-21,2023-11-20,Completed,88.17
2052,5,2023-01-20,2023-02-19,Completed,71.64
2052,10,2023-03-16,2023-04-15,Completed,72.66
2053,7,2023-12-19,2024-01-18,Completed,92.69
2054,4,2023-02-11,,In Progress,0.0
2054,7,2023-05-07,2023-06-06,Completed,86.09
2054,1,2023-04-20,2023-05-20,Completed,74.57
2054,5,2023-06-16,,In Progress,0.0
2055,1,2023-12-06,2024-01-05,Completed,81.05
2055,8,2023-11-13,,In Progress,0.0
2055,2,2023-10-21,2023-11-20,Completed,76.87
2056,9,2023-03-23,2023-04-22,Completed,69.0
2057,8,2023-02-03,,In Progress,0.0
2058,5,2023-02-04,,In Progress,0.0
2058,10,2023-01-24,2023-02-23,Completed,73.5
2058,9,2023-09-13,2023-10-13,Completed,64.41
2058,4,2023-08-19,,In Progress,0.0
2059,10,2023-11-24,2023-12-24,Completed,97.09
2059,7,2023-05-24,2023-06-23,Completed,92.71
2059,3,2023-09-02,2023-10-02,Completed,85.54
2059,4,2023-07-02,2023-08-01,Completed,76.17
2060,5,2023-03-25,2023-04-24,Completed,65.15
2060,2,2023-03-14,2023-04-13,Completed,90.47
2060,6,2023-04-19,2023-05-19,Completed,77.62
2061,3,2023-10-27,2023-11-26,Completed,60.39
2061,10,2023-03-08,,In Progress,0.0
2062,2,2023-08-11,2023-09-10,Completed,69.82
2062,9,2023-02-09,2023-03-11,Completed,80.37
2063,2,2023-04-15,2023-05-15,Completed,83.59
2063,10,2023-09-20,,In Progress,0.0
2064,6,2023-11-10,2023-12-10,Completed,57.92
2065,6,2023-09-15,2023-10-15,Completed,74.11
2065,8,2023-10-16,2023-11-15,Completed,77.77
2065,9,2023-02-27,2023-03-29,Completed,74.87
2065,3,2023-04-26,,In Progress,0.0
2066,5,2023-08-27,,Dropped,0.0
2066,8,2023-04-06,,In Progress,0.0
2067,9,2023-11-27,,In Progress,0.0
2068,2,2023-08-07,2023-09-06,Completed,73.57
2068,3,2023-02-27,2023-03-29,Completed,78.44
2068,6,2023-12-23,2024-01-22,Completed,98.45
2068,10,2023-02-15,2023-03-17,Completed,91.64
2069,10,2023-04-18,2023-05-18,Completed,76.29
2069,6,2023-11-22,,In Progress,0.0
2069,7,2023-07-17,2023-08-16,Completed,84.54
2070,2,2023-02-25,,Dropped,0.0
2070,9,2023-01-16,2023-02-15,Completed,97.23
2070,7,2023-06-25,,In Progress,0.0
2071,5,2023-09-08,2023-10-08,Completed,95.53
2071,7,2023-09-01,2023-10-01,Completed,92.34
2072,3,2023-05-25,2023-06-24,Completed,99.18
2072,10,2023-09-20,2023-10-20,Completed,64.11
2072,4,2023-09-17,2023-10-17,Completed,88.25
2073,5,2023-07-08,2023-08-07,Completed,81.04
2073,9,2023-04-19,2023-05-19,Completed,63.03
2074,1,2023-05-06,2023-06-05,Completed,78.05
2074,3,2023-07-10,,In Progress,0.0
2075,5,2023-04-06,2023-05-06,Completed,67.07
2076,7,2023-02-03,2023-03-05,Completed,94.03
2076,9,2023-07-13,,Dropped,0.0
2077,5,2023-10-19,,In Progress,0.0
2078,1,2023-08-05,2023-09-04,Completed,76.32
2078,5,2023-01-08,2023-02-07,Completed,91.97
2078,2,2023-06-25,,In Progress,0.0
2078,6,2023-01-19,,In Progress,0.0
2079,3,2023-02-27,,In Progress,0.0
2080,9,2023-05-13,,Dropped,0.0
2081,2,2023-12-03,2024-01-02,Completed,67.15
2082,1,2023-11-26,2023-12-26,Completed,82.24
2082,5,2023-05-16,2023-06-15,Completed,78.71
2082,6,2023-07-22,2023-08-21,Completed,84.77
2083,10,2023-04-25,2023-05-25,Completed,60.45
2083,4,2023-03-18,2023-04-17,Completed,55.46
2083,3,2023-09-03,2023-10-03,Completed,72.77
2084,4,2023-11-21,2023-12-21,Completed,78.1
2084,7,2023-10-09,2023-11-08,Completed,99.98
2084,3,2023-09-07,2023-10-07,Completed,58.43
2085,7,2023-07-25,2023-08-24,Completed,73.78
2085,6,2023-12-02,2024-01-01,Completed,85.73
2085,10,2023-02-07,,In Progress,0.0
2085,4,2023-06-15,2023-07-15,Completed,77.75
2086,7,2023-04-07,2023-05-07,Completed,84.53
2086,6,2023-04-23,2023-05-23,Completed,62.47
2086,8,2023-08-01,,In Progress,0.0
2086,4,2023-12-13,,Dropped,0.0
2087,4,2023-07-03,,Dropped,0.0
2087,10,2023-07-02,2023-08-01,Completed,82.96
2087,3,2023-10-25,2023-11-24,Completed,71.82
2087,9,2023-12-03,,Dropped,0.0
2088,7,2023-11-02,2023-12-02,Completed,88.04
2088,3,2023-12-16,2024-01-15,Completed,58.67
2088,5,2023-11-06,2023-12-06,Completed,89.12
2089,4,2023-08-23,2023-09-22,Completed,80.04
2089,5,2023-10-15,2023-11-14,Completed,58.31
2089,10,2023-04-13,2023-05-13,Completed,62.43
2090,10,2023-04-16,,In Progress,0.0
2090,8,2023-05-09,2023-06-08,Completed,68.18
2090,7,2023-12-02,,In Progress,0.0
2090,2,2023-12-26,,Dropped,0.0
2091,4,2023-09-18,2023-10-18,Completed,83.36
2092,1,2023-09-17,2023-10-17,Completed,61.01
2092,6,2023-08-26,2023-09-25,Completed,94.45
2093,1,2023-06-01,2023-07-01,Completed,94.75
2094,5,2023-08-21,,Dropped,0.0
2094,7,2023-05-14,,In Progress,0.0
2094,3,2023-09-14,,In Progress,0.0
2095,3,2023-01-09,2023-02-08,Completed,82.4
2096,4,2023-04-02,,In Progress,0.0
2096,7,2023-03-18,2023-04-17,Completed,59.87
2097,8,2023-09-11,2023-10-11,Completed,83.56
2097,6,2023-02-22,2023-03-24,Completed,86.93
2098,4,2023-04-24,2023-05-24,Completed,55.17
2098,3,2023-11-05,2023-12-05,Completed,93.55
2099,2,2023-04-21,2023-05-21,Completed,61.5
2100,5,2023-03-12,,In Progress,0.0
2100,10,2023-03-03,2023-04-02,Completed,88.32
2100,3,2023-03-11,2023-04-10,Completed,98.02
2100,9,2023-07-06,2023-08-05,Completed,97.3
2101,8,2023-06-11,2023-07-11,Completed,58.0
2101,6,2023-01-20,2023-02-19,Completed,65.76
2101,7,2023-02-18,2023-03-20,Completed,81.25
2101,5,2023-05-24,,Dropped,0.0
2102,2,2023-04-04,,In Progress,0.0
2102,9,2023-08-04,2023-09-03,Completed,92.83
2102,3,2023-07-16,,Dropped,0.0
2103,6,2023-01-26,2023-02-25,Completed,67.99
2103,10,2023-11-27,2023-12-27,Completed,92.52
2103,2,2023-12-06,2024-01-05,Completed,74.6
2104,3,2023-05-21,2023-06-20,Completed,56.26
2104,5,2023-07-02,2023-08-01,Completed,79.82
2104,10,2023-10-23,2023-11-22,Completed,72.79
2104,9,2023-07-01,2023-07-31,Completed,56.48
2105,10,2023-04-23,2023-05-23,Completed,75.91
2106,8,2023-04-03,2023-05-03,Completed,84.19
2106,4,2023-01-02,2023-02-01,Completed,66.08
2106,1,2023-10-10,2023-11-09,Completed,96.21
2106,10,2023-05-24,2023-06-23,Completed,61.05
2107,4,2023-09-13,2023-10-13,Completed,79.76
2108,4,2023-02-16,2023-03-18,Completed,97.9
2109,10,2023-12-11,2024-01-10,Completed,96.6
2109,4,2023-09-18,2023-10-18,Completed,87.75
2110,7,2023-03-03,,In Progress,0.0
2110,2,2023-04-07,,Dropped,0.0
2111,10,2023-04-14,,In Progress,0.0
2111,5,2023-06-11,,In Progress,0.0
2111,7,2023-01-01,,In Progress,0.0
2111,8,2023-10-15,2023-11-14,Completed,68.21
2112,6,2023-09-24,2023-10-24,Completed,92.99
2113,4,2023-01-20,,Dropped,0.0
2113,6,2023-08-26,,In Progress,0.0
2113,5,2023-12-25,2024-01-24,Completed,57.82
2114,6,2023-01-19,2023-02-18,Completed,79.36
2114,5,2023-02-21,2023-03-23,Completed,70.56
2115,3,2023-09-03,2023-10-03,Completed,57.59
2115,1,2023-02-26,2023-03-28,Completed,94.14
2115,6,2023-05-12,2023-06-11,Completed,78.77
2116,4,2023-05-05,2023-06-04,Completed,65.64
2116,1,2023-08-14,,In Progress,0.0
2117,2,2023-02-16,,In Progress,0.0
2118,6,2023-07-13,2023-08-12,Completed,86.34
2119,3,2023-07-16,2023-08-15,Completed,74.98
2119,8,2023-11-02,2023-12-02,Completed,79.27
2119,7,2023-02-02,,In Progress,0.0
2119,6,2023-06-19,2023-07-19,Completed,74.67
2120,9,2023-07-26,2023-08-25,Completed,71.14
2121,10,2023-04-27,2023-05-27,Completed,90.02
2122,5,2023-06-24,2023-07-24,Completed,59.68
2122,3,2023-08-16,2023-09-15,Completed,67.56
2122,2,2023-10-21,2023-11-20,Completed,90.08
2123,3,2023-07-22,2023-08-21,Completed,92.94
2123,4,2023-01-18,2023-02-17,Completed,91.26
2124,4,2023-10-07,2023-11-06,Completed,99.51
2125,8,2023-11-25,2023-12-25,Completed,89.73
2125,4,2023-05-17,2023-06-16,Completed,99.2
2126,6,2023-09-06,,In Progress,0.0
2126,7,2023-02-11,2023-03-13,Completed,90.19
2126,2,2023-12-16,2024-01-15,Completed,89.27
2127,2,2023-02-17,2023-03-19,Completed,59.77
2128,9,2023-01-25,2023-02-24,Completed,74.79
2129,6,2023-02-07,2023-03-09,Completed,61.0
2129,2,2023-11-24,2023-12-24,Completed,66.75
2129,4,2023-03-22,2023-04-21,Completed,66.29
2130,5,2023-10-12,2023-11-11,Completed,56.35
2130,9,2023-01-26,2023-02-25,Completed,86.05
2130,1,2023-08-15,2023-09-14,Completed,92.6
2130,4,2023-05-26,2023-06-25,Completed,91.93
2131,10,2023-09-14,,In Progress,0.0
2131,6,2023-11-07,,In Progress,0.0
2132,9,2023-06-16,2023-07-16,Completed,74.14
2133,2,2023-07-07,,In Progress,0.0
2133,3,2023-03-08,2023-04-07,Completed,84.91
2134,5,2023-06-20,,In Progress,0.0
2134,1,2023-03-14,,Dropped,0.0
2134,2,2023-12-17,2024-01-16,Completed,98.23
2135,6,2023-09-21,2023-10-21,Completed,89.6
2135,5,2023-12-26,2024-01-25,Completed,64.86
2136,10,2023-03-20,2023-04-19,Completed,93.71
2137,10,2023-12-12,,In Progress,0.0
2138,3,2023-09-22,2023-10-22,Completed,60.56
2138,6,2023-10-14,2023-11-13,Completed,82.11
2138,8,2023-02-20,2023-03-22,Completed,75.09
2139,1,2023-08-17,2023-09-16,Completed,78.52
2140,2,2023-10-18,2023-11-17,Completed,63.71
2140,4,2023-05-25,2023-06-24,Completed,78.81
2141,3,2023-10-15,2023-11-14,Completed,84.44
2141,9,2023-12-16,,In Progress,0.0
2141,5,2023-04-09,2023-05-09,Completed,68.0
2142,4,2023-08-16,2023-09-15,Completed,82.05
2143,7,2023-10-27,2023-11-26,Completed,64.5
2143,8,2023-11-20,2023-12-20,Completed,83.77
2143,2,2023-04-27,2023-05-27,Completed,98.51
2143,4,2023-08-06,2023-09-05,Completed,84.32
2144,10,2023-11-19,2023-12-19,Completed,96.1
2144,9,2023-09-05,,In Progress,0.0
2144,4,2023-08-24,,Dropped,0.0
2145,5,2023-03-15,2023-04-14,Completed,62.31
2145,6,2023-01-25,2023-02-24,Completed,89.17
2145,4,2023-01-24,2023-02-23,Completed,99.09
2145,3,2023-06-01,2023-07-01,Completed,83.0
2146,7,2023-12-18,2024-01-17,Completed,99.41
2146,10,2023-07-08,2023-08-07,Completed,90.95
2146,3,2023-11-14,2023-12-14,Completed,65.51
2147,10,2023-11-19,2023-12-19,Completed,89.36
2147,4,2023-02-26,2023-03-28,Completed,90.21
2148,9,2023-02-01,2023-03-03,Completed,96.39
2149,10,2023-01-07,2023-02-06,Completed,83.25
2149,7,2023-02-13,,In Progress,0.0
2149,4,2023-07-05,,In Progress,0.0
2149,5,2023-07-08,2023-08-07,Completed,71.86
2150,4,2023-10-01,,Dropped,0.0
2150,6,2023-09-05,2023-10-05,Completed,61.73
2150,9,2023-06-12,2023-07-12,Completed,96.13
2150,10,2023-12-25,2024-01-24,Completed,56.74
2151,1,2023-05-19,,In Progress,0.0
2151,4,2023-12-18,2024-01-17,Completed,98.45
2152,10,2023-06-07,2023-07-07,Completed,66.83
2152,5,2023-05-20,,Dropped,0.0
2152,7,2023-01-10,2023-02-09,Completed,56.86
2152,9,2023-08-10,2023-09-09,Completed,57.94
2153,6,2023-08-21,,In Progress,0.0
2153,2,2023-02-11,,In Progress,0.0
2154,6,2023-06-17,,In Progress,0.0
2154,4,2023-09-11,2023-10-11,Completed,65.18
2155,1,2023-04-02,,Dropped,0.0
2155,9,2023-04-22,2023-05-22,Completed,82.51
2156,3,2023-06-17,2023-07-17,Completed,65.76
2157,6,2023-08-18,,In Progress,0.0
2157,3,2023-09-07,2023-10-07,Completed,70.15
2158,4,2023-07-20,2023-08-19,Completed,87.86
2158,5,2023-01-17,2023-02-16,Completed,67.18
2158,8,2023-08-01,2023-08-31,Completed,61.32
2158,10,2023-02-03,,In Progress,0.0
2159,4,2023-08-22,2023-09-21,Completed,55.33
2159,2,2023-04-27,,In Progress,0.0
2159,5,2023-11-14,2023-12-14,Completed,75.09
2160,4,2023-07-07,2023-08-06,Completed,77.66
2160,5,2023-02-21,2023-03-23,Completed,67.6
2160,2,2023-01-03,2023-02-02,Completed,96.67
2160,7,2023-10-04,2023-11-03,Completed,82.43
2161,2,2023-12-15,2024-01-14,Completed,87.98
2161,5,2023-11-27,,Dropped,0.0
2161,3,2023-02-09,2023-03-11,Completed,78.65
2162,10,2023-10-12,2023-11-11,Completed,72.29
2162,5,2023-04-11,2023-05-11,Completed,83.63
2162,9,2023-01-19,2023-02-18,Completed,85.36
2163,8,2023-07-14,2023-08-13,Completed,57.93
2164,3,2023-08-13,2023-09-12,Completed,87.43
2165,8,2023-04-24,2023-05-24,Completed,58.52
2165,2,2023-07-08,2023-08-07,Completed,57.03
2165,5,2023-06-05,,Dropped,0.0
2166,10,2023-10-23,2023-11-22,Completed,90.0
2167,10,2023-05-27,2023-06-26,Completed,85.76
2167,1,2023-08-17,2023-09-16,Completed,85.44
2168,8,2023-09-11,,Dropped,0.0
2168,7,2023-11-08,2023-12-08,Completed,99.15
2168,5,2023-10-22,2023-11-21,Completed,82.38
2169,6,2023-05-26,,Dropped,0.0
2169,5,2023-08-04,2023-09-03,Completed,89.67
2170,8,2023-08-17,,In Progress,0.0
2170,6,2023-03-14,2023-04-13,Completed,64.4
2170,2,2023-07-14,2023-08-13,Completed,91.49
2171,4,2023-11-23,,In Progress,0.0
2171,10,2023-07-12,2023-08-11,Completed,84.29
2172,5,2023-02-09,,In Progress,0.0
2172,9,2023-11-08,2023-12-08,Completed,94.95
2172,3,2023-03-16,2023-04-15,Completed,63.16
2173,10,2023-02-08,2023-03-10,Completed,88.51
2173,2,2023-04-13,2023-05-13,Completed,86.25
2174,8,2023-08-03,2023-09-02,Completed,55.96
2174,9,2023-09-22,,In Progress,0.0
2174,2,2023-08-18,,Dropped,0.0
2175,8,2023-08-03,2023-09-02,Completed,57.06
2175,2,2023-12-24,2024-01-23,Completed,59.36
2175,3,2023-09-21,2023-10-21,Completed,79.47
2175,10,2023-12-06,2024-01-05,Completed,56.13
2176,4,2023-07-17,2023-08-16,Completed,55.28
2177,1,2023-11-20,2023-12-20,Completed,76.6
2177,7,2023-10-25,2023-11-24,Completed,69.52
2178,5,2023-03-21,2023-04-20,Completed,84.02
2178,10,2023-06-11,,In Progress,0.0
2179,6,2023-01-13,2023-02-12,Completed,66.74
2180,2,2023-08-11,,Dropped,0.0
2180,5,2023-05-19,2023-06-18,Completed,86.04
2180,3,2023-07-03,,In Progress,0.0
2180,9,2023-07-23,2023-08-22,Completed,74.36
2181,4,2023-01-27,2023-02-26,Completed,91.32
2181,5,2023-11-06,,In Progress,0.0
2181,6,2023-06-13,2023-07-13,Completed,60.57
2181,9,2023-02-13,2023-03-15,Completed,82.18
2182,2,2023-07-11,,Dropped,0.0
2182,8,2023-07-27,2023-08-26,Completed,70.97
2183,9,2023-03-13,2023-04-12,Completed,75.45
2184,3,2023-03-11,2023-04-10,Completed,88.64
2184,8,2023-09-02,2023-10-02,Completed,89.58
2184,4,2023-05-20,2023-06-19,Completed,99.59
2184,2,2023-11-17,2023-12-17,Completed,85.69
2185,10,2023-03-06,2023-04-05,Completed,58.38
2185,9,2023-10-16,2023-11-15,Completed,89.52
2185,2,2023-02-13,,In Progress,0.0
2186,9,2023-02-05,2023-03-07,Completed,84.68
2187,7,2023-05-08,,In Progress,0.0
2188,2,2023-09-09,2023-10-09,Completed,87.8
2188,8,2023-06-21,,Dropped,0.0
2189,1,2023-06-03,,In Progress,0.0
2190,2,2023-07-20,2023-08-19,Completed,64.66
2190,6,2023-10-16,2023-11-15,Completed,98.74
2190,4,2023-09-13,2023-10-13,Completed,84.48
2191,7,2023-05-05,,In Progress,0.0
2192,4,2023-09-14,,In Progress,0.0
2192,8,2023-03-17,2023-04-16,Completed,76.27
2192,2,2023-08-14,2023-09-13,Completed,85.59
2192,9,2023-12-06,2024-01-05,Completed,98.36
2193,5,2023-12-08,,In Progress,0.0
2194,5,2023-05-04,2023-06-03,Completed,78.68
2194,2,2023-08-03,,In Progress,0.0
2194,7,2023-08-17,2023-09-16,Completed,71.3
2194,10,2023-11-24,,In Progress,0.0
2195,1,2023-10-27,2023-11-26,Completed,95.69
2195,3,2023-06-16,2023-07-16,Completed,65.01
2196,8,2023-03-25,2023-04-24,Completed,85.95
2197,8,2023-02-18,,Dropped,0.0
2197,4,2023-08-26,2023-09-25,Completed,79.63
2198,7,2023-04-23,2023-05-23,Completed,87.86
2198,9,2023-12-02,2024-01-01,Completed,82.97
2199,4,2023-06-04,2023-07-04,Completed,78.81
2199,1,2023-03-18,,In Progress,0.0
2200,8,2023-09-26,2023-10-26,Completed,64.33
2200,2,2023-07-25,2023-08-24,Completed,62.44
2200,1,2023-04-07,,In Progress,0.0
2200,10,2023-10-06,2023-11-05,Completed,62.58
2201,7,2023-07-21,2023-08-20,Completed,90.44
2202,4,2023-07-21,2023-08-20,Completed,74.41
2202,7,2023-02-06,2023-03-08,Completed,58.71
2202,5,2023-08-27,,In Progress,0.0
2203,10,2023-10-22,2023-11-21,Completed,79.94
2203,9,2023-05-02,2023-06-01,Completed,81.38
2203,6,2023-10-12,2023-11-11,Completed,95.2
2203,4,2023-04-22,2023-05-22,Completed,72.78
2204,8,2023-08-19,2023-09-18,Completed,88.29
2205,8,2023-02-27,2023-03-29,Completed,73.46
2205,7,2023-05-07,2023-06-06,Completed,78.06
2205,5,2023-11-13,,In Progress,0.0
2205,6,2023-09-09,,Dropped,0.0
2206,7,2023-05-19,2023-06-18,Completed,90.6
2206,10,2023-10-20,2023-11-19,Completed,83.53
2207,2,2023-12-12,2024-01-11,Completed,83.97
2207,7,2023-10-02,2023-11-01,Completed,94.38
2207,8,2023-05-21,2023-06-20,Completed,84.56
2207,1,2023-01-14,,Dropped,0.0
2208,7,2023-12-10,2024-01-09,Completed,69.65
2208,8,2023-01-12,2023-02-11,Completed,95.75
2208,3,2023-12-21,2024-01-20,Completed,66.55
2209,9,2023-07-02,2023-08-01,Completed,99.17
2210,5,2023-10-13,2023-11-12,Completed,90.57
2210,6,2023-09-08,,Dropped,0.0
2211,5,2023-11-19,2023-12-19,Completed,61.6
2211,6,2023-05-17,,In Progress,0.0
2211,2,2023-01-23,,In Progress,0.0
2211,8,2023-08-15,,In Progress,0.0
2212,2,2023-12-17,2024-01-16,Completed,85.84
2212,4,2023-12-17,2024-01-16,Completed,58.7
2213,2,2023-08-11,,In Progress,0.0
2214,6,2023-01-09,2023-02-08,Completed,94.47
2214,4,2023-01-08,2023-02-07,Completed,79.82
2214,10,2023-09-04,,In Progress,0.0
2215,7,2023-09-03,,In Progress,0.0
2215,10,2023-02-01,,In Progress,0.0
2215,5,2023-09-07,2023-10-07,Completed,93.53
2215,6,2023-11-16,2023-12-16,Completed,62.91
2216,5,2023-12-13,2024-01-12,Completed,79.07
2217,4,2023-08-15,2023-09-14,Completed,65.49
2218,2,2023-12-24,2024-01-23,Completed,99.67
2218,10,2023-11-19,2023-12-19,Completed,70.84
2218,5,2023-04-20,,In Progress,0.0
2219,5,2023-09-08,,In Progress,0.0
2219,3,2023-09-14,2023-10-14,Completed,88.47
2220,6,2023-08-26,2023-09-25,Completed,68.18
2220,8,2023-08-02,,Dropped,0.0
2220,4,2023-12-06,2024-01-05,Completed,72.72
2221,1,2023-10-04,2023-11-03,Completed,94.92
2222,8,2023-08-26,2023-09-25,Completed,81.37
2223,8,2023-12-04,,In Progress,0.0
2223,7,2023-03-25,2023-04-24,Completed,59.44
2223,1,2023-12-04,2024-01-03,Completed,95.61
2223,3,2023-10-03,2023-11-02,Completed,66.66
2224,6,2023-07-11,2023-08-10,Completed,83.04
2224,4,2023-11-02,2023-12-02,Completed,70.47
2225,4,2023-02-03,2023-03-05,Completed,89.54
2225,1,2023-02-03,2023-03-05,Completed,62.15
2225,6,2023-10-11,2023-11-10,Completed,76.7
2225,9,2023-02-07,,Dropped,0.0
2226,6,2023-07-16,,In Progress,0.0
2226,7,2023-11-12,2023-12-12,Completed,62.95
2226,9,2023-07-03,,In Progress,0.0
2226,3,2023-09-23,,In Progress,0.0
2227,4,2023-02-07,2023-03-09,Completed,79.39
2228,10,2023-03-26,,Dropped,0.0
2229,9,2023-05-06,2023-06-05,Completed,56.07
2229,2,2023-10-13,2023-11-12,Completed,93.73
2229,7,2023-12-21,2024-01-20,Completed,66.36
2229,3,2023-08-22,,Dropped,0.0
2230,9,2023-06-07,2023-07-07,Completed,79.29
2230,3,2023-09-22,2023-10-22,Completed,97.88
2230,2,2023-03-05,2023-04-04,Completed,77.82
2230,4,2023-03-07,2023-04-06,Completed,74.5
2231,5,2023-02-09,2023-03-11,Completed,75.15
2231,4,2023-10-09,,In Progress,0.0
2232,2,2023-05-03,2023-06-02,Completed,75.4
2232,1,2023-08-05,2023-09-04,Completed,66.43
2233,10,2023-10-12,,In Progress,0.0
2234,2,2023-11-04,2023-12-04,Completed,70.58
2234,9,2023-12-09,2024-01-08,Completed,89.63
2234,7,2023-04-12,2023-05-12,Completed,72.25
2234,3,2023-10-02,2023-11-01,Completed,75.7
2235,6,2023-07-27,2023-08-26,Completed,98.7
2235,7,2023-07-05,,Dropped,0.0
2235,1,2023-03-06,,In Progress,0.0
2235,9,2023-05-02,2023-06-01,Completed,92.02
2236,8,2023-02-15,2023-03-17,Completed,79.29
2237,3,2023-08-20,2023-09-19,Completed,75.55
2237,9,2023-06-05,,In Progress,0.0
2237,10,2023-05-25,2023-06-24,Completed,95.17
2238,2,2023-10-16,,In Progress,0.0
2238,7,2023-07-26,2023-08-25,Completed,60.33
2238,6,2023-07-27,2023-08-26,Completed,83.67
2238,10,2023-01-20,2023-02-19,Completed,92.01
2239,8,2023-08-03,,In Progress,0.0
2239,5,2023-03-10,2023-04-09,Completed,96.56
2239,3,2023-12-13,2024-01-12,Completed,98.36
2240,3,2023-08-17,2023-09-16,Completed,86.98
2240,6,2023-10-17,2023-11-16,Completed,92.15
2240,1,2023-09-09,2023-10-09,Completed,74.2
2241,9,2023-03-13,2023-04-12,Completed,99.31
2241,10,2023-06-27,2023-07-27,Completed,98.22
2241,7,2023-04-27,2023-05-27,Completed,73.99
2242,2,2023-07-09,2023-08-08,Completed,75.75
2242,7,2023-04-03,2023-05-03,Completed,96.22
2242,1,2023-05-21,2023-06-20,Completed,78.61
2243,7,2023-07-06,2023-08-05,Completed,82.23
2244,2,2023-10-05,,In Progress,0.0
2245,9,2023-02-05,2023-03-07,Completed,92.8
2245,7,2023-10-16,2023-11-15,Completed,65.64
2245,5,2023-02-12,,Dropped,0.0
2245,8,2023-04-07,,In Progress,0.0
2246,7,2023-03-23,,Dropped,0.0
2246,3,2023-07-15,2023-08-14,Completed,78.87
2246,2,2023-05-17,,In Progress,0.0
2246,10,2023-11-05,2023-12-05,Completed,62.32
2247,2,2023-11-07,2023-12-07,Completed,86.98
2248,5,2023-05-09,2023-06-08,Completed,86.0
2249,10,2023-09-03,2023-10-03,Completed,63.2
2249,7,2023-02-02,2023-03-04,Completed,98.7
2250,1,2023-07-13,2023-08-12,Completed,75.18
2250,8,2023-01-24,2023-02-23,Completed,75.44
2250,3,2023-03-08,2023-04-07,Completed,61.93
2250,10,2023-05-06,,In Progress,0.0
2251,7,2023-01-16,2023-02-15,Completed,64.96
2251,9,2023-02-06,2023-03-08,Completed,81.4
2251,1,2023-05-06,2023-06-05,Completed,72.16
2252,7,2023-01-05,2023-02-04,Completed,85.73
2252,2,2023-06-18,,In Progress,0.0
2252,6,2023-09-03,,In Progress,0.0
2252,9,2023-02-14,2023-03-16,Completed,62.53
2253,3,2023-06-14,2023-07-14,Completed,55.02
2254,2,2023-05-05,2023-06-04,Completed,70.25
2254,8,2023-09-02,2023-10-02,Completed,90.04
2254,7,2023-12-24,2024-01-23,Completed,79.33
2254,9,2023-01-04,2023-02-03,Completed,56.67
2255,5,2023-12-11,2024-01-10,Completed,59.88
2255,10,2023-01-16,2023-02-15,Completed,81.38
2256,6,2023-03-02,,Dropped,0.0
2256,9,2023-12-19,2024-01-18,Completed,66.2
2256,5,2023-07-20,,Dropped,0.0
2256,7,2023-07-01,2023-07-31,Completed,72.1
2257,10,2023-10-01,,In Progress,0.0
2257,1,2023-01-15,2023-02-14,Completed,90.26
2258,9,2023-04-07,,In Progress,0.0
2259,4,2023-02-07,,In Progress,0.0
2259,5,2023-03-03,2023-04-02,Completed,81.66
2259,6,2023-06-27,,In Progress,0.0
2260,7,2023-05-24,,In Progress,0.0
2261,2,2023-12-06,2024-01-05,Completed,81.78
2262,6,2023-07-25,2023-08-24,Completed,70.11
2263,2,2023-03-15,2023-04-14,Completed,89.59
2263,6,2023-01-24,,In Progress,0.0
2263,7,2023-07-26,2023-08-25,Completed,83.81
2263,5,2023-06-17,2023-07-17,Completed,91.27
2264,3,2023-09-10,2023-10-10,Completed,70.46
2264,9,2023-07-10,2023-08-09,Completed,60.6
2265,2,2023-11-02,2023-12-02,Completed,86.89
2265,9,2023-01-01,,In Progress,0.0
2265,4,2023-11-06,2023-12-06,Completed,57.8
2265,3,2023-01-15,,Dropped,0.0
2266,10,2023-10-08,,Dropped,0.0
2266,2,2023-04-14,2023-05-14,Completed,67.63
2266,9,2023-07-14,2023-08-13,Completed,98.91
2267,1,2023-03-08,,In Progress,0.0
2267,4,2023-03-04,2023-04-03,Completed,89.61
2267,10,2023-02-12,,In Progress,0.0
2267,8,2023-07-27,2023-08-26,Completed,82.84
2268,10,2023-02-22,2023-03-24,Completed,61.82
2269,7,2023-02-05,,In Progress,0.0
2269,4,2023-11-12,2023-12-12,Completed,62.57
2270,7,2023-02-22,2023-03-24,Completed,99.59
2270,5,2023-07-01,2023-07-31,Completed,82.52
2271,6,2023-12-19,2024-01-18,Completed,96.35
2271,9,2023-10-07,2023-11-06,Completed,92.18
2272,5,2023-01-24,,In Progress,0.0
2273,1,2023-06-07,2023-07-07,Completed,88.56
2273,10,2023-11-21,2023-12-21,Completed,64.19
2274,3,2023-09-23,2023-10-23,Completed,90.9
2274,9,2023-09-22,2023-10-22,Completed,61.77
2274,1,2023-04-16,2023-05-16,Completed,69.18
2274,7,2023-05-12,2023-06-11,Completed,99.85
2275,9,2023-05-08,2023-06-07,Completed,57.87
2275,4,2023-09-24,2023-10-24,Completed,65.58
2275,7,2023-05-05,,In Progress,0.0
2276,9,2023-08-18,,Dropped,0.0
2276,10,2023-07-10,2023-08-09,Completed,56.3
2276,5,2023-11-17,2023-12-17,Completed,75.57
2276,4,2023-10-15,2023-11-14,Completed,90.14
2277,1,2023-11-05,2023-12-05,Completed,86.8
2277,9,2023-07-13,,Dropped,0.0
2277,3,2023-04-05,,In Progress,0.0
2277,7,2023-05-19,2023-06-18,Completed,77.09
2278,9,2023-11-10,2023-12-10,Completed,86.69
2278,5,2023-05-09,2023-06-08,Completed,56.73
2278,1,2023-02-22,,Dropped,0.0
2279,3,2023-06-14,,Dropped,0.0
2280,6,2023-06-07,2023-07-07,Completed,92.86
2280,10,2023-07-09,,In Progress,0.0
2280,2,2023-05-01,2023-05-31,Completed,74.27
2281,9,2023-10-08,2023-11-07,Completed,82.71
2281,3,2023-12-18,2024-01-17,Completed,78.49
2281,6,2023-03-09,2023-04-08,Completed,82.41
2281,4,2023-02-10,2023-03-12,Completed,65.96
2282,9,2023-08-18,2023-09-17,Completed,59.02
2282,2,2023-10-03,2023-11-02,Completed,88.25
2282,6,2023-05-15,2023-06-14,Completed,78.4
2283,1,2023-09-07,2023-10-07,Completed,61.57
2284,8,2023-05-03,,Dropped,0.0
2284,9,2023-01-26,2023-02-25,Completed,95.33
2285,2,2023-03-06,,In Progress,0.0
2286,5,2023-08-13,2023-09-12,Completed,94.42
2287,3,2023-04-18,2023-05-18,Completed,98.88
2287,8,2023-04-07,2023-05-07,Completed,75.6
2287,5,2023-04-06,2023-05-06,Completed,66.94
2288,1,2023-11-01,2023-12-01,Completed,55.99
2289,8,2023-07-14,2023-08-13,Completed,93.32
2289,3,2023-11-05,2023-12-05,Completed,64.99
2289,4,2023-06-04,2023-07-04,Completed,67.7
2289,10,2023-05-08,2023-06-07,Completed,63.07
2290,4,2023-10-20,2023-11-19,Completed,62.06
2290,5,2023-06-09,2023-07-09,Completed,64.25
2290,6,2023-04-15,2023-05-15,Completed,79.42
2291,10,2023-08-12,2023-09-11,Completed,89.21
2291,7,2023-02-26,2023-03-28,Completed,82.9
2292,5,2023-03-09,2023-04-08,Completed,82.92
2293,10,2023-08-27,2023-09-26,Completed,71.82
2293,6,2023-01-22,2023-02-21,Completed,96.29
2294,9,2023-11-24,2023-12-24,Completed,86.94
2294,8,2023-03-19,2023-04-18,Completed,57.1
2294,3,2023-03-19,2023-04-18,Completed,78.42
2295,6,2023-01-12,,In Progress,0.0
2295,7,2023-02-22,,In Progress,0.0
2296,5,2023-08-19,2023-09-18,Completed,80.46
2296,3,2023-05-13,2023-06-12,Completed,57.95
2297,3,2023-09-13,2023-10-13,Completed,70.16
2298,4,2023-04-01,2023-05-01,Completed,55.42
2298,6,2023-02-02,,In Progress,0.0
2298,3,2023-08-26,2023-09-25,Completed,85.48
2298,7,2023-02-17,2023-03-19,Completed,99.91
2299,3,2023-01-09,2023-02-08,Completed,68.75
2299,7,2023-11-21,2023-12-21,Completed,69.5
2300,4,2023-06-16,2023-07-16,Completed,63.02
2301,5,2023-04-08,,Dropped,0.0
2301,8,2023-02-11,,In Progress,0.0
2302,1,2023-02-03,,Dropped,0.0
2302,4,2023-10-27,,In Progress,0.0
2302,10,2023-12-05,,Dropped,0.0
2303,8,2023-11-22,,In Progress,0.0
2304,8,2023-07-08,2023-08-07,Completed,74.1
2304,6,2023-08-24,,In Progress,0.0
2305,6,2023-08-09,2023-09-08,Completed,78.34
2305,10,2023-11-11,2023-12-11,Completed,88.41
2305,5,2023-12-09,,In Progress,0.0
2305,8,2023-12-22,,In Progress,0.0
2306,5,2023-11-26,,In Progress,0.0
2306,3,2023-08-27,,In Progress,0.0
2306,7,2023-01-01,,Dropped,0.0
2306,8,2023-06-26,2023-07-26,Completed,72.05
2307,8,2023-01-25,2023-02-24,Completed,73.35
2307,7,2023-11-16,2023-12-16,Completed,99.3
2307,9,2023-01-18,2023-02-17,Completed,98.95
2308,5,2023-04-20,,In Progress,0.0
2308,6,2023-12-18,2024-01-17,Completed,96.08
2309,9,2023-09-11,2023-10-11,Completed,59.77
2310,5,2023-09-23,2023-10-23,Completed,72.14
2310,6,2023-09-04,,In Progress,0.0
2310,9,2023-07-22,2023-08-21,Completed,77.89
2311,8,2023-09-11,,In Progress,0.0
2311,4,2023-12-05,2024-01-04,Completed,97.77
2311,5,2023-05-18,,Dropped,0.0
2312,6,2023-12-07,2024-01-06,Completed,60.84
2312,9,2023-10-24,2023-11-23,Completed,61.22
2312,5,2023-03-09,2023-04-08,Completed,89.78
2313,10,2023-07-23,2023-08-22,Completed,86.44
2314,5,2023-05-06,2023-06-05,Completed,69.86
2314,10,2023-11-02,2023-12-02,Completed,77.43
2314,4,2023-02-14,2023-03-16,Completed,96.68
2314,3,2023-11-11,2023-12-11,Completed,86.51
2315,4,2023-11-13,,In Progress,0.0
2315,5,2023-07-14,2023-08-13,Completed,92.7
2315,9,2023-09-23,,Dropped,0.0
2316,8,2023-11-20,2023-12-20,Completed,67.94
2316,1,2023-04-25,,Dropped,0.0
2316,2,2023-12-17,2024-01-16,Completed,78.49
2316,5,2023-07-27,2023-08-26,Completed,58.1
2317,7,2023-03-27,2023-04-26,Completed,95.53
2317,6,2023-10-20,2023-11-19,Completed,67.55
2318,9,2023-02-07,,Dropped,0.0
2318,1,2023-12-24,2024-01-23,Completed,83.31
2319,3,2023-03-14,,Dropped,0.0
2319,4,2023-10-04,2023-11-03,Completed,71.32
2320,4,2023-04-27,2023-05-27,Completed,61.92
2321,6,2023-05-16,2023-06-15,Completed,90.69
2321,1,2023-04-25,2023-05-25,Completed,69.21
2321,8,2023-11-22,2023-12-22,Completed,92.45
2321,9,2023-09-10,,In Progress,0.0
2322,9,2023-11-07,2023-12-07,Completed,93.08
2322,7,2023-04-15,2023-05-15,Completed,59.45
2322,8,2023-08-23,,In Progress,0.0
2322,5,2023-03-20,2023-04-19,Completed,78.64
2323,3,2023-10-05,2023-11-04,Completed,86.23
2323,8,2023-01-04,2023-02-03,Completed,65.93
2323,5,2023-05-24,,Dropped,0.0
2324,6,2023-10-14,2023-11-13,Completed,81.86
2324,5,2023-09-23,,In Progress,0.0
2325,3,2023-08-04,2023-09-03,Completed,77.36
2326,9,2023-09-22,2023-10-22,Completed,62.63
2326,5,2023-04-10,2023-05-10,Completed,63.73
2327,2,2023-05-01,,In Progress,0.0
2327,5,2023-09-14,,In Progress,0.0
2328,3,2023-10-27,,Dropped,0.0
2328,1,2023-10-07,2023-11-06,Completed,76.6
2328,2,2023-07-02,,In Progress,0.0
2328,10,2023-01-07,2023-02-06,Completed,67.79
2329,7,2023-10-02,2023-11-01,Completed,74.42
2329,2,2023-04-21,,In Progress,0.0
2330,9,2023-03-27,2023-04-26,Completed,57.34
2330,3,2023-09-20,,In Progress,0.0
2331,9,2023-06-01,,In Progress,0.0
2332,6,2023-12-17,2024-01-16,Completed,61.0
2332,1,2023-05-14,2023-06-13,Completed,76.19
2332,7,2023-08-26,2023-09-25,Completed,66.38
2332,2,2023-06-04,,In Progress,0.0
2333,10,2023-03-26,2023-04-25,Completed,60.06
2333,1,2023-05-18,,In Progress,0.0
2333,3,2023-01-22,2023-02-21,Completed,82.71
2333,8,2023-04-23,,In Progress,0.0
2334,1,2023-06-15,,In Progress,0.0
2335,5,2023-03-18,2023-04-17,Completed,69.15
2336,3,2023-07-06,2023-08-05,Completed,87.18
2337,7,2023-12-09,,Dropped,0.0
2337,6,2023-08-18,2023-09-17,Completed,88.41
2338,4,2023-12-21,,In Progress,0.0
2338,2,2023-01-05,,In Progress,0.0
2338,5,2023-09-26,,In Progress,0.0
2338,9,2023-11-02,2023-12-02,Completed,68.13
2339,1,2023-08-10,2023-09-09,Completed,79.49
2339,7,2023-06-07,2023-07-07,Completed,91.63
2340,3,2023-03-02,2023-04-01,Completed,65.1
2340,7,2023-08-09,,In Progress,0.0
2340,5,2023-03-02,2023-04-01,Completed,82.3
2341,7,2023-07-22,2023-08-21,Completed,80.53
2341,9,2023-06-12,2023-07-12,Completed,93.92
2341,3,2023-01-17,2023-02-16,Completed,73.75
2341,8,2023-10-06,2023-11-05,Completed,59.02
2342,3,2023-02-09,2023-03-11,Completed,78.86
2343,1,2023-03-10,,Dropped,0.0
2344,1,2023-06-12,2023-07-12,Completed,62.18
2344,8,2023-05-09,2023-06-08,Completed,95.05
2344,3,2023-06-22,2023-07-22,Completed,76.01
2345,8,2023-04-12,,In Progress,0.0
2345,4,2023-10-07,,Dropped,0.0
2345,1,2023-05-11,,In Progress,0.0
2345,9,2023-09-22,2023-10-22,Completed,92.18
2346,9,2023-10-18,2023-11-17,Completed,86.18
2346,1,2023-01-11,2023-02-10,Completed,73.61
2346,5,2023-10-23,2023-11-22,Completed,55.61
2346,3,2023-03-21,,In Progress,0.0
2347,3,2023-01-11,2023-02-10,Completed,61.75
2347,8,2023-05-08,2023-06-07,Completed,58.43
2347,5,2023-12-25,2024-01-24,Completed,61.53
2347,7,2023-03-12,2023-04-11,Completed,68.5
2348,3,2023-03-07,2023-04-06,Completed,85.23
2349,1,2023-05-19,2023-06-18,Completed,65.58
2349,5,2023-12-25,2024-01-24,Completed,93.99
2349,7,2023-07-10,,In Progress,0.0
2349,3,2023-05-09,2023-06-08,Completed,79.7
2350,7,2023-07-12,2023-08-11,Completed,67.97
2350,2,2023-08-12,2023-09-11,Completed,92.13
2350,3,2023-11-16,,In Progress,0.0
2350,5,2023-03-19,2023-04-18,Completed,79.12
2351,2,2023-08-09,2023-09-08,Completed,65.45
2352,1,2023-11-10,2023-12-10,Completed,70.59
2353,2,2023-11-18,2023-12-18,Completed,58.21
2353,10,2023-05-04,2023-06-03,Completed,73.34
2354,7,2023-06-05,2023-07-05,Completed,67.83
2354,10,2023-04-01,2023-05-01,Completed,67.3
2354,3,2023-06-11,,In Progress,0.0
2354,6,2023-09-01,2023-10-01,Completed,77.88
2355,4,2023-01-16,2023-02-15,Completed,63.96
2356,2,2023-08-12,2023-09-11,Completed,93.19
2356,3,2023-03-08,,Dropped,0.0
2356,6,2023-05-04,,Dropped,0.0
2357,7,2023-12-14,,Dropped,0.0
2358,2,2023-08-20,2023-09-19,Completed,68.28
2358,3,2023-12-23,,In Progress,0.0
2359,10,2023-09-14,2023-10-14,Completed,59.51
2359,7,2023-08-12,,In Progress,0.0
2359,9,2023-03-21,2023-04-20,Completed,98.07
2359,3,2023-02-01,2023-03-03,Completed,88.35
2360,7,2023-07-22,2023-08-21,Completed,56.97
2361,3,2023-07-25,2023-08-24,Completed,95.21
2361,5,2023-11-18,,In Progress,0.0
2362,3,2023-12-21,,In Progress,0.0
2362,8,2023-02-24,2023-03-26,Completed,77.89
2362,2,2023-09-22,,In Progress,0.0
2363,10,2023-06-12,2023-07-12,Completed,86.25
2364,4,2023-06-05,2023-07-05,Completed,83.99
2364,8,2023-03-22,2023-04-21,Completed,61.81
2364,2,2023-03-07,2023-04-06,Completed,78.35
2365,5,2023-02-12,2023-03-14,Completed,66.5
2365,3,2023-07-05,2023-08-04,Completed,91.07
2365,8,2023-08-24,2023-09-23,Completed,90.62
2365,10,2023-01-21,,In Progress,0.0
2366,1,2023-01-17,2023-02-16,Completed,97.37
2366,5,2023-01-04,,In Progress,0.0
2366,10,2023-08-27,,Dropped,0.0
2367,10,2023-10-03,2023-11-02,Completed,66.18
2368,3,2023-06-20,2023-07-20,Completed,57.95
2368,10,2023-01-11,2023-02-10,Completed,79.72
2369,9,2023-10-07,2023-11-06,Completed,65.36
2369,2,2023-05-22,2023-06-21,Completed,56.04
2370,4,2023-05-19,2023-06-18,Completed,55.31
2370,1,2023-01-03,2023-02-02,Completed,72.71
2370,6,2023-04-03,2023-05-03,Completed,73.27
2370,10,2023-05-25,2023-06-24,Completed,97.1
2371,1,2023-06-20,2023-07-20,Completed,56.43
2371,8,2023-01-06,2023-02-05,Completed,94.47
2371,7,2023-02-08,,In Progress,0.0
2372,6,2023-02-27,,In Progress,0.0
2372,7,2023-02-14,2023-03-16,Completed,59.64
2373,9,2023-07-14,2023-08-13,Completed,76.64
2373,5,2023-03-04,,In Progress,0.0
2373,6,2023-04-08,2023-05-08,Completed,55.14
2373,10,2023-09-14,2023-10-14,Completed,99.94
2374,7,2023-12-11,,In Progress,0.0
2374,8,2023-05-03,,Dropped,0.0
2375,2,2023-08-04,,In Progress,0.0
2376,2,2023-06-16,,In Progress,0.0
2376,9,2023-03-20,,In Progress,0.0
2377,4,2023-02-19,2023-03-21,Completed,72.89
2377,10,2023-08-24,,In Progress,0.0
2377,1,2023-01-16,,Dropped,0.0
2378,1,2023-09-22,,In Progress,0.0
2379,6,2023-01-14,2023-02-13,Completed,97.17
2379,5,2023-05-22,,In Progress,0.0
2380,9,2023-09-18,2023-10-18,Completed,76.93
2380,3,2023-09-20,2023-10-20,Completed,98.14
2380,8,2023-06-23,2023-07-23,Completed,94.87
2381,9,2023-03-21,,In Progress,0.0
2381,5,2023-08-05,2023-09-04,Completed,98.5
2381,8,2023-06-25,,In Progress,0.0
2381,7,2023-08-15,2023-09-14,Completed,75.55
2382,9,2023-09-23,2023-10-23,Completed,76.17
2382,1,2023-02-12,2023-03-14,Completed,57.06
2382,5,2023-05-21,2023-06-20,Completed,62.81
2383,8,2023-06-22,2023-07-22,Completed,62.56
2383,10,2023-02-15,2023-03-17,Completed,64.14
2383,9,2023-10-24,2023-11-23,Completed,58.93
2383,6,2023-08-03,2023-09-02,Completed,66.75
2384,9,2023-08-19,,In Progress,0.0
2385,4,2023-09-15,2023-10-15,Completed,89.85
2386,7,2023-12-25,2024-01-24,Completed,66.64
2387,1,2023-09-22,2023-10-22,Completed,79.47
2387,5,2023-05-13,2023-06-12,Completed,76.5
2387,8,2023-03-11,2023-04-10,Completed,59.17
2387,2,2023-03-23,,In Progress,0.0
2388,8,2023-03-03,2023-04-02,Completed,73.15
2388,2,2023-08-10,2023-09-09,Completed,87.78
2389,9,2023-05-15,2023-06-14,Completed,89.29
2389,10,2023-09-19,2023-10-19,Completed,88.53
2389,7,2023-07-13,,Dropped,0.0
2389,8,2023-12-18,2024-01-17,Completed,92.66
2390,5,2023-07-01,2023-07-31,Completed,67.32
2391,1,2023-09-27,2023-10-27,Completed,56.87
2391,10,2023-04-06,2023-05-06,Completed,88.9
2391,5,2023-03-14,2023-04-13,Completed,75.07
2392,5,2023-03-09,,Dropped,0.0
2392,3,2023-07-26,2023-08-25,Completed,59.08
2392,10,2023-11-16,2023-12-16,Completed,95.74
2392,7,2023-08-24,2023-09-23,Completed,91.67
2393,6,2023-10-20,,In Progress,0.0
2393,10,2023-11-24,2023-12-24,Completed,98.75
2393,7,2023-06-24,2023-07-24,Completed,86.98
2394,4,2023-11-26,2023-12-26,Completed,88.83
2394,6,2023-12-22,,Dropped,0.0
2394,1,2023-03-07,2023-04-06,Completed,76.45
2394,3,2023-08-12,2023-09-11,Completed,95.71
2395,4,2023-12-22,2024-01-21,Completed,83.61
2395,5,2023-12-17,,In Progress,0.0
2395,3,2023-11-02,2023-12-02,Completed,58.51
2396,5,2023-04-16,2023-05-16,Completed,96.65
2397,4,2023-07-22,2023-08-21,Completed,69.11
2397,7,2023-05-22,,In Progress,0.0
2398,1,2023-04-23,,In Progress,0.0
2398,5,2023-02-15,2023-03-17,Completed,90.02
2398,8,2023-06-07,2023-07-07,Completed,76.5
2399,10,2023-11-26,2023-12-26,Completed,88.45
2400,5,2023-07-02,2023-08-01,Completed,81.7
2400,1,2023-09-15,2023-10-15,Completed,61.9
2400,6,2023-08-15,2023-09-14,Completed,62.17
2400,10,2023-10-02,2023-11-01,Completed,81.58
2401,6,2023-01-19,2023-02-18,Completed,95.67
2401,3,2023-04-25,,In Progress,0.0
2402,1,2023-01-20,2023-02-19,Completed,70.01
2402,5,2023-12-14,2024-01-13,Completed,72.85
2402,4,2023-01-13,2023-02-12,Completed,59.25
2403,7,2023-03-05,2023-04-04,Completed,68.76
2403,4,2023-04-14,,In Progress,0.0
2403,10,2023-11-04,2023-12-04,Completed,81.92
2404,4,2023-10-14,2023-11-13,Completed,67.5
2404,10,2023-01-22,,In Progress,0.0
2404,6,2023-06-05,2023-07-05,Completed,61.04
2405,6,2023-05-11,2023-06-10,Completed,56.54
2406,10,2023-08-06,2023-09-05,Completed,98.46
2407,2,2023-06-06,2023-07-06,Completed,94.28
2407,3,2023-05-23,2023-06-22,Completed,86.44
2407,7,2023-08-14,2023-09-13,Completed,88.38
2407,8,2023-08-10,2023-09-09,Completed,64.09
2408,6,2023-04-11,2023-05-11,Completed,98.83
2408,10,2023-06-09,2023-07-09,Completed,61.59
2408,7,2023-06-13,,Dropped,0.0
2409,1,2023-08-11,2023-09-10,Completed,85.63
2409,9,2023-09-09,2023-10-09,Completed,95.44
2409,4,2023-04-14,,In Progress,0.0
2409,10,2023-12-19,2024-01-18,Completed,98.88
2410,2,2023-06-09,,In Progress,0.0
2410,8,2023-06-20,2023-07-20,Completed,74.1
2410,6,2023-12-24,2024-01-23,Completed,77.41
2410,7,2023-10-14,2023-11-13,Completed,93.49
2411,3,2023-07-10,,In Progress,0.0
2411,10,2023-04-05,,Dropped,0.0
2411,2,2023-07-04,,In Progress,0.0
2412,10,2023-07-19,,Dropped,0.0
2413,2,2023-09-03,2023-10-03,Completed,92.36
2413,8,2023-06-03,2023-07-03,Completed,84.85
2414,2,2023-11-02,2023-12-02,Completed,95.38
2415,7,2023-12-21,,In Progress,0.0
2415,8,2023-10-27,2023-11-26,Completed,65.16
2415,6,2023-06-27,2023-07-27,Completed,65.95
2416,3,2023-08-04,,In Progress,0.0
2416,6,2023-06-01,2023-07-01,Completed,82.23
2416,10,2023-05-26,2023-06-25,Completed,69.87
2417,7,2023-11-09,2023-12-09,Completed,73.93
2417,4,2023-09-12,2023-10-12,Completed,76.53
2417,3,2023-12-21,2024-01-20,Completed,95.83
2417,8,2023-09-05,2023-10-05,Completed,95.6
2418,7,2023-12-09,,In Progress,0.0
2419,2,2023-10-02,2023-11-01,Completed,91.69
2419,5,2023-07-15,,In Progress,0.0
2419,9,2023-08-18,2023-09-17,Completed,64.79
2420,3,2023-07-11,2023-08-10,Completed,89.48
2420,1,2023-09-17,2023-10-17,Completed,95.9
2420,10,2023-09-13,,In Progress,0.0
2421,3,2023-06-18,2023-07-18,Completed,89.06
2421,1,2023-02-23,2023-03-25,Completed,55.6
2421,7,2023-07-12,2023-08-11,Completed,57.78
2422,4,2023-11-21,2023-12-21,Completed,58.94
2422,3,2023-05-25,2023-06-24,Completed,96.24
2423,7,2023-02-01,,In Progress,0.0
2423,2,2023-11-15,,Dropped,0.0
2423,3,2023-12-02,2024-01-01,Completed,80.23
2423,4,2023-02-09,2023-03-11,Completed,90.75
2424,1,2023-06-14,2023-07-14,Completed,90.04
2424,4,2023-04-17,2023-05-17,Completed,70.82
2424,2,2023-05-03,,In Progress,0.0
2424,8,2023-05-01,2023-05-31,Completed,55.37
2425,1,2023-12-12,2024-01-11,Completed,56.31
2425,9,2023-09-22,,In Progress,0.0
2425,4,2023-09-17,2023-10-17,Completed,69.7
2425,2,2023-08-07,2023-09-06,Completed,65.12
2426,3,2023-11-27,2023-12-27,Completed,81.58
2426,6,2023-06-01,2023-07-01,Completed,94.2
2426,8,2023-04-20,,In Progress,0.0
2426,1,2023-08-16,2023-09-15,Completed,65.74
2427,8,2023-07-27,2023-08-26,Completed,74.87
2427,5,2023-06-03,,In Progress,0.0
2427,3,2023-03-17,2023-04-16,Completed,78.71
2427,2,2023-10-22,,In Progress,0.0
2428,6,2023-05-04,2023-06-03,Completed,60.53
2429,6,2023-10-10,,In Progress,0.0
2429,9,2023-05-07,2023-06-06,Completed,80.82
2430,5,2023-05-25,2023-06-24,Completed,80.5
2430,9,2023-08-16,2023-09-15,Completed,66.42
2430,10,2023-12-14,,In Progress,0.0
2431,7,2023-07-03,2023-08-02,Completed,71.27
2431,3,2023-05-09,2023-06-08,Completed,73.41
2431,10,2023-04-21,2023-05-21,Completed,80.23
2432,1,2023-12-03,2024-01-02,Completed,70.78
2432,8,2023-09-10,,In Progress,0.0
2433,8,2023-05-19,,In Progress,0.0
2433,4,2023-05-03,2023-06-02,Completed,78.7
2433,3,2023-01-14,2023-02-13,Completed,69.28
2434,4,2023-10-07,2023-11-06,Completed,88.52
2434,1,2023-10-08,2023-11-07,Completed,77.05
2434,5,2023-08-26,2023-09-25,Completed,71.93
2434,8,2023-01-24,2023-02-23,Completed,90.24
2435,4,2023-01-14,2023-02-13,Completed,68.28
2436,8,2023-10-08,,In Progress,0.0
2436,5,2023-06-12,2023-07-12,Completed,58.83
2436,1,2023-02-09,2023-03-11,Completed,78.89
2437,3,2023-11-04,2023-12-04,Completed,95.25
2437,6,2023-03-19,2023-04-18,Completed,88.01
2438,9,2023-01-07,2023-02-06,Completed,72.06
2438,7,2023-12-18,,Dropped,0.0
2438,5,2023-04-05,,In Progress,0.0
2439,8,2023-09-07,2023-10-07,Completed,87.88
2440,6,2023-09-24,2023-10-24,Completed,88.24
2441,2,2023-11-16,2023-12-16,Completed,71.69
2442,3,2023-08-23,2023-09-22,Completed,87.04
2442,10,2023-10-25,2023-11-24,Completed,61.3
2443,3,2023-03-02,,In Progress,0.0
2443,7,2023-06-11,2023-07-11,Completed,81.71
2443,6,2023-11-24,,In Progress,0.0
2443,4,2023-09-02,2023-10-02,Completed,67.55
2444,7,2023-05-20,2023-06-19,Completed,80.39
2444,8,2023-04-24,2023-05-24,Completed,99.29
2444,9,2023-12-02,2024-01-01,Completed,66.02
2444,3,2023-11-07,,In Progress,0.0
2445,5,2023-04-26,2023-05-26,Completed,74.73
2445,7,2023-02-01,2023-03-03,Completed,66.17
2445,4,2023-11-27,2023-12-27,Completed,74.78
2446,4,2023-07-23,2023-08-22,Completed,59.7
2447,5,2023-12-24,,In Progress,0.0
2447,9,2023-08-01,,Dropped,0.0
2447,8,2023-09-19,2023-10-19,Completed,98.34
2448,2,2023-02-07,2023-03-09,Completed,55.38
2448,9,2023-07-01,2023-07-31,Completed,71.38
2448,7,2023-06-14,2023-07-14,Completed,99.47
2449,1,2023-11-24,2023-12-24,Completed,56.9
2449,10,2023-11-23,2023-12-23,Completed,57.63
2450,6,2023-09-20,2023-10-20,Completed,87.52
2450,8,2023-06-09,,In Progress,0.0
2450,5,2023-08-02,,Dropped,0.0
2450,2,2023-11-24,2023-12-24,Completed,76.67
2451,1,2023-05-04,2023-06-03,Completed,64.29
2451,3,2023-06-05,,In Progress,0.0
2451,2,2023-07-12,2023-08-11,Completed,62.56
2451,5,2023-08-10,2023-09-09,Completed,58.18
2452,8,2023-09-17,,In Progress,0.0
2453,3,2023-04-05,2023-05-05,Completed,82.18
2453,10,2023-12-15,2024-01-14,Completed,71.17
2453,5,2023-08-04,2023-09-03,Completed,60.25
2454,10,2023-07-15,2023-08-14,Completed,81.49
2455,3,2023-03-26,,In Progress,0.0
2455,5,2023-04-26,2023-05-26,Completed,73.96
2455,2,2023-03-06,2023-04-05,Completed,77.14
2455,10,2023-03-09,2023-04-08,Completed,82.77
2456,10,2023-08-03,,Dropped,0.0
2456,9,2023-07-01,,In Progress,0.0
2456,2,2023-04-02,,In Progress,0.0
2456,7,2023-12-20,2024-01-19,Completed,77.43
2457,3,2023-04-26,2023-05-26,Completed,74.88
2457,10,2023-08-13,2023-09-12,Completed,96.82
2457,4,2023-02-17,2023-03-19,Completed,75.52
2457,7,2023-12-15,,In Progress,0.0
2458,2,2023-07-20,2023-08-19,Completed,59.12
2458,9,2023-03-04,2023-04-03,Completed,77.4
2459,7,2023-11-15,2023-12-15,Completed,98.45
2460,2,2023-11-06,,In Progress,0.0
2460,10,2023-03-03,2023-04-02,Completed,69.32
2461,2,2023-10-26,2023-11-25,Completed,82.37
2461,10,2023-04-04,2023-05-04,Completed,58.03
2461,1,2023-02-10,2023-03-12,Completed,72.25
2462,1,2023-12-19,2024-01-18,Completed,74.58
2462,4,2023-11-24,2023-12-24,Completed,75.1
2463,3,2023-02-10,,In Progress,0.0
2463,10,2023-09-15,2023-10-15,Completed,59.5
2463,1,2023-03-04,2023-04-03,Completed,66.17
2464,10,2023-11-05,2023-12-05,Completed,89.27
2464,2,2023-04-07,2023-05-07,Completed,80.11
2464,1,2023-07-06,2023-08-05,Completed,57.3
2465,9,2023-10-24,,Dropped,0.0
2466,1,2023-05-25,2023-06-24,Completed,83.7
2466,3,2023-06-27,2023-07-27,Completed,59.38
2467,7,2023-08-14,2023-09-13,Completed,81.16
2467,8,2023-02-21,2023-03-23,Completed,95.07
2467,4,2023-11-14,,Dropped,0.0
2468,3,2023-07-21,2023-08-20,Completed,57.64
2468,8,2023-08-14,2023-09-13,Completed,68.9
2468,9,2023-12-26,2024-01-25,Completed,61.96
2469,10,2023-06-06,2023-07-06,Completed,63.95
2469,5,2023-07-05,2023-08-04,Completed,95.73
2470,10,2023-07-12,,In Progress,0.0
2470,8,2023-10-26,,Dropped,0.0
2470,7,2023-01-10,2023-02-09,Completed,60.21
2470,9,2023-02-13,2023-03-15,Completed,99.36
2471,9,2023-02-17,2023-03-19,Completed,58.48
2471,3,2023-05-10,2023-06-09,Completed,99.38
2471,5,2023-02-07,,In Progress,0.0
2471,10,2023-04-23,2023-05-23,Completed,94.91
2472,10,2023-11-26,2023-12-26,Completed,69.87
2472,7,2023-08-18,2023-09-17,Completed,74.9
2473,7,2023-04-15,,In Progress,0.0
2473,1,2023-08-21,,In Progress,0.0
2473,8,2023-12-03,2024-01-02,Completed,89.13
2474,8,2023-09-16,2023-10-16,Completed,55.58
2474,3,2023-06-18,2023-07-18,Completed,56.08
2475,2,2023-07-27,2023-08-26,Completed,62.38
2475,4,2023-09-15,,Dropped,0.0
2476,2,2023-05-19,,In Progress,0.0
2476,5,2023-02-23,,Dropped,0.0
2476,6,2023-05-15,2023-06-14,Completed,77.22
2476,3,2023-07-18,2023-08-17,Completed,59.0
2477,7,2023-10-14,,In Progress,0.0
2478,9,2023-11-21,2023-12-21,Completed,96.06
2478,10,2023-06-19,,In Progress,0.0
2478,7,2023-12-05,,In Progress,0.0
2479,2,2023-10-06,2023-11-05,Completed,68.01
2480,7,2023-10-01,,In Progress,0.0
2480,6,2023-06-19,2023-07-19,Completed,73.59
2480,4,2023-09-09,,Dropped,0.0
2481,2,2023-08-21,2023-09-20,Completed,57.12
2481,3,2023-01-18,2023-02-17,Completed,72.0
2482,3,2023-07-05,2023-08-04,Completed,96.52
2482,10,2023-12-20,2024-01-19,Completed,72.17
2482,7,2023-12-06,2024-01-05,Completed,78.83
2483,3,2023-10-12,2023-11-11,Completed,59.06
2483,5,2023-03-14,2023-04-13,Completed,95.2
2483,10,2023-01-21,2023-02-20,Completed,78.47
2483,1,2023-08-19,2023-09-18,Completed,84.66
2484,3,2023-01-20,,Dropped,0.0
2484,1,2023-06-24,2023-07-24,Completed,74.96
2484,9,2023-04-01,,In Progress,0.0
2484,7,2023-08-10,2023-09-09,Completed,90.1
2485,10,2023-11-20,2023-12-20,Completed,95.79
2485,4,2023-08-20,,Dropped,0.0
2485,6,2023-12-25,2024-01-24,Completed,70.05
2486,5,2023-05-25,,Dropped,0.0
2486,2,2023-03-08,2023-04-07,Completed,75.5
2486,9,2023-03-15,,In Progress,0.0
2487,10,2023-08-02,2023-09-01,Completed,96.92
2488,5,2023-01-19,,Dropped,0.0
2488,4,2023-12-25,2024-01-24,Completed,76.28
2488,7,2023-07-10,2023-08-09,Completed,76.58
2488,1,2023-08-09,,In Progress,0.0
2489,1,2023-04-01,2023-05-01,Completed,82.18
2489,2,2023-07-02,2023-08-01,Completed,70.29
2490,6,2023-10-14,2023-11-13,Completed,96.19
2490,4,2023-07-07,2023-08-06,Completed,59.29
2490,5,2023-09-17,2023-10-17,Completed,75.96
2490,7,2023-01-24,,Dropped,0.0
2491,7,2023-02-23,2023-03-25,Completed,71.68
2491,6,2023-03-13,,Dropped,0.0
2491,2,2023-03-04,2023-04-03,Completed,98.8
2491,5,2023-01-20,2023-02-19,Completed,86.59
2492,2,2023-11-26,2023-12-26,Completed,76.9
2492,7,2023-11-23,2023-12-23,Completed,81.02
2492,8,2023-05-22,2023-06-21,Completed,61.86
2493,2,2023-03-19,2023-04-18,Completed,75.43
2493,7,2023-08-12,,Dropped,0.0
2493,6,2023-01-24,,Dropped,0.0
2494,4,2023-06-14,,In Progress,0.0
2494,5,2023-01-09,,In Progress,0.0
2494,6,2023-07-05,2023-08-04,Completed,76.42
2494,2,2023-03-10,2023-04-09,Completed,77.6
2495,8,2023-01-23,,In Progress,0.0
2495,6,2023-07-08,,Dropped,0.0
2496,9,2023-10-05,,Dropped,0.0
2496,1,2023-08-15,2023-09-14,Completed,79.7
2497,10,2023-03-17,,In Progress,0.0
2497,1,2023-11-03,2023-12-03,Completed,97.12
2497,8,2023-10-19,2023-11-18,Completed,79.0
2497,3,2023-03-20,2023-04-19,Completed,57.07
2498,8,2023-11-06,2023-12-06,Completed,56.88
2498,7,2023-01-10,,In Progress,0.0
2499,2,2023-10-25,2023-11-24,Completed,80.09
2499,3,2023-08-14,,Dropped,0.0
2500,9,2023-01-13,2023-02-12,Completed,74.96
2500,7,2023-04-04,,Dropped,0.0
2501,9,2023-09-01,2023-10-01,Completed,86.52
2501,7,2023-09-15,,In Progress,0.0
2501,6,2023-06-20,,In Progress,0.0
2502,7,2023-05-25,,In Progress,0.0
2502,4,2023-06-01,2023-07-01,Completed,99.27
2503,6,2023-11-16,2023-12-16,Completed,67.81
2503,10,2023-01-17,2023-02-16,Completed,94.93
2504,8,2023-01-22,2023-02-21,Completed,79.52
2504,3,2023-09-08,,In Progress,0.0
2505,7,2023-05-23,2023-06-22,Completed,63.6
2506,8,2023-01-15,,In Progress,0.0
2506,4,2023-10-07,2023-11-06,Completed,70.61
2507,3,2023-01-02,,In Progress,0.0
2508,4,2023-02-27,2023-03-29,Completed,68.03
2508,6,2023-11-17,2023-12-17,Completed,65.65
2508,2,2023-06-16,2023-07-16,Completed,64.11
2508,3,2023-12-16,,In Progress,0.0
2509,7,2023-04-23,,In Progress,0.0
2510,3,2023-03-17,2023-04-16,Completed,61.53
2510,5,2023-07-17,,Dropped,0.0
2511,3,2023-07-19,2023-08-18,Completed,97.39
2511,9,2023-12-13,2024-01-12,Completed,99.49
2512,8,2023-01-11,2023-02-10,Completed,67.08
2512,4,2023-11-01,2023-12-01,Completed,87.27
2512,3,2023-12-23,2024-01-22,Completed,92.77
2512,5,2023-05-03,2023-06-02,Completed,89.76
2513,4,2023-06-02,2023-07-02,Completed,95.66
2513,6,2023-12-23,2024-01-22,Completed,86.88
2513,8,2023-04-22,,In Progress,0.0
2514,5,2023-05-07,,In Progress,0.0
2514,1,2023-05-25,,Dropped,0.0
2515,6,2023-03-13,2023-04-12,Completed,66.51
2516,4,2023-12-04,,In Progress,0.0
2516,10,2023-06-04,,In Progress,0.0
2516,9,2023-02-01,2023-03-03,Completed,96.98
2517,7,2023-02-25,2023-03-27,Completed,81.87
2517,5,2023-08-14,2023-09-13,Completed,83.41
2517,10,2023-04-04,,In Progress,0.0
2517,8,2023-06-07,2023-07-07,Completed,97.49
2518,2,2023-07-04,,In Progress,0.0
2518,3,2023-09-20,2023-10-20,Completed,75.45
2518,5,2023-09-18,2023-10-18,Completed,59.82
2518,7,2023-10-04,,Dropped,0.0
2519,2,2023-12-19,,In Progress,0.0
2520,5,2023-02-17,2023-03-19,Completed,90.42
2521,9,2023-02-07,2023-03-09,Completed,87.78
2521,10,2023-07-19,2023-08-18,Completed,92.61
2522,1,2023-05-01,,Dropped,0.0
2523,5,2023-03-03,2023-04-02,Completed,79.0
2523,3,2023-12-21,2024-01-20,Completed,97.75
2523,1,2023-05-02,2023-06-01,Completed,62.21
2523,9,2023-06-15,2023-07-15,Completed,85.09
2524,4,2023-10-11,2023-11-10,Completed,81.43
2525,4,2023-07-05,,Dropped,0.0
2525,1,2023-11-03,,In Progress,0.0
2525,8,2023-03-18,,In Progress,0.0
2526,8,2023-03-14,2023-04-13,Completed,76.81
2526,3,2023-07-03,2023-08-02,Completed,93.78
2526,9,2023-11-26,,In Progress,0.0
2527,8,2023-11-24,2023-12-24,Completed,82.26
2527,2,2023-03-14,2023-04-13,Completed,85.83
2528,6,2023-06-27,2023-07-27,Completed,70.84
2528,2,2023-10-11,,In Progress,0.0
2528,4,2023-04-06,2023-05-06,Completed,79.14
2528,7,2023-11-06,2023-12-06,Completed,76.94
2529,2,2023-08-10,2023-09-09,Completed,71.75
2530,10,2023-09-16,2023-10-16,Completed,84.44
2530,5,2023-04-18,,In Progress,0.0
2531,7,2023-10-25,2023-11-24,Completed,59.41
2532,9,2023-03-18,,Dropped,0.0
2532,2,2023-05-26,2023-06-25,Completed,79.66
2532,6,2023-09-21,,Dropped,0.0
2532,1,2023-08-19,2023-09-18,Completed,60.69
2533,4,2023-02-13,2023-03-15,Completed,55.95
2533,2,2023-12-20,2024-01-19,Completed,60.61
2533,5,2023-10-19,2023-11-18,Completed,82.93
2533,7,2023-11-19,2023-12-19,Completed,79.22
2534,5,2023-11-16,2023-12-16,Completed,76.92
2535,5,2023-02-02,2023-03-04,Completed,55.59
2535,7,2023-05-20,2023-06-19,Completed,75.97
2535,9,2023-05-25,,In Progress,0.0
2536,10,2023-07-03,2023-08-02,Completed,82.96
2537,3,2023-08-12,2023-09-11,Completed,72.84
2537,1,2023-05-09,,In Progress,0.0
2538,9,2023-04-01,2023-05-01,Completed,79.26
2538,10,2023-02-10,2023-03-12,Completed,71.05
2538,6,2023-09-10,2023-10-10,Completed,58.9
2539,3,2023-02-04,2023-03-06,Completed,87.43
2539,5,2023-11-09,,In Progress,0.0
2539,6,2023-05-18,,In Progress,0.0
2540,9,2023-09-16,2023-10-16,Completed,63.48
2540,7,2023-11-21,2023-12-21,Completed,89.97
2541,2,2023-08-14,,In Progress,0.0
2541,1,2023-05-01,2023-05-31,Completed,59.49
2541,9,2023-03-16,2023-04-15,Completed,96.74
2541,6,2023-11-04,,In Progress,0.0
2542,1,2023-07-24,2023-08-23,Completed,58.39
2543,9,2023-09-26,2023-10-26,Completed,81.49
2544,2,2023-08-02,2023-09-01,Completed,85.72
2544,4,2023-06-20,,In Progress,0.0
2544,3,2023-09-07,2023-10-07,Completed,88.33
2544,5,2023-07-18,2023-08-17,Completed,72.79
2545,8,2023-01-18,,In Progress,0.0
2546,4,2023-11-19,,Dropped,0.0
2546,6,2023-12-04,,In Progress,0.0
2547,10,2023-03-06,2023-04-05,Completed,78.68
2547,3,2023-08-03,,Dropped,0.0
2547,4,2023-05-03,,Dropped,0.0
2548,9,2023-08-07,,In Progress,0.0
2548,2,2023-07-06,,Dropped,0.0
2548,6,2023-03-04,2023-04-03,Completed,87.7
2548,10,2023-12-15,2024-01-14,Completed,57.42
2549,6,2023-03-05,2023-04-04,Completed,68.84
2549,3,2023-03-13,2023-04-12,Completed,57.15
2549,7,2023-09-12,,In Progress,0.0
2550,9,2023-06-07,,In Progress,0.0
2550,8,2023-01-02,,Dropped,0.0
2550,2,2023-09-07,,In Progress,0.0
2550,3,2023-09-08,,Dropped,0.0
2551,4,2023-12-04,,Dropped,0.0
2551,8,2023-10-16,2023-11-15,Completed,79.74
2551,2,2023-03-02,2023-04-01,Completed,61.06
2551,6,2023-02-22,2023-03-24,Completed,76.27
2552,6,2023-11-25,,Dropped,0.0
2553,5,2023-04-08,2023-05-08,Completed,90.92
2553,7,2023-09-10,,In Progress,0.0
2553,8,2023-03-26,,In Progress,0.0
2554,8,2023-07-22,2023-08-21,Completed,70.72
2555,7,2023-12-09,2024-01-08,Completed,58.23
2555,3,2023-03-16,,In Progress,0.0
2555,9,2023-12-10,2024-01-09,Completed,88.48
2556,6,2023-06-04,2023-07-04,Completed,85.32
2556,2,2023-05-22,2023-06-21,Completed,69.41
2556,8,2023-12-26,2024-01-25,Completed,66.42
2557,3,2023-07-11,2023-08-10,Completed,86.55
2557,6,2023-01-04,,In Progress,0.0
2557,7,2023-07-06,,In Progress,0.0
2557,2,2023-09-11,2023-10-11,Completed,90.14
2558,9,2023-05-25,2023-06-24,Completed,89.72
2559,7,2023-09-12,2023-10-12,Completed,63.94
2560,5,2023-06-06,2023-07-06,Completed,71.71
2560,2,2023-12-18,2024-01-17,Completed,73.17
2561,2,2023-11-22,2023-12-22,Completed,56.78
2561,1,2023-04-21,2023-05-21,Completed,72.77
2561,7,2023-09-22,,In Progress,0.0
2561,3,2023-02-24,2023-03-26,Completed,63.53
2562,3,2023-06-20,,In Progress,0.0
2562,6,2023-07-25,,In Progress,0.0
2563,7,2023-07-23,,Dropped,0.0
2563,6,2023-08-20,,Dropped,0.0
2563,5,2023-06-06,2023-07-06,Completed,92.88
2563,2,2023-03-15,,Dropped,0.0
2564,4,2023-05-15,,In Progress,0.0
2564,3,2023-09-27,2023-10-27,Completed,75.87
2564,9,2023-12-12,2024-01-11,Completed,84.16
2564,10,2023-09-13,,In Progress,0.0
2565,9,2023-08-22,,Dropped,0.0
2565,4,2023-07-23,2023-08-22,Completed,58.11
2566,5,2023-11-22,2023-12-22,Completed,99.69
2566,6,2023-11-16,2023-12-16,Completed,70.2
2566,9,2023-08-13,2023-09-12,Completed,68.01
2567,9,2023-01-01,,In Progress,0.0
2567,2,2023-02-03,,Dropped,0.0
2567,10,2023-08-13,2023-09-12,Completed,99.3
2568,8,2023-03-12,2023-04-11,Completed,71.81
2569,2,2023-12-21,2024-01-20,Completed,89.95
2570,3,2023-06-14,,In Progress,0.0
2570,4,2023-08-18,2023-09-17,Completed,61.43
2571,7,2023-01-05,2023-02-04,Completed,98.25
2571,1,2023-03-26,2023-04-25,Completed,75.02
2572,5,2023-09-16,2023-10-16,Completed,89.54
2572,1,2023-04-12,,Dropped,0.0
2572,8,2023-02-10,,Dropped,0.0
2573,8,2023-04-03,2023-05-03,Completed,92.09
2574,5,2023-03-13,2023-04-12,Completed,55.43
2574,1,2023-06-11,2023-07-11,Completed,64.65
2574,10,2023-03-09,2023-04-08,Completed,68.01
2575,5,2023-09-01,2023-10-01,Completed,65.26
2576,9,2023-10-15,2023-11-14,Completed,68.38
2576,2,2023-08-05,,In Progress,0.0
2576,10,2023-03-17,,Dropped,0.0
2577,8,2023-12-15,2024-01-14,Completed,59.1
2577,5,2023-08-22,2023-09-21,Completed,67.92
2577,10,2023-06-02,2023-07-02,Completed,63.59
2577,1,2023-06-21,2023-07-21,Completed,65.12
2578,6,2023-03-27,2023-04-26,Completed,56.58
2579,8,2023-11-25,2023-12-25,Completed,84.67
2579,9,2023-06-11,,Dropped,0.0
2579,4,2023-08-27,2023-09-26,Completed,70.71
2580,3,2023-12-25,,In Progress,0.0
2580,8,2023-01-19,2023-02-18,Completed,89.14
2580,1,2023-11-01,2023-12-01,Completed,60.23
2580,6,2023-02-01,,Dropped,0.0
2581,9,2023-08-15,,In Progress,0.0
2581,2,2023-09-20,2023-10-20,Completed,98.76
2581,10,2023-02-16,,In Progress,0.0
2581,5,2023-12-07,2024-01-06,Completed,71.87
2582,9,2023-08-21,2023-09-20,Completed,82.05
2582,5,2023-06-02,2023-07-02,Completed,57.04
2583,10,2023-10-18,2023-11-17,Completed,67.74
2583,4,2023-07-20,2023-08-19,Completed,58.16
2584,5,2023-08-11,2023-09-10,Completed,79.7
2585,7,2023-08-18,2023-09-17,Completed,56.42
2585,5,2023-06-21,,In Progress,0.0
2586,6,2023-05-07,2023-06-06,Completed,92.21
2587,7,2023-12-26,,In Progress,0.0
2587,8,2023-01-16,2023-02-15,Completed,63.84
2587,5,2023-02-07,2023-03-09,Completed,88.32
2587,4,2023-06-26,2023-07-26,Completed,71.33
2588,3,2023-07-14,2023-08-13,Completed,90.93
2588,8,2023-08-14,,In Progress,0.0
2588,10,2023-08-15,,In Progress,0.0
2588,9,2023-09-02,2023-10-02,Completed,93.54
2589,1,2023-01-19,2023-02-18,Completed,75.78
2589,2,2023-01-25,2023-02-24,Completed,97.86
2590,7,2023-12-10,2024-01-09,Completed,72.88
2590,6,2023-12-07,2024-01-06,Completed,94.65
2591,6,2023-10-11,,Dropped,0.0
2591,10,2023-01-12,2023-02-11,Completed,68.14
2592,10,2023-04-22,2023-05-22,Completed,91.12
2592,2,2023-12-14,2024-01-13,Completed,98.85
2593,10,2023-09-09,2023-10-09,Completed,98.82
2593,3,2023-01-26,,In Progress,0.0
2594,10,2023-06-09,2023-07-09,Completed,97.01
2594,1,2023-02-27,2023-03-29,Completed,79.63
2594,2,2023-07-14,2023-08-13,Completed,77.1
2595,2,2023-12-23,2024-01-22,Completed,94.91
2595,10,2023-12-04,2024-01-03,Completed,64.82
2595,9,2023-07-05,,In Progress,0.0
2595,1,2023-10-27,2023-11-26,Completed,56.05
2596,8,2023-11-18,2023-12-18,Completed,57.41
2597,10,2023-11-03,2023-12-03,Completed,89.05
2597,4,2023-04-06,2023-05-06,Completed,99.82
2597,6,2023-08-11,2023-09-10,Completed,80.7
2598,6,2023-10-08,2023-11-07,Completed,65.88
2598,8,2023-05-19,2023-06-18,Completed,91.55
2598,10,2023-07-24,2023-08-23,Completed,79.17
2599,10,2023-07-13,2023-08-12,Completed,81.57
2600,2,2023-12-01,,In Progress,0.0
2600,10,2023-03-02,2023-04-01,Completed,61.07
2600,6,2023-01-03,,In Progress,0.0
2600,5,2023-05-16,2023-06-15,Completed,76.82
2601,3,2023-01-22,2023-02-21,Completed,64.87
2602,5,2023-09-02,,Dropped,0.0
2603,5,2023-06-13,2023-07-13,Completed,56.92
2604,9,2023-04-07,2023-05-07,Completed,82.12
2604,1,2023-11-05,2023-12-05,Completed,75.18
2605,10,2023-12-10,,Dropped,0.0
2606,4,2023-02-20,2023-03-22,Completed,73.79
2606,5,2023-12-17,,In Progress,0.0
2606,1,2023-01-11,2023-02-10,Completed,97.74
2606,8,2023-10-15,2023-11-14,Completed,93.61
2607,8,2023-08-26,2023-09-25,Completed,69.68
2607,4,2023-07-17,2023-08-16,Completed,72.85
2608,9,2023-08-16,2023-09-15,Completed,68.33
2609,8,2023-08-17,2023-09-16,Completed,71.41
2610,2,2023-11-15,2023-12-15,Completed,85.19
2610,8,2023-12-23,2024-01-22,Completed,85.46
2611,5,2023-12-17,2024-01-16,Completed,68.07
2612,10,2023-04-20,,Dropped,0.0
2612,2,2023-11-09,,In Progress,0.0
2613,9,2023-08-19,2023-09-18,Completed,76.28
2614,10,2023-12-12,2024-01-11,Completed,93.63
2615,5,2023-10-19,,In Progress,0.0
2616,6,2023-04-12,2023-05-12,Completed,82.82
2616,10,2023-09-25,,In Progress,0.0
2617,4,2023-12-14,2024-01-13,Completed,98.7
2617,10,2023-12-20,,In Progress,0.0
2617,7,2023-10-14,2023-11-13,Completed,67.16
2617,6,2023-02-27,2023-03-29,Completed,89.97
2618,1,2023-05-05,2023-06-04,Completed,58.08
2619,6,2023-08-07,2023-09-06,Completed,66.64
2619,1,2023-03-09,2023-04-08,Completed,87.46
2619,7,2023-06-16,2023-07-16,Completed,80.09
2619,5,2023-08-08,,In Progress,0.0
2620,5,2023-09-23,2023-10-23,Completed,56.25
2621,1,2023-10-09,2023-11-08,Completed,68.41
2621,5,2023-05-10,,In Progress,0.0
2621,7,2023-03-16,2023-04-15,Completed,66.67
2621,8,2023-06-25,2023-07-25,Completed,87.39
2622,7,2023-08-09,2023-09-08,Completed,63.27
2623,7,2023-03-15,,In Progress,0.0
2624,9,2023-04-27,2023-05-27,Completed,55.31
2624,8,2023-05-15,,In Progress,0.0
2625,8,2023-04-09,2023-05-09,Completed,81.08
2625,5,2023-01-06,2023-02-05,Completed,83.38
2625,7,2023-05-02,2023-06-01,Completed,90.43
2626,5,2023-10-06,,Dropped,0.0
2626,3,2023-03-19,2023-04-18,Completed,55.12
2627,3,2023-10-16,,Dropped,0.0
2627,5,2023-02-03,,In Progress,0.0
2628,6,2023-04-20,,In Progress,0.0
2629,8,2023-01-18,2023-02-17,Completed,94.8
2629,1,2023-02-02,2023-03-04,Completed,98.53
2630,6,2023-05-14,2023-06-13,Completed,97.61
2630,9,2023-12-06,2024-01-05,Completed,85.45
2631,2,2023-01-16,2023-02-15,Completed,59.22
2631,7,2023-12-05,2024-01-04,Completed,74.79
2632,5,2023-08-12,2023-09-11,Completed,77.08
2632,1,2023-12-16,,In Progress,0.0
2632,9,2023-05-22,,Dropped,0.0
2633,6,2023-12-16,2024-01-15,Completed,59.35
2633,9,2023-02-01,2023-03-03,Completed,56.12
2633,3,2023-10-04,2023-11-03,Completed,56.41
2633,10,2023-08-19,2023-09-18,Completed,60.7
2634,5,2023-09-27,2023-10-27,Completed,55.29
2635,9,2023-12-11,2024-01-10,Completed,88.72
2635,7,2023-12-03,2024-01-02,Completed,56.34
2635,3,2023-06-05,,In Progress,0.0
2635,1,2023-07-07,,In Progress,0.0
2636,1,2023-03-10,2023-04-09,Completed,70.09
2636,7,2023-04-03,2023-05-03,Completed,60.48
2637,4,2023-04-19,2023-05-19,Completed,78.74
2637,7,2023-11-01,2023-12-01,Completed,63.23
2637,1,2023-04-24,2023-05-24,Completed,88.8
2638,9,2023-08-20,2023-09-19,Completed,97.43
2639,9,2023-04-22,2023-05-22,Completed,61.03
2639,7,2023-06-08,2023-07-08,Completed,86.12
2639,8,2023-01-26,,In Progress,0.0
2639,3,2023-11-23,,Dropped,0.0
2640,4,2023-10-20,2023-11-19,Completed,63.81
2641,10,2023-07-18,2023-08-17,Completed,95.03
2641,1,2023-09-04,2023-10-04,Completed,73.54
2641,9,2023-06-21,,In Progress,0.0
2641,2,2023-11-22,2023-12-22,Completed,60.05
2642,6,2023-12-22,,Dropped,0.0
2642,8,2023-05-14,,Dropped,0.0
2642,5,2023-03-16,2023-04-15,Completed,84.55
2643,7,2023-06-13,2023-07-13,Completed,77.55
2643,3,2023-04-07,2023-05-07,Completed,81.34
2643,2,2023-07-10,2023-08-09,Completed,74.93
2644,8,2023-01-23,2023-02-22,Completed,93.64
2644,1,2023-10-15,2023-11-14,Completed,83.78
2645,8,2023-08-07,,In Progress,0.0
2645,7,2023-02-15,2023-03-17,Completed,62.43
2645,10,2023-05-17,2023-06-16,Completed,63.03
2645,3,2023-06-12,2023-07-12,Completed,96.5
2646,4,2023-07-27,2023-08-26,Completed,74.02
2647,2,2023-08-01,2023-08-31,Completed,92.58
2647,10,2023-07-12,2023-08-11,Completed,76.22
2648,4,2023-07-12,2023-08-11,Completed,58.01
2649,5,2023-11-07,2023-12-07,Completed,68.76
2649,3,2023-01-08,2023-02-07,Completed,92.81
2649,6,2023-02-19,2023-03-21,Completed,88.51
2650,9,2023-01-03,2023-02-02,Completed,74.02
2650,7,2023-02-02,2023-03-04,Completed,94.33
2650,2,2023-01-27,,In Progress,0.0
2651,3,2023-12-18,2024-01-17,Completed,56.65
2651,5,2023-10-18,2023-11-17,Completed,89.97
2652,3,2023-04-14,,Dropped,0.0
2653,9,2023-08-02,2023-09-01,Completed,88.78
2653,6,2023-03-24,,Dropped,0.0
2654,3,2023-06-17,,Dropped,0.0
2655,3,2023-01-15,2023-02-14,Completed,95.66
2655,5,2023-09-10,2023-10-10,Completed,98.99
2655,10,2023-10-19,,Dropped,0.0
2656,7,2023-10-13,2023-11-12,Completed,62.24
2656,1,2023-11-02,2023-12-02,Completed,55.14
2656,9,2023-06-09,,Dropped,0.0
2657,10,2023-07-16,2023-08-15,Completed,63.81
2657,1,2023-05-26,,In Progress,0.0
2657,7,2023-04-20,2023-05-20,Completed,59.65
2658,4,2023-05-07,2023-06-06,Completed,99.82
2658,7,2023-04-08,2023-05-08,Completed,63.67
2658,6,2023-08-18,2023-09-17,Completed,84.83
2658,3,2023-07-20,2023-08-19,Completed,55.21
2659,3,2023-10-16,2023-11-15,Completed,80.03
2659,1,2023-12-11,2024-01-10,Completed,58.27
2659,6,2023-06-01,2023-07-01,Completed,89.99
2660,2,2023-12-17,2024-01-16,Completed,95.58
2660,4,2023-11-23,2023-12-23,Completed,55.91
2660,6,2023-04-10,2023-05-10,Completed,99.27
2660,10,2023-09-18,2023-10-18,Completed,84.03
2661,10,2023-04-01,,In Progress,0.0
2661,7,2023-08-03,,In Progress,0.0
2662,8,2023-07-06,2023-08-05,Completed,69.03
2663,4,2023-02-22,2023-03-24,Completed,76.39
2663,5,2023-05-03,2023-06-02,Completed,66.44
2663,9,2023-02-14,2023-03-16,Completed,60.69
2663,1,2023-10-23,2023-11-22,Completed,69.99
2664,5,2023-06-20,,In Progress,0.0
2664,3,2023-02-03,2023-03-05,Completed,61.62
2664,1,2023-06-15,2023-07-15,Completed,82.71
2665,1,2023-03-26,,In Progress,0.0
2665,4,2023-04-20,,In Progress,0.0
2665,5,2023-12-25,2024-01-24,Completed,93.61
2665,9,2023-11-08,2023-12-08,Completed,92.52
2666,7,2023-05-19,,Dropped,0.0
2666,10,2023-07-22,2023-08-21,Completed,85.16
2667,1,2023-07-22,,In Progress,0.0
2667,7,2023-07-01,2023-07-31,Completed,56.58
2667,6,2023-04-06,2023-05-06,Completed,55.44
2667,4,2023-12-12,2024-01-11,Completed,57.83
2668,2,2023-07-17,2023-08-16,Completed,92.88
2668,9,2023-07-13,2023-08-12,Completed,81.29
2668,1,2023-12-04,,In Progress,0.0
2668,4,2023-02-09,,In Progress,0.0
2669,4,2023-07-14,,In Progress,0.0
2669,3,2023-06-14,2023-07-14,Completed,62.66
2670,1,2023-06-12,,In Progress,0.0
2670,10,2023-01-23,2023-02-22,Completed,57.37
2671,7,2023-04-04,2023-05-04,Completed,86.17
2671,10,2023-07-03,,In Progress,0.0
2671,1,2023-09-03,2023-10-03,Completed,60.7
2672,4,2023-07-11,2023-08-10,Completed,67.85
2672,10,2023-09-06,2023-10-06,Completed,87.84
2672,6,2023-02-01,2023-03-03,Completed,74.58
2673,9,2023-01-18,,In Progress,0.0
2674,3,2023-02-09,2023-03-11,Completed,74.12
2674,6,2023-03-21,2023-04-20,Completed,96.31
2674,5,2023-09-11,2023-10-11,Completed,84.13
2674,7,2023-05-01,,In Progress,0.0
2675,4,2023-02-04,,In Progress,0.0
2675,7,2023-09-02,2023-10-02,Completed,61.12
2675,3,2023-10-19,2023-11-18,Completed,89.95
2676,3,2023-08-20,,In Progress,0.0
2676,9,2023-04-20,,In Progress,0.0
2676,4,2023-04-05,2023-05-05,Completed,85.62
2677,8,2023-07-09,2023-08-08,Completed,88.63
2677,2,2023-10-06,2023-11-05,Completed,86.9
2677,5,2023-03-04,2023-04-03,Completed,90.69
2677,10,2023-07-21,2023-08-20,Completed,72.92
2678,6,2023-02-05,2023-03-07,Completed,76.94
2678,4,2023-08-03,2023-09-02,Completed,71.84
2679,5,2023-11-19,,In Progress,0.0
2679,6,2023-10-27,,In Progress,0.0
2680,8,2023-07-27,,In Progress,0.0
2681,7,2023-07-05,2023-08-04,Completed,58.56
2681,1,2023-01-04,2023-02-03,Completed,85.24
2681,9,2023-03-22,2023-04-21,Completed,82.58
2682,9,2023-11-25,2023-12-25,Completed,84.13
2682,8,2023-06-24,,In Progress,0.0
2682,1,2023-06-17,,Dropped,0.0
2682,6,2023-05-10,,In Progress,0.0
2683,7,2023-02-22,2023-03-24,Completed,66.67
2684,7,2023-03-02,2023-04-01,Completed,83.04
2685,9,2023-12-21,2024-01-20,Completed,98.36
2686,8,2023-09-27,2023-10-27,Completed,74.96
2686,5,2023-03-16,,In Progress,0.0
2687,9,2023-04-26,2023-05-26,Completed,83.79
2687,5,2023-10-02,2023-11-01,Completed,77.58
2687,1,2023-01-16,2023-02-15,Completed,69.62
2687,3,2023-02-11,2023-03-13,Completed,74.21
2688,1,2023-08-12,2023-09-11,Completed,68.72
2688,3,2023-11-10,2023-12-10,Completed,91.69
2688,5,2023-12-15,2024-01-14,Completed,68.15
2689,10,2023-03-27,2023-04-26,Completed,75.93
2689,4,2023-08-08,,Dropped,0.0
2689,3,2023-09-14,2023-10-14,Completed,92.59
2690,4,2023-04-24,2023-05-24,Completed,86.42
2690,1,2023-12-13,2024-01-12,Completed,96.18
2690,9,2023-03-11,2023-04-10,Completed,79.87
2690,10,2023-03-05,2023-04-04,Completed,62.82
2691,5,2023-09-10,2023-10-10,Completed,70.93
2691,2,2023-03-06,2023-04-05,Completed,95.13
2692,10,2023-10-01,2023-10-31,Completed,57.94
2692,4,2023-09-07,2023-10-07,Completed,68.45
2692,3,2023-08-17,2023-09-16,Completed,69.48
2693,3,2023-02-21,2023-03-23,Completed,99.93
2693,10,2023-07-18,,Dropped,0.0
2693,5,2023-11-09,,In Progress,0.0
2694,6,2023-08-01,2023-08-31,Completed,56.97
2694,7,2023-12-12,2024-01-11,Completed,92.6
2695,8,2023-04-02,2023-05-02,Completed,89.31
2696,8,2023-10-27,2023-11-26,Completed,67.86
2696,9,2023-07-24,,In Progress,0.0
2697,10,2023-05-04,2023-06-03,Completed,61.12
2697,5,2023-05-25,2023-06-24,Completed,94.65
2697,4,2023-07-05,,In Progress,0.0
2697,7,2023-12-27,2024-01-26,Completed,91.1
2698,3,2023-01-06,,In Progress,0.0
2698,1,2023-12-05,2024-01-04,Completed,79.01
2698,2,2023-03-19,,In Progress,0.0
2699,3,2023-02-02,,Dropped,0.0
2700,6,2023-06-20,2023-07-20,Completed,86.79
2700,9,2023-11-19,2023-12-19,Completed,66.94
2701,3,2023-11-07,,In Progress,0.0
2701,9,2023-12-17,,In Progress,0.0
2701,5,2023-12-01,2023-12-31,Completed,65.91
2701,6,2023-12-26,2024-01-25,Completed,81.22
2702,2,2023-02-11,2023-03-13,Completed,98.97
2702,4,2023-06-14,2023-07-14,Completed,63.32
2702,7,2023-03-23,2023-04-22,Completed,66.01
2703,10,2023-08-08,2023-09-07,Completed,88.94
2703,6,2023-01-25,2023-02-24,Completed,70.27
2704,10,2023-07-19,2023-08-18,Completed,76.67
2704,2,2023-06-08,,Dropped,0.0
2704,1,2023-09-13,2023-10-13,Completed,90.82
2705,1,2023-02-19,2023-03-21,Completed,62.36
2705,6,2023-10-04,2023-11-03,Completed,71.67
2706,5,2023-08-07,2023-09-06,Completed,75.35
2706,9,2023-03-21,2023-04-20,Completed,91.35
2706,8,2023-10-14,2023-11-13,Completed,79.6
2707,2,2023-06-01,2023-07-01,Completed,76.14
2707,8,2023-02-07,2023-03-09,Completed,71.94
2708,10,2023-08-14,2023-09-13,Completed,84.7
2709,10,2023-05-07,2023-06-06,Completed,80.24
2709,1,2023-04-14,2023-05-14,Completed,65.92
2709,6,2023-02-14,,In Progress,0.0
2709,3,2023-11-04,,In Progress,0.0
2710,8,2023-12-13,,Dropped,0.0
2710,2,2023-10-24,2023-11-23,Completed,77.75
2710,1,2023-06-05,2023-07-05,Completed,76.3
2711,6,2023-12-27,2024-01-26,Completed,61.1
2711,7,2023-02-14,2023-03-16,Completed,94.15
2712,2,2023-06-22,,In Progress,0.0
2712,4,2023-10-10,2023-11-09,Completed,92.44
2712,5,2023-05-01,2023-05-31,Completed,78.22
2712,6,2023-12-24,,In Progress,0.0
2713,9,2023-06-18,2023-07-18,Completed,79.93
2713,1,2023-09-07,2023-10-07,Completed,98.8
2713,10,2023-12-21,,In Progress,0.0
2713,5,2023-01-21,2023-02-20,Completed,97.09
2714,3,2023-10-13,2023-11-12,Completed,77.07
2714,10,2023-02-14,2023-03-16,Completed,97.48
2714,5,2023-09-20,2023-10-20,Completed,56.11
2714,6,2023-08-02,,In Progress,0.0
2715,7,2023-12-23,2024-01-22,Completed,91.56
2715,1,2023-05-11,2023-06-10,Completed,93.38
2716,4,2023-11-16,2023-12-16,Completed,91.97
2716,7,2023-09-06,2023-10-06,Completed,61.02
2716,9,2023-11-15,,Dropped,0.0
2716,1,2023-01-23,,In Progress,0.0
2717,6,2023-09-06,2023-10-06,Completed,98.99
2718,7,2023-03-27,2023-04-26,Completed,62.23
2718,10,2023-04-18,,Dropped,0.0
2718,5,2023-06-10,2023-07-10,Completed,93.59
2719,5,2023-03-27,2023-04-26,Completed,68.02
2719,2,2023-04-04,,Dropped,0.0
2719,6,2023-12-13,2024-01-12,Completed,95.12
2720,9,2023-03-23,2023-04-22,Completed,62.25
2720,5,2023-07-10,2023-08-09,Completed,75.79
2720,8,2023-06-27,2023-07-27,Completed,63.28
2720,2,2023-01-20,2023-02-19,Completed,68.67
2721,5,2023-05-24,,Dropped,0.0
2722,7,2023-09-20,2023-10-20,Completed,94.06
2722,1,2023-04-22,2023-05-22,Completed,66.69
2722,3,2023-05-21,,In Progress,0.0
2723,6,2023-07-04,2023-08-03,Completed,96.86
2724,4,2023-09-20,2023-10-20,Completed,73.34
2724,5,2023-01-08,2023-02-07,Completed,74.1
2725,6,2023-06-06,2023-07-06,Completed,97.73
2725,1,2023-07-21,,In Progress,0.0
2725,4,2023-05-12,2023-06-11,Completed,58.57
2725,9,2023-08-21,,In Progress,0.0
2726,8,2023-08-04,2023-09-03,Completed,69.22
2726,10,2023-06-14,,In Progress,0.0
2726,4,2023-11-10,2023-12-10,Completed,84.83
2727,5,2023-02-05,2023-03-07,Completed,97.79
2727,3,2023-02-25,,In Progress,0.0
2727,2,2023-09-03,,In Progress,0.0
2727,6,2023-07-14,,In Progress,0.0
2728,5,2023-06-10,2023-07-10,Completed,95.73
2728,4,2023-05-06,2023-06-05,Completed,83.79
2728,1,2023-12-18,,In Progress,0.0
2728,6,2023-04-19,,In Progress,0.0
2729,2,2023-02-24,2023-03-26,Completed,99.57
2729,6,2023-06-27,,In Progress,0.0
2730,8,2023-08-18,2023-09-17,Completed,66.76
2730,1,2023-03-25,2023-04-24,Completed,95.39
2731,3,2023-01-19,,In Progress,0.0
2731,6,2023-10-03,2023-11-02,Completed,74.77
2732,6,2023-12-03,2024-01-02,Completed,61.29
2733,8,2023-06-15,2023-07-15,Completed,71.77
2733,1,2023-11-21,,In Progress,0.0
2733,7,2023-11-05,2023-12-05,Completed,91.42
2734,3,2023-04-21,2023-05-21,Completed,77.1
2735,3,2023-08-24,2023-09-23,Completed,63.69
2736,9,2023-03-26,2023-04-25,Completed,84.09
2736,5,2023-02-10,2023-03-12,Completed,55.32
2737,8,2023-10-20,2023-11-19,Completed,99.09
2737,7,2023-12-04,,Dropped,0.0
2737,1,2023-01-26,2023-02-25,Completed,88.6
2737,3,2023-02-16,2023-03-18,Completed,73.37
2738,6,2023-10-10,2023-11-09,Completed,97.68
2738,7,2023-06-09,,In Progress,0.0
2738,2,2023-12-13,2024-01-12,Completed,68.66
2738,9,2023-04-25,2023-05-25,Completed,85.45
2739,4,2023-01-09,2023-02-08,Completed,82.42
2739,7,2023-09-24,,In Progress,0.0
2739,6,2023-01-06,2023-02-05,Completed,66.93
2739,10,2023-04-08,,In Progress,0.0
2740,9,2023-12-16,2024-01-15,Completed,92.54
2740,1,2023-06-24,2023-07-24,Completed,79.93
2740,4,2023-11-10,,Dropped,0.0
2740,5,2023-07-04,,Dropped,0.0
2741,8,2023-01-25,2023-02-24,Completed,80.49
2741,7,2023-11-12,2023-12-12,Completed,77.91
2741,10,2023-08-14,2023-09-13,Completed,68.09
2741,4,2023-03-01,2023-03-31,Completed,62.17
2742,7,2023-06-13,2023-07-13,Completed,82.49
2743,2,2023-03-22,2023-04-21,Completed,91.35
2743,4,2023-08-18,2023-09-17,Completed,72.39
2743,1,2023-07-26,,In Progress,0.0
2744,4,2023-01-14,2023-02-13,Completed,71.99
2744,1,2023-08-06,,In Progress,0.0
2744,8,2023-04-09,2023-05-09,Completed,81.03
2745,7,2023-12-19,2024-01-18,Completed,90.34
2745,10,2023-09-24,,Dropped,0.0
2745,1,2023-04-25,,In Progress,0.0
2746,4,2023-06-11,,In Progress,0.0
2746,5,2023-03-23,2023-04-22,Completed,98.9
2747,5,2023-12-22,,In Progress,0.0
2747,10,2023-12-16,2024-01-15,Completed,60.69
2747,1,2023-09-23,,In Progress,0.0
2748,1,2023-06-06,,Dropped,0.0
2748,6,2023-09-25,2023-10-25,Completed,83.12
2748,5,2023-06-03,2023-07-03,Completed,57.94
2748,2,2023-08-24,2023-09-23,Completed,59.08
2749,10,2023-06-04,2023-07-04,Completed,63.61
2750,6,2023-08-14,2023-09-13,Completed,92.28
2750,1,2023-07-07,2023-08-06,Completed,55.72
2750,3,2023-10-12,2023-11-11,Completed,68.07
2750,9,2023-11-26,2023-12-26,Completed,97.95
2751,4,2023-09-07,2023-10-07,Completed,67.19
2751,3,2023-02-11,2023-03-13,Completed,98.76
2752,2,2023-12-04,2024-01-03,Completed,85.36
2753,1,2023-10-17,2023-11-16,Completed,81.87
2753,3,2023-07-05,2023-08-04,Completed,63.71
2753,10,2023-10-19,2023-11-18,Completed,63.35
2753,8,2023-11-21,2023-12-21,Completed,96.55
2754,9,2023-02-16,,Dropped,0.0
2754,2,2023-05-20,2023-06-19,Completed,58.27
2754,7,2023-03-20,,In Progress,0.0
2754,6,2023-06-23,2023-07-23,Completed,66.83
2755,3,2023-07-07,,Dropped,0.0
2755,5,2023-02-26,2023-03-28,Completed,79.62
2755,9,2023-03-26,2023-04-25,Completed,88.17
2755,6,2023-03-17,2023-04-16,Completed,96.76
2756,7,2023-03-22,,In Progress,0.0
2756,9,2023-11-07,,Dropped,0.0
2756,2,2023-02-01,2023-03-03,Completed,55.28
2757,4,2023-08-11,2023-09-10,Completed,86.5
2757,1,2023-12-09,2024-01-08,Completed,64.66
2758,8,2023-12-16,2024-01-15,Completed,69.04
2759,9,2023-10-05,2023-11-04,Completed,67.82
2759,10,2023-12-16,,In Progress,0.0
2760,8,2023-07-13,2023-08-12,Completed,79.65
2761,7,2023-04-18,2023-05-18,Completed,67.19
2761,3,2023-05-16,2023-06-15,Completed,99.73
2761,4,2023-12-06,2024-01-05,Completed,57.45
2761,1,2023-01-25,2023-02-24,Completed,85.07
2762,8,2023-11-20,,In Progress,0.0
2763,3,2023-11-13,,In Progress,0.0
2764,1,2023-02-23,2023-03-25,Completed,68.42
2764,2,2023-07-03,,In Progress,0.0
2764,8,2023-02-19,2023-03-21,Completed,93.42
2764,9,2023-06-12,2023-07-12,Completed,80.25
2765,3,2023-06-11,2023-07-11,Completed,64.93
2766,2,2023-11-04,2023-12-04,Completed,95.13
2766,10,2023-12-26,2024-01-25,Completed,95.13
2767,1,2023-12-10,,In Progress,0.0
2767,10,2023-12-08,2024-01-07,Completed,65.21
2767,5,2023-04-20,,In Progress,0.0
2768,5,2023-08-11,,In Progress,0.0
2769,10,2023-06-06,2023-07-06,Completed,60.09
2769,3,2023-04-22,2023-05-22,Completed,57.82
2769,4,2023-11-09,2023-12-09,Completed,98.4
2769,2,2023-09-20,,In Progress,0.0
2770,7,2023-02-18,2023-03-20,Completed,83.92
2770,2,2023-06-17,2023-07-17,Completed,91.3
2771,4,2023-04-20,,In Progress,0.0
2771,2,2023-12-26,,In Progress,0.0
2772,8,2023-04-27,2023-05-27,Completed,94.21
2772,9,2023-11-07,2023-12-07,Completed,67.27
2772,6,2023-12-16,2024-01-15,Completed,89.02
2773,8,2023-07-10,2023-08-09,Completed,66.92
2774,9,2023-01-01,2023-01-31,Completed,77.95
2774,2,2023-05-18,,In Progress,0.0
2775,10,2023-12-18,,In Progress,0.0
2775,7,2023-06-09,,Dropped,0.0
2775,9,2023-01-04,,In Progress,0.0
2775,5,2023-04-23,2023-05-23,Completed,58.86
2776,3,2023-04-08,2023-05-08,Completed,98.75
2776,5,2023-03-21,2023-04-20,Completed,65.79
2777,3,2023-08-15,2023-09-14,Completed,80.34
2777,5,2023-01-11,,In Progress,0.0
2777,7,2023-01-21,2023-02-20,Completed,61.52
2778,1,2023-09-03,2023-10-03,Completed,68.04
2778,4,2023-06-17,2023-07-17,Completed,55.54
2778,5,2023-07-11,,Dropped,0.0
2779,5,2023-09-13,2023-10-13,Completed,75.12
2779,10,2023-03-12,2023-04-11,Completed,97.84
2779,4,2023-03-16,2023-04-15,Completed,67.2
2780,5,2023-10-21,2023-11-20,Completed,77.55
2780,9,2023-01-16,2023-02-15,Completed,93.74
2781,3,2023-09-05,2023-10-05,Completed,64.96
2781,2,2023-11-04,2023-12-04,Completed,65.82
2781,1,2023-07-06,,Dropped,0.0
2781,9,2023-11-09,,In Progress,0.0
2782,8,2023-11-06,,In Progress,0.0
2782,4,2023-08-10,2023-09-09,Completed,92.97
2783,3,2023-11-17,2023-12-17,Completed,73.65
2783,10,2023-11-21,2023-12-21,Completed,72.72
2783,9,2023-09-26,2023-10-26,Completed,80.33
2784,7,2023-12-02,2024-01-01,Completed,86.13
2785,2,2023-05-08,2023-06-07,Completed,97.91
2785,4,2023-11-09,,Dropped,0.0
2785,5,2023-12-03,2024-01-02,Completed,89.66
2786,8,2023-07-12,2023-08-11,Completed,99.39
2786,1,2023-10-26,,In Progress,0.0
2787,3,2023-01-04,2023-02-03,Completed,92.42
2788,10,2023-06-09,2023-07-09,Completed,99.07
2788,6,2023-10-13,2023-11-12,Completed,75.66
2788,4,2023-10-03,,In Progress,0.0
2789,9,2023-06-14,2023-07-14,Completed,91.54
2789,10,2023-12-08,2024-01-07,Completed,84.97
2790,5,2023-12-11,,Dropped,0.0
2790,10,2023-02-05,,In Progress,0.0
2791,2,2023-07-26,,In Progress,0.0
2792,5,2023-04-20,,Dropped,0.0
2793,2,2023-05-15,2023-06-14,Completed,90.04
2793,1,2023-05-06,2023-06-05,Completed,90.02
2794,1,2023-10-19,,Dropped,0.0
2794,10,2023-12-08,2024-01-07,Completed,66.87
2795,6,2023-12-14,2024-01-13,Completed,98.07
2795,2,2023-01-21,2023-02-20,Completed,89.27
2795,5,2023-12-07,2024-01-06,Completed,71.85
2795,8,2023-12-18,,In Progress,0.0
2796,9,2023-06-03,2023-07-03,Completed,81.44
2796,3,2023-04-19,2023-05-19,Completed,68.08
2797,7,2023-01-02,,In Progress,0.0
2797,6,2023-11-09,,In Progress,0.0
2797,2,2023-03-06,,In Progress,0.0
2798,4,2023-12-06,2024-01-05,Completed,60.82
2798,10,2023-09-14,2023-10-14,Completed,89.33
2798,3,2023-04-24,2023-05-24,Completed,62.75
2798,2,2023-06-14,2023-07-14,Completed,84.66
2799,2,2023-08-26,2023-09-25,Completed,87.53
2799,8,2023-08-22,2023-09-21,Completed,79.62
2799,4,2023-04-17,,In Progress,0.0
2800,2,2023-04-17,2023-05-17,Completed,90.74
2800,10,2023-05-26,2023-06-25,Completed,97.22
2800,6,2023-10-12,2023-11-11,Completed,67.46
2801,1,2023-03-17,2023-04-16,Completed,58.97
2801,2,2023-04-05,2023-05-05,Completed,96.59
2801,10,2023-03-16,2023-04-15,Completed,63.09
2801,7,2023-02-08,2023-03-10,Completed,58.69
2802,5,2023-12-15,2024-01-14,Completed,91.31
2802,4,2023-07-19,2023-08-18,Completed,62.16
2802,1,2023-03-01,2023-03-31,Completed,88.7
2803,4,2023-12-20,,Dropped,0.0
2804,8,2023-04-08,,Dropped,0.0
2805,4,2023-11-10,2023-12-10,Completed,73.82
2805,6,2023-07-02,,In Progress,0.0
2805,3,2023-04-21,,In Progress,0.0
2805,9,2023-07-13,2023-08-12,Completed,92.62
2806,2,2023-04-06,2023-05-06,Completed,84.47
2806,8,2023-10-24,2023-11-23,Completed,91.51
2806,3,2023-03-27,2023-04-26,Completed,82.86
2806,9,2023-08-22,2023-09-21,Completed,70.87
2807,10,2023-12-02,2024-01-01,Completed,90.38
2807,1,2023-07-17,2023-08-16,Completed,90.19
2808,4,2023-09-13,2023-10-13,Completed,55.38
2808,3,2023-08-21,2023-09-20,Completed,65.07
2808,2,2023-08-22,2023-09-21,Completed,73.18
2808,9,2023-04-20,,In Progress,0.0
2809,3,2023-10-02,2023-11-01,Completed,87.35
2809,8,2023-01-10,2023-02-09,Completed,77.08
2810,2,2023-11-14,2023-12-14,Completed,77.38
2810,3,2023-04-02,2023-05-02,Completed,61.35
2810,4,2023-02-10,,In Progress,0.0
2810,10,2023-06-25,,In Progress,0.0
2811,7,2023-07-10,2023-08-09,Completed,98.03
2811,4,2023-10-19,,In Progress,0.0
2811,1,2023-08-08,,In Progress,0.0
2812,7,2023-11-05,,Dropped,0.0
2813,3,2023-08-02,2023-09-01,Completed,84.11
2814,2,2023-08-26,2023-09-25,Completed,98.73
2814,4,2023-04-14,2023-05-14,Completed,97.88
2814,3,2023-08-09,2023-09-08,Completed,88.91
2814,5,2023-11-13,,In Progress,0.0
2815,2,2023-07-05,2023-08-04,Completed,68.55
2815,4,2023-02-11,2023-03-13,Completed,91.68
2816,4,2023-04-04,2023-05-04,Completed,97.83
2816,5,2023-03-18,,In Progress,0.0
2817,9,2023-11-19,,In Progress,0.0
2817,4,2023-11-17,,In Progress,0.0
2817,5,2023-04-07,2023-05-07,Completed,59.89
2818,5,2023-12-17,,In Progress,0.0
2819,3,2023-06-24,2023-07-24,Completed,68.38
2820,8,2023-02-22,,In Progress,0.0
2820,1,2023-01-19,2023-02-18,Completed,80.59
2820,5,2023-01-25,2023-02-24,Completed,69.35
2820,6,2023-06-12,2023-07-12,Completed,69.29
2821,7,2023-02-04,2023-03-06,Completed,64.94
2822,3,2023-05-09,2023-06-08,Completed,56.86
2822,2,2023-10-01,2023-10-31,Completed,82.52
2822,8,2023-04-13,2023-05-13,Completed,62.11
2823,1,2023-07-03,2023-08-02,Completed,67.9
2824,4,2023-05-27,2023-06-26,Completed,78.82
2825,9,2023-06-24,,Dropped,0.0
2825,6,2023-03-07,2023-04-06,Completed,78.83
2825,5,2023-07-21,,Dropped,0.0
2825,1,2023-07-25,2023-08-24,Completed,85.12
2826,6,2023-10-14,2023-11-13,Completed,93.83
2827,9,2023-08-11,,In Progress,0.0
2828,6,2023-06-11,2023-07-11,Completed,83.04
2829,9,2023-01-13,2023-02-12,Completed,65.8
2830,10,2023-03-04,,In Progress,0.0
2830,1,2023-05-25,,In Progress,0.0
2830,6,2023-10-25,,In Progress,0.0
2831,3,2023-09-24,,In Progress,0.0
2832,10,2023-09-14,,In Progress,0.0
2832,9,2023-07-23,2023-08-22,Completed,69.45
2833,3,2023-09-07,2023-10-07,Completed,83.36
2833,5,2023-05-11,2023-06-10,Completed,69.22
2833,4,2023-04-22,2023-05-22,Completed,70.96
2833,7,2023-09-14,,In Progress,0.0
2834,3,2023-08-23,2023-09-22,Completed,68.4
2834,5,2023-04-13,,Dropped,0.0
2834,7,2023-09-13,2023-10-13,Completed,70.85
2834,6,2023-12-12,,In Progress,0.0
2835,3,2023-06-21,2023-07-21,Completed,99.55
2836,1,2023-07-11,2023-08-10,Completed,64.92
2836,9,2023-09-24,2023-10-24,Completed,99.23
2836,7,2023-10-13,2023-11-12,Completed,71.49
2837,6,2023-02-05,,In Progress,0.0
2838,5,2023-08-10,2023-09-09,Completed,91.77
2838,4,2023-03-24,,Dropped,0.0
2838,9,2023-03-01,2023-03-31,Completed,60.44
2838,10,2023-04-02,2023-05-02,Completed,72.47
2839,7,2023-08-15,,Dropped,0.0
2839,3,2023-11-20,2023-12-20,Completed,76.2
2839,4,2023-02-12,2023-03-14,Completed,68.23
2840,9,2023-11-23,,In Progress,0.0
2840,8,2023-02-10,2023-03-12,Completed,87.01
2840,1,2023-04-09,2023-05-09,Completed,99.61
2840,7,2023-06-15,2023-07-15,Completed,71.06
2841,6,2023-08-11,,Dropped,0.0
2841,4,2023-07-04,2023-08-03,Completed,90.35
2841,1,2023-03-08,2023-04-07,Completed,73.02
2842,1,2023-04-27,2023-05-27,Completed,97.38
2843,5,2023-03-02,2023-04-01,Completed,69.54
2843,4,2023-02-11,2023-03-13,Completed,65.85
2843,9,2023-03-10,2023-04-09,Completed,66.2
2844,3,2023-09-22,,In Progress,0.0
2844,7,2023-07-13,2023-08-12,Completed,82.08
2844,1,2023-04-01,2023-05-01,Completed,77.87
2845,4,2023-01-11,,Dropped,0.0
2845,6,2023-04-08,,In Progress,0.0
2845,10,2023-12-19,2024-01-18,Completed,73.99
2845,3,2023-04-19,2023-05-19,Completed,64.62
2846,3,2023-05-05,2023-06-04,Completed,78.8
2846,7,2023-02-09,,In Progress,0.0
2847,10,2023-02-08,2023-03-10,Completed,63.61
2847,8,2023-07-23,2023-08-22,Completed,84.09
2848,8,2023-11-15,2023-12-15,Completed,85.28
2849,1,2023-12-13,,Dropped,0.0
2849,8,2023-10-23,2023-11-22,Completed,63.26
2850,8,2023-04-17,2023-05-17,Completed,67.32
2850,6,2023-04-19,2023-05-19,Completed,86.32
2851,5,2023-10-19,2023-11-18,Completed,82.48
2851,4,2023-07-10,2023-08-09,Completed,95.6
2852,7,2023-10-21,2023-11-20,Completed,92.09
2853,2,2023-07-05,,Dropped,0.0
2853,10,2023-02-24,,In Progress,0.0
2854,2,2023-02-10,2023-03-12,Completed,80.78
2854,8,2023-10-04,2023-11-03,Completed,98.37
2854,9,2023-01-09,2023-02-08,Completed,84.21
2855,6,2023-03-02,2023-04-01,Completed,71.47
2855,8,2023-10-07,2023-11-06,Completed,74.21
2855,1,2023-11-16,2023-12-16,Completed,62.92
2856,7,2023-02-01,2023-03-03,Completed,85.78
2856,6,2023-08-23,2023-09-22,Completed,65.81
2856,3,2023-03-23,2023-04-22,Completed,66.87
2856,9,2023-05-26,2023-06-25,Completed,98.52
2857,7,2023-11-06,2023-12-06,Completed,82.34
2858,10,2023-01-04,2023-02-03,Completed,98.25
2858,1,2023-05-07,2023-06-06,Completed,68.36
2859,8,2023-05-22,2023-06-21,Completed,67.55
2860,4,2023-08-22,2023-09-21,Completed,86.62
2861,5,2023-08-21,,In Progress,0.0
2862,6,2023-04-09,2023-05-09,Completed,71.39
2862,8,2023-04-25,2023-05-25,Completed,99.27
2862,9,2023-09-14,2023-10-14,Completed,62.62
2862,2,2023-09-25,2023-10-25,Completed,67.55
2863,10,2023-03-08,,In Progress,0.0
2863,9,2023-06-18,2023-07-18,Completed,85.31
2864,9,2023-02-07,2023-03-09,Completed,67.67
2864,10,2023-07-16,2023-08-15,Completed,70.42
2864,7,2023-12-15,2024-01-14,Completed,64.77
2865,3,2023-07-07,,In Progress,0.0
2865,6,2023-02-08,,Dropped,0.0
2866,2,2023-08-06,2023-09-05,Completed,66.16
2867,4,2023-01-04,2023-02-03,Completed,73.74
2867,5,2023-06-21,2023-07-21,Completed,98.84
2868,6,2023-04-22,2023-05-22,Completed,85.65
2868,5,2023-09-09,2023-10-09,Completed,63.66
2868,10,2023-03-18,2023-04-17,Completed,74.55
2868,7,2023-05-08,2023-06-07,Completed,85.05
2869,7,2023-05-12,2023-06-11,Completed,84.4
2869,8,2023-10-21,2023-11-20,Completed,63.47
2870,8,2023-01-25,,Dropped,0.0
2870,7,2023-01-22,2023-02-21,Completed,82.59
2871,6,2023-06-07,,In Progress,0.0
2871,7,2023-12-10,,In Progress,0.0
2872,8,2023-10-24,,In Progress,0.0
2872,3,2023-01-23,2023-02-22,Completed,64.12
2872,4,2023-07-08,,In Progress,0.0
2873,9,2023-10-03,2023-11-02,Completed,60.59
2873,1,2023-02-15,,In Progress,0.0
2873,4,2023-02-02,2023-03-04,Completed,62.21
2873,3,2023-08-27,2023-09-26,Completed,65.49
2874,8,2023-03-26,2023-04-25,Completed,55.35
2874,10,2023-07-27,2023-08-26,Completed,92.5
2874,9,2023-02-21,,Dropped,0.0
2874,1,2023-01-07,2023-02-06,Completed,61.3
2875,2,2023-03-26,2023-04-25,Completed,75.1
2875,6,2023-02-27,,Dropped,0.0
2875,1,2023-03-22,2023-04-21,Completed,81.21
2875,3,2023-10-21,2023-11-20,Completed,93.23
2876,10,2023-04-07,2023-05-07,Completed,89.79
2877,8,2023-08-21,,In Progress,0.0
2878,2,2023-02-02,2023-03-04,Completed,74.47
2879,9,2023-01-14,,In Progress,0.0
2879,5,2023-10-24,2023-11-23,Completed,86.17
2880,10,2023-01-16,,In Progress,0.0
2880,3,2023-01-11,2023-02-10,Completed,73.43
2880,9,2023-06-06,2023-07-06,Completed,82.16
2881,3,2023-11-09,2023-12-09,Completed,81.59
2881,4,2023-12-24,,In Progress,0.0
2881,7,2023-05-08,2023-06-07,Completed,61.56
2881,5,2023-08-19,2023-09-18,Completed,81.68
2882,2,2023-04-26,2023-05-26,Completed,61.72
2882,8,2023-09-19,2023-10-19,Completed,81.43
2883,5,2023-12-12,2024-01-11,Completed,76.44
2883,4,2023-05-19,2023-06-18,Completed,71.51
2883,2,2023-09-25,,In Progress,0.0
2883,7,2023-10-10,2023-11-09,Completed,72.78
2884,4,2023-05-27,2023-06-26,Completed,93.39
2884,3,2023-04-27,2023-05-27,Completed,90.35
2884,10,2023-04-21,2023-05-21,Completed,94.63
2884,5,2023-05-11,2023-06-10,Completed,58.05
2885,3,2023-10-09,2023-11-08,Completed,76.9
2885,6,2023-01-08,2023-02-07,Completed,98.06
2885,10,2023-05-14,2023-06-13,Completed,67.87
2885,9,2023-07-07,,Dropped,0.0
2886,1,2023-05-25,2023-06-24,Completed,59.36
2886,5,2023-11-01,,In Progress,0.0
2886,7,2023-02-02,2023-03-04,Completed,83.13
2887,4,2023-03-11,2023-04-10,Completed,94.48
2887,10,2023-12-24,2024-01-23,Completed,89.07
2887,3,2023-07-21,2023-08-20,Completed,93.28
2887,2,2023-11-11,2023-12-11,Completed,90.89
2888,10,2023-02-14,2023-03-16,Completed,77.19
2889,5,2023-11-27,2023-12-27,Completed,73.6
2890,7,2023-04-18,2023-05-18,Completed,90.57
2890,8,2023-05-23,2023-06-22,Completed,77.57
2890,5,2023-03-19,2023-04-18,Completed,78.62
2890,6,2023-04-20,,Dropped,0.0
2891,3,2023-09-20,2023-10-20,Completed,56.8
2891,6,2023-06-27,,Dropped,0.0
2892,6,2023-11-11,,Dropped,0.0
2892,2,2023-06-14,2023-07-14,Completed,62.51
2892,5,2023-08-22,2023-09-21,Completed,58.52
2892,3,2023-05-27,,In Progress,0.0
2893,9,2023-04-11,2023-05-11,Completed,68.8
2894,4,2023-07-14,2023-08-13,Completed,69.19
2895,8,2023-09-07,2023-10-07,Completed,94.45
2895,9,2023-09-03,2023-10-03,Completed,64.91
2895,4,2023-06-16,2023-07-16,Completed,70.57
2895,5,2023-01-10,2023-02-09,Completed,63.14
2896,7,2023-07-11,2023-08-10,Completed,74.06
2896,3,2023-06-14,2023-07-14,Completed,73.83
2896,4,2023-01-01,2023-01-31,Completed,72.18
2897,6,2023-08-12,,In Progress,0.0
2898,5,2023-06-10,,Dropped,0.0
2899,8,2023-08-14,,In Progress,0.0
2899,10,2023-03-10,2023-04-09,Completed,86.95
2899,3,2023-02-08,2023-03-10,Completed,58.99
2899,2,2023-06-04,2023-07-04,Completed,71.05
2900,3,2023-12-24,2024-01-23,Completed,89.63
2900,4,2023-03-16,2023-04-15,Completed,99.89
2900,7,2023-12-17,2024-01-16,Completed,91.19
2900,10,2023-04-18,2023-05-18,Completed,86.23
2901,3,2023-08-23,2023-09-22,Completed,56.96
2901,5,2023-12-17,,Dropped,0.0
2901,1,2023-11-21,2023-12-21,Completed,95.72
2902,6,2023-04-14,2023-05-14,Completed,96.81
2902,1,2023-06-09,2023-07-09,Completed,97.55
2902,10,2023-10-11,2023-11-10,Completed,99.6
2902,5,2023-10-12,2023-11-11,Completed,87.41
2903,1,2023-10-05,2023-11-04,Completed,70.69
2904,7,2023-01-05,2023-02-04,Completed,91.44
2904,2,2023-06-15,2023-07-15,Completed,92.55
2904,10,2023-07-04,,Dropped,0.0
2904,4,2023-01-13,2023-02-12,Completed,90.46
2905,6,2023-03-21,2023-04-20,Completed,90.3
2905,3,2023-05-04,,In Progress,0.0
2905,5,2023-08-08,,In Progress,0.0
2905,10,2023-03-08,2023-04-07,Completed,84.81
2906,9,2023-12-19,2024-01-18,Completed,59.31
2906,5,2023-07-04,,In Progress,0.0
2907,8,2023-08-13,2023-09-12,Completed,77.27
2907,10,2023-11-27,,Dropped,0.0
2907,5,2023-12-18,2024-01-17,Completed,56.62
2907,9,2023-01-02,2023-02-01,Completed,88.55
2908,1,2023-04-15,,Dropped,0.0
2908,5,2023-03-01,2023-03-31,Completed,93.35
2908,8,2023-10-10,2023-11-09,Completed,57.78
2909,7,2023-01-09,,In Progress,0.0
2909,8,2023-05-19,2023-06-18,Completed,84.01
2909,10,2023-11-09,2023-12-09,Completed,55.3
2910,3,2023-07-11,2023-08-10,Completed,94.32
2910,5,2023-04-15,2023-05-15,Completed,88.71
2910,10,2023-09-18,,In Progress,0.0
2911,9,2023-06-07,2023-07-07,Completed,87.07
2912,4,2023-07-12,2023-08-11,Completed,73.39
2913,1,2023-08-09,2023-09-08,Completed,65.9
2914,9,2023-11-15,,In Progress,0.0
2914,4,2023-10-09,,In Progress,0.0
2914,10,2023-05-06,2023-06-05,Completed,89.07
2915,5,2023-05-01,,Dropped,0.0
2915,8,2023-01-16,2023-02-15,Completed,76.03
2915,7,2023-12-09,,Dropped,0.0
2916,3,2023-11-25,,In Progress,0.0
2916,2,2023-04-05,2023-05-05,Completed,58.29
2916,6,2023-11-18,,In Progress,0.0
2917,7,2023-09-03,2023-10-03,Completed,81.29
2918,1,2023-12-03,,In Progress,0.0
2918,7,2023-01-06,2023-02-05,Completed,79.31
2918,6,2023-07-21,2023-08-20,Completed,79.22
2919,10,2023-08-11,2023-09-10,Completed,99.48
2919,2,2023-09-13,2023-10-13,Completed,75.32
2919,1,2023-02-01,,Dropped,0.0
2920,7,2023-10-15,2023-11-14,Completed,87.34
2921,5,2023-12-24,,Dropped,0.0
2921,10,2023-01-12,,In Progress,0.0
2922,1,2023-08-25,,In Progress,0.0
2923,8,2023-08-05,2023-09-04,Completed,93.3
2923,9,2023-09-08,,In Progress,0.0
2924,7,2023-03-06,2023-04-05,Completed,92.11
2925,5,2023-08-09,2023-09-08,Completed,82.26
2925,10,2023-04-02,2023-05-02,Completed,95.21
2925,9,2023-12-19,,In Progress,0.0
2925,4,2023-04-26,2023-05-26,Completed,56.9
2926,5,2023-01-25,2023-02-24,Completed,63.57
2927,5,2023-12-02,,In Progress,0.0
2928,6,2023-08-16,2023-09-15,Completed,81.52
2928,5,2023-06-08,,Dropped,0.0
2928,10,2023-06-01,,In Progress,0.0
2929,6,2023-10-26,2023-11-25,Completed,75.29
2929,9,2023-04-06,2023-05-06,Completed,87.05
2929,10,2023-01-24,2023-02-23,Completed,78.64
2929,1,2023-03-17,2023-04-16,Completed,71.25
2930,8,2023-03-19,2023-04-18,Completed,62.64
2930,7,2023-03-13,2023-04-12,Completed,87.19
2931,1,2023-11-26,2023-12-26,Completed,99.99
2931,2,2023-02-19,2023-03-21,Completed,78.69
2931,9,2023-08-20,2023-09-19,Completed,80.31
2932,3,2023-05-16,2023-06-15,Completed,86.89
2932,7,2023-11-24,,In Progress,0.0
2932,4,2023-09-05,2023-10-05,Completed,65.66
2932,10,2023-09-10,2023-10-10,Completed,94.36
2933,3,2023-03-16,2023-04-15,Completed,73.48
2933,10,2023-10-13,2023-11-12,Completed,97.84
2933,1,2023-08-10,,In Progress,0.0
2933,2,2023-02-04,2023-03-06,Completed,69.24
2934,3,2023-06-17,2023-07-17,Completed,97.76
2934,6,2023-09-13,2023-10-13,Completed,55.35
2934,10,2023-01-15,2023-02-14,Completed,89.0
2934,7,2023-08-16,,In Progress,0.0
2935,7,2023-05-16,2023-06-15,Completed,91.02
2935,10,2023-04-16,2023-05-16,Completed,80.05
2935,5,2023-07-02,2023-08-01,Completed,83.1
2935,1,2023-03-15,2023-04-14,Completed,98.41
2936,9,2023-02-17,,Dropped,0.0
2936,5,2023-01-16,2023-02-15,Completed,73.26
2937,3,2023-03-10,2023-04-09,Completed,76.11
2938,4,2023-11-21,,In Progress,0.0
2938,8,2023-10-27,2023-11-26,Completed,62.69
2938,10,2023-04-17,2023-05-17,Completed,73.85
2938,1,2023-07-13,,In Progress,0.0
2939,1,2023-11-15,2023-12-15,Completed,81.62
2940,10,2023-07-25,,In Progress,0.0
2940,2,2023-10-14,,In Progress,0.0
2941,4,2023-07-02,2023-08-01,Completed,79.26
2941,7,2023-01-26,,In Progress,0.0
2942,6,2023-09-05,2023-10-05,Completed,55.62
2942,4,2023-07-09,2023-08-08,Completed,91.43
2942,8,2023-10-08,2023-11-07,Completed,61.98
2942,1,2023-07-26,,In Progress,0.0
2943,10,2023-11-01,2023-12-01,Completed,98.35
2944,8,2023-05-08,2023-06-07,Completed,74.4
2944,2,2023-10-01,2023-10-31,Completed,74.85
2944,4,2023-08-19,,In Progress,0.0
2944,5,2023-03-07,2023-04-06,Completed,64.12
2945,7,2023-07-01,2023-07-31,Completed,59.08
2945,1,2023-02-01,2023-03-03,Completed,96.83
2945,6,2023-06-14,2023-07-14,Completed,91.39
2946,4,2023-01-02,,Dropped,0.0
2946,1,2023-12-14,2024-01-13,Completed,79.52
2946,9,2023-01-21,2023-02-20,Completed,58.94
2947,7,2023-08-20,2023-09-19,Completed,86.29
2948,1,2023-12-08,,Dropped,0.0
2948,5,2023-09-03,2023-10-03,Completed,74.38
2948,8,2023-04-24,2023-05-24,Completed,66.64
2948,10,2023-09-26,,In Progress,0.0
2949,9,2023-06-24,,In Progress,0.0
2949,3,2023-03-11,2023-04-10,Completed,57.37
2949,10,2023-11-13,2023-12-13,Completed,59.63
2950,9,2023-12-04,2024-01-03,Completed,65.36
2950,10,2023-03-25,2023-04-24,Completed,81.14
2950,3,2023-09-22,2023-10-22,Completed,78.97
2950,8,2023-08-18,,In Progress,0.0
2951,5,2023-11-25,2023-12-25,Completed,57.13
2951,8,2023-04-12,2023-05-12,Completed,57.84
2952,4,2023-06-12,2023-07-12,Completed,96.51
2953,1,2023-07-27,2023-08-26,Completed,62.24
2953,2,2023-01-19,2023-02-18,Completed,57.32
2953,8,2023-09-09,,In Progress,0.0
2954,5,2023-02-22,2023-03-24,Completed,74.92
2954,2,2023-12-15,,Dropped,0.0
2955,9,2023-04-13,2023-05-13,Completed,77.78
2955,4,2023-07-14,2023-08-13,Completed,66.22
2955,7,2023-10-14,2023-11-13,Completed,67.15
2955,6,2023-10-16,,In Progress,0.0
2956,5,2023-03-15,2023-04-14,Completed,88.23
2956,3,2023-12-25,,Dropped,0.0
2956,8,2023-07-24,2023-08-23,Completed,71.17
2956,2,2023-07-19,2023-08-18,Completed,71.99
2957,3,2023-01-25,,Dropped,0.0
2958,5,2023-09-24,2023-10-24,Completed,95.48
2958,7,2023-11-09,2023-12-09,Completed,74.28
2959,4,2023-12-09,2024-01-08,Completed,91.29
2960,6,2023-08-06,2023-09-05,Completed,62.9
2960,9,2023-10-12,2023-11-11,Completed,96.95
2960,8,2023-04-08,2023-05-08,Completed,77.97
2960,7,2023-01-26,,In Progress,0.0
2961,8,2023-07-20,2023-08-19,Completed,73.41
2962,2,2023-09-25,2023-10-25,Completed,84.4
2962,5,2023-09-07,,Dropped,0.0
2962,4,2023-02-04,,In Progress,0.0
2963,4,2023-01-13,,In Progress,0.0
2964,9,2023-02-07,2023-03-09,Completed,78.43
2964,6,2023-04-22,2023-05-22,Completed,79.68
2964,8,2023-03-11,,In Progress,0.0
2965,4,2023-04-14,,In Progress,0.0
2965,10,2023-06-05,2023-07-05,Completed,84.96
2965,1,2023-04-15,,Dropped,0.0
2966,9,2023-02-01,,Dropped,0.0
2967,8,2023-04-18,,In Progress,0.0
2967,4,2023-07-18,,In Progress,0.0
2967,6,2023-08-21,,In Progress,0.0
2967,1,2023-05-19,,Dropped,0.0
2968,10,2023-10-16,2023-11-15,Completed,59.17
2968,1,2023-09-04,,In Progress,0.0
2969,7,2023-04-21,2023-05-21,Completed,57.67
2969,3,2023-11-11,,Dropped,0.0
2969,1,2023-11-15,2023-12-15,Completed,78.72
2970,6,2023-11-14,2023-12-14,Completed,59.99
2970,1,2023-07-21,2023-08-20,Completed,85.49
2970,10,2023-09-18,2023-10-18,Completed,66.63
2971,7,2023-09-14,2023-10-14,Completed,94.92
2971,4,2023-04-02,,In Progress,0.0
2971,3,2023-12-24,2024-01-23,Completed,57.32
2972,1,2023-02-06,,In Progress,0.0
2972,8,2023-08-06,,In Progress,0.0
2973,10,2023-09-19,2023-10-19,Completed,93.56
2973,7,2023-07-02,2023-08-01,Completed,78.3
2973,9,2023-09-20,,Dropped,0.0
2973,1,2023-08-20,2023-09-19,Completed,78.02
2974,4,2023-05-05,,In Progress,0.0
2974,10,2023-09-25,,Dropped,0.0
2974,6,2023-07-08,,In Progress,0.0
2974,2,2023-05-09,2023-06-08,Completed,63.11
2975,1,2023-04-10,2023-05-10,Completed,98.84
2975,6,2023-06-19,2023-07-19,Completed,71.89
2975,3,2023-12-13,,Dropped,0.0
2976,6,2023-07-01,2023-07-31,Completed,72.84
2976,10,2023-10-15,,Dropped,0.0
2976,7,2023-11-10,2023-12-10,Completed,64.05
2977,2,2023-03-19,2023-04-18,Completed,57.75
2977,10,2023-07-14,2023-08-13,Completed,74.39
2977,4,2023-10-12,2023-11-11,Completed,58.08
2977,9,2023-09-11,2023-10-11,Completed,78.12
2978,8,2023-12-22,2024-01-21,Completed,68.77
2979,1,2023-08-18,2023-09-17,Completed,94.98
2980,3,2023-04-14,,In Progress,0.0
2980,1,2023-02-22,2023-03-24,Completed,99.09
2980,2,2023-10-23,2023-11-22,Completed,88.54
2981,4,2023-01-10,2023-02-09,Completed,98.13
2982,7,2023-11-11,2023-12-11,Completed,67.74
2982,10,2023-12-08,,Dropped,0.0
2982,1,2023-06-17,,In Progress,0.0
2983,2,2023-06-17,,In Progress,0.0
2983,3,2023-10-15,,Dropped,0.0
2984,10,2023-09-16,2023-10-16,Completed,77.45
2984,9,2023-06-05,,In Progress,0.0
2984,4,2023-12-06,2024-01-05,Completed,96.96
2984,7,2023-09-13,2023-10-13,Completed,88.27
2985,1,2023-01-17,2023-02-16,Completed,70.89
2986,2,2023-10-20,2023-11-19,Completed,84.75
2986,8,2023-02-09,2023-03-11,Completed,94.36
2987,7,2023-02-19,2023-03-21,Completed,87.72
2987,4,2023-05-25,2023-06-24,Completed,97.14
2987,9,2023-01-27,,In Progress,0.0
2987,6,2023-05-23,2023-06-22,Completed,73.57
2988,8,2023-09-16,2023-10-16,Completed,72.87
2988,2,2023-07-24,2023-08-23,Completed,66.05
2989,1,2023-10-17,,In Progress,0.0
2990,3,2023-02-11,2023-03-13,Completed,84.36
2991,1,2023-03-06,2023-04-05,Completed,63.56
2991,3,2023-05-25,2023-06-24,Completed,80.76
2991,8,2023-02-02,2023-03-04,Completed,79.2
2992,8,2023-08-05,,In Progress,0.0
2992,3,2023-10-11,,In Progress,0.0
2992,10,2023-02-22,2023-03-24,Completed,77.78
2992,9,2023-05-16,2023-06-15,Completed,96.16
2993,2,2023-06-08,2023-07-08,Completed,92.57
2993,1,2023-12-05,2024-01-04,Completed,84.06
2993,8,2023-05-03,,Dropped,0.0
2993,3,2023-05-14,2023-06-13,Completed,72.94
2994,6,2023-02-17,2023-03-19,Completed,89.82
2994,8,2023-04-04,2023-05-04,Completed,70.04
2995,10,2023-08-24,,Dropped,0.0
2995,1,2023-12-04,2024-01-03,Completed,84.99
2995,9,2023-09-14,,In Progress,0.0
2996,6,2023-02-04,2023-03-06,Completed,67.04
2997,6,2023-07-22,2023-08-21,Completed,72.89
2997,2,2023-02-13,2023-03-15,Completed,85.83
2997,5,2023-07-21,2023-08-20,Completed,89.15
2997,7,2023-07-24,2023-08-23,Completed,84.84
2998,2,2023-12-10,,In Progress,0.0
2998,8,2023-07-21,2023-08-20,Completed,74.14
2999,10,2023-07-01,,In Progress,0.0
2999,3,2023-04-26,,In Progress,0.0
2999,6,2023-05-10,2023-06-09,Completed,93.9
3000,10,2023-10-07,2023-11-06,Completed,58.57
3001,7,2023-07-19,,In Progress,0.0
3001,4,2023-01-03,2023-02-02,Completed,77.5
3001,1,2023-11-15,,In Progress,0.0
3002,10,2023-06-11,,In Progress,0.0
3002,3,2023-01-19,,Dropped,0.0
3003,8,2023-11-17,2023-12-17,Completed,65.19
3003,6,2023-09-13,2023-10-13,Completed,71.91
3003,4,2023-03-26,,In Progress,0.0
3004,7,2023-12-21,2024-01-20,Completed,67.33
3004,2,2023-08-26,,In Progress,0.0
3004,6,2023-09-10,2023-10-10,Completed,82.83
3004,9,2023-02-01,,Dropped,0.0
3005,1,2023-07-10,2023-08-09,Completed,63.91
3005,8,2023-10-12,2023-11-11,Completed,56.19
3005,7,2023-10-22,2023-11-21,Completed,94.45
3005,3,2023-07-21,2023-08-20,Completed,55.93
3006,4,2023-09-10,2023-10-10,Completed,56.83
3006,10,2023-02-07,,In Progress,0.0
3007,5,2023-11-01,2023-12-01,Completed,75.07
3007,7,2023-01-09,,In Progress,0.0
3008,4,2023-03-20,2023-04-19,Completed,55.15
3008,10,2023-09-03,2023-10-03,Completed,67.74
3009,4,2023-05-21,2023-06-20,Completed,74.63
3009,10,2023-11-06,2023-12-06,Completed,89.95
3010,3,2023-03-02,,Dropped,0.0
3010,5,2023-12-16,2024-01-15,Completed,62.29
3010,7,2023-04-17,2023-05-17,Completed,74.34
3011,10,2023-12-03,2024-01-02,Completed,77.6
3011,8,2023-08-04,,In Progress,0.0
3011,3,2023-06-19,2023-07-19,Completed,83.0
3011,5,2023-06-04,2023-07-04,Completed,67.35
3012,10,2023-02-05,2023-03-07,Completed,84.05
3013,6,2023-06-20,2023-07-20,Completed,74.17
3014,9,2023-10-21,2023-11-20,Completed,81.0
3014,10,2023-11-21,,In Progress,0.0
3014,3,2023-06-25,,In Progress,0.0
3015,7,2023-07-15,2023-08-14,Completed,58.05
3015,5,2023-11-18,2023-12-18,Completed,59.84
3016,1,2023-01-03,2023-02-02,Completed,77.39
3016,6,2023-11-20,2023-12-20,Completed,91.36
3017,10,2023-11-01,2023-12-01,Completed,64.77
3017,5,2023-04-09,,In Progress,0.0
3017,8,2023-10-07,,In Progress,0.0
3018,4,2023-01-23,2023-02-22,Completed,79.27
3019,7,2023-07-20,2023-08-19,Completed,56.78
3019,5,2023-06-23,2023-07-23,Completed,73.41
3019,3,2023-03-12,2023-04-11,Completed,65.52
3020,10,2023-08-07,2023-09-06,Completed,79.24
3020,2,2023-12-02,2024-01-01,Completed,63.28
3021,3,2023-02-17,,Dropped,0.0
3021,7,2023-10-01,,Dropped,0.0
3021,10,2023-06-01,2023-07-01,Completed,61.31
3021,4,2023-08-27,2023-09-26,Completed,68.66
3022,8,2023-12-02,,In Progress,0.0
3023,1,2023-03-12,2023-04-11,Completed,74.71
3023,7,2023-01-07,2023-02-06,Completed,60.85
3023,2,2023-07-25,,In Progress,0.0
3024,1,2023-03-21,,In Progress,0.0
3025,10,2023-09-09,2023-10-09,Completed,73.75
3025,9,2023-01-06,2023-02-05,Completed,98.55
3025,8,2023-09-14,2023-10-14,Completed,89.53
3026,5,2023-03-18,2023-04-17,Completed,66.64
3026,3,2023-12-06,,In Progress,0.0
3027,6,2023-08-04,,In Progress,0.0
3027,7,2023-07-01,2023-07-31,Completed,85.97
3027,10,2023-10-12,,In Progress,0.0
3027,1,2023-10-07,2023-11-06,Completed,59.69
3028,2,2023-03-07,2023-04-06,Completed,61.92
3028,6,2023-10-16,2023-11-15,Completed,68.1
3028,5,2023-05-09,2023-06-08,Completed,78.87
3028,7,2023-06-13,,In Progress,0.0
3029,2,2023-11-10,2023-12-10,Completed,98.96
3030,9,2023-06-11,2023-07-11,Completed,62.85
3030,3,2023-05-20,2023-06-19,Completed,70.7
3030,7,2023-03-25,2023-04-24,Completed,91.41
3031,1,2023-04-21,2023-05-21,Completed,60.95
3031,2,2023-02-18,2023-03-20,Completed,99.13
3031,9,2023-09-20,2023-10-20,Completed,70.63
3031,7,2023-08-08,2023-09-07,Completed,95.24
3032,2,2023-04-04,,In Progress,0.0
3032,3,2023-07-13,,In Progress,0.0
3033,5,2023-04-08,,In Progress,0.0
3033,3,2023-05-04,2023-06-03,Completed,68.43
3034,6,2023-07-26,2023-08-25,Completed,76.58
3035,8,2023-02-14,2023-03-16,Completed,83.24
3035,2,2023-01-25,2023-02-24,Completed,60.89
3036,1,2023-04-05,2023-05-05,Completed,68.65
3036,10,2023-03-18,,In Progress,0.0
3036,3,2023-12-27,2024-01-26,Completed,57.59
3037,1,2023-07-18,2023-08-17,Completed,64.34
3037,7,2023-05-21,2023-06-20,Completed,85.24
3037,4,2023-02-06,,In Progress,0.0
3037,6,2023-10-19,2023-11-18,Completed,92.08
3038,5,2023-07-11,2023-08-10,Completed,76.16
3038,9,2023-01-16,2023-02-15,Completed,56.24
3039,5,2023-06-18,2023-07-18,Completed,77.93
3039,1,2023-07-15,,In Progress,0.0
3040,10,2023-02-21,2023-03-23,Completed,72.63
3040,2,2023-04-18,2023-05-18,Completed,86.31
3040,8,2023-06-17,2023-07-17,Completed,90.38
3040,1,2023-08-02,2023-09-01,Completed,96.36
3041,1,2023-02-17,2023-03-19,Completed,69.84
3041,2,2023-10-18,2023-11-17,Completed,64.63
3041,3,2023-03-26,2023-04-25,Completed,70.82
3041,9,2023-08-19,,In Progress,0.0
3042,1,2023-04-10,2023-05-10,Completed,85.42
3043,2,2023-02-18,2023-03-20,Completed,93.75
3043,5,2023-07-22,2023-08-21,Completed,74.68
3044,6,2023-10-26,,Dropped,0.0
3044,8,2023-12-17,2024-01-16,Completed,83.98
3044,4,2023-07-24,2023-08-23,Completed,91.63
3044,3,2023-11-02,2023-12-02,Completed,55.23
3045,2,2023-10-18,,Dropped,0.0
3046,2,2023-06-06,,In Progress,0.0
3046,10,2023-10-27,2023-11-26,Completed,69.25
3046,1,2023-03-04,2023-04-03,Completed,58.68
3047,4,2023-11-18,2023-12-18,Completed,90.42
3047,8,2023-12-18,2024-01-17,Completed,58.46
3047,5,2023-03-07,,In Progress,0.0
3048,6,2023-06-08,2023-07-08,Completed,63.33
3048,2,2023-12-05,2024-01-04,Completed,70.35
3048,10,2023-09-23,,In Progress,0.0
3049,7,2023-06-02,,In Progress,0.0
3049,5,2023-12-16,2024-01-15,Completed,84.54
3049,10,2023-12-15,2024-01-14,Completed,72.09
3050,8,2023-09-02,2023-10-02,Completed,81.32
3050,1,2023-08-07,2023-09-06,Completed,55.28
3051,6,2023-06-08,2023-07-08,Completed,96.5
3052,6,2023-03-03,2023-04-02,Completed,92.9
3052,7,2023-02-21,2023-03-23,Completed,67.43
3052,3,2023-06-06,2023-07-06,Completed,70.33
3052,8,2023-10-16,2023-11-15,Completed,81.73
3053,6,2023-02-06,,Dropped,0.0
3053,1,2023-02-27,2023-03-29,Completed,75.94
3053,8,2023-11-03,2023-12-03,Completed,59.09
3053,7,2023-01-25,2023-02-24,Completed,99.31
3054,10,2023-12-05,2024-01-04,Completed,56.56
3054,5,2023-04-02,2023-05-02,Completed,95.03
3054,8,2023-09-08,2023-10-08,Completed,84.26
3055,4,2023-03-09,,In Progress,0.0
3055,10,2023-11-03,,In Progress,0.0
3055,2,2023-08-12,2023-09-11,Completed,77.86
3056,9,2023-07-24,,In Progress,0.0
3056,1,2023-07-13,2023-08-12,Completed,70.83
3056,2,2023-01-26,,In Progress,0.0
3056,6,2023-09-13,,Dropped,0.0
3057,1,2023-03-20,2023-04-19,Completed,59.18
3058,3,2023-05-18,,Dropped,0.0
3058,1,2023-08-17,2023-09-16,Completed,89.24
3058,7,2023-10-07,2023-11-06,Completed,75.46
3059,7,2023-10-20,2023-11-19,Completed,62.22
3060,6,2023-05-10,,In Progress,0.0
3060,7,2023-06-03,2023-07-03,Completed,70.2
3060,9,2023-12-14,2024-01-13,Completed,56.6
3060,10,2023-11-17,2023-12-17,Completed,81.42
3061,1,2023-02-25,2023-03-27,Completed,92.49
3061,2,2023-12-13,2024-01-12,Completed,84.0
3062,4,2023-05-19,,In Progress,0.0
3062,9,2023-02-25,2023-03-27,Completed,64.18
3062,10,2023-06-05,2023-07-05,Completed,83.1
3062,3,2023-02-24,,In Progress,0.0
3063,6,2023-11-16,2023-12-16,Completed,86.81
3063,2,2023-07-22,,In Progress,0.0
3063,9,2023-03-02,2023-04-01,Completed,96.25
3063,8,2023-02-11,,Dropped,0.0
3064,7,2023-11-17,2023-12-17,Completed,86.11
3064,3,2023-12-04,2024-01-03,Completed,96.2
3064,10,2023-02-11,,In Progress,0.0
3065,10,2023-07-08,2023-08-07,Completed,98.96
3066,7,2023-04-18,,Dropped,0.0
3066,2,2023-05-21,,In Progress,0.0
3066,10,2023-10-24,2023-11-23,Completed,85.24
3066,9,2023-01-08,2023-02-07,Completed,59.27
3067,2,2023-09-22,2023-10-22,Completed,74.26
3067,6,2023-10-14,2023-11-13,Completed,88.97
3067,9,2023-03-24,,In Progress,0.0
3067,1,2023-10-06,,In Progress,0.0
3068,4,2023-07-04,2023-08-03,Completed,76.12
3068,8,2023-05-10,2023-06-09,Completed,55.68
3069,7,2023-12-13,2024-01-12,Completed,82.41
3069,4,2023-10-09,,In Progress,0.0
3069,8,2023-05-21,,In Progress,0.0
3070,3,2023-04-26,2023-05-26,Completed,72.07
3070,9,2023-05-02,2023-06-01,Completed,66.84
3070,6,2023-09-15,2023-10-15,Completed,83.47
3071,3,2023-08-14,,In Progress,0.0
3071,7,2023-09-04,2023-10-04,Completed,90.74
3071,9,2023-08-13,2023-09-12,Completed,67.87
3072,9,2023-05-06,,In Progress,0.0
3072,8,2023-11-21,,In Progress,0.0
3072,10,2023-08-14,,In Progress,0.0
3072,5,2023-05-15,2023-06-14,Completed,76.92
3073,8,2023-02-04,2023-03-06,Completed,82.9
3073,3,2023-05-21,2023-06-20,Completed,72.78
3073,9,2023-07-11,,Dropped,0.0
3073,6,2023-06-18,2023-07-18,Completed,99.85
3074,5,2023-09-22,2023-10-22,Completed,70.96
3074,1,2023-09-07,,In Progress,0.0
3075,6,2023-03-09,2023-04-08,Completed,74.19
3076,8,2023-02-04,2023-03-06,Completed,58.61
3077,9,2023-06-24,2023-07-24,Completed,81.57
3077,3,2023-03-23,2023-04-22,Completed,76.52
3077,7,2023-04-09,,Dropped,0.0
3078,7,2023-04-18,2023-05-18,Completed,86.77
3078,10,2023-10-12,2023-11-11,Completed,79.66
3079,4,2023-08-08,2023-09-07,Completed,64.15
3079,1,2023-06-10,2023-07-10,Completed,70.58
3079,9,2023-09-22,2023-10-22,Completed,77.79
3080,3,2023-06-04,,In Progress,0.0
3081,2,2023-10-27,,Dropped,0.0
3081,10,2023-11-07,,In Progress,0.0
3082,1,2023-05-16,,In Progress,0.0
3082,9,2023-06-10,2023-07-10,Completed,96.13
3083,1,2023-12-08,,In Progress,0.0
3083,7,2023-07-15,2023-08-14,Completed,87.28
3083,4,2023-07-24,2023-08-23,Completed,84.42
3084,3,2023-10-21,2023-11-20,Completed,81.8
3084,4,2023-07-06,,In Progress,0.0
3084,2,2023-07-13,,Dropped,0.0
3084,5,2023-08-01,2023-08-31,Completed,57.79
3085,8,2023-07-19,2023-08-18,Completed,68.92
3085,4,2023-12-15,2024-01-14,Completed,93.3
3086,4,2023-05-07,2023-06-06,Completed,77.65
3086,3,2023-07-10,2023-08-09,Completed,57.4
3086,2,2023-06-04,,Dropped,0.0
3086,7,2023-12-18,,In Progress,0.0
3087,1,2023-12-14,,In Progress,0.0
3087,2,2023-03-22,2023-04-21,Completed,82.09
3088,6,2023-02-07,,In Progress,0.0
3088,7,2023-04-08,2023-05-08,Completed,79.92
3088,3,2023-09-11,2023-10-11,Completed,60.18
3089,8,2023-07-02,2023-08-01,Completed,78.47
3089,3,2023-02-25,,In Progress,0.0
3089,2,2023-01-13,,Dropped,0.0
3089,7,2023-05-09,2023-06-08,Completed,86.01
3090,8,2023-07-25,2023-08-24,Completed,83.75
3090,6,2023-10-10,,In Progress,0.0
3090,7,2023-07-09,2023-08-08,Completed,71.14
3091,7,2023-09-09,2023-10-09,Completed,89.48
3091,6,2023-06-10,2023-07-10,Completed,94.03
3092,2,2023-04-01,2023-05-01,Completed,82.38
3092,3,2023-01-15,2023-02-14,Completed,83.85
3092,9,2023-03-12,,Dropped,0.0
3093,7,2023-10-08,2023-11-07,Completed,92.69
3093,2,2023-04-09,2023-05-09,Completed,79.1
3093,6,2023-05-24,2023-06-23,Completed,55.78
3094,9,2023-10-19,2023-11-18,Completed,70.3
3094,5,2023-09-16,2023-10-16,Completed,68.44
3095,7,2023-11-17,2023-12-17,Completed,68.75
3095,1,2023-09-18,2023-10-18,Completed,94.81
3096,9,2023-10-04,2023-11-03,Completed,59.72
3096,1,2023-06-23,2023-07-23,Completed,66.29
3096,8,2023-03-07,2023-04-06,Completed,73.89
3097,3,2023-04-21,2023-05-21,Completed,82.83
3097,10,2023-05-16,2023-06-15,Completed,71.23
3097,5,2023-07-16,2023-08-15,Completed,81.74
3098,10,2023-10-20,,Dropped,0.0
3099,3,2023-02-23,2023-03-25,Completed,83.79
3099,9,2023-09-06,2023-10-06,Completed,61.83
3099,1,2023-03-04,2023-04-03,Completed,73.4
3100,8,2023-11-23,2023-12-23,Completed,76.75
3101,3,2023-10-22,2023-11-21,Completed,79.96
3101,4,2023-12-03,,In Progress,0.0
3101,8,2023-11-21,2023-12-21,Completed,83.04
3101,9,2023-03-21,,In Progress,0.0
3102,4,2023-11-11,2023-12-11,Completed,57.04
3102,9,2023-05-20,2023-06-19,Completed,87.58
3102,3,2023-05-03,2023-06-02,Completed,62.84
3102,6,2023-12-26,2024-01-25,Completed,73.22
3103,9,2023-05-04,,Dropped,0.0
3104,7,2023-12-10,,In Progress,0.0
3104,4,2023-11-12,2023-12-12,Completed,94.03
3104,8,2023-10-06,,Dropped,0.0
3105,10,2023-07-07,,Dropped,0.0
3105,2,2023-06-02,2023-07-02,Completed,94.56
3105,1,2023-02-26,2023-03-28,Completed,94.39
3105,5,2023-06-26,2023-07-26,Completed,79.45
3106,4,2023-12-03,,In Progress,0.0
3106,6,2023-12-25,,In Progress,0.0
3107,10,2023-11-26,2023-12-26,Completed,97.34
3108,1,2023-11-16,,Dropped,0.0
3108,7,2023-03-23,,In Progress,0.0
3108,3,2023-03-26,2023-04-25,Completed,62.45
3109,1,2023-09-04,2023-10-04,Completed,94.53
3109,6,2023-10-06,2023-11-05,Completed,98.76
3109,2,2023-03-12,2023-04-11,Completed,66.79
3109,8,2023-04-07,2023-05-07,Completed,79.77
3110,3,2023-08-03,2023-09-02,Completed,72.79
3111,8,2023-12-22,2024-01-21,Completed,63.96
3111,2,2023-05-12,,In Progress,0.0
3112,9,2023-11-11,2023-12-11,Completed,65.52
3112,1,2023-03-19,,In Progress,0.0
3112,4,2023-03-21,2023-04-20,Completed,86.39
3113,5,2023-01-19,,Dropped,0.0
3114,7,2023-07-24,,In Progress,0.0
3114,6,2023-08-12,2023-09-11,Completed,80.14
3114,1,2023-03-07,2023-04-06,Completed,75.41
3114,8,2023-10-21,2023-11-20,Completed,75.2
3115,6,2023-05-11,2023-06-10,Completed,76.62
3115,2,2023-06-27,2023-07-27,Completed,57.46
3115,9,2023-03-08,2023-04-07,Completed,75.9
3115,1,2023-06-08,2023-07-08,Completed,82.37
3116,7,2023-01-22,2023-02-21,Completed,58.16
3116,3,2023-01-25,2023-02-24,Completed,70.29
3117,2,2023-11-17,2023-12-17,Completed,94.02
3117,5,2023-07-25,,In Progress,0.0
3117,1,2023-10-22,2023-11-21,Completed,74.11
3118,8,2023-09-05,,In Progress,0.0
3118,6,2023-10-04,2023-11-03,Completed,63.2
3118,5,2023-07-02,2023-08-01,Completed,69.18
3118,7,2023-09-01,2023-10-01,Completed,91.14
3119,2,2023-06-25,2023-07-25,Completed,69.41
3119,3,2023-03-07,2023-04-06,Completed,88.93
3120,2,2023-08-18,2023-09-17,Completed,88.94
3120,3,2023-06-10,2023-07-10,Completed,78.07
3120,4,2023-04-06,2023-05-06,Completed,63.52
3120,9,2023-06-13,2023-07-13,Completed,98.32
3121,2,2023-12-25,,In Progress,0.0
3121,6,2023-04-25,2023-05-25,Completed,87.49
3122,6,2023-11-13,2023-12-13,Completed,75.55
3122,8,2023-09-08,,Dropped,0.0
3123,9,2023-01-02,,In Progress,0.0
3123,10,2023-01-21,2023-02-20,Completed,56.78
3123,5,2023-09-10,2023-10-10,Completed,73.4
3123,6,2023-03-07,,Dropped,0.0
3124,9,2023-08-22,2023-09-21,Completed,93.88
3124,4,2023-06-02,,In Progress,0.0
3124,2,2023-08-27,,In Progress,0.0
3124,5,2023-05-04,2023-06-03,Completed,82.51
3125,4,2023-03-23,,In Progress,0.0
3126,1,2023-08-06,,Dropped,0.0
3127,4,2023-07-11,2023-08-10,Completed,67.06
3127,9,2023-12-08,,In Progress,0.0
3128,2,2023-02-14,2023-03-16,Completed,94.68
3128,8,2023-11-18,2023-12-18,Completed,84.98
3128,4,2023-11-09,2023-12-09,Completed,66.85
3129,1,2023-05-06,2023-06-05,Completed,91.32
3129,5,2023-09-08,,In Progress,0.0
3129,2,2023-04-23,2023-05-23,Completed,66.26
3129,6,2023-07-18,2023-08-17,Completed,98.44
3130,5,2023-11-03,2023-12-03,Completed,76.81
3130,3,2023-01-17,,Dropped,0.0
3130,8,2023-09-10,,Dropped,0.0
3130,4,2023-03-24,,In Progress,0.0
3131,2,2023-02-18,,Dropped,0.0
3132,8,2023-09-12,2023-10-12,Completed,96.86
3133,7,2023-05-25,,Dropped,0.0
3133,6,2023-01-19,2023-02-18,Completed,85.01
3133,4,2023-06-15,2023-07-15,Completed,89.03
3134,3,2023-09-18,,In Progress,0.0
3134,7,2023-08-04,,In Progress,0.0
3134,2,2023-10-20,,Dropped,0.0
3134,9,2023-08-18,2023-09-17,Completed,72.87
3135,7,2023-05-22,2023-06-21,Completed,59.44
3135,2,2023-10-16,,Dropped,0.0
3136,2,2023-04-16,2023-05-16,Completed,89.54
3137,2,2023-06-23,,Dropped,0.0
3137,7,2023-04-04,2023-05-04,Completed,67.2
3137,9,2023-04-11,2023-05-11,Completed,68.02
3138,3,2023-09-11,2023-10-11,Completed,76.91
3138,8,2023-08-05,,Dropped,0.0
3138,7,2023-02-27,2023-03-29,Completed,74.45
3138,10,2023-02-03,,Dropped,0.0
3139,6,2023-04-24,2023-05-24,Completed,91.01
3139,3,2023-06-11,,Dropped,0.0
3139,2,2023-02-25,2023-03-27,Completed,87.53
3139,7,2023-07-11,2023-08-10,Completed,79.26
3140,1,2023-07-16,2023-08-15,Completed,65.58
3140,6,2023-10-18,2023-11-17,Completed,63.88
3140,9,2023-01-02,2023-02-01,Completed,89.47
3140,4,2023-07-24,2023-08-23,Completed,57.17
3141,8,2023-06-19,,In Progress,0.0
3141,4,2023-12-11,,In Progress,0.0
3142,3,2023-12-25,2024-01-24,Completed,69.47
3142,1,2023-12-27,2024-01-26,Completed,70.46
3143,9,2023-02-07,2023-03-09,Completed,84.83
3143,3,2023-12-21,,Dropped,0.0
3144,3,2023-03-03,2023-04-02,Completed,75.52
3144,8,2023-08-20,2023-09-19,Completed,89.33
3145,5,2023-05-16,2023-06-15,Completed,70.61
3145,10,2023-04-13,,In Progress,0.0
3145,6,2023-02-20,2023-03-22,Completed,91.03
3146,1,2023-08-05,2023-09-04,Completed,76.11
3146,6,2023-12-08,2024-01-07,Completed,80.91
3146,8,2023-02-05,2023-03-07,Completed,66.93
3147,7,2023-03-13,2023-04-12,Completed,77.8
3147,8,2023-07-20,2023-08-19,Completed,86.88
3147,3,2023-08-11,,Dropped,0.0
3148,7,2023-03-16,,Dropped,0.0
3148,2,2023-08-09,2023-09-08,Completed,99.93
3148,9,2023-04-21,,In Progress,0.0
3149,10,2023-06-13,2023-07-13,Completed,88.94
3150,4,2023-04-12,,In Progress,0.0
3150,5,2023-03-08,2023-04-07,Completed,74.06
3151,9,2023-11-06,2023-12-06,Completed,87.25
3151,7,2023-02-05,2023-03-07,Completed,55.36
3152,5,2023-02-03,,In Progress,0.0
3152,7,2023-12-26,,Dropped,0.0
3152,8,2023-08-09,2023-09-08,Completed,71.49
3152,4,2023-04-24,2023-05-24,Completed,64.43
3153,3,2023-10-21,2023-11-20,Completed,95.75
3153,9,2023-10-18,2023-11-17,Completed,91.11
3153,8,2023-10-09,2023-11-08,Completed,77.18
3154,5,2023-04-19,,Dropped,0.0
3155,8,2023-08-09,2023-09-08,Completed,84.33
3155,2,2023-02-06,,Dropped,0.0
3155,1,2023-02-02,2023-03-04,Completed,59.4
3155,6,2023-05-03,2023-06-02,Completed,84.06
3156,1,2023-01-13,,In Progress,0.0
3156,7,2023-02-22,2023-03-24,Completed,91.5
3156,2,2023-08-16,2023-09-15,Completed,63.27
3156,8,2023-11-10,,Dropped,0.0
3157,8,2023-01-25,2023-02-24,Completed,72.76
3157,3,2023-03-09,2023-04-08,Completed,64.32
3157,4,2023-02-16,2023-03-18,Completed,87.72
3158,3,2023-08-18,2023-09-17,Completed,67.09
3159,3,2023-07-04,2023-08-03,Completed,65.01
3159,2,2023-07-21,,Dropped,0.0
3159,7,2023-03-21,2023-04-20,Completed,72.06
3159,1,2023-09-02,,Dropped,0.0
3160,10,2023-12-11,,In Progress,0.0
3160,3,2023-03-03,,In Progress,0.0
3161,2,2023-06-07,2023-07-07,Completed,84.09
3161,4,2023-04-07,2023-05-07,Completed,68.03
3162,2,2023-01-03,2023-02-02,Completed,62.79
3162,8,2023-10-08,,In Progress,0.0
3162,7,2023-06-12,2023-07-12,Completed,79.14
3162,1,2023-03-05,2023-04-04,Completed,85.44
3163,5,2023-04-22,2023-05-22,Completed,96.02
3164,6,2023-01-27,2023-02-26,Completed,65.55
3165,8,2023-11-20,2023-12-20,Completed,69.75
3165,1,2023-05-19,,In Progress,0.0
3165,5,2023-11-07,,In Progress,0.0
3166,7,2023-12-11,,Dropped,0.0
3166,9,2023-10-25,,In Progress,0.0
3166,5,2023-07-19,2023-08-18,Completed,88.51
3167,8,2023-06-19,,Dropped,0.0
3167,7,2023-05-03,2023-06-02,Completed,55.88
3168,2,2023-11-25,2023-12-25,Completed,81.4
3168,7,2023-04-23,,Dropped,0.0
3168,4,2023-08-10,2023-09-09,Completed,95.13
3169,7,2023-01-09,2023-02-08,Completed,62.57
3169,6,2023-09-13,2023-10-13,Completed,69.68
3169,8,2023-06-26,,In Progress,0.0
3170,4,2023-06-18,2023-07-18,Completed,71.13
3170,6,2023-02-03,2023-03-05,Completed,70.18
3170,3,2023-12-01,2023-12-31,Completed,68.94
3171,9,2023-05-20,2023-06-19,Completed,94.3
3172,10,2023-02-25,,In Progress,0.0
3172,9,2023-08-06,2023-09-05,Completed,61.96
3172,5,2023-04-07,2023-05-07,Completed,67.29
3173,7,2023-05-02,2023-06-01,Completed,93.28
3173,8,2023-05-03,2023-06-02,Completed,64.79
3173,9,2023-01-11,2023-02-10,Completed,63.29
3174,6,2023-01-24,2023-02-23,Completed,80.53
3174,2,2023-09-21,2023-10-21,Completed,80.29
3174,8,2023-08-04,2023-09-03,Completed,99.59
3175,6,2023-11-25,2023-12-25,Completed,62.86
3175,1,2023-09-17,2023-10-17,Completed,99.4
3175,4,2023-11-04,,In Progress,0.0
3175,3,2023-03-19,2023-04-18,Completed,91.52
3176,8,2023-08-01,,In Progress,0.0
3176,7,2023-10-07,2023-11-06,Completed,83.58
3177,4,2023-10-22,,In Progress,0.0
3177,6,2023-09-17,2023-10-17,Completed,96.63
3177,2,2023-04-27,2023-05-27,Completed,65.2
3177,7,2023-09-14,2023-10-14,Completed,80.83
3178,10,2023-10-19,2023-11-18,Completed,95.1
3178,8,2023-01-01,2023-01-31,Completed,63.09
3178,2,2023-01-26,2023-02-25,Completed,90.57
3179,10,2023-08-19,2023-09-18,Completed,98.45
3179,3,2023-06-22,,Dropped,0.0
3179,8,2023-05-06,2023-06-05,Completed,86.85
3180,10,2023-01-20,2023-02-19,Completed,80.38
3180,2,2023-08-22,,In Progress,0.0
3180,4,2023-06-10,,In Progress,0.0
3180,9,2023-08-09,2023-09-08,Completed,80.81
3181,4,2023-10-06,2023-11-05,Completed,92.07
3182,1,2023-06-16,2023-07-16,Completed,69.35
3182,2,2023-08-25,2023-09-24,Completed,81.67
3183,1,2023-05-07,,In Progress,0.0
3183,4,2023-09-13,,In Progress,0.0
3183,10,2023-04-18,,In Progress,0.0
3184,7,2023-02-09,2023-03-11,Completed,83.81
3184,2,2023-12-06,2024-01-05,Completed,71.25
3184,9,2023-10-23,2023-11-22,Completed,75.05
3185,8,2023-05-09,2023-06-08,Completed,98.42
3185,9,2023-12-23,2024-01-22,Completed,70.04
3185,1,2023-08-25,,Dropped,0.0
3186,8,2023-09-27,2023-10-27,Completed,91.49
3186,3,2023-09-03,2023-10-03,Completed,80.27
3186,5,2023-06-04,,Dropped,0.0
3186,9,2023-07-14,2023-08-13,Completed,90.71
3187,5,2023-04-06,,In Progress,0.0
3187,9,2023-06-12,,Dropped,0.0
3187,1,2023-12-25,2024-01-24,Completed,90.3
3187,6,2023-10-05,2023-11-04,Completed,75.77
3188,9,2023-06-01,2023-07-01,Completed,77.21
3188,5,2023-10-08,,Dropped,0.0
3188,6,2023-05-18,,In Progress,0.0
3188,4,2023-08-04,,In Progress,0.0
3189,5,2023-04-13,,In Progress,0.0
3189,9,2023-04-01,2023-05-01,Completed,78.21
3190,6,2023-01-17,2023-02-16,Completed,56.09
3190,5,2023-03-14,,Dropped,0.0
3190,2,2023-03-13,,In Progress,0.0
3190,10,2023-08-25,2023-09-24,Completed,64.18
3191,1,2023-01-13,,In Progress,0.0
3192,8,2023-10-05,2023-11-04,Completed,63.76
3192,5,2023-06-27,2023-07-27,Completed,56.11
3192,3,2023-07-05,2023-08-04,Completed,82.46
3192,4,2023-01-18,2023-02-17,Completed,63.36
3193,10,2023-01-12,2023-02-11,Completed,88.49
3193,8,2023-05-24,2023-06-23,Completed,59.64
3194,4,2023-12-15,2024-01-14,Completed,60.98
3194,10,2023-09-27,,Dropped,0.0
3195,5,2023-07-15,2023-08-14,Completed,82.97
3196,3,2023-02-08,2023-03-10,Completed,76.92
3197,5,2023-10-18,,Dropped,0.0
3197,7,2023-08-26,,In Progress,0.0
3197,1,2023-11-11,2023-12-11,Completed,60.33
3198,7,2023-03-03,2023-04-02,Completed,92.25
3198,4,2023-05-06,2023-06-05,Completed,66.79
3198,2,2023-05-26,,In Progress,0.0
3198,1,2023-11-04,2023-12-04,Completed,77.53
3199,3,2023-12-11,2024-01-10,Completed,71.51
3199,1,2023-02-15,2023-03-17,Completed,81.52
3199,9,2023-04-07,2023-05-07,Completed,72.75
3200,4,2023-10-24,2023-11-23,Completed,63.2
3200,10,2023-07-18,2023-08-17,Completed,97.33
3200,3,2023-01-25,2023-02-24,Completed,55.24
3201,6,2023-01-25,2023-02-24,Completed,70.01
3202,9,2023-01-13,2023-02-12,Completed,69.77
3202,4,2023-07-16,,In Progress,0.0
3203,3,2023-07-16,,In Progress,0.0
3203,7,2023-10-25,2023-11-24,Completed,89.87
3203,2,2023-03-22,2023-04-21,Completed,96.11
3203,4,2023-12-05,,In Progress,0.0
3204,1,2023-01-23,2023-02-22,Completed,68.21
3204,2,2023-04-11,2023-05-11,Completed,94.85
3205,3,2023-02-16,2023-03-18,Completed,90.08
3206,7,2023-08-17,2023-09-16,Completed,88.35
3206,2,2023-02-22,,In Progress,0.0
3207,1,2023-12-06,2024-01-05,Completed,61.77
3207,2,2023-08-17,2023-09-16,Completed,72.5
3207,4,2023-09-08,2023-10-08,Completed,90.02
3207,6,2023-08-01,2023-08-31,Completed,74.23
3208,3,2023-10-14,2023-11-13,Completed,65.1
3208,7,2023-08-03,2023-09-02,Completed,63.79
3208,5,2023-12-21,2024-01-20,Completed,69.89
3209,1,2023-10-22,,In Progress,0.0
3209,5,2023-07-19,,In Progress,0.0
3210,1,2023-07-25,2023-08-24,Completed,88.07
3210,8,2023-11-15,2023-12-15,Completed,86.87
3210,10,2023-06-02,2023-07-02,Completed,90.15
3211,3,2023-01-18,,In Progress,0.0
3211,10,2023-02-24,2023-03-26,Completed,73.25
3212,6,2023-08-26,2023-09-25,Completed,92.64
3213,8,2023-04-15,2023-05-15,Completed,61.88
3213,3,2023-12-05,,Dropped,0.0
3213,1,2023-09-15,2023-10-15,Completed,78.08
3213,2,2023-11-06,2023-12-06,Completed,73.91
3214,4,2023-11-24,2023-12-24,Completed,82.91
3215,4,2023-10-13,2023-11-12,Completed,86.38
3215,5,2023-06-03,2023-07-03,Completed,83.5
3216,10,2023-07-23,2023-08-22,Completed,60.03
3217,5,2023-05-15,,Dropped,0.0
3218,6,2023-07-13,2023-08-12,Completed,92.65
3218,4,2023-12-01,,Dropped,0.0
3218,9,2023-03-07,2023-04-06,Completed,73.29
3219,5,2023-01-24,2023-02-23,Completed,58.97
3219,4,2023-06-03,2023-07-03,Completed,77.57
3220,5,2023-09-25,,Dropped,0.0
3221,9,2023-10-27,2023-11-26,Completed,85.66
3221,10,2023-09-20,2023-10-20,Completed,68.17
3221,1,2023-09-25,2023-10-25,Completed,77.04
3222,4,2023-07-12,2023-08-11,Completed,79.91
3223,3,2023-06-14,2023-07-14,Completed,76.01
3223,7,2023-07-15,2023-08-14,Completed,70.37
3224,3,2023-07-12,2023-08-11,Completed,64.3
3224,8,2023-06-24,2023-07-24,Completed,60.66
3225,7,2023-11-17,2023-12-17,Completed,93.77
3226,8,2023-07-23,2023-08-22,Completed,95.61
3226,3,2023-11-22,,In Progress,0.0
3227,4,2023-06-27,,In Progress,0.0
3227,8,2023-06-07,,Dropped,0.0
3227,7,2023-08-15,2023-09-14,Completed,58.52
3228,7,2023-07-23,,Dropped,0.0
3229,7,2023-12-22,2024-01-21,Completed,55.71
3229,4,2023-04-06,2023-05-06,Completed,68.4
3229,9,2023-08-19,2023-09-18,Completed,99.22
3229,3,2023-06-27,2023-07-27,Completed,57.26
3230,10,2023-04-09,2023-05-09,Completed,85.5
3231,2,2023-04-19,2023-05-19,Completed,61.59
3231,7,2023-01-23,2023-02-22,Completed,83.69
3231,1,2023-07-12,,In Progress,0.0
3231,5,2023-03-08,2023-04-07,Completed,81.49
3232,5,2023-01-25,,In Progress,0.0
3232,8,2023-10-03,,In Progress,0.0
3233,4,2023-11-24,,Dropped,0.0
3233,9,2023-02-19,2023-03-21,Completed,65.3
3233,3,2023-03-01,,In Progress,0.0
3234,4,2023-09-14,,In Progress,0.0
3234,8,2023-02-27,,In Progress,0.0
3234,1,2023-02-10,,In Progress,0.0
3234,9,2023-12-21,2024-01-20,Completed,76.6
3235,2,2023-01-20,,In Progress,0.0
3235,4,2023-11-20,2023-12-20,Completed,85.26
3236,3,2023-11-08,2023-12-08,Completed,99.87
3236,10,2023-10-05,,In Progress,0.0
3236,2,2023-03-05,2023-04-04,Completed,60.49
3237,10,2023-08-15,2023-09-14,Completed,68.14
3237,7,2023-03-06,2023-04-05,Completed,62.62
3238,5,2023-05-16,2023-06-15,Completed,67.6
3238,1,2023-06-08,2023-07-08,Completed,57.26
3239,4,2023-03-15,,In Progress,0.0
3239,8,2023-12-17,2024-01-16,Completed,64.57
3239,1,2023-09-14,2023-10-14,Completed,85.65
3239,2,2023-09-09,,In Progress,0.0
3240,6,2023-04-23,2023-05-23,Completed,98.92
3240,4,2023-06-10,2023-07-10,Completed,81.1
3241,2,2023-06-15,2023-07-15,Completed,74.46
3241,5,2023-10-25,2023-11-24,Completed,75.68
3242,8,2023-01-16,2023-02-15,Completed,88.53
3242,6,2023-03-06,,In Progress,0.0
3242,4,2023-09-06,2023-10-06,Completed,66.96
3242,5,2023-12-26,2024-01-25,Completed,96.41
3243,7,2023-02-13,2023-03-15,Completed,80.27
3243,6,2023-11-01,2023-12-01,Completed,65.79
3243,10,2023-02-21,2023-03-23,Completed,89.31
3243,1,2023-11-04,2023-12-04,Completed,86.53
3244,9,2023-09-08,2023-10-08,Completed,68.69
3244,10,2023-09-08,2023-10-08,Completed,72.64
3245,8,2023-04-05,2023-05-05,Completed,71.41
3245,3,2023-02-09,2023-03-11,Completed,65.38
3246,6,2023-07-09,2023-08-08,Completed,94.15
3247,6,2023-07-05,,In Progress,0.0
3247,1,2023-03-22,,In Progress,0.0
3247,4,2023-09-22,,In Progress,0.0
3248,8,2023-04-02,,Dropped,0.0
3248,5,2023-01-13,2023-02-12,Completed,94.2
3248,3,2023-05-12,2023-06-11,Completed,60.03
3249,10,2023-07-01,2023-07-31,Completed,86.13
3249,6,2023-12-27,,Dropped,0.0
3249,2,2023-02-04,,In Progress,0.0
3250,9,2023-07-27,2023-08-26,Completed,92.28
3250,6,2023-01-14,2023-02-13,Completed,75.27
3250,1,2023-12-23,,In Progress,0.0
3251,3,2023-11-27,2023-12-27,Completed,81.25
3251,2,2023-02-10,2023-03-12,Completed,72.92
3251,6,2023-07-18,2023-08-17,Completed,56.67
3251,7,2023-10-09,2023-11-08,Completed,96.11
3252,10,2023-08-24,2023-09-23,Completed,55.92
3253,1,2023-08-24,2023-09-23,Completed,94.7
3253,8,2023-06-11,,Dropped,0.0
3253,5,2023-01-20,,Dropped,0.0
3254,8,2023-03-06,2023-04-05,Completed,84.35
3255,10,2023-06-19,2023-07-19,Completed,56.66
3255,6,2023-08-18,2023-09-17,Completed,77.67
3255,4,2023-06-10,2023-07-10,Completed,60.08
3256,8,2023-10-09,2023-11-08,Completed,90.47
3256,3,2023-07-03,2023-08-02,Completed,73.49
3256,4,2023-02-17,2023-03-19,Completed,56.38
3257,1,2023-06-05,2023-07-05,Completed,62.76
3257,5,2023-03-14,2023-04-13,Completed,57.23
3257,4,2023-07-11,,In Progress,0.0
3257,8,2023-12-02,2024-01-01,Completed,71.66
3258,5,2023-06-04,2023-07-04,Completed,81.0
3258,8,2023-06-17,2023-07-17,Completed,94.34
3258,10,2023-12-11,2024-01-10,Completed,90.5
3258,9,2023-03-10,2023-04-09,Completed,68.87
3259,4,2023-06-14,2023-07-14,Completed,68.12
3260,2,2023-06-22,2023-07-22,Completed,85.65
3261,8,2023-06-02,2023-07-02,Completed,91.04
3262,8,2023-06-23,2023-07-23,Completed,92.75
3262,6,2023-01-12,2023-02-11,Completed,97.14
3262,9,2023-04-16,2023-05-16,Completed,59.72
3262,2,2023-07-06,2023-08-05,Completed,77.97
3263,7,2023-11-09,,Dropped,0.0
3263,5,2023-04-09,2023-05-09,Completed,92.11
3264,1,2023-03-09,2023-04-08,Completed,80.14
3264,2,2023-05-19,2023-06-18,Completed,92.45
3264,8,2023-10-02,2023-11-01,Completed,87.64
3265,6,2023-10-17,,In Progress,0.0
3265,4,2023-01-01,2023-01-31,Completed,56.36
3265,9,2023-09-09,2023-10-09,Completed,88.72
3266,5,2023-12-24,2024-01-23,Completed,70.78
3266,7,2023-06-19,,Dropped,0.0
3266,1,2023-02-13,2023-03-15,Completed,60.98
3266,10,2023-03-15,2023-04-14,Completed,67.62
3267,7,2023-10-11,2023-11-10,Completed,65.1
3267,5,2023-07-12,,Dropped,0.0
3268,2,2023-02-05,2023-03-07,Completed,77.37
3268,3,2023-04-14,2023-05-14,Completed,68.58
3269,2,2023-08-04,,In Progress,0.0
3270,9,2023-07-14,2023-08-13,Completed,86.18
3270,5,2023-03-13,2023-04-12,Completed,74.74
3270,10,2023-09-05,,In Progress,0.0
3270,4,2023-09-03,2023-10-03,Completed,62.2
3271,5,2023-04-05,2023-05-05,Completed,61.35
3271,9,2023-11-14,2023-12-14,Completed,73.64
3271,7,2023-10-24,2023-11-23,Completed,69.31
3271,1,2023-03-06,2023-04-05,Completed,63.95
3272,7,2023-06-22,2023-07-22,Completed,73.74
3272,3,2023-04-14,2023-05-14,Completed,64.52
3272,5,2023-07-09,2023-08-08,Completed,62.2
3272,6,2023-08-13,,In Progress,0.0
3273,1,2023-09-03,2023-10-03,Completed,69.94
3273,10,2023-06-08,,In Progress,0.0
3274,9,2023-06-17,2023-07-17,Completed,82.86
3274,2,2023-05-27,,Dropped,0.0
3274,4,2023-11-14,2023-12-14,Completed,56.08
3274,7,2023-07-04,2023-08-03,Completed,69.41
3275,9,2023-09-25,2023-10-25,Completed,87.77
3275,2,2023-04-21,2023-05-21,Completed,58.2
3276,1,2023-02-25,,In Progress,0.0
3277,7,2023-04-23,,In Progress,0.0
3277,9,2023-09-22,2023-10-22,Completed,74.82
3277,1,2023-09-13,,Dropped,0.0
3277,5,2023-04-10,,In Progress,0.0
3278,6,2023-03-11,2023-04-10,Completed,68.98
3278,3,2023-02-27,2023-03-29,Completed,71.24
3278,5,2023-07-15,2023-08-14,Completed,69.3
3279,3,2023-07-14,,In Progress,0.0
3280,1,2023-07-21,2023-08-20,Completed,68.07
3280,2,2023-12-03,2024-01-02,Completed,70.09
3280,6,2023-12-09,,In Progress,0.0
3281,6,2023-05-20,2023-06-19,Completed,79.79
3282,7,2023-12-14,2024-01-13,Completed,55.22
3282,6,2023-09-09,2023-10-09,Completed,92.92
3282,8,2023-06-16,2023-07-16,Completed,84.52
3282,10,2023-11-03,2023-12-03,Completed,63.17
3283,8,2023-02-09,2023-03-11,Completed,58.44
3284,9,2023-06-03,,In Progress,0.0
3284,4,2023-08-25,,Dropped,0.0
3284,1,2023-05-24,2023-06-23,Completed,95.99
3284,2,2023-07-02,2023-08-01,Completed,75.29
3285,5,2023-05-13,2023-06-12,Completed,71.07
3286,6,2023-10-10,,Dropped,0.0
3286,4,2023-02-15,,In Progress,0.0
3287,6,2023-02-16,2023-03-18,Completed,91.69
3287,8,2023-07-08,2023-08-07,Completed,96.55
3288,3,2023-09-11,2023-10-11,Completed,76.4
3288,8,2023-12-15,,Dropped,0.0
3288,4,2023-06-08,,In Progress,0.0
3288,2,2023-05-10,2023-06-09,Completed,64.56
3289,8,2023-09-17,,In Progress,0.0
3290,1,2023-11-21,2023-12-21,Completed,94.14
3290,6,2023-10-25,2023-11-24,Completed,85.3
3290,4,2023-02-24,2023-03-26,Completed,81.96
3291,9,2023-10-14,2023-11-13,Completed,96.29
3292,1,2023-01-25,2023-02-24,Completed,55.94
3292,7,2023-06-19,2023-07-19,Completed,90.24
3292,3,2023-11-21,2023-12-21,Completed,99.28
3292,8,2023-07-24,2023-08-23,Completed,65.12
3293,7,2023-05-06,2023-06-05,Completed,62.39
3293,4,2023-04-18,,In Progress,0.0
3294,2,2023-06-17,,Dropped,0.0
3294,8,2023-05-14,,Dropped,0.0
3295,2,2023-02-22,2023-03-24,Completed,94.68
3296,3,2023-10-04,,In Progress,0.0
3296,10,2023-04-08,2023-05-08,Completed,98.69
3296,8,2023-05-19,2023-06-18,Completed,98.52
3297,3,2023-06-11,2023-07-11,Completed,85.35
3297,1,2023-02-20,2023-03-22,Completed,79.27
3297,2,2023-08-20,2023-09-19,Completed,92.42
3298,3,2023-11-26,2023-12-26,Completed,98.7
3298,8,2023-10-16,2023-11-15,Completed,58.41
3298,9,2023-10-12,2023-11-11,Completed,83.49
3299,8,2023-01-18,,Dropped,0.0
3299,3,2023-04-02,2023-05-02,Completed,80.7
3300,3,2023-10-04,,Dropped,0.0
3300,5,2023-11-03,2023-12-03,Completed,77.41
3300,4,2023-11-24,,In Progress,0.0
3300,8,2023-11-20,,In Progress,0.0
3301,1,2023-10-15,2023-11-14,Completed,91.21
3301,2,2023-03-22,2023-04-21,Completed,78.3
3301,9,2023-10-16,2023-11-15,Completed,64.14
3301,6,2023-10-23,,Dropped,0.0
3302,10,2023-07-12,2023-08-11,Completed,87.02
3302,8,2023-04-08,2023-05-08,Completed,76.27
3302,7,2023-08-01,2023-08-31,Completed,92.48
3303,7,2023-09-16,,In Progress,0.0
3303,5,2023-05-11,2023-06-10,Completed,85.68
3303,4,2023-02-05,,In Progress,0.0
3303,3,2023-08-22,2023-09-21,Completed,60.79
3304,3,2023-01-07,2023-02-06,Completed,82.38
3304,6,2023-01-13,2023-02-12,Completed,81.8
3305,5,2023-12-08,2024-01-07,Completed,88.93
3306,1,2023-01-07,2023-02-06,Completed,68.16
3307,2,2023-05-20,2023-06-19,Completed,94.89
3307,5,2023-04-17,,In Progress,0.0
3308,5,2023-11-02,,Dropped,0.0
3308,8,2023-10-08,2023-11-07,Completed,62.48
3308,1,2023-08-07,2023-09-06,Completed,63.03
3308,6,2023-05-19,2023-06-18,Completed,77.86
3309,1,2023-06-15,2023-07-15,Completed,81.59
3309,8,2023-06-05,2023-07-05,Completed,93.51
3310,2,2023-11-27,2023-12-27,Completed,56.3
3310,3,2023-07-12,2023-08-11,Completed,95.11
3310,8,2023-07-03,2023-08-02,Completed,75.27
3311,5,2023-04-04,2023-05-04,Completed,98.24
3311,6,2023-06-23,,In Progress,0.0
3312,8,2023-10-06,2023-11-05,Completed,69.31
3312,4,2023-10-23,2023-11-22,Completed,90.14
3312,10,2023-07-05,2023-08-04,Completed,71.43
3312,7,2023-05-05,,In Progress,0.0
3313,1,2023-04-03,,In Progress,0.0
3313,5,2023-10-05,2023-11-04,Completed,85.88
3314,5,2023-03-02,2023-04-01,Completed,64.99
3315,10,2023-03-15,2023-04-14,Completed,90.77
3315,3,2023-06-13,2023-07-13,Completed,81.94
3316,2,2023-03-12,2023-04-11,Completed,71.92
3316,5,2023-03-24,,Dropped,0.0
3316,7,2023-05-26,,In Progress,0.0
3316,9,2023-12-27,2024-01-26,Completed,97.65
3317,3,2023-03-09,2023-04-08,Completed,61.87
3317,7,2023-09-22,,Dropped,0.0
3317,8,2023-12-14,2024-01-13,Completed,78.27
3318,3,2023-05-11,2023-06-10,Completed,78.22
3319,5,2023-04-12,2023-05-12,Completed,56.77
3319,1,2023-06-24,2023-07-24,Completed,95.73
3320,4,2023-01-02,,In Progress,0.0
3321,4,2023-11-05,2023-12-05,Completed,99.73
3321,7,2023-05-02,,In Progress,0.0
3321,9,2023-01-09,2023-02-08,Completed,81.46
3322,5,2023-07-03,2023-08-02,Completed,78.86
3323,6,2023-05-01,,In Progress,0.0
3323,4,2023-07-23,2023-08-22,Completed,83.18
3323,7,2023-07-22,2023-08-21,Completed,69.22
3324,6,2023-01-06,,In Progress,0.0
3324,3,2023-11-09,,Dropped,0.0
3324,1,2023-06-05,2023-07-05,Completed,99.94
3325,6,2023-10-03,,In Progress,0.0
3325,4,2023-08-24,2023-09-23,Completed,92.43
3325,9,2023-06-04,,In Progress,0.0
3326,4,2023-05-02,,Dropped,0.0
3326,8,2023-11-26,2023-12-26,Completed,82.46
3326,1,2023-06-06,2023-07-06,Completed,74.52
3327,5,2023-12-26,2024-01-25,Completed,55.97
3327,8,2023-07-04,,In Progress,0.0
3328,7,2023-05-15,2023-06-14,Completed,93.14
3328,5,2023-04-09,,Dropped,0.0
3328,6,2023-04-05,2023-05-05,Completed,96.82
3328,3,2023-04-20,2023-05-20,Completed,74.35
3329,1,2023-08-09,2023-09-08,Completed,83.03
3329,7,2023-03-09,2023-04-08,Completed,58.52
3329,4,2023-11-20,2023-12-20,Completed,68.13
3330,9,2023-05-21,2023-06-20,Completed,98.64
3330,1,2023-01-26,2023-02-25,Completed,84.93
3330,4,2023-06-26,2023-07-26,Completed,81.21
3331,2,2023-06-12,,In Progress,0.0
3331,5,2023-01-26,2023-02-25,Completed,70.13
3331,10,2023-06-13,2023-07-13,Completed,64.81
3331,1,2023-03-22,,In Progress,0.0
3332,1,2023-08-11,,In Progress,0.0
3332,5,2023-08-10,,In Progress,0.0
3332,3,2023-06-21,2023-07-21,Completed,62.16
3332,7,2023-08-07,2023-09-06,Completed,76.2
3333,8,2023-01-21,,Dropped,0.0
3333,6,2023-05-13,,In Progress,0.0
3333,2,2023-05-17,2023-06-16,Completed,79.74
3334,10,2023-01-17,2023-02-16,Completed,74.25
3335,4,2023-12-18,2024-01-17,Completed,94.07
3336,4,2023-11-02,2023-12-02,Completed,77.43
3336,8,2023-08-08,,Dropped,0.0
3337,6,2023-07-07,2023-08-06,Completed,91.87
3338,8,2023-08-15,2023-09-14,Completed,89.24
3339,8,2023-11-26,2023-12-26,Completed,94.8
3340,10,2023-01-22,,Dropped,0.0
3340,4,2023-07-15,2023-08-14,Completed,99.33
3341,10,2023-01-15,2023-02-14,Completed,85.41
3341,2,2023-04-27,2023-05-27,Completed,93.02
3342,10,2023-02-27,,In Progress,0.0
3342,6,2023-09-23,2023-10-23,Completed,61.28
3343,8,2023-07-15,2023-08-14,Completed,91.13
3343,2,2023-03-06,,Dropped,0.0
3343,1,2023-07-05,2023-08-04,Completed,62.52
3344,2,2023-05-02,,Dropped,0.0
3344,3,2023-12-23,2024-01-22,Completed,72.35
3344,6,2023-06-04,2023-07-04,Completed,89.8
3344,5,2023-07-21,2023-08-20,Completed,57.03
3345,4,2023-03-08,2023-04-07,Completed,74.7
3346,10,2023-07-02,,Dropped,0.0
3346,5,2023-06-18,2023-07-18,Completed,57.12
3346,6,2023-04-24,2023-05-24,Completed,93.92
3346,7,2023-10-25,,In Progress,0.0
3347,10,2023-10-27,2023-11-26,Completed,79.3
3347,9,2023-12-05,2024-01-04,Completed,74.08
3347,6,2023-01-09,2023-02-08,Completed,95.29
3347,1,2023-04-09,,In Progress,0.0
3348,5,2023-06-22,2023-07-22,Completed,83.98
3348,4,2023-07-11,2023-08-10,Completed,95.16
3348,6,2023-09-09,2023-10-09,Completed,63.19
3349,7,2023-03-26,,Dropped,0.0
3350,7,2023-12-20,2024-01-19,Completed,77.11
3351,3,2023-10-13,2023-11-12,Completed,76.11
3351,1,2023-10-25,2023-11-24,Completed,76.24
3351,5,2023-11-10,2023-12-10,Completed,84.22
3351,7,2023-08-06,2023-09-05,Completed,99.93
3352,4,2023-04-01,2023-05-01,Completed,99.07
3353,4,2023-02-06,2023-03-08,Completed,62.07
3353,5,2023-06-24,2023-07-24,Completed,99.31
3353,3,2023-04-16,,In Progress,0.0
3354,3,2023-12-08,2024-01-07,Completed,71.93
3354,2,2023-01-04,,In Progress,0.0
3354,10,2023-04-10,2023-05-10,Completed,64.58
3354,4,2023-09-22,2023-10-22,Completed,91.4
3355,1,2023-09-17,,In Progress,0.0
3356,2,2023-10-03,,In Progress,0.0
3356,10,2023-12-15,2024-01-14,Completed,63.28
3356,8,2023-10-22,,In Progress,0.0
3356,6,2023-02-17,,In Progress,0.0
3357,2,2023-01-19,2023-02-18,Completed,99.29
3357,10,2023-08-26,2023-09-25,Completed,59.04
3358,7,2023-07-26,2023-08-25,Completed,59.56
3358,4,2023-08-07,2023-09-06,Completed,66.62
3358,10,2023-12-21,2024-01-20,Completed,90.2
3359,2,2023-07-17,2023-08-16,Completed,78.26
3359,3,2023-10-14,,Dropped,0.0
3359,5,2023-04-05,,In Progress,0.0
3360,9,2023-06-04,,In Progress,0.0
3361,5,2023-09-24,2023-10-24,Completed,65.85
3361,4,2023-10-05,2023-11-04,Completed,64.17
3361,1,2023-09-03,2023-10-03,Completed,55.07
3362,6,2023-09-15,,In Progress,0.0
3362,1,2023-09-13,2023-10-13,Completed,59.77
3362,8,2023-06-02,2023-07-02,Completed,99.68
3363,8,2023-01-01,2023-01-31,Completed,73.48
3363,10,2023-05-03,,In Progress,0.0
3364,8,2023-11-21,2023-12-21,Completed,72.29
3364,4,2023-01-04,,In Progress,0.0
3365,10,2023-08-12,2023-09-11,Completed,92.8
3365,6,2023-12-19,2024-01-18,Completed,56.01
3365,4,2023-10-04,2023-11-03,Completed,77.92
3365,2,2023-08-02,2023-09-01,Completed,60.34
3366,5,2023-01-14,,In Progress,0.0
3366,3,2023-06-21,2023-07-21,Completed,68.26
3366,4,2023-01-10,2023-02-09,Completed,96.55
3367,4,2023-02-24,2023-03-26,Completed,87.24
3367,9,2023-07-22,2023-08-21,Completed,66.82
3367,7,2023-09-27,2023-10-27,Completed,64.76
3367,3,2023-05-01,,In Progress,0.0
3368,1,2023-07-23,2023-08-22,Completed,95.15
3368,6,2023-09-13,2023-10-13,Completed,62.9
3368,9,2023-03-16,2023-04-15,Completed,81.38
3368,2,2023-07-09,2023-08-08,Completed,63.88
3369,6,2023-04-12,2023-05-12,Completed,99.68
3369,9,2023-01-19,2023-02-18,Completed,96.78
3369,2,2023-07-16,2023-08-15,Completed,67.07
3370,4,2023-11-25,2023-12-25,Completed,92.87
3370,8,2023-12-11,,In Progress,0.0
3370,9,2023-02-03,2023-03-05,Completed,58.35
3371,1,2023-01-16,2023-02-15,Completed,79.12
3372,2,2023-06-04,2023-07-04,Completed,74.72
3372,9,2023-07-05,,Dropped,0.0
3372,5,2023-04-14,2023-05-14,Completed,92.94
3373,1,2023-05-08,,In Progress,0.0
3373,4,2023-03-14,2023-04-13,Completed,57.34
3374,2,2023-01-18,,Dropped,0.0
3374,5,2023-07-06,2023-08-05,Completed,91.69
3374,10,2023-01-06,2023-02-05,Completed,62.1
3375,9,2023-02-09,,Dropped,0.0
3376,7,2023-09-09,2023-10-09,Completed,64.25
3376,2,2023-12-09,,In Progress,0.0
3377,10,2023-06-23,2023-07-23,Completed,77.67
3377,5,2023-05-26,2023-06-25,Completed,80.66
3377,7,2023-02-18,2023-03-20,Completed,75.58
3378,10,2023-07-11,2023-08-10,Completed,75.52
3378,6,2023-07-15,,In Progress,0.0
3378,8,2023-05-21,2023-06-20,Completed,61.69
3378,4,2023-04-19,2023-05-19,Completed,99.31
3379,8,2023-01-09,2023-02-08,Completed,82.45
3380,1,2023-12-24,2024-01-23,Completed,85.51
3380,10,2023-12-11,2024-01-10,Completed,65.66
3380,8,2023-12-07,2024-01-06,Completed,91.35
3380,6,2023-05-16,,Dropped,0.0
3381,6,2023-11-16,2023-12-16,Completed,86.63
3381,4,2023-12-11,2024-01-10,Completed,55.39
3381,9,2023-01-09,,In Progress,0.0
3381,8,2023-01-13,2023-02-12,Completed,95.09
3382,3,2023-07-27,2023-08-26,Completed,73.57
3382,7,2023-10-26,2023-11-25,Completed,80.25
3382,2,2023-01-21,2023-02-20,Completed,85.92
3383,8,2023-12-13,2024-01-12,Completed,66.82
3384,6,2023-04-27,2023-05-27,Completed,76.61
3385,8,2023-02-27,2023-03-29,Completed,68.36
3385,3,2023-03-07,2023-04-06,Completed,98.15
3385,6,2023-01-08,,In Progress,0.0
3385,10,2023-04-11,2023-05-11,Completed,55.06
3386,9,2023-05-20,,In Progress,0.0
3387,9,2023-12-19,2024-01-18,Completed,67.35
3387,7,2023-09-24,,In Progress,0.0
3387,4,2023-11-25,,In Progress,0.0
3387,6,2023-02-13,2023-03-15,Completed,74.3
3388,7,2023-01-10,,In Progress,0.0
3388,2,2023-09-25,2023-10-25,Completed,85.84
3388,9,2023-08-14,2023-09-13,Completed,98.41
3388,5,2023-07-06,2023-08-05,Completed,85.77
3389,3,2023-08-09,2023-09-08,Completed,94.6
3390,3,2023-12-14,2024-01-13,Completed,69.61
3390,1,2023-03-17,2023-04-16,Completed,58.41
3390,2,2023-03-02,2023-04-01,Completed,80.27
3390,7,2023-07-20,2023-08-19,Completed,94.12
3391,4,2023-03-12,2023-04-11,Completed,81.98
3391,3,2023-06-04,2023-07-04,Completed,56.82
3391,1,2023-06-26,,Dropped,0.0
3391,6,2023-12-24,2024-01-23,Completed,97.04
3392,10,2023-08-21,,In Progress,0.0
3392,5,2023-09-19,2023-10-19,Completed,55.83
3392,7,2023-09-19,2023-10-19,Completed,76.63
3392,2,2023-04-20,2023-05-20,Completed,68.73
3393,5,2023-12-12,,Dropped,0.0
3393,3,2023-02-12,2023-03-14,Completed,60.46
3394,5,2023-08-17,2023-09-16,Completed,76.13
3394,6,2023-09-20,2023-10-20,Completed,94.89
3394,4,2023-02-01,2023-03-03,Completed,97.43
3395,9,2023-02-20,2023-03-22,Completed,70.03
3395,7,2023-11-02,2023-12-02,Completed,82.16
3395,8,2023-11-01,2023-12-01,Completed,80.96
3395,6,2023-07-16,2023-08-15,Completed,86.7
3396,5,2023-01-23,2023-02-22,Completed,59.55
3396,6,2023-09-02,,In Progress,0.0
3397,2,2023-02-23,,Dropped,0.0
3398,9,2023-03-20,2023-04-19,Completed,68.9
3398,8,2023-09-19,2023-10-19,Completed,92.58
3399,6,2023-07-23,2023-08-22,Completed,62.31
3400,2,2023-05-02,,Dropped,0.0
3400,5,2023-05-19,,In Progress,0.0
3401,5,2023-10-17,2023-11-16,Completed,59.25
3401,4,2023-08-15,2023-09-14,Completed,75.99
3401,8,2023-03-25,2023-04-24,Completed,87.64
3402,10,2023-11-12,2023-12-12,Completed,61.02
3402,1,2023-07-25,2023-08-24,Completed,79.43
3402,4,2023-06-22,2023-07-22,Completed,97.86
3403,3,2023-03-02,,Dropped,0.0
3404,7,2023-07-21,,In Progress,0.0
3404,5,2023-07-09,,In Progress,0.0
3404,10,2023-10-08,2023-11-07,Completed,86.16
3404,4,2023-07-09,,Dropped,0.0
3405,7,2023-08-07,2023-09-06,Completed,85.16
3405,9,2023-04-15,2023-05-15,Completed,74.54
3405,8,2023-10-04,2023-11-03,Completed,65.95
3406,4,2023-02-11,2023-03-13,Completed,80.84
3406,1,2023-09-27,2023-10-27,Completed,67.75
3407,1,2023-05-01,,In Progress,0.0
3407,9,2023-11-22,2023-12-22,Completed,83.92
3408,4,2023-10-22,2023-11-21,Completed,82.91
3409,4,2023-08-11,2023-09-10,Completed,59.6
3409,6,2023-11-25,2023-12-25,Completed,85.63
3409,7,2023-09-05,2023-10-05,Completed,73.11
3409,2,2023-02-19,2023-03-21,Completed,94.86
3410,8,2023-08-15,2023-09-14,Completed,70.48
3410,1,2023-07-13,2023-08-12,Completed,68.18
3410,3,2023-06-15,,In Progress,0.0
3411,6,2023-02-16,2023-03-18,Completed,89.22
3411,1,2023-04-01,2023-05-01,Completed,60.18
3411,9,2023-06-10,2023-07-10,Completed,67.74
3412,9,2023-04-10,2023-05-10,Completed,71.46
3412,10,2023-07-27,,In Progress,0.0
3413,2,2023-11-11,2023-12-11,Completed,98.77
3413,9,2023-10-02,2023-11-01,Completed,82.54
3413,4,2023-12-03,2024-01-02,Completed,97.38
3413,5,2023-03-02,,Dropped,0.0
3414,5,2023-09-14,2023-10-14,Completed,75.79
3415,5,2023-01-01,,In Progress,0.0
3416,10,2023-08-23,2023-09-22,Completed,93.55
3416,9,2023-07-18,,Dropped,0.0
3416,5,2023-11-09,2023-12-09,Completed,88.56
3416,6,2023-11-11,2023-12-11,Completed,89.85
3417,10,2023-06-05,2023-07-05,Completed,71.41
3418,7,2023-09-03,2023-10-03,Completed,91.09
3418,6,2023-07-21,2023-08-20,Completed,98.95
3418,10,2023-05-22,2023-06-21,Completed,96.45
3418,3,2023-02-23,2023-03-25,Completed,78.31
3419,6,2023-04-06,,In Progress,0.0
3419,1,2023-03-16,,Dropped,0.0
3419,8,2023-12-20,2024-01-19,Completed,70.39
3419,5,2023-06-20,,In Progress,0.0
3420,10,2023-04-26,2023-05-26,Completed,90.22
3421,9,2023-02-21,,Dropped,0.0
3422,5,2023-11-17,,In Progress,0.0
3422,9,2023-02-23,,In Progress,0.0
3422,8,2023-03-24,2023-04-23,Completed,69.88
3422,1,2023-11-14,2023-12-14,Completed,91.98
3423,5,2023-01-24,2023-02-23,Completed,63.58
3423,7,2023-10-12,,In Progress,0.0
3423,9,2023-09-24,,Dropped,0.0
3424,6,2023-03-10,,In Progress,0.0
3425,9,2023-07-05,2023-08-04,Completed,64.43
3426,9,2023-05-22,2023-06-21,Completed,97.87
3426,10,2023-10-15,,In Progress,0.0
3427,9,2023-09-23,2023-10-23,Completed,86.21
3427,2,2023-04-25,2023-05-25,Completed,77.59
3428,4,2023-07-22,2023-08-21,Completed,61.73
3429,3,2023-10-06,2023-11-05,Completed,80.86
3429,6,2023-07-18,2023-08-17,Completed,55.9
3430,5,2023-08-26,2023-09-25,Completed,88.47
3430,3,2023-01-06,,In Progress,0.0
3430,10,2023-10-04,2023-11-03,Completed,67.36
3431,10,2023-03-07,2023-04-06,Completed,67.59
3432,6,2023-01-16,2023-02-15,Completed,64.84
3432,10,2023-10-19,,Dropped,0.0
3433,10,2023-11-17,2023-12-17,Completed,59.6
3433,3,2023-12-25,,In Progress,0.0
3434,10,2023-05-05,2023-06-04,Completed,83.26
3434,4,2023-02-18,,In Progress,0.0
3434,2,2023-09-22,,Dropped,0.0
3435,1,2023-10-17,2023-11-16,Completed,70.89
3435,8,2023-02-17,2023-03-19,Completed,71.2
3435,9,2023-05-20,,In Progress,0.0
3435,5,2023-04-26,2023-05-26,Completed,63.3
3436,9,2023-07-24,2023-08-23,Completed,93.74
3436,6,2023-05-23,2023-06-22,Completed,69.08
3436,2,2023-12-23,2024-01-22,Completed,76.16
3436,4,2023-11-07,,Dropped,0.0
3437,7,2023-10-05,2023-11-04,Completed,76.21
3437,2,2023-05-19,,In Progress,0.0
3437,8,2023-08-21,,Dropped,0.0
3437,6,2023-08-01,,Dropped,0.0
3438,4,2023-08-23,2023-09-22,Completed,74.87
3438,1,2023-06-07,2023-07-07,Completed,95.98
3438,10,2023-04-06,2023-05-06,Completed,94.13
3438,9,2023-11-10,2023-12-10,Completed,62.62
3439,8,2023-03-14,2023-04-13,Completed,87.75
3440,4,2023-03-26,2023-04-25,Completed,56.05
3441,8,2023-07-04,2023-08-03,Completed,72.66
3441,5,2023-07-01,,In Progress,0.0
3442,9,2023-04-09,,Dropped,0.0
3442,6,2023-09-20,2023-10-20,Completed,90.34
3442,10,2023-01-16,2023-02-15,Completed,80.79
3443,3,2023-04-22,2023-05-22,Completed,69.2
3443,7,2023-09-09,2023-10-09,Completed,63.53
3443,9,2023-05-16,2023-06-15,Completed,97.49
3444,5,2023-06-16,2023-07-16,Completed,83.49
3444,8,2023-12-10,2024-01-09,Completed,74.97
3445,8,2023-08-21,2023-09-20,Completed,60.39
3446,6,2023-08-21,,In Progress,0.0
3446,7,2023-07-14,,In Progress,0.0
3446,2,2023-06-01,2023-07-01,Completed,61.95
3447,2,2023-08-05,2023-09-04,Completed,79.61
3448,10,2023-01-23,2023-02-22,Completed,74.44
3448,8,2023-12-17,2024-01-16,Completed,61.41
3448,2,2023-08-03,2023-09-02,Completed,57.62
3448,1,2023-07-02,2023-08-01,Completed,98.22
3449,9,2023-04-07,2023-05-07,Completed,98.71
3449,8,2023-07-12,2023-08-11,Completed,98.12
3449,3,2023-05-14,2023-06-13,Completed,83.37
3450,3,2023-03-17,2023-04-16,Completed,58.28
3450,5,2023-04-01,2023-05-01,Completed,92.2
3451,9,2023-08-23,,Dropped,0.0
3452,5,2023-08-07,,Dropped,0.0
3452,10,2023-04-16,2023-05-16,Completed,62.15
3453,8,2023-03-15,2023-04-14,Completed,72.17
3453,1,2023-02-06,2023-03-08,Completed,71.87
3453,3,2023-03-24,2023-04-23,Completed,55.01
3453,2,2023-08-19,2023-09-18,Completed,78.55
3454,1,2023-06-20,2023-07-20,Completed,71.34
3454,8,2023-02-02,2023-03-04,Completed,77.07
3454,5,2023-10-25,2023-11-24,Completed,89.65
3455,3,2023-01-24,,In Progress,0.0
3455,5,2023-10-05,2023-11-04,Completed,84.46
3455,1,2023-11-25,2023-12-25,Completed,72.58
3455,8,2023-03-06,2023-04-05,Completed,61.93
3456,1,2023-01-23,,Dropped,0.0
3457,2,2023-03-26,2023-04-25,Completed,83.73
3458,3,2023-07-06,2023-08-05,Completed,65.07
3459,3,2023-05-16,,In Progress,0.0
3459,8,2023-10-13,,In Progress,0.0
3459,6,2023-11-04,2023-12-04,Completed,93.86
3459,9,2023-12-24,2024-01-23,Completed,73.31
3460,9,2023-05-18,,In Progress,0.0
3460,1,2023-05-01,2023-05-31,Completed,73.6
3460,3,2023-01-18,2023-02-17,Completed,57.02
3460,6,2023-10-07,2023-11-06,Completed,69.95
3461,4,2023-07-10,2023-08-09,Completed,85.16
3461,3,2023-04-09,2023-05-09,Completed,74.44
3461,5,2023-05-19,,Dropped,0.0
3462,6,2023-05-14,2023-06-13,Completed,70.92
3462,4,2023-11-25,2023-12-25,Completed,80.26
3462,8,2023-06-12,2023-07-12,Completed,68.05
3462,9,2023-07-07,2023-08-06,Completed,65.87
3463,8,2023-03-20,2023-04-19,Completed,57.64
3464,5,2023-02-01,2023-03-03,Completed,79.56
3464,9,2023-11-06,2023-12-06,Completed,55.23
3465,9,2023-06-14,2023-07-14,Completed,85.32
3465,1,2023-10-27,2023-11-26,Completed,70.82
3465,2,2023-05-09,2023-06-08,Completed,64.18
3466,7,2023-07-24,2023-08-23,Completed,86.5
3466,9,2023-05-27,2023-06-26,Completed,57.25
3467,9,2023-04-19,2023-05-19,Completed,96.58
3467,1,2023-12-25,,In Progress,0.0
3467,8,2023-03-12,2023-04-11,Completed,57.46
3467,5,2023-01-05,,Dropped,0.0
3468,1,2023-09-14,2023-10-14,Completed,89.41
3469,2,2023-01-25,2023-02-24,Completed,91.7
3469,4,2023-06-09,2023-07-09,Completed,82.34
3469,3,2023-04-06,,In Progress,0.0
3469,5,2023-01-16,2023-02-15,Completed,96.75
3470,1,2023-04-14,2023-05-14,Completed,84.69
3470,7,2023-10-02,,In Progress,0.0
3470,2,2023-03-26,2023-04-25,Completed,65.24
3470,6,2023-08-16,2023-09-15,Completed,80.65
3471,1,2023-07-09,2023-08-08,Completed,55.86
3471,6,2023-08-03,2023-09-02,Completed,78.89
3472,3,2023-04-17,2023-05-17,Completed,68.25
3473,10,2023-02-01,2023-03-03,Completed,93.23
3473,9,2023-04-24,,Dropped,0.0
3473,6,2023-07-03,,Dropped,0.0
3474,6,2023-12-06,,Dropped,0.0
3475,10,2023-12-25,2024-01-24,Completed,61.64
3476,1,2023-08-11,2023-09-10,Completed,69.94
3476,8,2023-04-26,2023-05-26,Completed,84.96
3477,4,2023-07-04,,In Progress,0.0
3477,5,2023-08-19,,Dropped,0.0
3478,7,2023-07-05,2023-08-04,Completed,80.43
3478,4,2023-02-09,2023-03-11,Completed,56.37
3478,1,2023-01-11,2023-02-10,Completed,82.99
3479,5,2023-07-19,2023-08-18,Completed,85.7
3479,6,2023-07-21,2023-08-20,Completed,79.93
3480,7,2023-09-21,2023-10-21,Completed,57.2
3481,5,2023-06-14,,In Progress,0.0
3482,9,2023-06-03,,In Progress,0.0
3482,4,2023-10-27,,Dropped,0.0
3483,6,2023-12-02,,In Progress,0.0
3483,1,2023-07-16,2023-08-15,Completed,98.12
3483,4,2023-03-20,,Dropped,0.0
3483,8,2023-05-07,2023-06-06,Completed,65.11
3484,3,2023-03-17,2023-04-16,Completed,67.96
3484,6,2023-01-21,2023-02-20,Completed,64.06
3485,5,2023-01-09,,In Progress,0.0
3485,4,2023-07-07,2023-08-06,Completed,98.65
3485,9,2023-02-06,2023-03-08,Completed,86.7
3485,6,2023-06-12,2023-07-12,Completed,62.74
3486,7,2023-07-09,2023-08-08,Completed,57.39
3486,10,2023-05-20,2023-06-19,Completed,61.3
3487,5,2023-05-11,2023-06-10,Completed,57.91
3487,10,2023-01-20,,In Progress,0.0
3487,9,2023-12-22,2024-01-21,Completed,97.58
3488,3,2023-05-21,2023-06-20,Completed,92.93
3488,7,2023-11-11,,In Progress,0.0
3489,10,2023-05-09,2023-06-08,Completed,68.88
3489,8,2023-05-27,2023-06-26,Completed,82.78
3490,9,2023-01-17,,In Progress,0.0
3490,5,2023-09-07,2023-10-07,Completed,82.71
3491,10,2023-12-02,2024-01-01,Completed,92.89
3491,2,2023-10-17,,In Progress,0.0
3492,1,2023-11-23,2023-12-23,Completed,94.34
3493,2,2023-04-02,,In Progress,0.0
3493,7,2023-12-06,2024-01-05,Completed,69.95
3494,1,2023-12-15,2024-01-14,Completed,94.35
3494,9,2023-01-09,2023-02-08,Completed,70.93
3494,5,2023-09-01,2023-10-01,Completed,67.97
3495,5,2023-01-24,2023-02-23,Completed,63.77
3495,8,2023-06-08,2023-07-08,Completed,86.28
3496,2,2023-03-25,,In Progress,0.0
3496,9,2023-04-11,2023-05-11,Completed,93.75
3496,3,2023-08-19,2023-09-18,Completed,78.95
3496,6,2023-11-03,2023-12-03,Completed,79.71
3497,8,2023-03-09,,In Progress,0.0
3497,9,2023-07-13,2023-08-12,Completed,92.63
3498,6,2023-11-12,2023-12-12,Completed,89.44
3498,4,2023-07-05,,In Progress,0.0
3498,9,2023-10-01,,Dropped,0.0
3499,9,2023-08-04,2023-09-03,Completed,88.44
3499,4,2023-07-11,,In Progress,0.0
3499,6,2023-12-07,,In Progress,0.0
3500,3,2023-12-11,2024-01-10,Completed,57.1
3500,7,2023-03-12,2023-04-11,Completed,85.58
3500,6,2023-02-22,,In Progress,0.0
3500,1,2023-03-18,,In Progress,0.0
3501,5,2023-10-09,,Dropped,0.0
3501,2,2023-07-10,2023-08-09,Completed,70.68
3501,1,2023-05-02,,In Progress,0.0
3501,8,2023-12-01,2023-12-31,Completed,98.13
3502,9,2023-07-17,2023-08-16,Completed,60.79
3502,10,2023-11-18,2023-12-18,Completed,97.13
3502,5,2023-01-08,2023-02-07,Completed,87.11
3503,2,2023-12-25,2024-01-24,Completed,81.13
3503,8,2023-05-11,2023-06-10,Completed,55.99
3503,1,2023-09-17,,In Progress,0.0
3503,3,2023-02-23,2023-03-25,Completed,88.36
3504,1,2023-12-04,2024-01-03,Completed,67.09
3504,4,2023-02-09,2023-03-11,Completed,76.06
3505,5,2023-11-06,,In Progress,0.0
3505,9,2023-08-26,2023-09-25,Completed,56.86
3505,3,2023-07-27,2023-08-26,Completed,89.1
3505,7,2023-11-19,,Dropped,0.0
3506,6,2023-06-04,2023-07-04,Completed,75.3
3507,9,2023-02-02,2023-03-04,Completed,91.03
3507,10,2023-01-14,2023-02-13,Completed,65.0
3507,5,2023-12-11,2024-01-10,Completed,75.23
3508,2,2023-11-19,2023-12-19,Completed,77.16
3508,6,2023-08-25,2023-09-24,Completed,66.06
3508,3,2023-12-09,2024-01-08,Completed,73.67
3509,9,2023-07-20,2023-08-19,Completed,77.64
3510,3,2023-12-06,,In Progress,0.0
3510,6,2023-03-20,2023-04-19,Completed,62.53
3510,5,2023-02-17,,In Progress,0.0
3510,9,2023-01-05,2023-02-04,Completed,73.09
3511,2,2023-04-12,,In Progress,0.0
3512,4,2023-01-20,,In Progress,0.0
3512,3,2023-11-03,,In Progress,0.0
3512,9,2023-05-11,2023-06-10,Completed,61.95
3512,8,2023-10-18,,In Progress,0.0
3513,10,2023-07-24,2023-08-23,Completed,81.78
3513,8,2023-01-03,2023-02-02,Completed,58.9
3513,5,2023-06-10,,Dropped,0.0
3514,3,2023-12-18,2024-01-17,Completed,94.73
3515,1,2023-07-17,2023-08-16,Completed,89.15
3515,4,2023-07-17,2023-08-16,Completed,65.21
3515,3,2023-10-05,2023-11-04,Completed,59.52
3515,5,2023-10-10,2023-11-09,Completed,67.52
3516,5,2023-03-13,2023-04-12,Completed,87.45
3517,8,2023-04-19,2023-05-19,Completed,80.0
3517,9,2023-07-23,2023-08-22,Completed,55.93
3517,3,2023-09-11,,In Progress,0.0
3518,9,2023-10-03,,In Progress,0.0
3519,3,2023-07-10,2023-08-09,Completed,92.53
3520,10,2023-10-19,2023-11-18,Completed,63.35
3521,1,2023-08-26,2023-09-25,Completed,59.62
3521,10,2023-05-24,,Dropped,0.0
3521,7,2023-10-03,2023-11-02,Completed,93.59
3521,5,2023-01-25,2023-02-24,Completed,70.16
3522,5,2023-01-10,,Dropped,0.0
3522,3,2023-12-19,2024-01-18,Completed,98.18
3523,2,2023-05-07,2023-06-06,Completed,78.17
3523,3,2023-10-17,2023-11-16,Completed,77.98
3523,1,2023-07-26,,Dropped,0.0
3523,10,2023-04-06,2023-05-06,Completed,69.13
3524,7,2023-05-27,,In Progress,0.0
3524,6,2023-03-05,2023-04-04,Completed,80.66
3524,3,2023-10-23,,Dropped,0.0
3524,10,2023-02-06,2023-03-08,Completed,61.4
3525,10,2023-11-17,2023-12-17,Completed,77.8
3525,8,2023-03-10,2023-04-09,Completed,74.17
3525,1,2023-11-12,2023-12-12,Completed,88.37
3525,5,2023-09-10,2023-10-10,Completed,70.54
3526,5,2023-08-01,2023-08-31,Completed,94.53
3526,3,2023-04-17,2023-05-17,Completed,60.59
3526,6,2023-06-06,,In Progress,0.0
3526,1,2023-08-22,2023-09-21,Completed,68.51
3527,7,2023-10-23,,Dropped,0.0
3527,10,2023-04-21,2023-05-21,Completed,74.03
3528,7,2023-04-07,,In Progress,0.0
3528,2,2023-09-09,2023-10-09,Completed,98.78
3528,10,2023-04-12,2023-05-12,Completed,74.94
3529,5,2023-02-01,,In Progress,0.0
3529,4,2023-06-01,2023-07-01,Completed,98.88
3529,10,2023-11-05,2023-12-05,Completed,77.72
3530,5,2023-07-11,2023-08-10,Completed,71.66
3531,2,2023-01-09,2023-02-08,Completed,64.89
3531,5,2023-03-04,2023-04-03,Completed,87.75
3532,8,2023-12-05,,Dropped,0.0
3532,4,2023-03-18,,Dropped,0.0
3533,1,2023-09-10,2023-10-10,Completed,99.55
3533,10,2023-03-05,,In Progress,0.0
3533,5,2023-11-23,2023-12-23,Completed,68.42
3533,8,2023-06-03,,Dropped,0.0
3534,8,2023-09-24,2023-10-24,Completed,99.5
3534,5,2023-07-02,2023-08-01,Completed,99.97
3534,3,2023-10-21,2023-11-20,Completed,79.8
3535,4,2023-10-19,2023-11-18,Completed,72.89
3535,2,2023-01-07,,In Progress,0.0
3535,5,2023-01-27,2023-02-26,Completed,99.74
3535,8,2023-04-25,,In Progress,0.0
3536,9,2023-02-23,2023-03-25,Completed,91.1
3537,8,2023-03-07,2023-04-06,Completed,56.57
3537,10,2023-06-14,,Dropped,0.0
3537,5,2023-08-08,2023-09-07,Completed,63.83
3538,1,2023-07-19,2023-08-18,Completed,98.49
3538,6,2023-03-16,2023-04-15,Completed,61.68
3539,6,2023-05-11,2023-06-10,Completed,87.73
3539,1,2023-11-21,2023-12-21,Completed,89.93
3540,9,2023-02-01,2023-03-03,Completed,89.11
3540,3,2023-08-01,2023-08-31,Completed,88.65
3541,4,2023-02-05,2023-03-07,Completed,85.76
3542,7,2023-02-25,,Dropped,0.0
3542,9,2023-01-07,,Dropped,0.0
3543,2,2023-01-09,2023-02-08,Completed,70.14
3544,2,2023-04-22,2023-05-22,Completed,94.41
3544,10,2023-01-09,2023-02-08,Completed,64.93
3544,9,2023-05-05,2023-06-04,Completed,90.14
3545,10,2023-09-04,2023-10-04,Completed,57.94
3545,4,2023-03-18,2023-04-17,Completed,92.17
3546,5,2023-11-17,2023-12-17,Completed,62.66
3546,4,2023-03-18,,In Progress,0.0
3547,8,2023-07-10,2023-08-09,Completed,66.2
3547,7,2023-02-05,2023-03-07,Completed,82.51
3548,5,2023-12-27,,In Progress,0.0
3548,6,2023-06-14,2023-07-14,Completed,58.55
3548,10,2023-12-12,2024-01-11,Completed,61.93
3548,7,2023-02-24,2023-03-26,Completed,93.44
3549,5,2023-04-26,2023-05-26,Completed,72.96
3549,9,2023-02-17,2023-03-19,Completed,56.52
3549,3,2023-11-14,,In Progress,0.0
3549,1,2023-05-04,2023-06-03,Completed,73.67
3550,2,2023-10-25,,In Progress,0.0
3550,10,2023-09-05,2023-10-05,Completed,59.58
3550,9,2023-07-10,,In Progress,0.0
3550,4,2023-02-16,2023-03-18,Completed,66.43
3551,7,2023-09-16,2023-10-16,Completed,74.33
3551,3,2023-04-06,2023-05-06,Completed,63.88
3552,9,2023-09-06,,In Progress,0.0
3552,5,2023-05-07,2023-06-06,Completed,95.51
3552,2,2023-02-24,2023-03-26,Completed,63.52
3552,10,2023-01-13,2023-02-12,Completed,66.2
3553,3,2023-12-27,,In Progress,0.0
3553,7,2023-07-18,2023-08-17,Completed,75.26
3553,10,2023-12-13,2024-01-12,Completed,88.54
3554,9,2023-12-23,2024-01-22,Completed,82.12
3555,4,2023-03-02,2023-04-01,Completed,97.11
3555,1,2023-05-17,,In Progress,0.0
3555,10,2023-12-18,2024-01-17,Completed,58.11
3555,3,2023-01-08,2023-02-07,Completed,63.02
3556,7,2023-05-07,,In Progress,0.0
3556,5,2023-02-01,2023-03-03,Completed,67.6
3556,10,2023-07-05,,In Progress,0.0
3556,8,2023-12-25,2024-01-24,Completed,71.06
3557,6,2023-10-12,2023-11-11,Completed,82.64
3557,1,2023-06-13,2023-07-13,Completed,61.19
3558,10,2023-04-11,2023-05-11,Completed,88.55
3558,2,2023-04-07,2023-05-07,Completed,59.98
3558,6,2023-01-25,2023-02-24,Completed,85.56
3558,1,2023-01-22,,In Progress,0.0
3559,5,2023-04-07,2023-05-07,Completed,89.02
3559,6,2023-02-20,,In Progress,0.0
3560,10,2023-02-05,2023-03-07,Completed,62.95
3560,5,2023-07-24,,Dropped,0.0
3560,6,2023-06-21,2023-07-21,Completed,77.74
3561,10,2023-06-06,,In Progress,0.0
3561,3,2023-06-07,2023-07-07,Completed,84.85
3562,4,2023-10-20,,In Progress,0.0
3563,2,2023-09-27,2023-10-27,Completed,78.0
3563,3,2023-11-03,,In Progress,0.0
3563,8,2023-01-24,,In Progress,0.0
3564,10,2023-04-20,2023-05-20,Completed,76.24
3565,9,2023-09-04,2023-10-04,Completed,69.96
3565,10,2023-10-06,2023-11-05,Completed,55.9
3565,6,2023-05-22,2023-06-21,Completed,73.53
3566,4,2023-09-01,2023-10-01,Completed,74.88
3566,5,2023-02-20,,Dropped,0.0
3566,7,2023-08-12,2023-09-11,Completed,85.93
3567,3,2023-03-22,,Dropped,0.0
3567,10,2023-06-17,2023-07-17,Completed,59.63
3567,4,2023-11-19,2023-12-19,Completed,59.47
3568,3,2023-06-17,2023-07-17,Completed,89.95
3568,4,2023-07-26,2023-08-25,Completed,62.84
3569,1,2023-03-19,2023-04-18,Completed,91.78
3569,3,2023-05-16,2023-06-15,Completed,90.78
3569,7,2023-07-22,,In Progress,0.0
3569,2,2023-06-23,2023-07-23,Completed,77.64
3570,5,2023-12-21,2024-01-20,Completed,72.17
3570,9,2023-02-06,2023-03-08,Completed,75.9
3570,1,2023-02-10,2023-03-12,Completed,80.37
3570,3,2023-12-18,,Dropped,0.0
3571,4,2023-01-12,,In Progress,0.0
3571,10,2023-07-13,2023-08-12,Completed,91.97
3572,9,2023-09-09,2023-10-09,Completed,60.24
3572,6,2023-09-17,2023-10-17,Completed,64.55
3573,9,2023-09-18,2023-10-18,Completed,88.33
3574,9,2023-07-22,2023-08-21,Completed,99.26
3574,5,2023-04-20,2023-05-20,Completed,71.95
3574,6,2023-09-10,2023-10-10,Completed,70.75
3575,6,2023-08-02,2023-09-01,Completed,98.22
3575,5,2023-09-23,2023-10-23,Completed,57.71
3575,4,2023-04-25,2023-05-25,Completed,95.44
3576,7,2023-03-23,,In Progress,0.0
3576,10,2023-05-18,,In Progress,0.0
3576,8,2023-01-14,2023-02-13,Completed,77.9
3577,3,2023-08-26,2023-09-25,Completed,95.78
3577,4,2023-11-24,2023-12-24,Completed,93.23
3577,2,2023-11-03,2023-12-03,Completed,93.91
3577,10,2023-07-08,,In Progress,0.0
3578,4,2023-09-04,,In Progress,0.0
3578,3,2023-10-10,2023-11-09,Completed,74.53
3578,8,2023-04-19,,Dropped,0.0
3579,1,2023-05-07,,In Progress,0.0
3579,5,2023-04-08,,Dropped,0.0
3579,7,2023-10-07,,In Progress,0.0
3579,9,2023-02-26,,Dropped,0.0
3580,10,2023-08-03,,In Progress,0.0
3580,1,2023-09-26,,In Progress,0.0
3581,3,2023-05-24,2023-06-23,Completed,78.85
3581,8,2023-06-27,,In Progress,0.0
3581,2,2023-12-22,2024-01-21,Completed,90.49
3581,9,2023-08-05,,In Progress,0.0
3582,3,2023-08-11,,Dropped,0.0
3582,5,2023-01-02,2023-02-01,Completed,84.0
3582,7,2023-05-11,2023-06-10,Completed,74.21
3583,7,2023-05-16,2023-06-15,Completed,97.74
3583,5,2023-05-02,,Dropped,0.0
3583,4,2023-12-16,2024-01-15,Completed,83.71
3583,1,2023-04-25,2023-05-25,Completed,80.27
3584,8,2023-09-04,,In Progress,0.0
3584,7,2023-01-16,2023-02-15,Completed,82.51
3584,6,2023-10-23,,In Progress,0.0
3585,1,2023-08-07,2023-09-06,Completed,55.26
3585,8,2023-06-13,,Dropped,0.0
3585,6,2023-01-12,2023-02-11,Completed,81.42
3585,2,2023-12-19,2024-01-18,Completed,92.63
3586,3,2023-04-17,,In Progress,0.0
3586,10,2023-02-11,2023-03-13,Completed,90.82
3587,3,2023-02-27,2023-03-29,Completed,72.08
3587,10,2023-09-10,2023-10-10,Completed,82.55
3587,9,2023-11-24,2023-12-24,Completed,58.61
3587,7,2023-03-14,2023-04-13,Completed,82.76
3588,10,2023-08-14,2023-09-13,Completed,59.63
3589,7,2023-10-22,2023-11-21,Completed,67.12
3589,9,2023-06-20,2023-07-20,Completed,82.81
3589,5,2023-04-06,2023-05-06,Completed,98.55
3590,4,2023-01-26,2023-02-25,Completed,61.88
3591,4,2023-05-05,2023-06-04,Completed,81.65
3591,8,2023-04-15,2023-05-15,Completed,60.95
3591,6,2023-07-15,2023-08-14,Completed,85.44
3592,8,2023-12-19,2024-01-18,Completed,64.54
3593,1,2023-11-25,2023-12-25,Completed,59.83
3594,8,2023-09-04,2023-10-04,Completed,97.71
3594,9,2023-11-22,,In Progress,0.0
3594,7,2023-01-11,,Dropped,0.0
3594,5,2023-09-16,2023-10-16,Completed,87.33
3595,3,2023-08-10,2023-09-09,Completed,60.81
3595,9,2023-01-22,,In Progress,0.0
3595,7,2023-03-02,2023-04-01,Completed,95.22
3595,4,2023-11-08,2023-12-08,Completed,67.46
3596,10,2023-03-20,,Dropped,0.0
3597,4,2023-07-24,2023-08-23,Completed,60.67
3597,1,2023-02-26,2023-03-28,Completed,57.49
3597,7,2023-01-05,,Dropped,0.0
3598,2,2023-12-24,,In Progress,0.0
3598,9,2023-04-06,,Dropped,0.0
3598,6,2023-02-20,,In Progress,0.0
3599,3,2023-01-27,2023-02-26,Completed,77.86
3599,5,2023-02-08,2023-03-10,Completed,63.29
3599,10,2023-03-05,,In Progress,0.0
3600,9,2023-02-08,,In Progress,0.0
3600,10,2023-11-01,2023-12-01,Completed,60.23
3600,6,2023-09-18,,In Progress,0.0
3600,1,2023-02-02,2023-03-04,Completed,70.3
3601,3,2023-08-13,,In Progress,0.0
3601,4,2023-08-22,2023-09-21,Completed,61.36
3602,3,2023-01-14,2023-02-13,Completed,82.73
3602,10,2023-03-15,,Dropped,0.0
3602,1,2023-01-14,2023-02-13,Completed,70.55
3602,6,2023-09-04,,Dropped,0.0
3603,4,2023-10-18,2023-11-17,Completed,96.37
3603,5,2023-06-12,2023-07-12,Completed,58.03
3603,7,2023-11-18,,Dropped,0.0
3603,9,2023-11-02,2023-12-02,Completed,59.92
3604,2,2023-04-21,2023-05-21,Completed,77.97
3605,6,2023-08-14,2023-09-13,Completed,75.71
3605,3,2023-10-12,2023-11-11,Completed,82.45
3605,4,2023-08-15,,In Progress,0.0
3605,10,2023-03-08,2023-04-07,Completed,77.22
3606,10,2023-02-23,2023-03-25,Completed,97.5
3606,1,2023-03-27,2023-04-26,Completed,56.35
3606,3,2023-09-03,2023-10-03,Completed,64.08
3607,2,2023-09-19,2023-10-19,Completed,88.99
3607,10,2023-05-21,2023-06-20,Completed,91.32
3608,4,2023-07-01,2023-07-31,Completed,67.49
3608,10,2023-07-27,2023-08-26,Completed,82.6
3608,9,2023-04-16,2023-05-16,Completed,60.56
3609,7,2023-10-21,2023-11-20,Completed,89.77
3609,4,2023-11-11,2023-12-11,Completed,66.9
3609,3,2023-12-24,2024-01-23,Completed,60.85
3610,5,2023-04-21,2023-05-21,Completed,66.5
3611,4,2023-08-17,2023-09-16,Completed,97.3
3611,7,2023-10-04,2023-11-03,Completed,73.52
3611,6,2023-05-23,2023-06-22,Completed,91.18
3611,1,2023-11-14,2023-12-14,Completed,86.37
3612,1,2023-01-09,2023-02-08,Completed,87.78
3612,8,2023-03-02,,In Progress,0.0
3613,9,2023-10-08,2023-11-07,Completed,72.06
3614,6,2023-01-11,2023-02-10,Completed,79.45
3614,10,2023-10-12,2023-11-11,Completed,65.15
3614,9,2023-02-13,2023-03-15,Completed,55.23
3614,7,2023-08-22,2023-09-21,Completed,61.8
3615,4,2023-06-15,2023-07-15,Completed,56.6
3616,4,2023-09-05,2023-10-05,Completed,66.36
3617,1,2023-04-18,2023-05-18,Completed,70.89
3618,10,2023-05-02,2023-06-01,Completed,82.01
3618,4,2023-07-01,2023-07-31,Completed,66.88
3618,9,2023-08-22,2023-09-21,Completed,81.11
3618,6,2023-05-08,,In Progress,0.0
3619,5,2023-05-13,2023-06-12,Completed,92.74
3619,1,2023-09-06,2023-10-06,Completed,96.4
3619,10,2023-08-06,,Dropped,0.0
3619,8,2023-09-08,2023-10-08,Completed,55.8
3620,2,2023-06-20,2023-07-20,Completed,70.77
3620,9,2023-08-27,2023-09-26,Completed,96.98
3620,4,2023-10-16,,In Progress,0.0
3620,5,2023-10-19,2023-11-18,Completed,99.12
3621,9,2023-09-17,2023-10-17,Completed,97.37
3621,7,2023-11-12,,In Progress,0.0
3621,8,2023-01-24,2023-02-23,Completed,78.77
3621,2,2023-11-05,2023-12-05,Completed,60.86
3622,10,2023-12-02,,Dropped,0.0
3622,4,2023-07-27,,Dropped,0.0
3623,8,2023-10-22,2023-11-21,Completed,70.9
3623,6,2023-07-02,,In Progress,0.0
3623,5,2023-06-17,2023-07-17,Completed,81.09
3623,10,2023-01-22,2023-02-21,Completed,59.99
3624,7,2023-08-01,2023-08-31,Completed,55.09
3624,8,2023-01-16,2023-02-15,Completed,64.45
3624,3,2023-06-14,2023-07-14,Completed,75.99
3625,10,2023-03-16,2023-04-15,Completed,97.8
3625,4,2023-12-01,2023-12-31,Completed,93.77
3625,9,2023-08-11,2023-09-10,Completed,89.79
3626,1,2023-11-03,2023-12-03,Completed,81.35
3626,6,2023-10-17,,In Progress,0.0
3627,1,2023-08-26,2023-09-25,Completed,93.18
3627,4,2023-05-02,2023-06-01,Completed,66.55
3627,2,2023-11-07,,In Progress,0.0
3628,10,2023-11-10,,In Progress,0.0
3628,9,2023-12-23,,Dropped,0.0
3629,7,2023-11-27,2023-12-27,Completed,65.08
3629,2,2023-02-23,2023-03-25,Completed,55.88
3629,10,2023-10-22,2023-11-21,Completed,75.43
3630,6,2023-06-10,2023-07-10,Completed,86.05
3631,7,2023-04-03,2023-05-03,Completed,75.66
3631,3,2023-04-14,2023-05-14,Completed,85.51
3631,2,2023-09-16,2023-10-16,Completed,55.92
3631,8,2023-10-21,2023-11-20,Completed,75.43
3632,6,2023-06-21,2023-07-21,Completed,85.9
3632,3,2023-06-14,,In Progress,0.0
3632,8,2023-04-01,2023-05-01,Completed,57.83
3633,7,2023-01-21,,Dropped,0.0
3634,3,2023-12-15,2024-01-14,Completed,72.16
3634,5,2023-11-18,2023-12-18,Completed,94.56
3634,2,2023-03-21,,Dropped,0.0
3634,4,2023-02-20,,In Progress,0.0
3635,10,2023-03-27,2023-04-26,Completed,77.8
3635,9,2023-04-23,2023-05-23,Completed,98.19
3636,10,2023-04-02,,Dropped,0.0
3636,7,2023-06-08,2023-07-08,Completed,66.16
3636,3,2023-12-03,2024-01-02,Completed,83.89
3636,1,2023-08-23,,In Progress,0.0
3637,1,2023-06-22,2023-07-22,Completed,60.51
3638,3,2023-05-08,2023-06-07,Completed,56.29
3638,7,2023-08-03,,Dropped,0.0
3638,5,2023-06-02,2023-07-02,Completed,68.87
3639,5,2023-01-02,2023-02-01,Completed,97.43
3639,8,2023-06-20,2023-07-20,Completed,55.52
3640,3,2023-10-18,2023-11-17,Completed,84.7
3640,7,2023-05-03,,In Progress,0.0
3640,1,2023-09-14,,In Progress,0.0
3640,5,2023-03-04,2023-04-03,Completed,71.3
3641,9,2023-09-20,2023-10-20,Completed,79.74
3641,3,2023-08-27,,Dropped,0.0
3642,1,2023-09-17,,In Progress,0.0
3643,9,2023-07-16,,In Progress,0.0
3643,4,2023-11-27,2023-12-27,Completed,83.96
3644,5,2023-02-10,2023-03-12,Completed,56.26
3644,4,2023-08-11,,In Progress,0.0
3644,7,2023-08-09,,Dropped,0.0
3644,9,2023-12-09,2024-01-08,Completed,60.87
3645,7,2023-05-02,2023-06-01,Completed,73.64
3646,1,2023-11-02,,Dropped,0.0
3646,5,2023-11-02,2023-12-02,Completed,76.91
3646,8,2023-05-02,2023-06-01,Completed,62.21
3646,10,2023-04-04,,In Progress,0.0
3647,4,2023-05-27,2023-06-26,Completed,59.78
3647,2,2023-07-24,2023-08-23,Completed,55.07
3647,3,2023-01-09,2023-02-08,Completed,88.75
3648,4,2023-07-02,2023-08-01,Completed,79.08
3648,2,2023-12-18,2024-01-17,Completed,57.48
3648,5,2023-07-06,2023-08-05,Completed,92.71
3649,2,2023-05-02,,In Progress,0.0
3649,3,2023-04-17,,In Progress,0.0
3650,6,2023-06-02,,In Progress,0.0
3651,7,2023-12-14,2024-01-13,Completed,56.47
3651,8,2023-08-22,,Dropped,0.0
3652,10,2023-03-05,2023-04-04,Completed,55.2
3652,5,2023-07-18,,In Progress,0.0
3653,5,2023-12-27,,In Progress,0.0
3653,4,2023-06-16,,Dropped,0.0
3653,1,2023-12-11,,In Progress,0.0
3653,6,2023-11-15,,Dropped,0.0
3654,3,2023-02-11,2023-03-13,Completed,72.92
3654,6,2023-11-03,2023-12-03,Completed,83.02
3654,2,2023-11-17,2023-12-17,Completed,85.46
3655,5,2023-07-12,2023-08-11,Completed,85.2
3655,7,2023-06-08,,Dropped,0.0
3655,2,2023-10-13,2023-11-12,Completed,71.8
3656,4,2023-11-25,2023-12-25,Completed,73.15
3657,6,2023-06-02,,In Progress,0.0
3658,9,2023-04-25,,In Progress,0.0
3659,9,2023-04-17,2023-05-17,Completed,94.85
3659,4,2023-05-03,,Dropped,0.0
3660,8,2023-11-14,2023-12-14,Completed,62.62
3661,3,2023-06-23,2023-07-23,Completed,78.47
3661,5,2023-12-12,2024-01-11,Completed,71.52
3661,4,2023-08-12,2023-09-11,Completed,81.54
3662,10,2023-07-11,2023-08-10,Completed,81.94
3663,8,2023-02-19,2023-03-21,Completed,61.54
3664,2,2023-06-06,2023-07-06,Completed,75.32
3664,5,2023-06-10,2023-07-10,Completed,78.28
3665,9,2023-09-27,2023-10-27,Completed,92.33
3665,8,2023-05-23,2023-06-22,Completed,69.65
3665,10,2023-01-08,2023-02-07,Completed,91.05
3666,3,2023-01-06,2023-02-05,Completed,63.83
3667,3,2023-08-06,2023-09-05,Completed,62.64
3667,10,2023-11-10,2023-12-10,Completed,95.19
3667,2,2023-12-07,,Dropped,0.0
3668,3,2023-03-09,2023-04-08,Completed,78.39
3668,8,2023-02-21,,In Progress,0.0
3669,1,2023-06-07,2023-07-07,Completed,80.33
3669,4,2023-10-11,2023-11-10,Completed,60.11
3669,9,2023-03-11,2023-04-10,Completed,88.76
3670,1,2023-01-16,2023-02-15,Completed,94.96
3670,5,2023-05-13,2023-06-12,Completed,63.51
3670,6,2023-03-06,2023-04-05,Completed,93.17
3671,4,2023-04-20,2023-05-20,Completed,94.78
3671,9,2023-03-04,,In Progress,0.0
3671,1,2023-03-03,,Dropped,0.0
3672,6,2023-04-08,2023-05-08,Completed,64.02
3673,10,2023-04-03,2023-05-03,Completed,55.56
3674,4,2023-11-09,2023-12-09,Completed,74.17
3674,9,2023-06-03,2023-07-03,Completed,68.95
3674,3,2023-06-21,,Dropped,0.0
3674,2,2023-05-16,2023-06-15,Completed,66.53
3675,10,2023-08-16,,Dropped,0.0
3675,9,2023-06-06,,In Progress,0.0
3675,7,2023-11-13,2023-12-13,Completed,72.39
3675,3,2023-09-09,2023-10-09,Completed,69.35
3676,10,2023-09-13,2023-10-13,Completed,75.11
3676,8,2023-09-23,,In Progress,0.0
3677,10,2023-09-14,2023-10-14,Completed,89.96
3678,7,2023-12-06,2024-01-05,Completed,94.63
3678,4,2023-03-17,2023-04-16,Completed,56.04
3678,6,2023-02-09,2023-03-11,Completed,92.07
3679,9,2023-10-27,2023-11-26,Completed,79.8
3679,5,2023-10-24,2023-11-23,Completed,69.23
3679,6,2023-12-03,2024-01-02,Completed,71.41
3680,1,2023-03-04,2023-04-03,Completed,89.2
3680,4,2023-03-02,,In Progress,0.0
3680,7,2023-11-01,2023-12-01,Completed,67.59
3680,5,2023-09-17,2023-10-17,Completed,78.23
3681,10,2023-10-26,2023-11-25,Completed,69.72
3681,3,2023-01-11,2023-02-10,Completed,62.0
3682,2,2023-02-17,,In Progress,0.0
3683,8,2023-06-09,2023-07-09,Completed,96.22
3683,4,2023-08-19,2023-09-18,Completed,86.97
3683,3,2023-05-22,2023-06-21,Completed,93.2
3684,5,2023-12-09,2024-01-08,Completed,93.03
3684,3,2023-06-16,,Dropped,0.0
3684,10,2023-09-17,,Dropped,0.0
3685,6,2023-10-01,,In Progress,0.0
3685,1,2023-12-18,,In Progress,0.0
3685,3,2023-09-04,,Dropped,0.0
3685,9,2023-11-26,2023-12-26,Completed,88.78
3686,6,2023-12-14,2024-01-13,Completed,95.35
3686,8,2023-09-19,2023-10-19,Completed,97.59
3687,8,2023-06-05,2023-07-05,Completed,83.71
3687,5,2023-07-04,,Dropped,0.0
3688,3,2023-07-21,,Dropped,0.0
3688,4,2023-07-17,2023-08-16,Completed,78.63
3688,1,2023-06-19,2023-07-19,Completed,62.9
3688,9,2023-03-23,2023-04-22,Completed,89.0
3689,7,2023-01-21,2023-02-20,Completed,72.86
3690,6,2023-05-12,2023-06-11,Completed,92.1
3691,8,2023-09-12,2023-10-12,Completed,80.2
3691,4,2023-04-19,2023-05-19,Completed,78.84
3692,8,2023-09-01,2023-10-01,Completed,61.65
3692,4,2023-02-19,,In Progress,0.0
3693,2,2023-08-12,,Dropped,0.0
3693,5,2023-08-04,2023-09-03,Completed,95.0
3694,3,2023-07-18,2023-08-17,Completed,85.75
3695,8,2023-08-21,2023-09-20,Completed,57.48
3695,10,2023-06-06,2023-07-06,Completed,82.63
3695,9,2023-03-06,2023-04-05,Completed,89.28
3696,4,2023-09-17,2023-10-17,Completed,55.04
3696,7,2023-10-02,2023-11-01,Completed,66.43
3697,5,2023-10-13,2023-11-12,Completed,89.97
3697,8,2023-03-03,2023-04-02,Completed,66.67
3697,7,2023-03-11,2023-04-10,Completed,82.78
3698,7,2023-08-03,2023-09-02,Completed,64.98
3698,9,2023-01-25,2023-02-24,Completed,78.48
3698,2,2023-03-26,,In Progress,0.0
3699,10,2023-01-12,,In Progress,0.0
3699,1,2023-03-26,,Dropped,0.0
3699,8,2023-12-21,2024-01-20,Completed,96.64
3700,6,2023-11-13,2023-12-13,Completed,85.82
3700,4,2023-05-08,2023-06-07,Completed,89.83
3701,2,2023-12-15,,In Progress,0.0
3702,5,2023-01-22,,In Progress,0.0
3702,8,2023-10-03,2023-11-02,Completed,68.73
3703,4,2023-06-22,2023-07-22,Completed,85.7
3703,7,2023-05-16,2023-06-15,Completed,64.77
3703,1,2023-11-08,2023-12-08,Completed,77.02
3704,3,2023-01-11,2023-02-10,Completed,62.45
3705,5,2023-06-27,2023-07-27,Completed,75.71
3705,6,2023-02-14,2023-03-16,Completed,76.57
3705,2,2023-06-15,,In Progress,0.0
3706,8,2023-10-08,2023-11-07,Completed,69.19
3706,3,2023-01-09,,In Progress,0.0
3707,2,2023-10-22,2023-11-21,Completed,90.85
3707,1,2023-03-18,2023-04-17,Completed,63.52
3707,7,2023-04-13,2023-05-13,Completed,93.36
3708,4,2023-03-27,2023-04-26,Completed,64.96
3708,5,2023-10-01,,In Progress,0.0
3708,2,2023-08-21,2023-09-20,Completed,92.72
3709,5,2023-02-18,,In Progress,0.0
3709,4,2023-02-10,,Dropped,0.0
3710,2,2023-04-10,2023-05-10,Completed,91.08
3710,6,2023-06-05,2023-07-05,Completed,80.18
3710,8,2023-01-08,,In Progress,0.0
3711,10,2023-10-20,2023-11-19,Completed,80.42
3711,3,2023-07-18,2023-08-17,Completed,56.71
3711,8,2023-06-10,,In Progress,0.0
3712,4,2023-07-27,2023-08-26,Completed,91.8
3712,10,2023-10-03,2023-11-02,Completed,83.13
3712,3,2023-07-18,2023-08-17,Completed,66.93
3713,7,2023-05-15,2023-06-14,Completed,63.86
3713,5,2023-09-18,2023-10-18,Completed,69.6
3713,3,2023-05-25,2023-06-24,Completed,74.84
3714,8,2023-12-16,2024-01-15,Completed,73.02
3714,4,2023-08-24,2023-09-23,Completed,60.48
3714,1,2023-10-10,,In Progress,0.0
3715,5,2023-06-04,2023-07-04,Completed,87.31
3715,10,2023-05-16,,In Progress,0.0
3715,3,2023-08-03,,In Progress,0.0
3716,10,2023-08-07,2023-09-06,Completed,78.86
3716,3,2023-11-03,2023-12-03,Completed,72.93
3716,7,2023-08-16,2023-09-15,Completed,64.46
3717,3,2023-11-08,2023-12-08,Completed,69.01
3717,2,2023-10-02,2023-11-01,Completed,57.77
3717,1,2023-01-08,,In Progress,0.0
3717,6,2023-10-18,2023-11-17,Completed,95.82
3718,2,2023-01-02,2023-02-01,Completed,89.88
3719,8,2023-05-03,2023-06-02,Completed,87.32
3720,4,2023-01-03,2023-02-02,Completed,58.67
3720,6,2023-11-06,2023-12-06,Completed,79.81
3721,6,2023-05-11,2023-06-10,Completed,77.47
3721,1,2023-02-15,2023-03-17,Completed,92.19
3722,8,2023-07-13,,Dropped,0.0
3722,1,2023-12-14,2024-01-13,Completed,74.36
3723,9,2023-03-19,2023-04-18,Completed,77.07
3723,10,2023-02-26,2023-03-28,Completed,80.37
3724,4,2023-06-11,,Dropped,0.0
3724,2,2023-12-06,2024-01-05,Completed,90.81
3725,7,2023-12-22,2024-01-21,Completed,61.02
3725,8,2023-06-26,,Dropped,0.0
3725,6,2023-08-20,2023-09-19,Completed,69.91
3725,10,2023-09-08,2023-10-08,Completed,59.35
3726,5,2023-09-12,2023-10-12,Completed,61.68
3726,4,2023-03-25,2023-04-24,Completed,99.46
3726,9,2023-08-05,,Dropped,0.0
3726,1,2023-02-15,,In Progress,0.0
3727,6,2023-02-26,,In Progress,0.0
3728,5,2023-10-04,,Dropped,0.0
3729,4,2023-12-19,2024-01-18,Completed,82.69
3730,10,2023-04-18,,In Progress,0.0
3730,6,2023-05-18,2023-06-17,Completed,68.65
3730,5,2023-01-23,2023-02-22,Completed,55.17
3730,8,2023-03-11,,Dropped,0.0
3731,2,2023-06-25,2023-07-25,Completed,56.61
3731,9,2023-05-22,2023-06-21,Completed,78.12
3731,10,2023-07-16,2023-08-15,Completed,87.22
3731,5,2023-12-15,,In Progress,0.0
3732,8,2023-11-06,2023-12-06,Completed,60.29
3732,3,2023-04-24,2023-05-24,Completed,55.35
3733,10,2023-04-14,2023-05-14,Completed,87.81
3734,7,2023-08-15,2023-09-14,Completed,75.89
3734,2,2023-06-18,,Dropped,0.0
3734,4,2023-04-26,,In Progress,0.0
3734,5,2023-09-15,2023-10-15,Completed,86.91
3735,7,2023-02-21,,In Progress,0.0
3735,10,2023-05-14,,Dropped,0.0
3736,2,2023-04-13,2023-05-13,Completed,91.11
3736,10,2023-11-05,2023-12-05,Completed,57.88
3737,1,2023-06-20,,In Progress,0.0
3737,9,2023-05-08,2023-06-07,Completed,85.44
3738,1,2023-11-06,2023-12-06,Completed,70.74
3738,5,2023-02-25,2023-03-27,Completed,73.56
3739,9,2023-04-16,,In Progress,0.0
3740,2,2023-08-03,2023-09-02,Completed,72.58
3741,5,2023-11-01,2023-12-01,Completed,85.8
3741,4,2023-10-08,2023-11-07,Completed,62.16
3741,2,2023-11-22,2023-12-22,Completed,74.63
3742,6,2023-06-16,2023-07-16,Completed,96.33
3743,8,2023-05-23,2023-06-22,Completed,85.45
3743,3,2023-09-07,,In Progress,0.0
3744,5,2023-11-09,2023-12-09,Completed,64.45
3744,10,2023-04-23,2023-05-23,Completed,62.1
3745,9,2023-01-04,2023-02-03,Completed,95.81
3746,3,2023-08-16,2023-09-15,Completed,82.96
3746,6,2023-12-15,2024-01-14,Completed,99.57
3746,9,2023-06-04,2023-07-04,Completed,56.03
3747,6,2023-12-16,,In Progress,0.0
3747,4,2023-12-25,,In Progress,0.0
3748,3,2023-08-22,,In Progress,0.0
3748,1,2023-10-18,2023-11-17,Completed,66.2
3748,9,2023-12-14,2024-01-13,Completed,59.65
3748,8,2023-09-12,2023-10-12,Completed,92.16
3749,9,2023-08-01,2023-08-31,Completed,57.89
3749,8,2023-01-15,,In Progress,0.0
3749,1,2023-10-10,2023-11-09,Completed,79.82
3750,6,2023-10-16,2023-11-15,Completed,86.04
3750,8,2023-05-13,2023-06-12,Completed,88.3
3751,7,2023-01-01,2023-01-31,Completed,90.51
3752,6,2023-05-01,,Dropped,0.0
3752,10,2023-09-24,2023-10-24,Completed,72.9
3752,2,2023-05-09,2023-06-08,Completed,86.63
3753,3,2023-10-07,2023-11-06,Completed,89.98
3753,7,2023-06-02,2023-07-02,Completed,97.31
3753,1,2023-03-24,2023-04-23,Completed,78.86
3754,3,2023-01-04,2023-02-03,Completed,59.86
3755,7,2023-07-19,2023-08-18,Completed,81.38
3755,8,2023-10-09,2023-11-08,Completed,60.96
3755,2,2023-09-19,2023-10-19,Completed,99.09
3755,9,2023-02-01,2023-03-03,Completed,90.9
3756,1,2023-12-08,,Dropped,0.0
3756,7,2023-02-08,2023-03-10,Completed,68.71
3757,3,2023-02-22,2023-03-24,Completed,55.56
3758,2,2023-12-03,,In Progress,0.0
3759,2,2023-06-22,2023-07-22,Completed,67.32
3759,3,2023-07-02,2023-08-01,Completed,83.66
3760,4,2023-02-25,2023-03-27,Completed,76.05
3760,6,2023-07-08,,In Progress,0.0
3761,3,2023-09-05,2023-10-05,Completed,56.33
3762,3,2023-07-17,2023-08-16,Completed,93.79
3763,8,2023-10-20,2023-11-19,Completed,84.29
3764,3,2023-08-11,2023-09-10,Completed,72.02
3765,10,2023-08-21,2023-09-20,Completed,88.34
3765,5,2023-11-13,2023-12-13,Completed,85.32
3765,3,2023-05-25,2023-06-24,Completed,87.09
3766,9,2023-03-27,2023-04-26,Completed,90.45
3766,7,2023-07-08,2023-08-07,Completed,84.01
3766,5,2023-07-04,2023-08-03,Completed,89.1
3767,7,2023-03-17,,Dropped,0.0
3767,4,2023-10-20,2023-11-19,Completed,99.14
3767,2,2023-03-03,2023-04-02,Completed,55.59
3767,1,2023-02-09,2023-03-11,Completed,97.01
3768,5,2023-06-06,,Dropped,0.0
3768,4,2023-01-02,2023-02-01,Completed,72.12
3768,9,2023-11-13,2023-12-13,Completed,69.59
3768,6,2023-02-16,2023-03-18,Completed,80.26
3769,10,2023-10-05,,In Progress,0.0
3770,2,2023-07-24,2023-08-23,Completed,96.0
3770,5,2023-03-13,,In Progress,0.0
3771,7,2023-07-15,2023-08-14,Completed,85.71
3771,1,2023-07-07,2023-08-06,Completed,59.09
3771,6,2023-11-06,,Dropped,0.0
3772,1,2023-11-21,,Dropped,0.0
3772,3,2023-07-05,2023-08-04,Completed,75.28
3772,10,2023-07-01,,In Progress,0.0
3772,6,2023-12-14,2024-01-13,Completed,66.23
3773,9,2023-03-01,2023-03-31,Completed,56.31
3773,3,2023-12-23,2024-01-22,Completed,92.05
3773,2,2023-06-25,,Dropped,0.0
3773,4,2023-06-14,2023-07-14,Completed,87.73
3774,3,2023-02-24,2023-03-26,Completed,59.83
3774,7,2023-07-12,2023-08-11,Completed,86.48
3774,5,2023-06-17,2023-07-17,Completed,74.76
3775,5,2023-05-16,2023-06-15,Completed,87.16
3775,10,2023-08-20,2023-09-19,Completed,71.14
3775,9,2023-09-13,,In Progress,0.0
3776,2,2023-12-03,2024-01-02,Completed,61.05
3777,4,2023-05-20,2023-06-19,Completed,61.69
3777,1,2023-06-11,2023-07-11,Completed,60.44
3777,7,2023-07-08,,Dropped,0.0
3778,7,2023-08-15,,In Progress,0.0
3778,8,2023-02-22,,In Progress,0.0
3779,2,2023-10-03,,In Progress,0.0
3779,10,2023-01-14,2023-02-13,Completed,85.2
3779,5,2023-01-14,2023-02-13,Completed,60.12
3780,8,2023-10-02,2023-11-01,Completed,61.09
3780,4,2023-09-18,,In Progress,0.0
3781,6,2023-07-17,2023-08-16,Completed,84.15
3782,1,2023-10-24,2023-11-23,Completed,91.65
3782,5,2023-04-16,,Dropped,0.0
3782,3,2023-06-23,2023-07-23,Completed,68.22
3783,6,2023-10-11,2023-11-10,Completed,68.67
3783,4,2023-12-11,2024-01-10,Completed,63.94
3783,9,2023-08-18,,In Progress,0.0
3783,8,2023-02-21,,In Progress,0.0
3784,7,2023-07-08,,In Progress,0.0
3784,5,2023-06-23,,In Progress,0.0
3784,10,2023-08-21,2023-09-20,Completed,95.52
3784,2,2023-05-15,2023-06-14,Completed,65.41
3785,8,2023-10-14,2023-11-13,Completed,60.86
3785,6,2023-06-05,2023-07-05,Completed,87.09
3785,3,2023-06-02,2023-07-02,Completed,96.29
3785,7,2023-06-18,,In Progress,0.0
3786,7,2023-02-17,,In Progress,0.0
3786,4,2023-09-04,2023-10-04,Completed,96.77
3787,7,2023-11-17,2023-12-17,Completed,94.64
3787,10,2023-10-17,2023-11-16,Completed,75.14
3788,8,2023-02-24,2023-03-26,Completed,95.81
3788,5,2023-04-20,2023-05-20,Completed,86.57
3788,10,2023-06-03,2023-07-03,Completed,63.55
3789,2,2023-06-13,2023-07-13,Completed,89.12
3789,9,2023-10-14,,In Progress,0.0
3789,1,2023-08-01,,In Progress,0.0
3790,6,2023-02-15,2023-03-17,Completed,84.73
3790,9,2023-10-21,2023-11-20,Completed,69.87
3790,7,2023-06-02,,Dropped,0.0
3791,2,2023-11-21,2023-12-21,Completed,93.82
3791,10,2023-02-20,,Dropped,0.0
3792,7,2023-03-20,,In Progress,0.0
3792,6,2023-01-10,2023-02-09,Completed,84.68
3792,1,2023-10-23,2023-11-22,Completed,66.43
3792,3,2023-08-02,2023-09-01,Completed,84.28
3793,7,2023-01-19,2023-02-18,Completed,60.85
3793,5,2023-12-17,2024-01-16,Completed,72.72
3793,10,2023-04-02,,In Progress,0.0
3794,3,2023-02-16,,In Progress,0.0
3794,6,2023-12-21,2024-01-20,Completed,59.41
3795,1,2023-11-15,,Dropped,0.0
3795,2,2023-04-06,,In Progress,0.0
3796,7,2023-06-19,,In Progress,0.0
3796,5,2023-05-12,,Dropped,0.0
3796,9,2023-03-02,2023-04-01,Completed,55.55
3796,1,2023-04-07,2023-05-07,Completed,89.52
3797,1,2023-03-11,2023-04-10,Completed,89.52
3798,7,2023-02-14,2023-03-16,Completed,95.43
3798,6,2023-09-20,,Dropped,0.0
3798,10,2023-12-21,2024-01-20,Completed,81.7
3799,1,2023-06-12,2023-07-12,Completed,90.74
3799,6,2023-03-06,2023-04-05,Completed,57.28
3799,9,2023-07-24,2023-08-23,Completed,66.35
3799,2,2023-10-14,2023-11-13,Completed,70.58
3800,9,2023-09-06,2023-10-06,Completed,79.59
3800,5,2023-05-16,2023-06-15,Completed,92.43
3800,8,2023-06-26,,In Progress,0.0
3800,7,2023-06-15,2023-07-15,Completed,99.17
3801,6,2023-04-09,2023-05-09,Completed,95.25
3802,7,2023-11-22,2023-12-22,Completed,99.19
3803,1,2023-01-18,,Dropped,0.0
3804,1,2023-12-03,,In Progress,0.0
3804,4,2023-11-20,,In Progress,0.0
3804,2,2023-07-26,2023-08-25,Completed,99.7
3804,7,2023-05-07,,Dropped,0.0
3805,9,2023-08-27,2023-09-26,Completed,66.97
3806,8,2023-04-02,2023-05-02,Completed,78.7
3806,3,2023-03-10,2023-04-09,Completed,69.49
3807,2,2023-01-09,,In Progress,0.0
3807,1,2023-04-21,,In Progress,0.0
3808,8,2023-10-17,2023-11-16,Completed,85.2
3809,2,2023-11-17,2023-12-17,Completed,60.44
3809,8,2023-09-24,2023-10-24,Completed,87.56
3809,1,2023-06-27,2023-07-27,Completed,57.75
3810,3,2023-09-09,2023-10-09,Completed,96.07
3810,9,2023-01-04,2023-02-03,Completed,65.81
3811,10,2023-04-22,2023-05-22,Completed,91.92
3811,2,2023-07-11,2023-08-10,Completed,71.41
3812,5,2023-12-06,2024-01-05,Completed,96.61
3812,8,2023-07-12,2023-08-11,Completed,63.47
3812,9,2023-08-06,2023-09-05,Completed,95.48
3813,1,2023-08-07,,In Progress,0.0
3813,6,2023-11-05,,In Progress,0.0
3814,4,2023-07-01,,Dropped,0.0
3814,6,2023-07-23,2023-08-22,Completed,88.74
3815,10,2023-09-22,,Dropped,0.0
3815,6,2023-10-06,2023-11-05,Completed,64.75
3816,2,2023-06-17,2023-07-17,Completed,81.69
3816,8,2023-05-26,2023-06-25,Completed,81.97
3816,5,2023-12-25,2024-01-24,Completed,65.66
3816,10,2023-11-01,2023-12-01,Completed,98.82
3817,2,2023-03-05,2023-04-04,Completed,79.97
3817,7,2023-12-03,2024-01-02,Completed,95.63
3818,10,2023-01-25,,In Progress,0.0
3819,2,2023-10-12,2023-11-11,Completed,76.55
3819,10,2023-11-03,2023-12-03,Completed,95.51
3819,5,2023-01-19,2023-02-18,Completed,63.86
3820,2,2023-11-25,2023-12-25,Completed,70.58
3820,8,2023-06-10,2023-07-10,Completed,63.92
3821,7,2023-10-20,2023-11-19,Completed,83.74
3821,3,2023-06-14,2023-07-14,Completed,59.96
3821,1,2023-08-22,2023-09-21,Completed,91.11
3821,9,2023-08-08,2023-09-07,Completed,79.45
3822,10,2023-04-14,,In Progress,0.0
3822,7,2023-05-11,,In Progress,0.0
3822,9,2023-06-03,2023-07-03,Completed,58.5
3823,6,2023-01-14,,Dropped,0.0
3823,8,2023-08-22,,In Progress,0.0
3824,6,2023-05-09,2023-06-08,Completed,85.2
3825,3,2023-09-05,2023-10-05,Completed,73.41
3825,10,2023-11-16,2023-12-16,Completed,78.14
3826,9,2023-01-27,2023-02-26,Completed,74.7
3826,6,2023-06-04,2023-07-04,Completed,62.81
3826,7,2023-07-15,2023-08-14,Completed,58.3
3826,10,2023-12-06,2024-01-05,Completed,66.24
3827,3,2023-12-01,2023-12-31,Completed,66.71
3827,8,2023-09-15,2023-10-15,Completed,96.55
3827,5,2023-11-10,2023-12-10,Completed,83.5
3828,1,2023-09-25,,In Progress,0.0
3829,8,2023-09-13,2023-10-13,Completed,57.01
3829,6,2023-12-07,2024-01-06,Completed,91.94
3829,7,2023-01-17,2023-02-16,Completed,96.43
3829,2,2023-08-16,2023-09-15,Completed,68.45
3830,7,2023-01-10,2023-02-09,Completed,80.58
3831,2,2023-01-03,2023-02-02,Completed,84.4
3831,8,2023-05-03,,In Progress,0.0
3831,5,2023-01-23,2023-02-22,Completed,99.93
3831,1,2023-03-16,,Dropped,0.0
3832,3,2023-09-07,2023-10-07,Completed,63.14
3832,5,2023-07-27,,Dropped,0.0
3832,6,2023-12-07,,In Progress,0.0
3832,10,2023-02-07,2023-03-09,Completed,82.42
3833,3,2023-11-07,2023-12-07,Completed,67.33
3834,4,2023-12-26,,In Progress,0.0
3834,10,2023-12-14,,Dropped,0.0
3834,6,2023-08-05,,In Progress,0.0
3834,9,2023-05-11,2023-06-10,Completed,76.9
3835,7,2023-03-24,2023-04-23,Completed,66.51
3836,1,2023-04-03,2023-05-03,Completed,77.02
3837,8,2023-04-10,,In Progress,0.0
3837,3,2023-03-08,2023-04-07,Completed,71.27
3838,1,2023-03-10,2023-04-09,Completed,85.75
3838,6,2023-05-07,,Dropped,0.0
3838,7,2023-12-21,2024-01-20,Completed,65.04
3838,8,2023-12-24,,In Progress,0.0
3839,10,2023-11-20,2023-12-20,Completed,79.87
3840,8,2023-06-23,2023-07-23,Completed,59.24
3840,1,2023-05-05,2023-06-04,Completed,83.14
3840,3,2023-11-22,,In Progress,0.0
3841,3,2023-08-12,,Dropped,0.0
3841,5,2023-12-01,,In Progress,0.0
3842,3,2023-03-17,2023-04-16,Completed,71.45
3842,7,2023-01-12,2023-02-11,Completed,61.63
3843,3,2023-02-15,,In Progress,0.0
3843,2,2023-08-07,2023-09-06,Completed,95.51
3843,5,2023-09-12,2023-10-12,Completed,87.69
3843,9,2023-08-06,2023-09-05,Completed,95.34
3844,5,2023-02-22,,Dropped,0.0
3844,8,2023-12-01,2023-12-31,Completed,81.85
3844,6,2023-08-22,,In Progress,0.0
3844,10,2023-10-08,,In Progress,0.0
3845,5,2023-09-07,,In Progress,0.0
3845,8,2023-06-22,2023-07-22,Completed,61.29
3845,1,2023-08-17,2023-09-16,Completed,99.02
3845,3,2023-07-20,2023-08-19,Completed,78.5
3846,9,2023-12-09,2024-01-08,Completed,60.14
3846,10,2023-02-23,2023-03-25,Completed,84.58
3846,4,2023-04-15,2023-05-15,Completed,83.27
3846,5,2023-02-01,2023-03-03,Completed,95.9
3847,7,2023-07-11,2023-08-10,Completed,91.03
3847,2,2023-07-23,2023-08-22,Completed,79.66
3848,1,2023-04-23,2023-05-23,Completed,83.3
3849,3,2023-04-23,,In Progress,0.0
3849,2,2023-05-12,2023-06-11,Completed,76.3
3849,6,2023-08-07,2023-09-06,Completed,84.49
3850,8,2023-07-20,,In Progress,0.0
3850,9,2023-11-06,2023-12-06,Completed,63.8
3851,10,2023-05-01,2023-05-31,Completed,86.65
3852,3,2023-10-09,,In Progress,0.0
3852,10,2023-08-26,2023-09-25,Completed,74.88
3852,2,2023-01-04,2023-02-03,Completed,72.06
3853,8,2023-03-12,2023-04-11,Completed,92.83
3854,10,2023-05-09,2023-06-08,Completed,91.79
3855,3,2023-07-08,2023-08-07,Completed,86.8
3855,10,2023-12-02,2024-01-01,Completed,83.25
3855,9,2023-08-03,2023-09-02,Completed,78.84
3855,1,2023-12-11,2024-01-10,Completed,94.28
3856,8,2023-08-03,2023-09-02,Completed,82.22
3856,9,2023-03-26,2023-04-25,Completed,72.89
3856,7,2023-11-03,,Dropped,0.0
3857,2,2023-11-03,2023-12-03,Completed,84.17
3857,10,2023-07-20,2023-08-19,Completed,81.11
3857,6,2023-04-21,2023-05-21,Completed,60.95
3857,4,2023-07-09,,In Progress,0.0
3858,6,2023-05-21,2023-06-20,Completed,77.13
3858,3,2023-04-07,2023-05-07,Completed,96.07
3859,7,2023-03-19,2023-04-18,Completed,81.72
3859,2,2023-11-21,2023-12-21,Completed,68.17
3860,6,2023-09-19,2023-10-19,Completed,80.9
3860,5,2023-09-06,2023-10-06,Completed,58.74
3860,7,2023-04-18,2023-05-18,Completed,95.19
3860,9,2023-11-18,2023-12-18,Completed,59.33
3861,1,2023-01-04,2023-02-03,Completed,85.3
3862,10,2023-07-19,2023-08-18,Completed,92.32
3862,7,2023-08-17,,In Progress,0.0
3862,1,2023-12-15,,In Progress,0.0
3862,2,2023-10-05,2023-11-04,Completed,67.41
3863,6,2023-12-23,2024-01-22,Completed,77.8
3864,3,2023-02-05,2023-03-07,Completed,83.55
3865,2,2023-09-24,2023-10-24,Completed,96.21
3865,3,2023-01-01,2023-01-31,Completed,98.75
3865,9,2023-01-06,2023-02-05,Completed,71.58
3865,5,2023-05-20,2023-06-19,Completed,95.77
3866,2,2023-01-13,2023-02-12,Completed,56.81
3867,9,2023-10-25,2023-11-24,Completed,67.15
3867,3,2023-12-22,2024-01-21,Completed,96.9
3867,10,2023-04-23,,In Progress,0.0
3868,8,2023-04-13,2023-05-13,Completed,95.89
3868,1,2023-04-16,2023-05-16,Completed,58.65
3868,5,2023-03-18,2023-04-17,Completed,96.11
3869,7,2023-01-08,2023-02-07,Completed,95.31
3869,8,2023-09-25,,In Progress,0.0
3869,1,2023-08-19,2023-09-18,Completed,71.32
3870,4,2023-09-09,2023-10-09,Completed,71.3
3871,4,2023-11-09,2023-12-09,Completed,75.03
3872,8,2023-11-23,2023-12-23,Completed,69.22
3872,3,2023-10-24,2023-11-23,Completed,80.54
3873,3,2023-02-19,2023-03-21,Completed,71.68
3873,5,2023-01-12,,Dropped,0.0
3873,2,2023-06-11,2023-07-11,Completed,71.22
3873,6,2023-09-24,2023-10-24,Completed,56.38
3874,10,2023-04-03,2023-05-03,Completed,56.54
3874,5,2023-04-14,2023-05-14,Completed,64.7
3874,2,2023-11-10,2023-12-10,Completed,58.79
3874,3,2023-12-27,2024-01-26,Completed,63.32
3875,1,2023-05-24,2023-06-23,Completed,96.27
3875,4,2023-08-03,2023-09-02,Completed,97.65
3876,6,2023-07-23,2023-08-22,Completed,76.23
3877,3,2023-04-27,2023-05-27,Completed,66.52
3878,7,2023-12-11,,Dropped,0.0
3878,8,2023-04-10,2023-05-10,Completed,88.32
3878,3,2023-01-24,2023-02-23,Completed,89.81
3879,3,2023-07-19,2023-08-18,Completed,58.34
3879,5,2023-01-03,2023-02-02,Completed,75.72
3880,10,2023-02-21,2023-03-23,Completed,78.36
3880,4,2023-05-10,2023-06-09,Completed,55.25
3880,2,2023-09-01,2023-10-01,Completed,68.85
3880,8,2023-11-04,,In Progress,0.0
3881,4,2023-10-01,,In Progress,0.0
3881,6,2023-02-24,2023-03-26,Completed,77.42
3882,2,2023-08-19,2023-09-18,Completed,90.29
3882,6,2023-08-18,2023-09-17,Completed,65.99
3883,10,2023-01-10,2023-02-09,Completed,64.77
3883,3,2023-08-14,2023-09-13,Completed,70.27
3883,4,2023-11-13,,In Progress,0.0
3884,10,2023-01-20,,In Progress,0.0
3884,6,2023-04-19,2023-05-19,Completed,69.4
3885,3,2023-10-15,2023-11-14,Completed,76.35
3886,6,2023-05-12,,In Progress,0.0
3886,5,2023-11-08,2023-12-08,Completed,67.08
3886,1,2023-08-11,,Dropped,0.0
3887,8,2023-10-10,2023-11-09,Completed,77.94
3887,6,2023-07-06,2023-08-05,Completed,60.61
3887,9,2023-10-22,2023-11-21,Completed,98.11
3887,7,2023-07-17,2023-08-16,Completed,63.91
3888,10,2023-11-14,2023-12-14,Completed,98.29
3888,2,2023-03-24,,In Progress,0.0
3888,3,2023-08-21,,Dropped,0.0
3888,6,2023-11-05,,Dropped,0.0
3889,7,2023-06-27,,In Progress,0.0
3889,10,2023-02-01,2023-03-03,Completed,74.6
3889,6,2023-11-15,2023-12-15,Completed,62.7
3890,5,2023-08-11,2023-09-10,Completed,60.79
3890,3,2023-08-23,,Dropped,0.0
3890,10,2023-07-21,2023-08-20,Completed,89.68
3890,2,2023-02-10,2023-03-12,Completed,88.45
3891,1,2023-09-12,2023-10-12,Completed,58.62
3891,7,2023-09-19,,Dropped,0.0
3891,3,2023-12-25,,In Progress,0.0
3891,6,2023-12-24,2024-01-23,Completed,56.26
3892,2,2023-08-18,2023-09-17,Completed,98.44
3893,9,2023-03-08,2023-04-07,Completed,66.1
3894,8,2023-01-22,2023-02-21,Completed,67.47
3894,4,2023-01-18,2023-02-17,Completed,96.78
3895,1,2023-11-14,2023-12-14,Completed,81.48
3895,5,2023-08-18,2023-09-17,Completed,95.87
3895,2,2023-08-20,2023-09-19,Completed,96.41
3895,10,2023-05-17,2023-06-16,Completed,82.06
3896,4,2023-10-07,2023-11-06,Completed,65.17
3896,1,2023-12-13,2024-01-12,Completed,57.11
3896,6,2023-08-05,2023-09-04,Completed,96.17
3896,5,2023-10-08,2023-11-07,Completed,76.29
3897,7,2023-11-24,2023-12-24,Completed,64.16
3897,10,2023-04-17,2023-05-17,Completed,60.69
3897,9,2023-08-02,2023-09-01,Completed,65.95
3897,6,2023-11-01,2023-12-01,Completed,69.35
3898,4,2023-12-06,,In Progress,0.0
3898,7,2023-11-23,,Dropped,0.0
3898,8,2023-11-26,,In Progress,0.0
3898,5,2023-06-21,2023-07-21,Completed,86.06
3899,5,2023-10-25,,In Progress,0.0
3899,6,2023-03-10,2023-04-09,Completed,98.7
3900,1,2023-04-27,,Dropped,0.0
3900,9,2023-06-27,,In Progress,0.0
3900,6,2023-01-18,2023-02-17,Completed,73.46
3900,7,2023-02-06,2023-03-08,Completed,66.65
3901,7,2023-07-14,2023-08-13,Completed,64.5
3901,4,2023-04-06,2023-05-06,Completed,96.62
3902,3,2023-11-12,,In Progress,0.0
3902,5,2023-09-09,,In Progress,0.0
3902,8,2023-06-11,2023-07-11,Completed,78.58
3903,1,2023-10-25,2023-11-24,Completed,79.45
3903,4,2023-04-05,2023-05-05,Completed,57.43
3903,10,2023-02-20,2023-03-22,Completed,59.43
3903,5,2023-01-02,2023-02-01,Completed,94.68
3904,4,2023-10-14,2023-11-13,Completed,57.21
3905,10,2023-01-03,2023-02-02,Completed,59.85
3905,7,2023-10-15,2023-11-14,Completed,83.15
3906,6,2023-01-03,2023-02-02,Completed,91.95
3906,1,2023-10-12,2023-11-11,Completed,64.54
3907,8,2023-07-12,,Dropped,0.0
3907,3,2023-06-19,2023-07-19,Completed,71.12
3907,2,2023-05-21,2023-06-20,Completed,89.11
3907,5,2023-04-20,2023-05-20,Completed,94.45
3908,5,2023-08-18,,In Progress,0.0
3908,2,2023-09-07,,In Progress,0.0
3908,4,2023-05-12,,Dropped,0.0
3908,1,2023-09-18,,In Progress,0.0
3909,3,2023-04-19,2023-05-19,Completed,95.84
3909,1,2023-04-12,,Dropped,0.0
3909,6,2023-11-23,2023-12-23,Completed,95.01
3910,6,2023-03-23,2023-04-22,Completed,57.61
3910,4,2023-11-07,,In Progress,0.0
3910,10,2023-02-24,,Dropped,0.0
3910,5,2023-12-13,2024-01-12,Completed,55.3
3911,5,2023-12-01,,In Progress,0.0
3911,2,2023-12-19,,In Progress,0.0
3911,8,2023-04-26,,In Progress,0.0
3911,10,2023-06-05,,In Progress,0.0
3912,10,2023-08-14,2023-09-13,Completed,67.03
3912,9,2023-09-01,,In Progress,0.0
3913,2,2023-09-14,2023-10-14,Completed,68.83
3913,10,2023-09-18,,Dropped,0.0
3913,8,2023-03-25,,In Progress,0.0
3913,1,2023-06-24,2023-07-24,Completed,68.24
3914,1,2023-04-08,,In Progress,0.0
3914,9,2023-06-01,2023-07-01,Completed,90.6
3914,8,2023-06-19,2023-07-19,Completed,79.92
3914,5,2023-09-17,,Dropped,0.0
3915,10,2023-09-23,2023-10-23,Completed,55.18
3916,4,2023-08-17,2023-09-16,Completed,92.51
3916,3,2023-05-26,2023-06-25,Completed,58.93
3916,8,2023-10-03,2023-11-02,Completed,82.0
3916,1,2023-01-01,2023-01-31,Completed,58.79
3917,8,2023-06-24,2023-07-24,Completed,62.05
3918,1,2023-02-08,2023-03-10,Completed,88.47
3918,6,2023-12-23,2024-01-22,Completed,75.87
3919,9,2023-01-15,2023-02-14,Completed,71.2
3920,10,2023-05-12,2023-06-11,Completed,55.1
3920,8,2023-03-09,2023-04-08,Completed,81.22
3920,5,2023-06-26,2023-07-26,Completed,60.92
3921,9,2023-08-24,2023-09-23,Completed,65.87
3921,2,2023-03-23,2023-04-22,Completed,56.91
3921,4,2023-06-02,,Dropped,0.0
3922,2,2023-08-11,2023-09-10,Completed,79.77
3923,4,2023-11-13,2023-12-13,Completed,69.26
3923,6,2023-02-22,2023-03-24,Completed,78.09
3923,2,2023-07-23,2023-08-22,Completed,71.67
3923,1,2023-11-14,2023-12-14,Completed,93.77
3924,3,2023-07-26,,In Progress,0.0
3924,6,2023-02-27,2023-03-29,Completed,75.46
3924,4,2023-05-18,2023-06-17,Completed,69.85
3925,6,2023-12-13,2024-01-12,Completed,65.05
3925,9,2023-02-03,,In Progress,0.0
3925,8,2023-05-27,2023-06-26,Completed,67.68
3926,8,2023-08-09,2023-09-08,Completed,69.87
3926,2,2023-12-02,2024-01-01,Completed,87.58
3927,4,2023-09-15,2023-10-15,Completed,96.49
3927,10,2023-05-13,2023-06-12,Completed,71.88
3928,7,2023-12-02,2024-01-01,Completed,67.37
3928,6,2023-10-27,2023-11-26,Completed,70.57
3928,4,2023-11-26,2023-12-26,Completed,62.41
3928,10,2023-04-20,,In Progress,0.0
3929,9,2023-01-11,2023-02-10,Completed,92.84
3929,10,2023-05-21,2023-06-20,Completed,95.76
3930,3,2023-08-22,,In Progress,0.0
3931,5,2023-01-08,2023-02-07,Completed,63.41
3931,3,2023-03-21,2023-04-20,Completed,81.35
3932,10,2023-03-27,2023-04-26,Completed,81.75
3932,6,2023-09-23,2023-10-23,Completed,80.21
3932,4,2023-09-09,2023-10-09,Completed,98.7
3932,8,2023-03-14,2023-04-13,Completed,57.19
3933,5,2023-01-07,2023-02-06,Completed,56.33
3934,7,2023-11-16,2023-12-16,Completed,56.96
3934,8,2023-09-23,,In Progress,0.0
3934,9,2023-01-24,2023-02-23,Completed,72.96
3934,5,2023-11-20,2023-12-20,Completed,99.14
3935,2,2023-09-04,,In Progress,0.0
3935,8,2023-06-14,2023-07-14,Completed,58.51
3936,2,2023-08-26,2023-09-25,Completed,78.87
3936,9,2023-10-02,2023-11-01,Completed,78.28
3936,7,2023-12-24,2024-01-23,Completed,60.66
3937,6,2023-10-23,2023-11-22,Completed,84.63
3937,9,2023-08-07,2023-09-06,Completed,90.93
3938,6,2023-10-08,2023-11-07,Completed,97.55
3939,6,2023-04-19,2023-05-19,Completed,93.78
3939,2,2023-08-12,2023-09-11,Completed,88.6
3940,7,2023-05-25,2023-06-24,Completed,96.45
3941,4,2023-12-24,,In Progress,0.0
3941,8,2023-09-25,2023-10-25,Completed,66.15
3942,1,2023-11-06,,Dropped,0.0
3943,3,2023-02-27,,In Progress,0.0
3943,10,2023-11-20,,In Progress,0.0
3943,8,2023-03-04,,Dropped,0.0
3944,5,2023-06-10,2023-07-10,Completed,77.1
3944,2,2023-07-06,,Dropped,0.0
3945,1,2023-04-11,2023-05-11,Completed,75.34
3945,2,2023-01-11,2023-02-10,Completed,87.84
3945,10,2023-10-22,,In Progress,0.0
3945,5,2023-01-09,2023-02-08,Completed,97.07
3946,9,2023-11-15,,Dropped,0.0
3946,6,2023-07-16,2023-08-15,Completed,62.88
3946,8,2023-09-25,2023-10-25,Completed,73.8
3946,4,2023-02-06,2023-03-08,Completed,99.89
3947,7,2023-10-24,2023-11-23,Completed,56.87
3948,10,2023-08-26,,Dropped,0.0
3948,9,2023-12-03,,In Progress,0.0
3949,9,2023-08-09,2023-09-08,Completed,90.44
3949,1,2023-06-23,,In Progress,0.0
3949,10,2023-09-25,,In Progress,0.0
3950,9,2023-09-24,2023-10-24,Completed,98.82
3950,2,2023-12-16,,Dropped,0.0
3951,10,2023-01-27,2023-02-26,Completed,99.0
3951,4,2023-01-23,,In Progress,0.0
3952,1,2023-02-03,,In Progress,0.0
3952,10,2023-10-19,,Dropped,0.0
3952,6,2023-10-17,,In Progress,0.0
3953,8,2023-06-17,2023-07-17,Completed,93.12
3953,2,2023-06-14,,In Progress,0.0
3954,3,2023-09-22,2023-10-22,Completed,70.07
3954,5,2023-08-04,2023-09-03,Completed,64.59
3954,10,2023-06-10,2023-07-10,Completed,84.46
3954,7,2023-05-05,,In Progress,0.0
3955,6,2023-07-10,,In Progress,0.0
3956,1,2023-07-09,2023-08-08,Completed,97.85
3956,3,2023-10-02,2023-11-01,Completed,61.39
3957,3,2023-02-17,2023-03-19,Completed,91.1
3957,5,2023-07-23,2023-08-22,Completed,55.41
3958,1,2023-04-16,2023-05-16,Completed,76.74
3958,5,2023-07-27,2023-08-26,Completed,74.07
3959,6,2023-04-02,2023-05-02,Completed,65.16
3959,9,2023-01-15,2023-02-14,Completed,70.08
3959,2,2023-12-03,2024-01-02,Completed,69.14
3960,2,2023-12-25,2024-01-24,Completed,60.4
3960,4,2023-12-08,2024-01-07,Completed,60.98
3960,10,2023-09-13,,In Progress,0.0
3961,5,2023-09-25,,Dropped,0.0
3962,3,2023-06-18,,In Progress,0.0
3962,8,2023-01-13,2023-02-12,Completed,62.49
3962,4,2023-04-03,,In Progress,0.0
3962,5,2023-02-18,,In Progress,0.0
3963,8,2023-07-14,2023-08-13,Completed,90.87
3963,3,2023-03-06,2023-04-05,Completed,82.79
3963,5,2023-04-21,2023-05-21,Completed,83.92
3964,8,2023-06-23,2023-07-23,Completed,73.76
3964,6,2023-09-06,,Dropped,0.0
3964,5,2023-09-06,2023-10-06,Completed,61.57
3964,4,2023-02-10,2023-03-12,Completed,77.2
3965,10,2023-04-27,,Dropped,0.0
3965,2,2023-03-06,2023-04-05,Completed,99.14
3966,2,2023-03-21,2023-04-20,Completed,87.69
3967,8,2023-07-22,2023-08-21,Completed,61.07
3967,1,2023-10-22,,In Progress,0.0
3967,4,2023-03-11,2023-04-10,Completed,99.06
3967,6,2023-08-14,,In Progress,0.0
3968,4,2023-01-01,2023-01-31,Completed,73.53
3968,8,2023-11-26,2023-12-26,Completed,67.24
3968,7,2023-10-13,2023-11-12,Completed,89.96
3969,10,2023-05-12,2023-06-11,Completed,60.64
3970,7,2023-06-10,,In Progress,0.0
3970,8,2023-02-25,2023-03-27,Completed,76.77
3970,3,2023-12-24,2024-01-23,Completed,93.7
3971,1,2023-09-13,2023-10-13,Completed,65.3
3971,10,2023-10-04,2023-11-03,Completed,80.23
3971,6,2023-05-14,,In Progress,0.0
3971,5,2023-09-08,,In Progress,0.0
3972,5,2023-03-19,2023-04-18,Completed,57.0
3972,9,2023-11-22,2023-12-22,Completed,69.77
3973,2,2023-08-12,,Dropped,0.0
3973,4,2023-07-11,,In Progress,0.0
3974,5,2023-11-26,2023-12-26,Completed,77.76
3974,4,2023-10-03,2023-11-02,Completed,59.57
3975,6,2023-11-22,2023-12-22,Completed,75.85
3976,9,2023-06-22,2023-07-22,Completed,90.15
3977,3,2023-08-05,,Dropped,0.0
3978,10,2023-02-07,2023-03-09,Completed,71.27
3978,8,2023-09-09,,Dropped,0.0
3979,2,2023-09-11,2023-10-11,Completed,92.8
3979,9,2023-11-21,2023-12-21,Completed,65.9
3979,1,2023-03-11,2023-04-10,Completed,68.97
3979,7,2023-07-07,2023-08-06,Completed,89.92
3980,6,2023-08-04,2023-09-03,Completed,82.13
3980,5,2023-05-19,2023-06-18,Completed,82.07
3981,3,2023-02-24,2023-03-26,Completed,61.87
3982,5,2023-09-09,2023-10-09,Completed,62.14
3983,5,2023-11-11,2023-12-11,Completed,96.2
3983,10,2023-11-15,2023-12-15,Completed,67.58
3984,3,2023-07-15,2023-08-14,Completed,57.33
3984,1,2023-08-15,2023-09-14,Completed,66.82
3985,1,2023-01-22,2023-02-21,Completed,64.73
3986,6,2023-09-06,2023-10-06,Completed,65.42
3986,1,2023-07-04,,Dropped,0.0
3986,2,2023-02-16,,Dropped,0.0
3986,8,2023-09-13,2023-10-13,Completed,77.23
3987,10,2023-09-08,2023-10-08,Completed,72.62
3988,4,2023-12-19,2024-01-18,Completed,77.36
3989,1,2023-07-25,2023-08-24,Completed,86.43
3990,9,2023-12-20,2024-01-19,Completed,95.86
3991,10,2023-04-25,2023-05-25,Completed,81.57
3992,7,2023-12-13,,In Progress,0.0
3992,5,2023-04-21,2023-05-21,Completed,80.01
3992,8,2023-07-15,,In Progress,0.0
3992,1,2023-02-18,2023-03-20,Completed,99.84
3993,10,2023-01-02,2023-02-01,Completed,57.64
3994,3,2023-08-26,2023-09-25,Completed,58.87
3995,5,2023-08-01,2023-08-31,Completed,55.22
3995,3,2023-01-17,2023-02-16,Completed,92.08
3996,1,2023-04-15,2023-05-15,Completed,91.52
3997,5,2023-12-06,2024-01-05,Completed,77.37
3997,3,2023-08-25,2023-09-24,Completed,99.06
3997,6,2023-10-08,2023-11-07,Completed,67.26
3997,7,2023-11-01,2023-12-01,Completed,87.14
3998,8,2023-06-03,2023-07-03,Completed,73.43
3998,6,2023-10-26,2023-11-25,Completed,77.68
3999,5,2023-10-27,2023-11-26,Completed,77.17
3999,1,2023-02-22,2023-03-24,Completed,91.42
4000,2,2023-11-16,,In Progress,0.0
4000,4,2023-05-15,2023-06-14,Completed,94.45
4000,9,2023-02-12,2023-03-14,Completed,95.83
4000,3,2023-07-21,2023-08-20,Completed,61.21
4001,5,2023-09-27,,Dropped,0.0
4001,4,2023-12-22,2024-01-21,Completed,59.15
4001,6,2023-07-15,2023-08-14,Completed,97.02
4002,8,2023-06-11,2023-07-11,Completed,83.74
4002,7,2023-08-08,2023-09-07,Completed,68.79
4002,5,2023-02-24,2023-03-26,Completed,58.94
4003,5,2023-02-08,,Dropped,0.0
4003,3,2023-06-06,,In Progress,0.0
4003,6,2023-03-02,2023-04-01,Completed,60.49
4004,4,2023-04-07,,Dropped,0.0
4004,3,2023-11-14,2023-12-14,Completed,72.63
4005,10,2023-08-09,,In Progress,0.0
4005,6,2023-05-09,2023-06-08,Completed,61.24
4006,6,2023-08-02,2023-09-01,Completed,95.21
4007,7,2023-01-07,2023-02-06,Completed,60.51
4007,1,2023-05-13,2023-06-12,Completed,85.0
4007,2,2023-09-18,2023-10-18,Completed,62.89
4008,10,2023-11-18,2023-12-18,Completed,91.3
4008,5,2023-01-22,2023-02-21,Completed,87.78
4009,1,2023-05-19,,In Progress,0.0
4009,4,2023-06-18,,In Progress,0.0
4009,5,2023-04-16,2023-05-16,Completed,90.53
4009,8,2023-03-23,2023-04-22,Completed,57.03
4010,7,2023-07-25,2023-08-24,Completed,99.51
4010,1,2023-11-02,2023-12-02,Completed,95.46
4011,2,2023-04-11,2023-05-11,Completed,84.25
4011,4,2023-01-09,2023-02-08,Completed,79.96
4011,8,2023-02-05,,In Progress,0.0
4011,5,2023-11-26,2023-12-26,Completed,59.16
4012,6,2023-01-12,2023-02-11,Completed,63.04
4012,7,2023-07-26,,In Progress,0.0
4013,2,2023-01-20,2023-02-19,Completed,84.7
4013,1,2023-05-03,2023-06-02,Completed,74.8
4013,10,2023-04-15,2023-05-15,Completed,91.15
4013,5,2023-11-11,2023-12-11,Completed,68.67
4014,4,2023-06-22,2023-07-22,Completed,84.91
4014,8,2023-02-12,,Dropped,0.0
4015,7,2023-08-08,,In Progress,0.0
4015,2,2023-09-20,2023-10-20,Completed,79.31
4016,8,2023-01-09,2023-02-08,Completed,82.66
4016,2,2023-02-05,,Dropped,0.0
4016,9,2023-03-04,2023-04-03,Completed,55.05
4017,1,2023-11-19,,In Progress,0.0
4018,2,2023-12-18,2024-01-17,Completed,77.78
4019,10,2023-11-10,2023-12-10,Completed,61.19
4020,1,2023-01-15,2023-02-14,Completed,74.18
4020,7,2023-10-09,2023-11-08,Completed,85.8
4021,4,2023-03-05,2023-04-04,Completed,97.23
4022,9,2023-01-02,2023-02-01,Completed,83.31
4022,3,2023-02-20,2023-03-22,Completed,80.86
4022,2,2023-03-22,2023-04-21,Completed,98.46
4023,1,2023-06-09,2023-07-09,Completed,69.16
4023,7,2023-02-03,2023-03-05,Completed,60.74
4023,9,2023-04-16,2023-05-16,Completed,66.53
4023,8,2023-05-26,,Dropped,0.0
4024,7,2023-10-06,,In Progress,0.0
4025,1,2023-11-03,,Dropped,0.0
4025,2,2023-09-11,,In Progress,0.0
4025,4,2023-10-21,,In Progress,0.0
4026,4,2023-05-10,2023-06-09,Completed,88.9
4027,9,2023-04-23,2023-05-23,Completed,95.15
4027,8,2023-05-04,2023-06-03,Completed,79.09
4028,1,2023-01-23,2023-02-22,Completed,99.58
4029,1,2023-03-05,2023-04-04,Completed,81.1
4029,6,2023-10-13,,In Progress,0.0
4029,5,2023-10-27,,Dropped,0.0
4029,7,2023-11-11,2023-12-11,Completed,63.85
4030,1,2023-10-04,2023-11-03,Completed,60.41
4030,2,2023-06-19,2023-07-19,Completed,71.27
4031,3,2023-04-09,2023-05-09,Completed,86.76
4031,5,2023-11-21,2023-12-21,Completed,98.65
4032,9,2023-08-05,,In Progress,0.0
4032,10,2023-02-26,2023-03-28,Completed,57.12
4033,3,2023-08-26,2023-09-25,Completed,84.95
4034,3,2023-09-20,2023-10-20,Completed,70.16
4034,2,2023-07-27,2023-08-26,Completed,96.94
4034,7,2023-12-14,,In Progress,0.0
4034,10,2023-06-06,2023-07-06,Completed,56.14
4035,7,2023-10-13,2023-11-12,Completed,62.07
4035,6,2023-01-06,2023-02-05,Completed,98.61
4035,4,2023-02-18,2023-03-20,Completed,67.25
4035,1,2023-08-11,,In Progress,0.0
4036,2,2023-09-23,,Dropped,0.0
4036,4,2023-05-01,,In Progress,0.0
4036,3,2023-10-13,,In Progress,0.0
4036,5,2023-08-01,2023-08-31,Completed,81.6
4037,9,2023-12-11,2024-01-10,Completed,64.82
4038,7,2023-07-07,2023-08-06,Completed,76.58
4038,5,2023-07-16,2023-08-15,Completed,95.38
4038,3,2023-12-08,2024-01-07,Completed,79.76
4039,2,2023-06-14,2023-07-14,Completed,62.21
4039,8,2023-05-02,,In Progress,0.0
4039,5,2023-02-27,2023-03-29,Completed,83.87
4040,2,2023-03-09,,Dropped,0.0
4041,3,2023-07-04,2023-08-03,Completed,65.48
4041,9,2023-07-22,2023-08-21,Completed,96.56
4042,3,2023-04-22,,In Progress,0.0
4043,7,2023-11-13,2023-12-13,Completed,99.76
4043,1,2023-02-24,,In Progress,0.0
4043,6,2023-02-07,2023-03-09,Completed,70.31
4043,10,2023-05-20,2023-06-19,Completed,87.38
4044,9,2023-03-19,2023-04-18,Completed,62.9
4044,10,2023-12-12,2024-01-11,Completed,82.66
4045,7,2023-04-18,2023-05-18,Completed,55.07
4045,4,2023-11-13,2023-12-13,Completed,94.56
4045,2,2023-09-13,2023-10-13,Completed,86.98
4045,10,2023-09-11,2023-10-11,Completed,87.29
4046,4,2023-03-04,2023-04-03,Completed,80.94
4046,7,2023-03-12,2023-04-11,Completed,88.93
4046,10,2023-01-22,2023-02-21,Completed,56.37
4046,9,2023-01-16,2023-02-15,Completed,65.32
4047,2,2023-06-09,2023-07-09,Completed,86.83
4047,1,2023-11-14,2023-12-14,Completed,83.14
4047,8,2023-02-13,2023-03-15,Completed,66.69
4047,5,2023-07-14,,In Progress,0.0
4048,10,2023-12-03,2024-01-02,Completed,91.88
4049,3,2023-09-11,,In Progress,0.0
4049,5,2023-03-07,,In Progress,0.0
4050,7,2023-03-24,2023-04-23,Completed,82.17
4050,1,2023-05-11,2023-06-10,Completed,95.95
4050,4,2023-02-23,2023-03-25,Completed,87.1
4050,3,2023-08-01,2023-08-31,Completed,91.23
4051,2,2023-04-06,2023-05-06,Completed,71.48
4051,5,2023-05-14,2023-06-13,Completed,93.54
4052,5,2023-06-25,2023-07-25,Completed,76.66
4052,8,2023-11-09,2023-12-09,Completed,76.9
4053,7,2023-07-04,2023-08-03,Completed,71.59
4053,10,2023-03-07,2023-04-06,Completed,62.37
4054,6,2023-02-04,2023-03-06,Completed,71.85
4055,5,2023-06-10,2023-07-10,Completed,92.69
4056,5,2023-09-10,2023-10-10,Completed,98.6
4057,8,2023-08-05,2023-09-04,Completed,71.69
4057,10,2023-12-07,2024-01-06,Completed,80.89
4057,7,2023-07-16,2023-08-15,Completed,57.62
4058,10,2023-02-19,2023-03-21,Completed,66.91
4058,9,2023-12-10,2024-01-09,Completed,75.01
4058,6,2023-12-10,2024-01-09,Completed,88.51
4058,1,2023-08-08,2023-09-07,Completed,59.55
4059,8,2023-03-13,2023-04-12,Completed,86.23
4059,7,2023-05-04,,In Progress,0.0
4059,1,2023-12-21,,In Progress,0.0
4059,5,2023-01-16,2023-02-15,Completed,96.08
4060,2,2023-02-01,,In Progress,0.0
4060,1,2023-03-04,2023-04-03,Completed,77.64
4061,7,2023-11-13,2023-12-13,Completed,67.43
4061,8,2023-12-27,2024-01-26,Completed,71.24
4061,6,2023-08-09,,In Progress,0.0
4061,10,2023-06-08,,In Progress,0.0
4062,1,2023-08-27,,In Progress,0.0
4062,8,2023-01-05,,In Progress,0.0
4062,10,2023-12-26,2024-01-25,Completed,73.27
4063,4,2023-12-13,2024-01-12,Completed,86.3
4063,2,2023-04-05,2023-05-05,Completed,65.74
4063,6,2023-10-20,2023-11-19,Completed,64.57
4064,8,2023-07-16,2023-08-15,Completed,87.94
4064,4,2023-03-01,2023-03-31,Completed,86.57
4064,9,2023-11-10,,In Progress,0.0
4065,10,2023-01-09,2023-02-08,Completed,79.5
4065,1,2023-09-27,2023-10-27,Completed,81.41
4066,5,2023-11-15,2023-12-15,Completed,97.5
4067,9,2023-06-21,2023-07-21,Completed,69.53
4067,8,2023-05-21,2023-06-20,Completed,97.35
4067,6,2023-07-07,2023-08-06,Completed,58.09
4068,6,2023-02-08,,In Progress,0.0
4068,1,2023-09-13,2023-10-13,Completed,70.05
4068,7,2023-09-06,,Dropped,0.0
4068,10,2023-02-14,2023-03-16,Completed,55.2
4069,6,2023-04-17,2023-05-17,Completed,61.69
4069,8,2023-07-27,2023-08-26,Completed,88.45
4069,10,2023-03-09,,Dropped,0.0
4069,5,2023-12-03,2024-01-02,Completed,76.5
4070,6,2023-07-14,,In Progress,0.0
4070,5,2023-08-07,2023-09-06,Completed,78.72
4071,10,2023-10-03,,Dropped,0.0
4071,2,2023-03-10,2023-04-09,Completed,93.8
4071,4,2023-08-09,2023-09-08,Completed,86.44
4071,1,2023-03-11,,In Progress,0.0
4072,6,2023-07-20,2023-08-19,Completed,74.66
4073,3,2023-02-15,2023-03-17,Completed,65.83
4073,10,2023-09-22,2023-10-22,Completed,64.32
4073,9,2023-12-07,,In Progress,0.0
4074,6,2023-06-25,2023-07-25,Completed,97.92
4074,2,2023-10-16,2023-11-15,Completed,61.6
4075,8,2023-06-24,2023-07-24,Completed,99.1
4076,2,2023-03-27,2023-04-26,Completed,74.8
4076,1,2023-08-17,2023-09-16,Completed,85.39
4076,8,2023-05-21,2023-06-20,Completed,56.82
4077,1,2023-04-06,2023-05-06,Completed,84.91
4077,3,2023-06-07,2023-07-07,Completed,76.06
4077,5,2023-08-09,,In Progress,0.0
4077,2,2023-06-15,2023-07-15,Completed,84.05
4078,7,2023-10-17,2023-11-16,Completed,65.68
4079,3,2023-05-01,2023-05-31,Completed,88.77
4079,10,2023-06-10,2023-07-10,Completed,60.02
4079,8,2023-10-25,2023-11-24,Completed,80.42
4079,5,2023-05-11,2023-06-10,Completed,78.71
4080,8,2023-06-02,2023-07-02,Completed,88.23
4080,3,2023-07-15,,In Progress,0.0
4080,2,2023-06-22,,In Progress,0.0
4080,7,2023-06-06,2023-07-06,Completed,81.94
4081,10,2023-12-06,2024-01-05,Completed,69.05
4081,6,2023-03-17,2023-04-16,Completed,65.21
4081,3,2023-05-04,2023-06-03,Completed,76.47
4082,1,2023-12-06,2024-01-05,Completed,98.17
4082,6,2023-10-15,2023-11-14,Completed,92.9
4082,4,2023-12-09,,Dropped,0.0
4082,7,2023-06-08,,Dropped,0.0
4083,1,2023-05-02,2023-06-01,Completed,95.24
4083,8,2023-01-17,2023-02-16,Completed,88.64
4083,5,2023-05-12,2023-06-11,Completed,72.93
4084,6,2023-01-08,2023-02-07,Completed,63.35
4085,10,2023-04-01,,Dropped,0.0
4086,7,2023-10-04,,In Progress,0.0
4086,10,2023-12-14,2024-01-13,Completed,74.46
4086,3,2023-09-16,2023-10-16,Completed,88.19
4087,7,2023-06-07,2023-07-07,Completed,89.64
4087,8,2023-11-21,2023-12-21,Completed,92.73
4088,2,2023-02-03,2023-03-05,Completed,71.5
4088,7,2023-05-20,2023-06-19,Completed,67.64
4088,6,2023-11-19,2023-12-19,Completed,68.8
4088,4,2023-12-26,2024-01-25,Completed,89.3
4089,1,2023-04-21,,Dropped,0.0
4089,8,2023-07-12,2023-08-11,Completed,93.95
4089,9,2023-02-27,2023-03-29,Completed,55.03
4089,2,2023-05-24,2023-06-23,Completed,66.66
4090,6,2023-12-14,2024-01-13,Completed,64.84
4090,3,2023-05-09,2023-06-08,Completed,56.65
4090,8,2023-11-04,2023-12-04,Completed,71.43
4090,7,2023-02-14,2023-03-16,Completed,59.87
4091,7,2023-08-26,2023-09-25,Completed,67.28
4092,7,2023-12-08,2024-01-07,Completed,76.79
4092,8,2023-09-18,,In Progress,0.0
4092,1,2023-06-14,2023-07-14,Completed,98.78
4092,5,2023-06-13,,In Progress,0.0
4093,5,2023-08-22,2023-09-21,Completed,71.48
4094,3,2023-01-09,2023-02-08,Completed,57.34
4094,7,2023-05-14,2023-06-13,Completed,89.63
4095,5,2023-03-02,2023-04-01,Completed,88.17
4095,6,2023-11-15,2023-12-15,Completed,61.94
4095,7,2023-12-06,,Dropped,0.0
4095,2,2023-04-04,2023-05-04,Completed,86.89
4096,6,2023-01-23,2023-02-22,Completed,69.96
4096,8,2023-08-08,,In Progress,0.0
4097,3,2023-07-19,,Dropped,0.0
4097,4,2023-10-17,2023-11-16,Completed,58.99
4097,10,2023-04-05,2023-05-05,Completed,88.04
4097,2,2023-04-19,2023-05-19,Completed,59.63
4098,4,2023-02-16,2023-03-18,Completed,62.45
4099,4,2023-05-26,,In Progress,0.0
4099,9,2023-02-16,2023-03-18,Completed,82.24
4099,2,2023-05-06,2023-06-05,Completed,69.86
4100,1,2023-10-24,,Dropped,0.0
4101,3,2023-10-02,,In Progress,0.0
4102,2,2023-03-26,2023-04-25,Completed,80.98
4102,7,2023-04-03,,In Progress,0.0
4103,9,2023-06-27,2023-07-27,Completed,83.83
4103,2,2023-06-24,2023-07-24,Completed,88.71
4103,10,2023-05-10,2023-06-09,Completed,92.8
4103,5,2023-02-27,2023-03-29,Completed,96.95
4104,10,2023-08-22,2023-09-21,Completed,74.22
4105,8,2023-10-09,,In Progress,0.0
4105,4,2023-02-08,,In Progress,0.0
4105,10,2023-09-12,2023-10-12,Completed,70.13
4106,7,2023-07-27,,Dropped,0.0
4106,4,2023-02-19,2023-03-21,Completed,60.95
4107,4,2023-02-05,2023-03-07,Completed,72.29
4107,9,2023-01-26,2023-02-25,Completed,63.32
4107,3,2023-07-06,2023-08-05,Completed,66.57
4107,10,2023-10-19,,Dropped,0.0
4108,8,2023-06-11,2023-07-11,Completed,66.62
4108,5,2023-08-02,2023-09-01,Completed,75.22
4109,7,2023-10-08,2023-11-07,Completed,80.48
4109,8,2023-02-17,2023-03-19,Completed,70.27
4110,5,2023-12-27,2024-01-26,Completed,84.05
4111,2,2023-11-13,2023-12-13,Completed,66.86
4112,7,2023-05-02,2023-06-01,Completed,66.97
4112,3,2023-03-06,,In Progress,0.0
4112,9,2023-04-21,2023-05-21,Completed,89.87
4112,6,2023-12-16,,In Progress,0.0
4113,2,2023-10-01,2023-10-31,Completed,63.87
4113,10,2023-12-19,2024-01-18,Completed,81.63
4114,3,2023-08-03,2023-09-02,Completed,62.36
4114,6,2023-01-20,,In Progress,0.0
4115,4,2023-08-16,2023-09-15,Completed,69.54
4115,1,2023-12-23,2024-01-22,Completed,91.98
4115,3,2023-05-18,2023-06-17,Completed,90.94
4115,5,2023-12-27,,In Progress,0.0
4116,4,2023-04-14,,In Progress,0.0
4116,7,2023-08-03,2023-09-02,Completed,83.4
4116,6,2023-05-20,,Dropped,0.0
4117,3,2023-03-19,,Dropped,0.0
4117,2,2023-04-04,,Dropped,0.0
4118,6,2023-01-04,,In Progress,0.0
4119,8,2023-08-26,2023-09-25,Completed,78.64
4119,9,2023-09-19,2023-10-19,Completed,73.14
4120,1,2023-03-14,,In Progress,0.0
4120,2,2023-08-26,2023-09-25,Completed,92.13
4120,4,2023-04-10,2023-05-10,Completed,58.62
4121,3,2023-11-21,2023-12-21,Completed,94.2
4121,9,2023-03-22,2023-04-21,Completed,95.16
4121,2,2023-07-16,,In Progress,0.0
4122,1,2023-03-03,,In Progress,0.0
4122,2,2023-02-10,2023-03-12,Completed,81.21
4122,4,2023-09-17,,In Progress,0.0
4123,10,2023-04-21,2023-05-21,Completed,71.86
4124,1,2023-08-24,2023-09-23,Completed,60.11
4124,3,2023-07-01,2023-07-31,Completed,83.36
4125,6,2023-02-02,2023-03-04,Completed,96.36
4126,1,2023-04-12,,In Progress,0.0
4127,10,2023-04-18,2023-05-18,Completed,66.76
4127,4,2023-07-04,2023-08-03,Completed,76.45
4127,9,2023-12-07,,In Progress,0.0
4127,6,2023-08-16,2023-09-15,Completed,60.75
4128,9,2023-12-26,2024-01-25,Completed,72.15
4128,10,2023-09-04,,Dropped,0.0
4128,2,2023-03-15,,Dropped,0.0
4129,3,2023-10-14,,In Progress,0.0
4130,8,2023-12-25,,In Progress,0.0
4130,6,2023-12-03,2024-01-02,Completed,72.86
4131,9,2023-04-19,,Dropped,0.0
4132,8,2023-07-27,,Dropped,0.0
4132,10,2023-05-19,2023-06-18,Completed,68.49
4132,3,2023-09-23,2023-10-23,Completed,80.67
4133,5,2023-06-03,2023-07-03,Completed,73.35
4134,1,2023-07-09,2023-08-08,Completed,74.85
4135,2,2023-02-03,2023-03-05,Completed,99.71
4136,10,2023-05-17,,In Progress,0.0
4136,1,2023-02-24,,Dropped,0.0
4136,9,2023-08-23,2023-09-22,Completed,81.15
4136,6,2023-11-07,2023-12-07,Completed,64.62
4137,4,2023-02-25,2023-03-27,Completed,91.37
4137,9,2023-08-02,2023-09-01,Completed,86.47
4137,7,2023-01-17,2023-02-16,Completed,76.58
4138,1,2023-07-06,2023-08-05,Completed,55.23
4138,6,2023-08-04,2023-09-03,Completed,73.6
4138,10,2023-09-16,2023-10-16,Completed,89.61
4139,6,2023-01-14,2023-02-13,Completed,91.26
4139,1,2023-05-12,2023-06-11,Completed,72.93
4139,9,2023-12-09,2024-01-08,Completed,71.52
4139,4,2023-05-02,,Dropped,0.0
4140,3,2023-05-26,2023-06-25,Completed,85.46
4140,10,2023-06-16,2023-07-16,Completed,92.78
4141,6,2023-12-04,2024-01-03,Completed,62.85
4141,9,2023-02-06,,In Progress,0.0
4142,7,2023-10-26,2023-11-25,Completed,74.5
4142,5,2023-09-07,2023-10-07,Completed,73.3
4143,7,2023-08-06,2023-09-05,Completed,78.46
4143,1,2023-02-16,2023-03-18,Completed,76.92
4144,6,2023-02-26,,Dropped,0.0
4144,5,2023-01-16,2023-02-15,Completed,87.0
4145,1,2023-06-05,2023-07-05,Completed,60.95
4145,9,2023-11-10,2023-12-10,Completed,86.29
4145,8,2023-10-03,2023-11-02,Completed,88.5
4145,10,2023-09-27,2023-10-27,Completed,58.57
4146,5,2023-07-24,,In Progress,0.0
4146,3,2023-12-22,2024-01-21,Completed,80.04
4146,8,2023-05-01,2023-05-31,Completed,55.13
4146,4,2023-04-09,2023-05-09,Completed,84.46
4147,4,2023-02-17,2023-03-19,Completed,62.45
4147,1,2023-02-07,,Dropped,0.0
4147,9,2023-03-03,2023-04-02,Completed,95.83
4148,2,2023-02-07,,In Progress,0.0
4148,3,2023-10-21,,Dropped,0.0
4148,5,2023-10-15,2023-11-14,Completed,63.72
4149,6,2023-11-25,,In Progress,0.0
4149,5,2023-05-10,2023-06-09,Completed,77.04
4149,2,2023-11-22,2023-12-22,Completed,79.21
4149,4,2023-02-10,,In Progress,0.0
4150,10,2023-09-18,2023-10-18,Completed,73.86
4150,7,2023-11-13,2023-12-13,Completed,95.47
4150,1,2023-10-26,2023-11-25,Completed,70.31
4151,5,2023-02-24,2023-03-26,Completed,76.55
4151,3,2023-12-16,,In Progress,0.0
4151,7,2023-10-09,2023-11-08,Completed,61.98
4152,3,2023-07-14,2023-08-13,Completed,70.11
4152,2,2023-12-10,2024-01-09,Completed,97.79
4152,7,2023-02-06,2023-03-08,Completed,84.68
4152,10,2023-04-15,2023-05-15,Completed,71.49
4153,1,2023-02-21,2023-03-23,Completed,57.43
4154,3,2023-10-23,,Dropped,0.0
4154,7,2023-02-24,,Dropped,0.0
4154,4,2023-06-07,2023-07-07,Completed,71.61
4155,4,2023-02-07,,In Progress,0.0
4155,3,2023-06-20,,Dropped,0.0
4155,10,2023-06-12,2023-07-12,Completed,72.56
4156,4,2023-10-01,2023-10-31,Completed,95.74
4156,9,2023-08-23,2023-09-22,Completed,67.24
4157,8,2023-01-23,2023-02-22,Completed,81.28
4157,7,2023-08-20,2023-09-19,Completed,66.0
4157,4,2023-02-03,2023-03-05,Completed,75.41
4158,6,2023-07-09,2023-08-08,Completed,74.4
4158,10,2023-08-07,2023-09-06,Completed,64.51
4158,8,2023-10-17,,In Progress,0.0
4159,9,2023-01-10,,In Progress,0.0
4159,2,2023-11-23,2023-12-23,Completed,63.37
4159,8,2023-06-19,2023-07-19,Completed,59.07
4159,4,2023-02-15,2023-03-17,Completed,95.18
4160,2,2023-04-03,2023-05-03,Completed,75.03
4161,3,2023-11-19,2023-12-19,Completed,68.33
4161,9,2023-04-02,2023-05-02,Completed,72.82
4162,7,2023-05-20,,In Progress,0.0
4163,7,2023-05-12,,In Progress,0.0
4163,1,2023-05-26,,In Progress,0.0
4163,3,2023-08-25,2023-09-24,Completed,94.68
4164,4,2023-08-12,2023-09-11,Completed,80.76
4164,7,2023-10-16,2023-11-15,Completed,85.71
4164,8,2023-04-06,,In Progress,0.0
4164,3,2023-06-14,2023-07-14,Completed,56.36
4165,9,2023-02-16,2023-03-18,Completed,58.48
4166,5,2023-07-02,2023-08-01,Completed,75.89
4166,1,2023-06-18,2023-07-18,Completed,75.85
4166,2,2023-08-23,2023-09-22,Completed,95.17
4167,10,2023-06-08,,Dropped,0.0
4167,5,2023-12-02,,In Progress,0.0
4167,2,2023-01-22,2023-02-21,Completed,98.88
4168,10,2023-07-26,2023-08-25,Completed,60.78
4168,9,2023-06-22,2023-07-22,Completed,94.96
4168,5,2023-09-18,,Dropped,0.0
4168,4,2023-05-10,2023-06-09,Completed,92.37
4169,9,2023-09-20,2023-10-20,Completed,91.12
4169,6,2023-03-04,2023-04-03,Completed,70.18
4170,8,2023-07-17,,In Progress,0.0
4170,7,2023-07-19,2023-08-18,Completed,88.66
4170,9,2023-08-07,2023-09-06,Completed,91.41
4171,7,2023-03-01,2023-03-31,Completed,64.85
4172,1,2023-12-11,,Dropped,0.0
4173,10,2023-10-08,,In Progress,0.0
4173,2,2023-05-23,,In Progress,0.0
4174,2,2023-06-13,2023-07-13,Completed,94.68
4175,2,2023-02-19,2023-03-21,Completed,59.89
4175,8,2023-06-16,2023-07-16,Completed,89.32
4176,8,2023-09-17,2023-10-17,Completed,75.77
4176,5,2023-12-11,,In Progress,0.0
4176,4,2023-07-24,2023-08-23,Completed,70.54
4177,8,2023-10-04,,In Progress,0.0
4177,5,2023-07-17,2023-08-16,Completed,71.49
4177,9,2023-06-25,2023-07-25,Completed,79.35
4177,7,2023-03-10,2023-04-09,Completed,77.37
4178,1,2023-12-24,2024-01-23,Completed,94.02
4178,8,2023-03-15,2023-04-14,Completed,88.51
4178,7,2023-11-18,,In Progress,0.0
4179,7,2023-01-09,,In Progress,0.0
4180,1,2023-11-01,2023-12-01,Completed,77.17
4180,3,2023-12-07,2024-01-06,Completed,74.6
4181,5,2023-07-15,,In Progress,0.0
4181,3,2023-12-24,2024-01-23,Completed,55.97
4181,10,2023-11-18,2023-12-18,Completed,66.55
4182,10,2023-08-02,,In Progress,0.0
4182,1,2023-02-20,2023-03-22,Completed,65.88
4183,8,2023-08-25,2023-09-24,Completed,94.13
4184,1,2023-06-21,2023-07-21,Completed,85.17
4184,6,2023-08-23,2023-09-22,Completed,97.8
4184,5,2023-05-07,,In Progress,0.0
4185,1,2023-11-14,,In Progress,0.0
4185,2,2023-03-15,2023-04-14,Completed,93.36
4186,9,2023-04-03,,In Progress,0.0
4186,6,2023-11-10,2023-12-10,Completed,96.13
4186,10,2023-12-16,2024-01-15,Completed,95.04
4187,7,2023-09-20,2023-10-20,Completed,76.91
4188,5,2023-09-25,2023-10-25,Completed,62.26
4188,9,2023-11-16,2023-12-16,Completed,61.43
4188,7,2023-07-25,2023-08-24,Completed,95.38
4188,4,2023-03-07,2023-04-06,Completed,87.41
4189,8,2023-03-26,2023-04-25,Completed,64.13
4189,4,2023-06-18,,Dropped,0.0
4190,7,2023-03-19,,In Progress,0.0
4191,1,2023-07-26,2023-08-25,Completed,93.88
4192,9,2023-12-01,2023-12-31,Completed,93.62
4193,2,2023-11-19,2023-12-19,Completed,79.6
4193,9,2023-05-08,2023-06-07,Completed,64.91
4194,6,2023-11-20,,Dropped,0.0
4194,8,2023-01-20,,In Progress,0.0
4194,5,2023-12-18,,Dropped,0.0
4194,9,2023-08-14,2023-09-13,Completed,58.11
4195,5,2023-02-23,,In Progress,0.0
4195,8,2023-12-12,2024-01-11,Completed,61.85
4195,7,2023-05-17,,Dropped,0.0
4196,2,2023-01-02,,Dropped,0.0
4197,7,2023-05-15,2023-06-14,Completed,78.92
4197,6,2023-01-16,2023-02-15,Completed,57.44
4198,3,2023-02-25,,Dropped,0.0
4199,1,2023-12-17,,Dropped,0.0
4200,7,2023-12-07,,In Progress,0.0
4200,1,2023-04-20,2023-05-20,Completed,94.86
4201,10,2023-11-17,2023-12-17,Completed,61.91
4201,2,2023-03-16,2023-04-15,Completed,62.77
4201,3,2023-01-01,2023-01-31,Completed,83.94
4201,7,2023-06-27,,Dropped,0.0
4202,1,2023-12-13,2024-01-12,Completed,97.45
4203,3,2023-04-05,2023-05-05,Completed,60.61
4204,2,2023-05-13,2023-06-12,Completed,80.82
4205,2,2023-10-11,2023-11-10,Completed,88.15
4206,5,2023-08-03,2023-09-02,Completed,60.35
4206,3,2023-12-25,2024-01-24,Completed,92.18
4207,7,2023-10-07,,Dropped,0.0
4207,9,2023-02-03,,In Progress,0.0
4207,5,2023-06-10,2023-07-10,Completed,55.05
4207,1,2023-12-07,2024-01-06,Completed,83.33
4208,8,2023-06-03,,In Progress,0.0
4208,3,2023-04-11,,Dropped,0.0
4208,2,2023-06-07,2023-07-07,Completed,72.62
4208,1,2023-01-10,2023-02-09,Completed,84.55
4209,5,2023-04-13,,In Progress,0.0
4210,6,2023-05-03,2023-06-02,Completed,80.22
4210,7,2023-04-10,,In Progress,0.0
4211,6,2023-07-12,,In Progress,0.0
4211,9,2023-10-15,2023-11-14,Completed,59.2
4212,2,2023-08-12,2023-09-11,Completed,89.81
4213,5,2023-07-20,2023-08-19,Completed,55.82
4213,4,2023-05-10,,In Progress,0.0
4214,7,2023-12-20,2024-01-19,Completed,70.62
4214,3,2023-11-02,2023-12-02,Completed,87.75
4214,2,2023-09-05,2023-10-05,Completed,62.24
4215,10,2023-05-09,2023-06-08,Completed,71.4
4216,6,2023-03-12,2023-04-11,Completed,74.13
4216,1,2023-07-05,,In Progress,0.0
4216,3,2023-05-13,2023-06-12,Completed,95.37
4217,6,2023-04-20,,In Progress,0.0
4217,7,2023-04-14,,Dropped,0.0
4218,9,2023-11-24,,In Progress,0.0
4219,6,2023-09-25,2023-10-25,Completed,57.46
4220,6,2023-11-24,2023-12-24,Completed,83.95
4220,10,2023-08-22,2023-09-21,Completed,58.1
4220,3,2023-07-17,,In Progress,0.0
4221,9,2023-03-04,2023-04-03,Completed,98.76
4221,2,2023-09-17,2023-10-17,Completed,93.49
4221,5,2023-02-07,2023-03-09,Completed,57.22
4221,8,2023-06-14,2023-07-14,Completed,99.54
4222,1,2023-03-24,2023-04-23,Completed,77.7
4223,8,2023-10-18,2023-11-17,Completed,99.72
4224,4,2023-06-02,,Dropped,0.0
4225,8,2023-02-23,2023-03-25,Completed,69.1
4225,4,2023-07-12,,Dropped,0.0
4226,2,2023-09-14,2023-10-14,Completed,61.1
4226,6,2023-06-24,2023-07-24,Completed,72.36
4226,1,2023-12-01,,Dropped,0.0
4227,9,2023-05-08,2023-06-07,Completed,64.73
4227,10,2023-02-03,2023-03-05,Completed,62.13
4227,8,2023-05-03,2023-06-02,Completed,93.87
4227,4,2023-03-12,2023-04-11,Completed,78.19
4228,1,2023-05-05,,In Progress,0.0
4228,2,2023-05-04,,Dropped,0.0
4228,4,2023-09-13,,Dropped,0.0
4229,8,2023-06-11,2023-07-11,Completed,64.96
4229,3,2023-05-17,2023-06-16,Completed,56.9
4230,4,2023-08-20,,In Progress,0.0
4231,9,2023-03-15,,In Progress,0.0
4232,1,2023-11-08,2023-12-08,Completed,67.41
4232,8,2023-06-16,,Dropped,0.0
4232,4,2023-02-20,2023-03-22,Completed,93.25
4233,1,2023-10-12,,Dropped,0.0
4233,4,2023-03-14,2023-04-13,Completed,72.8
4233,9,2023-09-18,2023-10-18,Completed,56.91
4233,7,2023-04-18,,In Progress,0.0
4234,5,2023-07-27,2023-08-26,Completed,55.89
4234,6,2023-07-01,2023-07-31,Completed,86.85
4234,3,2023-03-18,2023-04-17,Completed,60.07
4235,8,2023-08-20,,Dropped,0.0
4235,9,2023-07-07,2023-08-06,Completed,85.85
4235,2,2023-04-02,2023-05-02,Completed,83.55
4236,7,2023-05-23,2023-06-22,Completed,61.88
4237,1,2023-05-03,2023-06-02,Completed,81.22
4237,7,2023-10-10,2023-11-09,Completed,55.69
4237,8,2023-09-11,2023-10-11,Completed,78.56
4238,9,2023-04-20,2023-05-20,Completed,79.23
4238,5,2023-07-26,2023-08-25,Completed,75.61
4238,3,2023-12-11,2024-01-10,Completed,99.58
4239,1,2023-07-18,2023-08-17,Completed,88.46
4240,10,2023-01-24,2023-02-23,Completed,86.67
4240,9,2023-06-18,,Dropped,0.0
4241,5,2023-09-05,2023-10-05,Completed,82.38
4241,1,2023-07-20,,In Progress,0.0
4242,1,2023-01-06,2023-02-05,Completed,98.39
4242,8,2023-12-17,2024-01-16,Completed,85.22
4243,1,2023-09-10,2023-10-10,Completed,77.44
4244,10,2023-05-02,2023-06-01,Completed,55.29
4245,2,2023-03-06,2023-04-05,Completed,75.4
4245,3,2023-03-17,,Dropped,0.0
4246,1,2023-03-08,2023-04-07,Completed,73.92
4246,7,2023-01-16,2023-02-15,Completed,63.25
4246,5,2023-10-15,2023-11-14,Completed,63.1
4246,2,2023-07-08,2023-08-07,Completed,74.24
4247,10,2023-08-24,,In Progress,0.0
4248,3,2023-04-10,2023-05-10,Completed,94.74
4248,2,2023-08-06,,Dropped,0.0
4249,7,2023-10-26,,Dropped,0.0
4249,9,2023-03-08,,Dropped,0.0
4250,7,2023-03-23,,Dropped,0.0
4250,10,2023-10-20,,In Progress,0.0
4250,8,2023-04-20,2023-05-20,Completed,78.83
4251,2,2023-03-23,2023-04-22,Completed,73.99
4251,10,2023-01-19,2023-02-18,Completed,78.8
4252,7,2023-02-02,,In Progress,0.0
4252,6,2023-03-11,2023-04-10,Completed,93.54
4253,9,2023-12-23,2024-01-22,Completed,99.88
4253,7,2023-12-01,2023-12-31,Completed,68.27
4253,10,2023-08-03,,In Progress,0.0
4254,9,2023-09-17,2023-10-17,Completed,59.69
4254,10,2023-11-26,2023-12-26,Completed,78.97
4254,5,2023-11-10,2023-12-10,Completed,65.56
4255,10,2023-01-16,2023-02-15,Completed,58.75
4255,9,2023-03-14,,In Progress,0.0
4255,1,2023-04-10,2023-05-10,Completed,63.98
4255,3,2023-03-08,2023-04-07,Completed,97.65
4256,4,2023-08-17,2023-09-16,Completed,61.42
4257,9,2023-12-22,2024-01-21,Completed,68.21
4257,4,2023-07-10,,In Progress,0.0
4257,7,2023-09-26,2023-10-26,Completed,57.9
4258,6,2023-07-26,2023-08-25,Completed,66.43
4259,6,2023-06-19,,In Progress,0.0
4259,3,2023-01-08,2023-02-07,Completed,74.33
4259,8,2023-12-04,,In Progress,0.0
4260,6,2023-10-23,,In Progress,0.0
4260,9,2023-12-15,2024-01-14,Completed,84.97
4260,4,2023-03-09,2023-04-08,Completed,75.05
4261,1,2023-12-20,,Dropped,0.0
4262,2,2023-04-14,2023-05-14,Completed,79.02
4262,1,2023-07-19,2023-08-18,Completed,55.46
4262,5,2023-04-01,,Dropped,0.0
4262,7,2023-06-16,2023-07-16,Completed,56.07
4263,3,2023-07-20,2023-08-19,Completed,57.76
4263,1,2023-09-02,2023-10-02,Completed,85.77
4264,6,2023-05-08,2023-06-07,Completed,79.95
4265,9,2023-05-15,2023-06-14,Completed,69.36
4265,5,2023-06-13,2023-07-13,Completed,63.73
4265,10,2023-03-13,2023-04-12,Completed,68.38
4265,2,2023-08-12,2023-09-11,Completed,67.92
4266,6,2023-03-17,2023-04-16,Completed,64.28
4266,10,2023-04-12,,Dropped,0.0
4266,3,2023-12-09,2024-01-08,Completed,92.7
4266,9,2023-04-25,,In Progress,0.0
4267,7,2023-01-18,2023-02-17,Completed,89.59
4267,1,2023-05-14,2023-06-13,Completed,89.84
4267,3,2023-08-25,2023-09-24,Completed,70.25
4267,10,2023-02-15,,In Progress,0.0
4268,1,2023-08-24,2023-09-23,Completed,65.35
4269,2,2023-03-23,2023-04-22,Completed,76.83
4269,8,2023-07-17,2023-08-16,Completed,75.29
4270,3,2023-04-07,2023-05-07,Completed,60.96
4270,2,2023-12-24,2024-01-23,Completed,80.74
4271,6,2023-08-20,2023-09-19,Completed,69.84
4271,8,2023-05-18,2023-06-17,Completed,73.59
4272,10,2023-02-16,2023-03-18,Completed,99.53
4272,5,2023-12-23,2024-01-22,Completed,72.86
4273,5,2023-05-25,2023-06-24,Completed,77.78
4273,1,2023-02-12,2023-03-14,Completed,83.02
4273,9,2023-04-13,2023-05-13,Completed,81.49
4274,3,2023-12-19,,Dropped,0.0
4275,1,2023-12-09,,In Progress,0.0
4275,9,2023-01-02,2023-02-01,Completed,68.66
4275,10,2023-04-19,2023-05-19,Completed,58.66
4275,5,2023-09-07,2023-10-07,Completed,70.92
4276,2,2023-06-26,2023-07-26,Completed,68.71
4277,8,2023-12-10,2024-01-09,Completed,92.74
4278,5,2023-09-07,2023-10-07,Completed,59.63
4278,7,2023-10-10,2023-11-09,Completed,89.65
4278,4,2023-03-14,2023-04-13,Completed,69.78
4279,3,2023-11-12,2023-12-12,Completed,68.84
4280,4,2023-05-10,,Dropped,0.0
4280,10,2023-12-23,2024-01-22,Completed,81.72
4281,5,2023-08-16,,In Progress,0.0
4281,3,2023-09-14,2023-10-14,Completed,81.72
4281,8,2023-11-19,,In Progress,0.0
4282,6,2023-08-16,2023-09-15,Completed,69.98
4282,10,2023-06-17,,Dropped,0.0
4283,10,2023-02-01,,In Progress,0.0
4283,2,2023-02-08,2023-03-10,Completed,83.95
4283,3,2023-10-08,2023-11-07,Completed,65.41
4284,3,2023-01-15,2023-02-14,Completed,85.83
4285,10,2023-08-10,,In Progress,0.0
4286,1,2023-06-06,2023-07-06,Completed,83.53
4286,10,2023-10-05,2023-11-04,Completed,82.6
4286,9,2023-05-25,,Dropped,0.0
4287,6,2023-05-17,2023-06-16,Completed,76.05
4288,3,2023-05-05,2023-06-04,Completed,60.85
4288,9,2023-11-24,2023-12-24,Completed,90.17
4289,10,2023-10-09,,Dropped,0.0
4289,9,2023-10-22,,In Progress,0.0
4290,10,2023-01-23,2023-02-22,Completed,89.8
4290,8,2023-02-10,,In Progress,0.0
4290,1,2023-07-10,,In Progress,0.0
4291,6,2023-10-22,,In Progress,0.0
4291,8,2023-10-11,2023-11-10,Completed,70.93
4291,4,2023-07-26,2023-08-25,Completed,74.84
4292,1,2023-04-12,,In Progress,0.0
4293,7,2023-12-22,2024-01-21,Completed,66.41
4294,1,2023-11-24,2023-12-24,Completed,94.11
4294,3,2023-06-01,2023-07-01,Completed,65.13
4294,6,2023-04-05,2023-05-05,Completed,88.29
4294,7,2023-03-27,,In Progress,0.0
4295,6,2023-10-18,2023-11-17,Completed,85.73
4295,3,2023-01-22,,In Progress,0.0
4295,1,2023-10-21,,Dropped,0.0
4296,3,2023-02-21,,Dropped,0.0
4297,7,2023-12-20,2024-01-19,Completed,66.92
4297,8,2023-02-11,2023-03-13,Completed,85.0
4298,1,2023-11-19,,In Progress,0.0
4298,5,2023-10-06,2023-11-05,Completed,70.79
4298,6,2023-08-13,2023-09-12,Completed,72.63
4298,7,2023-03-07,2023-04-06,Completed,90.74
4299,1,2023-07-05,2023-08-04,Completed,82.9
4299,2,2023-01-10,,In Progress,0.0
4299,5,2023-09-19,2023-10-19,Completed,58.85
4300,5,2023-08-21,2023-09-20,Completed,93.75
4300,10,2023-09-05,2023-10-05,Completed,69.74
4300,8,2023-09-26,,Dropped,0.0
4300,4,2023-10-11,2023-11-10,Completed,89.6
4301,6,2023-08-12,2023-09-11,Completed,88.43
4301,7,2023-11-06,2023-12-06,Completed,55.87
4301,4,2023-01-14,,In Progress,0.0
4302,6,2023-09-19,2023-10-19,Completed,55.89
4302,9,2023-05-01,2023-05-31,Completed,79.44
4302,7,2023-11-07,,Dropped,0.0
4303,7,2023-03-07,2023-04-06,Completed,93.68
4303,9,2023-07-13,,In Progress,0.0
4303,2,2023-08-07,2023-09-06,Completed,75.34
4304,8,2023-01-17,2023-02-16,Completed,66.01
4304,7,2023-09-13,2023-10-13,Completed,86.53
4305,7,2023-01-08,2023-02-07,Completed,75.45
4305,9,2023-06-22,,In Progress,0.0
4305,10,2023-12-04,2024-01-03,Completed,97.76
4305,6,2023-04-18,2023-05-18,Completed,86.11
4306,4,2023-11-26,2023-12-26,Completed,94.23
4306,8,2023-04-09,2023-05-09,Completed,79.67
4307,5,2023-10-01,2023-10-31,Completed,91.56
4307,8,2023-05-04,2023-06-03,Completed,94.84
4307,1,2023-06-19,,In Progress,0.0
4307,2,2023-09-26,2023-10-26,Completed,84.17
4308,4,2023-09-13,2023-10-13,Completed,84.64
4308,9,2023-02-09,2023-03-11,Completed,89.21
4309,10,2023-03-13,2023-04-12,Completed,95.71
4309,4,2023-11-01,2023-12-01,Completed,63.23
4309,9,2023-01-11,2023-02-10,Completed,92.28
4310,3,2023-02-13,2023-03-15,Completed,71.85
4310,10,2023-04-16,2023-05-16,Completed,64.71
4310,9,2023-02-05,2023-03-07,Completed,99.05
4311,5,2023-03-27,2023-04-26,Completed,71.88
4311,8,2023-03-21,,In Progress,0.0
4311,6,2023-03-01,,In Progress,0.0
4312,7,2023-06-05,2023-07-05,Completed,85.97
4313,4,2023-01-05,2023-02-04,Completed,94.2
4313,8,2023-04-13,2023-05-13,Completed,62.29
4313,10,2023-12-23,,In Progress,0.0
4313,9,2023-10-19,2023-11-18,Completed,77.66
4314,9,2023-12-27,,Dropped,0.0
4315,6,2023-01-02,,In Progress,0.0
4315,8,2023-03-15,2023-04-14,Completed,66.56
4315,1,2023-05-08,2023-06-07,Completed,66.53
4316,2,2023-10-27,,Dropped,0.0
4317,8,2023-07-02,2023-08-01,Completed,75.19
4318,3,2023-01-18,2023-02-17,Completed,59.22
4318,7,2023-08-21,2023-09-20,Completed,61.3
4318,1,2023-05-20,2023-06-19,Completed,84.42
4318,9,2023-09-01,2023-10-01,Completed,90.05
4319,8,2023-08-04,2023-09-03,Completed,75.8
4320,10,2023-01-13,2023-02-12,Completed,66.01
4320,9,2023-08-13,2023-09-12,Completed,60.14
4320,1,2023-04-16,2023-05-16,Completed,92.64
4320,8,2023-11-19,2023-12-19,Completed,95.44
4321,8,2023-07-01,,In Progress,0.0
4322,10,2023-10-20,,In Progress,0.0
4322,1,2023-04-02,2023-05-02,Completed,96.41
4323,7,2023-04-11,2023-05-11,Completed,75.06
4324,5,2023-12-12,,In Progress,0.0
4324,1,2023-02-15,,In Progress,0.0
4324,2,2023-07-12,2023-08-11,Completed,90.48
4325,8,2023-03-01,2023-03-31,Completed,89.47
4326,1,2023-06-17,2023-07-17,Completed,55.33
4326,9,2023-10-11,,In Progress,0.0
4326,8,2023-01-19,,Dropped,0.0
4327,3,2023-01-25,,Dropped,0.0
4327,1,2023-08-07,2023-09-06,Completed,61.6
4328,4,2023-02-18,2023-03-20,Completed,62.08
4328,8,2023-02-02,,Dropped,0.0
4328,5,2023-04-11,2023-05-11,Completed,64.84
4328,6,2023-05-24,2023-06-23,Completed,83.26
4329,2,2023-03-02,2023-04-01,Completed,59.67
4329,4,2023-10-18,2023-11-17,Completed,95.61
4329,3,2023-01-03,2023-02-02,Completed,68.09
4330,3,2023-06-23,2023-07-23,Completed,58.37
4330,4,2023-02-17,2023-03-19,Completed,66.1
4330,10,2023-06-27,2023-07-27,Completed,57.21
4330,7,2023-07-18,2023-08-17,Completed,80.02
4331,7,2023-01-13,,Dropped,0.0
4331,2,2023-10-20,,In Progress,0.0
4331,1,2023-03-16,2023-04-15,Completed,96.97
4332,7,2023-01-23,,Dropped,0.0
4332,10,2023-04-24,2023-05-24,Completed,95.49
4332,3,2023-09-11,2023-10-11,Completed,90.93
4332,9,2023-01-10,2023-02-09,Completed,67.18
4333,3,2023-08-26,,In Progress,0.0
4333,7,2023-09-16,,In Progress,0.0
4333,5,2023-12-09,2024-01-08,Completed,89.03
4334,3,2023-12-19,,In Progress,0.0
4335,8,2023-10-20,2023-11-19,Completed,73.07
4336,9,2023-08-26,2023-09-25,Completed,92.6
4337,6,2023-06-14,2023-07-14,Completed,75.79
4337,7,2023-12-23,2024-01-22,Completed,88.07
4338,2,2023-09-19,2023-10-19,Completed,99.62
4338,4,2023-07-23,2023-08-22,Completed,98.33
4339,1,2023-10-09,2023-11-08,Completed,71.71
4339,10,2023-01-03,,Dropped,0.0
4340,3,2023-11-25,2023-12-25,Completed,78.33
4340,8,2023-10-07,,In Progress,0.0
4340,5,2023-09-24,2023-10-24,Completed,72.51
4341,2,2023-08-09,,In Progress,0.0
4342,4,2023-02-14,2023-03-16,Completed,85.3
4342,10,2023-12-20,2024-01-19,Completed,66.0
4343,8,2023-04-21,2023-05-21,Completed,60.75
4343,5,2023-12-01,2023-12-31,Completed,66.39
4344,5,2023-12-20,2024-01-19,Completed,84.72
4344,2,2023-03-18,2023-04-17,Completed,63.68
4345,1,2023-06-03,2023-07-03,Completed,85.38
4346,6,2023-06-03,2023-07-03,Completed,66.99
4346,10,2023-08-02,,In Progress,0.0
4347,6,2023-05-26,2023-06-25,Completed,97.75
4347,2,2023-01-12,2023-02-11,Completed,90.68
4347,4,2023-09-26,2023-10-26,Completed,98.16
4347,1,2023-08-08,2023-09-07,Completed,59.57
4348,3,2023-01-20,2023-02-19,Completed,65.9
4348,10,2023-11-23,2023-12-23,Completed,58.45
4348,5,2023-12-04,2024-01-03,Completed,62.69
4348,8,2023-07-23,2023-08-22,Completed,73.71
4349,6,2023-01-07,,In Progress,0.0
4349,10,2023-05-24,,Dropped,0.0
4350,9,2023-01-16,2023-02-15,Completed,93.68
4350,2,2023-05-15,2023-06-14,Completed,91.15
4350,5,2023-12-16,,In Progress,0.0
4350,1,2023-12-25,2024-01-24,Completed,73.38
4351,1,2023-08-16,,Dropped,0.0
4352,8,2023-06-01,2023-07-01,Completed,94.38
4352,6,2023-05-08,2023-06-07,Completed,92.5
4352,10,2023-11-01,,In Progress,0.0
4352,9,2023-06-03,2023-07-03,Completed,60.31
4353,2,2023-03-19,,In Progress,0.0
4353,3,2023-08-05,2023-09-04,Completed,62.34
4354,5,2023-11-18,2023-12-18,Completed,65.07
4354,2,2023-11-25,2023-12-25,Completed,65.05
4355,9,2023-07-03,2023-08-02,Completed,61.6
4355,1,2023-04-06,,In Progress,0.0
4355,8,2023-10-13,,Dropped,0.0
4356,6,2023-07-16,,In Progress,0.0
4356,8,2023-01-24,,In Progress,0.0
4356,2,2023-08-01,2023-08-31,Completed,69.52
4357,4,2023-07-09,2023-08-08,Completed,76.96
4357,6,2023-01-18,2023-02-17,Completed,93.4
4357,3,2023-11-22,,Dropped,0.0
4357,10,2023-08-16,2023-09-15,Completed,94.4
4358,7,2023-06-16,2023-07-16,Completed,95.64
4358,9,2023-11-14,2023-12-14,Completed,87.24
4358,3,2023-02-07,2023-03-09,Completed,72.89
4358,5,2023-11-01,2023-12-01,Completed,82.07
4359,7,2023-07-01,2023-07-31,Completed,75.53
4359,4,2023-03-11,2023-04-10,Completed,71.42
4359,8,2023-12-11,2024-01-10,Completed,94.86
4360,5,2023-06-15,2023-07-15,Completed,73.77
4361,1,2023-01-17,2023-02-16,Completed,87.26
4361,3,2023-06-27,,Dropped,0.0
4361,7,2023-03-17,,Dropped,0.0
4362,7,2023-10-23,2023-11-22,Completed,68.51
4362,4,2023-03-24,2023-04-23,Completed,64.64
4362,10,2023-11-02,2023-12-02,Completed,83.99
4362,2,2023-09-05,2023-10-05,Completed,79.87
4363,1,2023-01-07,2023-02-06,Completed,81.04
4363,8,2023-02-16,2023-03-18,Completed,80.59
4363,6,2023-03-26,2023-04-25,Completed,64.93
4364,10,2023-10-11,,In Progress,0.0
4365,6,2023-05-22,2023-06-21,Completed,79.74
4365,4,2023-12-25,,In Progress,0.0
4366,4,2023-03-24,2023-04-23,Completed,70.22
4366,8,2023-11-27,,In Progress,0.0
4367,7,2023-02-21,2023-03-23,Completed,96.99
4367,4,2023-08-25,2023-09-24,Completed,73.35
4368,2,2023-08-22,,Dropped,0.0
4368,4,2023-08-25,2023-09-24,Completed,94.56
4368,9,2023-06-16,2023-07-16,Completed,74.7
4369,5,2023-11-10,,In Progress,0.0
4370,3,2023-02-09,2023-03-11,Completed,92.19
4370,2,2023-11-21,2023-12-21,Completed,66.15
4370,8,2023-11-07,,In Progress,0.0
4370,4,2023-09-07,,In Progress,0.0
4371,4,2023-10-02,,In Progress,0.0
4372,9,2023-02-10,,Dropped,0.0
4372,8,2023-11-20,2023-12-20,Completed,96.85
4372,7,2023-01-27,2023-02-26,Completed,63.71
4373,2,2023-01-11,,Dropped,0.0
4373,8,2023-12-11,,In Progress,0.0
4373,9,2023-01-26,2023-02-25,Completed,79.09
4373,7,2023-06-25,2023-07-25,Completed,86.06
4374,10,2023-08-21,2023-09-20,Completed,66.91
4375,8,2023-04-02,,In Progress,0.0
4375,7,2023-07-19,2023-08-18,Completed,79.67
4375,5,2023-02-21,2023-03-23,Completed,90.44
4376,4,2023-09-18,,In Progress,0.0
4376,1,2023-12-17,2024-01-16,Completed,55.53
4376,2,2023-05-24,2023-06-23,Completed,73.51
4376,8,2023-02-21,,In Progress,0.0
4377,3,2023-05-06,2023-06-05,Completed,75.35
4377,4,2023-04-16,2023-05-16,Completed,69.2
4377,1,2023-06-05,2023-07-05,Completed,98.71
4378,10,2023-05-20,2023-06-19,Completed,67.13
4379,7,2023-07-21,,In Progress,0.0
4379,5,2023-10-14,2023-11-13,Completed,75.62
4379,8,2023-11-08,2023-12-08,Completed,55.79
4380,4,2023-07-25,2023-08-24,Completed,58.06
4380,10,2023-05-06,2023-06-05,Completed,81.94
4380,8,2023-12-06,,In Progress,0.0
4380,9,2023-11-15,2023-12-15,Completed,57.28
4381,5,2023-06-16,2023-07-16,Completed,75.71
4382,1,2023-08-01,2023-08-31,Completed,64.09
4382,2,2023-06-06,,In Progress,0.0
4382,3,2023-12-24,2024-01-23,Completed,91.25
4382,6,2023-01-27,,In Progress,0.0
4383,8,2023-08-16,2023-09-15,Completed,58.72
4383,4,2023-03-20,2023-04-19,Completed,62.46
4383,9,2023-02-11,,In Progress,0.0
4383,3,2023-03-25,,In Progress,0.0
4384,3,2023-12-07,2024-01-06,Completed,70.2
4384,2,2023-10-09,2023-11-08,Completed,72.05
4384,9,2023-02-25,,In Progress,0.0
4384,4,2023-04-10,2023-05-10,Completed,80.86
4385,5,2023-07-04,,Dropped,0.0
4385,1,2023-03-14,2023-04-13,Completed,91.14
4385,3,2023-06-10,2023-07-10,Completed,59.96
4385,6,2023-11-26,2023-12-26,Completed,61.02
4386,7,2023-07-10,2023-08-09,Completed,96.31
4386,10,2023-04-25,2023-05-25,Completed,71.12
4387,3,2023-08-08,,In Progress,0.0
4387,8,2023-03-02,,In Progress,0.0
4387,9,2023-08-13,2023-09-12,Completed,83.82
4388,2,2023-08-19,2023-09-18,Completed,77.54
4389,5,2023-08-23,2023-09-22,Completed,69.97
4389,1,2023-01-18,,In Progress,0.0
4389,2,2023-10-02,2023-11-01,Completed,99.0
4389,6,2023-02-09,2023-03-11,Completed,64.03
4390,9,2023-02-06,2023-03-08,Completed,80.69
4390,1,2023-06-24,,Dropped,0.0
4391,10,2023-07-10,,Dropped,0.0
4391,1,2023-01-15,,Dropped,0.0
4391,2,2023-09-15,2023-10-15,Completed,67.08
4391,7,2023-07-12,2023-08-11,Completed,65.08
4392,10,2023-11-01,2023-12-01,Completed,82.95
4392,3,2023-06-24,2023-07-24,Completed,96.69
4392,7,2023-04-23,2023-05-23,Completed,67.49
4392,6,2023-08-02,,In Progress,0.0
4393,5,2023-06-01,2023-07-01,Completed,78.0
4393,8,2023-02-08,2023-03-10,Completed,89.2
4394,8,2023-07-26,,In Progress,0.0
4394,9,2023-02-10,2023-03-12,Completed,76.0
4394,6,2023-08-02,,In Progress,0.0
4395,9,2023-03-20,2023-04-19,Completed,83.72
4396,7,2023-10-13,2023-11-12,Completed,64.33
4396,10,2023-03-18,2023-04-17,Completed,95.31
4396,2,2023-01-26,,In Progress,0.0
4397,9,2023-10-07,2023-11-06,Completed,65.93
4397,10,2023-01-22,2023-02-21,Completed,69.46
4398,6,2023-02-22,,Dropped,0.0
4398,1,2023-09-19,,Dropped,0.0
4398,10,2023-07-03,2023-08-02,Completed,90.15
4398,4,2023-12-20,2024-01-19,Completed,58.94
4399,2,2023-10-08,,Dropped,0.0
4399,7,2023-05-21,,In Progress,0.0
4399,6,2023-09-10,2023-10-10,Completed,95.16
4400,6,2023-09-25,2023-10-25,Completed,67.59
4401,6,2023-01-25,2023-02-24,Completed,87.33
4402,8,2023-12-23,2024-01-22,Completed,70.6
4402,4,2023-03-03,2023-04-02,Completed,89.48
4403,4,2023-10-16,2023-11-15,Completed,84.18
4404,4,2023-07-25,2023-08-24,Completed,83.14
4404,8,2023-07-04,2023-08-03,Completed,57.05
4404,1,2023-12-12,2024-01-11,Completed,80.87
4404,7,2023-01-18,2023-02-17,Completed,77.15
4405,3,2023-10-07,,Dropped,0.0
4405,5,2023-04-05,2023-05-05,Completed,62.21
4406,4,2023-03-05,2023-04-04,Completed,76.99
4407,6,2023-04-10,2023-05-10,Completed,83.9
4408,2,2023-12-14,,In Progress,0.0
4408,3,2023-05-23,2023-06-22,Completed,78.82
4408,5,2023-03-02,2023-04-01,Completed,72.65
4408,10,2023-08-18,,In Progress,0.0
4409,2,2023-09-05,,Dropped,0.0
4409,5,2023-12-03,2024-01-02,Completed,73.57
4410,4,2023-06-06,,In Progress,0.0
4410,1,2023-11-13,2023-12-13,Completed,75.91
4410,9,2023-06-24,2023-07-24,Completed,76.74
4410,5,2023-08-10,2023-09-09,Completed,94.01
