EmployeeID,EmployeeName,Age,Gender,MaritalStatus,Education,EducationField,DepartmentID,JobRole,JobLevel,BusinessTravel,MonthlyIncome,PercentSalaryHike,StockOptionLevel,TotalWorkingYears,TrainingTimesLastYear,YearsAtCompany,YearsInCurrentRole,YearsSinceLastPromotion,YearsWithCurrManager,NumCompaniesWorked,DistanceFromHome,Attrition,PerformanceRating,PerformanceLabel
1,Amit Williams,51,Female,Married,2,Life Sciences,1,Healthcare Representative,1,Travel_Rarely,131160,11,0.0,1.0,4.5,1,0,0.0,0.0,1.0,6,No,3,Medium
2,Sneha Pillai,31,Female,Single,1,Life Sciences,2,Research Scientist,1,Travel_Frequently,41890,23,1.0,6.0,3.0,5,3,1.0,4.0,0.0,10,Yes,4,High
3,Nikhil Jones,32,Male,Married,4,Other,2,Sales Executive,4,Travel_Frequently,165835,15,2.5,5.0,2.0,5,3,0.0,3.0,1.0,17,No,3,Low
4,Amit Smith,38,Male,Married,5,Life Sciences,2,Human Resources,3,Non-Travel,83210,11,2.5,13.0,4.5,8,4,7.0,5.0,3.0,2,No,3,Medium
5,Deepika Kumar,32,Male,Single,1,Medical,2,Sales Executive,1,Travel_Rarely,23420,12,2.0,9.0,2.0,6,3,0.0,4.0,4.0,10,No,3,Medium
6,Raj Wilson,46,Female,Married,3,Life Sciences,2,Research Director,4,Travel_Rarely,40710,13,0.0,28.0,4.5,7,4,7.0,7.0,3.0,8,No,3,Medium
7,Varun Williams,28,Male,Single,2,Medical,2,Sales Executive,2,Travel_Rarely,58130,20,1.0,5.0,2.0,0,0,0.0,0.0,2.0,11,Yes,4,High
8,Tanvi Williams,29,Male,Married,3,Life Sciences,2,Sales Executive,2,Travel_Rarely,31430,22,2.5,10.0,2.0,0,0,0.0,0.0,2.0,18,No,4,High
9,Raj Singh,31,Male,Married,3,Life Sciences,2,Laboratory Technician,3,Travel_Rarely,20440,21,0.0,10.0,2.0,9,5,7.0,8.0,0.0,1,No,4,High
10,Emily Rao,25,Female,Divorced,4,Medical,2,Laboratory Technician,4,Non-Travel,134640,13,1.0,6.0,2.0,6,3,1.0,5.0,1.0,7,No,3,Low
11,Rahul Nair,45,Male,Married,2,Medical,2,Laboratory Technician,2,Travel_Rarely,79910,13,2.0,21.0,2.0,18,10,4.0,10.0,0.0,17,No,3,Medium
12,Aryan Miller,36,Male,Married,1,Life Sciences,2,Laboratory Technician,1,Travel_Rarely,33770,12,2.0,16.0,2.0,15,9,7.5,11.0,0.0,28,No,3,Medium
13,Vivek Agarwal,55,Female,Single,4,Life Sciences,2,Sales Executive,1,Travel_Rarely,55380,17,0.0,28.5,2.0,18,10,4.0,13.0,0.0,14,No,3,Medium
14,Neha Brown,47,Male,Married,1,Medical,2,Research Scientist,1,Non-Travel,57620,11,2.0,10.0,4.0,10,6,7.5,9.0,1.0,1,Yes,3,Low
15,Riya Rao,28,Male,Married,3,Life Sciences,2,Manufacturing Director,1,Travel_Rarely,25920,14,0.0,5.0,2.0,5,3,0.0,4.0,1.0,1,No,3,Medium
16,Pooja Mehta,37,Male,Married,3,Life Sciences,2,Healthcare Representative,2,Travel_Rarely,53460,11,0.0,7.0,2.0,5,3,0.0,1.0,4.0,1,No,3,Medium
17,Amit Shah,21,Male,Single,2,Life Sciences,2,Laboratory Technician,1,Travel_Rarely,42130,12,2.5,3.0,3.0,3,1,1.0,0.0,1.0,3,No,3,Medium
18,Sarah Verma,37,Male,Divorced,3,Medical,2,Sales Executive,2,Non-Travel,41270,13,1.0,15.0,2.0,5,3,0.0,2.0,2.0,1,No,3,Medium
19,Emily Brown,35,Male,Divorced,4,Life Sciences,1,Sales Representative,1,Travel_Rarely,24380,16,0.0,10.0,4.5,7,4,6.0,2.0,7.0,7,No,3,Low
20,Gaurav Trivedi,38,Female,Divorced,3,Life Sciences,2,Manager,1,Travel_Rarely,68700,11,1.0,8.0,4.5,8,4,7.0,7.0,1.0,8,No,3,Low
21,Aryan Johnson,26,Male,Divorced,4,Other,2,Laboratory Technician,2,Travel_Frequently,104470,18,0.0,6.0,3.0,6,3,1.0,4.0,1.0,1,No,3,Low
22,Tanvi Malhotra,50,Male,Divorced,4,Life Sciences,1,Research Scientist,1,Travel_Rarely,96670,23,0.0,28.0,2.0,10,6,1.0,6.0,3.0,8,No,4,High
23,Akash Wilson,53,Female,Married,4,Life Sciences,2,Research Scientist,2,Travel_Rarely,21480,11,0.0,21.0,2.0,5,3,1.0,3.0,3.0,11,No,3,Medium
24,Pooja Garcia,42,Male,Married,4,Life Sciences,2,Manufacturing Director,1,Travel_Rarely,89260,14,0.0,10.0,4.0,18,10,7.5,6.0,1.0,4,No,3,Low
25,Suresh Williams,29,Male,Single,4,Medical,2,Laboratory Technician,1,Travel_Frequently,65130,11,1.0,10.0,2.0,10,6,0.0,9.0,1.0,16,No,3,Medium
26,Vikram Patel,55,Female,Married,4,Other,2,Research Scientist,1,Travel_Rarely,67990,11,0.0,12.0,2.0,10,6,0.0,8.0,3.0,1,No,3,Medium
27,Kunal Rao,26,Female,Married,3,Life Sciences,2,Manager,1,Travel_Frequently,162910,22,0.0,5.0,3.0,5,3,3.0,3.0,1.0,9,No,4,High
28,Rahul Verma,37,Male,Single,1,Marketing,1,Research Scientist,1,Travel_Rarely,27050,11,0.0,17.0,2.0,17,10,5.0,7.0,1.0,5,No,3,Medium
29,Riya Singh,44,Male,Divorced,2,Medical,2,Research Scientist,2,Travel_Frequently,103330,14,1.0,19.0,2.0,1,0,0.0,0.0,3.0,1,Yes,3,Medium
30,Varun Smith,38,Female,Divorced,3,Marketing,1,Manager,1,Travel_Rarely,44480,12,0.0,10.0,3.0,2,1,1.0,2.0,8.5,2,No,3,Medium
31,David Johnson,26,Male,Divorced,3,Medical,2,Research Scientist,3,Travel_Rarely,68540,11,0.0,5.0,4.5,3,1,0.0,2.0,2.0,4,Yes,3,Low
32,Kunal Wilson,28,Male,Single,3,Other,2,Human Resources,1,Travel_Rarely,96370,13,0.0,5.0,4.5,5,3,0.0,2.0,1.0,7,No,3,Medium
33,Neha Malhotra,49,Female,Single,1,Medical,2,Research Scientist,2,Travel_Frequently,35910,13,0.0,22.0,2.0,3,1,1.0,2.0,8.5,1,No,3,Medium
34,Sarah Nair,36,Male,Single,3,Technical Degree,1,Sales Executive,3,Travel_Rarely,54050,14,0.0,10.0,2.0,8,4,7.0,7.0,4.0,5,No,3,Medium
35,Amit Rao,31,Male,Divorced,4,Medical,2,Sales Executive,1,Travel_Frequently,46840,16,1.0,2.0,4.0,2,1,2.0,2.0,1.0,9,No,3,Medium
36,Zara Patel,26,Male,Single,3,Medical,2,Manager,2,Travel_Rarely,157870,12,2.0,8.0,4.5,8,4,7.0,4.0,1.0,8,Yes,3,Medium
37,Pooja Singh,37,Male,Married,1,Marketing,1,Laboratory Technician,1,Travel_Frequently,15140,14,0.0,4.0,3.0,4,2,1.0,2.0,1.0,9,No,3,Medium
38,Suresh Rao,42,Male,Married,2,Marketing,1,Research Director,3,Travel_Frequently,29560,13,0.0,23.0,2.0,18,10,4.0,8.0,5.0,2,No,3,Medium
39,Kavya Mehta,18,Male,Single,4,Life Sciences,2,Sales Executive,1,Travel_Rarely,23350,14,2.0,0.0,3.0,0,0,0.0,0.0,1.0,1,Yes,3,Medium
40,Rohit Agarwal,35,Male,Married,2,Life Sciences,1,Laboratory Technician,1,Travel_Rarely,51540,19,0.0,12.0,2.0,11,6,6.0,9.0,0.0,20,No,3,Low
41,Emma Pillai,36,Female,Married,3,Other,2,Sales Executive,3,Travel_Frequently,69620,12,2.0,4.0,2.0,1,0,0.0,0.0,4.0,8,No,3,Medium
42,Arjun Brown,51,Male,Divorced,3,Life Sciences,2,Laboratory Technician,2,Travel_Rarely,56750,13,0.0,13.0,2.0,4,2,1.0,2.0,5.0,2,No,3,Medium
43,Shivam Smith,41,Male,Single,1,Life Sciences,2,Laboratory Technician,1,Travel_Rarely,23790,12,0.0,22.0,4.5,18,10,0.0,4.0,1.0,29,No,3,Medium
44,Ananya Joshi,18,Male,Single,3,Life Sciences,1,Research Scientist,1,Travel_Rarely,38120,15,0.0,0.0,3.0,0,0,0.0,0.0,1.0,7,No,3,Medium
45,Vivek Brown,28,Male,Single,3,Medical,2,Sales Representative,1,Travel_Rarely,46480,23,2.0,9.0,2.0,8,4,0.0,7.0,0.0,9,No,4,High
46,Nikhil Brown,31,Male,Married,1,Technical Degree,2,Manufacturing Director,1,Travel_Rarely,29360,12,1.0,10.0,2.0,8,4,7.0,7.0,4.0,8,No,3,Medium
47,Emily Nair,39,Female,Divorced,4,Marketing,1,Human Resources,2,Travel_Rarely,21050,20,0.0,19.0,3.0,18,10,3.0,7.0,0.0,5,No,4,High
48,Sarah Joshi,36,Male,Married,4,Life Sciences,2,Sales Executive,1,Non-Travel,85780,21,0.0,11.0,4.0,9,5,0.0,8.0,7.0,5,No,4,High
49,Divya Smith,32,Male,Married,3,Marketing,1,Laboratory Technician,2,Travel_Rarely,27060,21,1.0,13.0,4.0,13,7,4.0,8.0,1.0,2,No,4,High
50,Shivam Singh,38,Female,Married,2,Life Sciences,2,Research Scientist,3,Travel_Rarely,63840,19,2.0,19.0,4.0,10,6,0.0,1.0,3.0,5,No,3,Low
51,James Patel,58,Male,Divorced,3,Life Sciences,2,Manufacturing Director,2,Non-Travel,39680,13,2.0,12.0,3.0,5,3,1.0,2.0,2.0,2,No,3,Medium
52,Zara Sharma,31,Female,Married,1,Technical Degree,2,Research Scientist,3,Travel_Rarely,99070,13,1.0,6.0,3.0,5,3,0.0,3.0,0.0,20,No,3,Medium
53,Zara Williams,31,Male,Married,4,Marketing,1,Sales Executive,2,Travel_Rarely,132250,21,1.0,9.0,2.0,2,1,1.0,0.0,3.0,7,No,4,High
54,Vivek Agarwal,45,Female,Divorced,1,Medical,2,Sales Executive,1,Travel_Frequently,35400,13,0.0,24.0,4.5,18,10,7.5,11.0,1.0,3,No,3,Low
55,Priya Smith,31,Female,Divorced,4,Marketing,1,Research Scientist,2,Travel_Rarely,28040,19,2.0,3.0,0.5,2,1,2.0,2.0,0.0,16,No,3,Medium
56,Gaurav Williams,33,Male,Married,3,Life Sciences,2,Research Director,4,Travel_Frequently,165835,12,1.0,12.0,3.0,10,6,7.5,8.0,6.0,9,No,3,Medium
57,Riya Rao,39,Male,Married,4,Life Sciences,1,Sales Executive,1,Travel_Rarely,165835,22,1.0,21.0,4.5,18,10,7.5,10.0,1.0,1,No,4,High
58,Rahul Thakur,43,Male,Single,4,Medical,2,Research Scientist,4,Travel_Frequently,24390,15,0.0,9.0,2.0,8,4,1.0,7.0,0.0,7,No,3,Medium
59,Aditya Singh,49,Male,Single,3,Life Sciences,2,Manufacturing Director,3,Travel_Rarely,73140,22,0.0,25.0,2.0,7,4,0.0,7.0,7.0,1,No,4,High
60,Divya Kumar,52,Female,Married,1,Life Sciences,2,Research Scientist,2,Travel_Rarely,47740,18,1.0,11.0,2.0,8,4,7.0,7.0,2.0,7,Yes,3,Medium
61,Nikhil Agarwal,27,Male,Single,4,Medical,2,Research Scientist,3,Travel_Rarely,39020,22,0.0,4.0,2.0,4,2,1.0,2.0,1.0,15,No,4,High
62,Sneha Rao,32,Male,Married,3,Life Sciences,2,Research Scientist,3,Travel_Rarely,26620,11,1.0,13.0,4.5,13,7,7.5,9.0,1.0,1,No,3,Medium
63,Emily Thakur,27,Female,Single,2,Medical,2,Research Director,4,Travel_Rarely,28560,12,2.0,5.0,4.5,5,3,0.0,4.0,1.0,13,No,3,Medium
64,Amit Williams,31,Male,Divorced,3,Life Sciences,1,Healthcare Representative,2,Travel_Rarely,10810,11,2.5,13.0,4.0,7,4,1.0,7.0,4.0,24,No,3,Medium
65,Rohit Trivedi,32,Male,Single,3,Technical Degree,2,Healthcare Representative,2,Travel_Rarely,24720,13,0.0,10.0,2.0,7,4,0.0,7.0,7.0,7,No,3,Medium
66,Rohit Shah,28,Male,Married,4,Medical,2,Sales Executive,1,Travel_Rarely,56730,14,1.0,5.0,4.0,3,1,2.0,2.0,5.0,9,Yes,3,Low
67,Amit Shah,30,Female,Married,3,Life Sciences,2,Research Director,4,Travel_Rarely,41970,13,0.0,11.0,3.0,10,6,1.0,9.0,1.0,13,No,3,Medium
68,Zara Joshi,31,Female,Married,1,Life Sciences,2,Manager,1,Travel_Frequently,97130,17,0.0,10.0,4.5,10,6,7.5,9.0,1.0,2,No,3,Medium
69,Sanjay Sharma,39,Female,Married,4,Medical,2,Research Scientist,1,Travel_Frequently,20620,13,0.0,21.0,4.0,18,10,7.5,3.0,1.0,19,No,3,Medium
70,Kavya Pillai,39,Female,Married,1,Medical,2,Laboratory Technician,1,Travel_Rarely,42840,17,1.0,12.0,0.5,1,0,0.0,0.0,4.0,1,Yes,3,Medium
71,Olivia Mehta,33,Male,Single,2,Life Sciences,1,Research Scientist,4,Travel_Frequently,47880,11,1.0,9.0,0.5,7,4,0.0,1.0,3.0,4,No,3,Medium
72,Gaurav Pillai,47,Female,Married,3,Life Sciences,2,Healthcare Representative,2,Travel_Rarely,59060,23,0.0,21.0,4.0,3,1,1.0,1.0,4.0,4,No,4,High
73,Olivia Jones,43,Female,Divorced,3,Medical,2,Research Director,5,Travel_Frequently,38860,17,2.0,9.0,2.0,9,5,0.0,0.0,1.0,14,No,3,Medium
74,Aditya Mehta,27,Male,Married,3,Life Sciences,2,Research Director,1,Non-Travel,165835,17,0.0,6.0,3.0,5,3,1.0,4.0,0.0,2,No,3,Medium
75,James Verma,54,Male,Single,4,Life Sciences,2,Research Scientist,2,Travel_Frequently,29330,12,2.0,20.0,2.0,4,2,0.0,3.0,3.0,1,No,3,Medium
76,Emily Joshi,43,Female,Married,2,Life Sciences,2,Manager,2,Travel_Rarely,65000,23,0.0,10.0,3.0,1,0,0.0,0.0,8.0,7,No,4,High
77,David Joshi,45,Female,Married,1,Marketing,1,Sales Executive,1,Travel_Rarely,165835,14,1.0,12.0,4.5,10,6,7.5,8.0,8.5,3,No,3,Medium
78,Nikhil Agarwal,40,Male,Married,4,Other,2,Research Scientist,4,Travel_Rarely,50330,14,2.0,6.0,4.5,4,2,0.0,2.0,2.0,2,No,3,Medium
79,Anjali Shah,29,Female,Married,3,Medical,2,Research Scientist,1,Travel_Rarely,23070,13,1.0,7.0,0.5,7,4,0.0,7.0,1.0,29,Yes,3,Low
80,Rahul Williams,29,Male,Single,3,Medical,3,Sales Representative,3,Travel_Rarely,25870,22,2.0,4.0,3.0,3,1,2.0,2.0,0.0,8,No,4,High
81,Olivia Agarwal,30,Male,Divorced,3,Life Sciences,2,Research Scientist,2,Travel_Rarely,55070,12,2.0,10.0,2.0,10,6,1.0,2.0,1.0,10,No,3,Medium
82,Neha Pillai,27,Male,Married,2,Medical,2,Manager,1,Travel_Rarely,43930,18,1.0,8.0,2.0,8,4,0.0,7.0,1.0,11,No,3,Low
83,Neha Brown,37,Male,Divorced,4,Life Sciences,1,Healthcare Representative,2,Travel_Rarely,133480,14,0.0,8.0,4.0,6,3,0.0,4.0,7.0,1,No,3,Medium
84,Karan Patel,38,Male,Divorced,4,Medical,2,Laboratory Technician,1,Travel_Rarely,65830,12,0.0,12.0,1.0,11,6,2.0,9.0,0.0,28,No,3,Medium
85,Kavya Sharma,31,Female,Single,3,Medical,2,Manager,3,Travel_Rarely,81030,15,1.0,11.0,4.5,11,6,4.0,10.0,1.0,6,No,3,Medium
86,Ananya Kumar,29,Male,Divorced,4,Life Sciences,2,Sales Executive,3,Travel_Rarely,39780,11,0.0,7.0,0.5,7,4,1.0,7.0,1.0,3,No,3,Medium
87,Vivek Johnson,35,Male,Single,2,Technical Degree,1,Manager,3,Travel_Rarely,25440,13,1.0,17.0,3.0,16,9,0.0,13.0,0.0,16,No,3,Medium
88,Suresh Rao,23,Male,Divorced,4,Life Sciences,2,Manufacturing Director,1,Travel_Rarely,53990,23,0.0,4.0,2.0,4,2,0.0,2.0,1.0,20,No,4,High
89,Tanvi Patel,41,Female,Single,2,Life Sciences,2,Laboratory Technician,1,Travel_Rarely,54870,19,2.0,8.0,0.5,5,3,1.0,2.0,6.0,9,No,3,Medium
90,Sarah Reddy,47,Female,Single,3,Medical,1,Laboratory Technician,2,Travel_Frequently,68340,16,1.0,5.0,2.0,0,0,0.0,0.0,3.0,1,No,3,Medium
91,Emma Singh,42,Male,Single,4,Life Sciences,2,Manager,1,Travel_Rarely,10910,22,0.0,16.0,0.5,1,0,0.0,0.0,2.0,3,No,4,High
92,Rahul Smith,29,Male,Married,4,Marketing,1,Human Resources,2,Non-Travel,57360,22,0.0,4.0,1.0,4,2,0.0,2.0,1.0,22,No,4,High
93,Rahul Rao,42,Male,Divorced,4,Medical,1,Research Scientist,3,Travel_Rarely,22260,12,1.0,4.0,3.0,3,1,1.0,0.0,0.0,7,No,3,Medium
94,Aryan Nair,32,Male,Married,3,Medical,2,Research Scientist,2,Travel_Rarely,57470,13,0.0,8.0,0.5,8,4,0.0,7.0,1.0,2,No,3,Medium
95,Divya Joshi,48,Male,Married,4,Medical,1,Sales Executive,4,Travel_Rarely,98540,16,1.0,15.0,2.0,0,0,0.0,0.0,3.0,13,No,3,Low
96,Suresh Trivedi,37,Male,Divorced,5,Technical Degree,2,Manufacturing Director,2,Travel_Rarely,54670,12,0.0,13.0,2.0,7,4,6.0,7.0,4.0,8,No,3,Medium
97,Sara Nair,30,Male,Married,4,Other,1,Healthcare Representative,1,Non-Travel,53800,21,1.0,4.0,0.5,2,1,2.0,2.0,7.0,25,No,4,High
98,John Kumar,26,Female,Married,3,Medical,1,Laboratory Technician,5,Travel_Rarely,51510,15,2.5,8.0,3.0,8,4,7.0,7.0,1.0,28,No,3,Medium
99,Kavya Kumar,42,Female,Single,2,Medical,1,Laboratory Technician,1,Travel_Rarely,21330,13,2.0,14.0,2.0,1,0,0.0,0.0,3.0,2,No,3,Medium
100,Kavya Wilson,21,Female,Single,3,Medical,2,Manufacturing Director,4,Travel_Frequently,165835,12,0.0,3.0,4.5,3,1,1.0,2.0,1.0,9,Yes,3,Low
101,Kunal Garcia,36,Male,Single,3,Human Resources,3,Laboratory Technician,2,Non-Travel,24320,22,0.0,7.0,4.0,1,0,0.0,0.0,4.0,28,No,4,High
102,Rahul Smith,36,Female,Married,3,Life Sciences,2,Research Scientist,2,Travel_Frequently,47710,13,1.0,16.0,2.0,13,7,1.0,12.0,4.0,6,No,3,Medium
103,Pooja Gupta,57,Male,Married,4,Life Sciences,2,Research Scientist,5,Travel_Rarely,165835,18,0.0,15.0,2.0,3,1,1.0,2.0,2.0,21,No,3,Medium
104,Vikram Wilson,40,Male,Married,3,Other,2,Sales Executive,2,Travel_Rarely,50870,14,1.0,10.0,3.0,7,4,1.0,7.0,3.0,8,No,3,Medium
105,Gaurav Williams,21,Female,Single,5,Life Sciences,2,Manager,2,Non-Travel,28630,14,0.0,3.0,2.0,3,1,2.0,2.0,1.0,1,No,3,Low
106,Gaurav Smith,33,Female,Single,2,Human Resources,3,Manager,5,Travel_Rarely,55610,21,1.0,1.0,3.0,1,0,0.0,0.0,1.0,28,Yes,4,High
107,Vivek Rao,37,Male,Married,3,Life Sciences,2,Research Scientist,4,Travel_Rarely,21440,19,0.0,17.0,3.0,5,3,0.0,3.0,6.0,5,No,3,Medium
108,Varun Gupta,46,Female,Married,4,Marketing,1,Laboratory Technician,2,Non-Travel,30650,11,0.0,7.0,3.0,1,0,0.0,0.0,2.0,2,No,3,Medium
109,Amit Kumar,41,Female,Single,1,Medical,2,Research Scientist,1,Travel_Frequently,28100,11,0.0,8.0,3.0,8,4,7.0,7.0,1.0,16,Yes,3,Medium
110,Pooja Garcia,50,Female,Single,3,Medical,2,Laboratory Technician,3,Travel_Rarely,98880,15,0.0,20.0,2.0,4,2,1.0,3.0,6.0,9,No,3,Medium
111,Anjali Rao,40,Female,Married,3,Medical,2,Healthcare Representative,1,Travel_Rarely,86280,20,0.0,8.0,2.0,6,3,1.0,0.0,2.0,8,Yes,4,High
112,Tanvi Mehta,31,Male,Single,3,Life Sciences,2,Human Resources,4,Travel_Rarely,28670,24,0.0,3.0,4.5,2,1,2.0,2.0,0.0,1,No,4,High
113,Varun Joshi,21,Male,Single,2,Human Resources,3,Laboratory Technician,1,Travel_Rarely,53730,12,1.0,1.0,2.0,1,0,0.0,0.0,1.0,10,Yes,3,Medium
114,Zara Thakur,29,Female,Single,3,Life Sciences,2,Research Director,2,Travel_Rarely,66670,12,1.0,6.0,4.5,3,1,1.0,2.0,8.5,1,No,3,Medium
115,Riya Patel,35,Female,Single,3,Life Sciences,2,Sales Executive,3,Travel_Rarely,50030,15,0.0,10.0,2.0,1,0,0.0,0.0,8.5,29,No,3,Medium
116,Pooja Jones,27,Male,Divorced,3,Life Sciences,1,Sales Executive,1,Travel_Rarely,23670,12,1.0,5.0,2.0,5,3,0.0,4.0,2.0,2,No,3,Medium
117,Aarav Johnson,28,Male,Single,2,Medical,2,Manager,3,Travel_Rarely,28580,12,0.0,7.0,2.0,7,4,0.0,7.0,1.0,2,No,3,Medium
118,Rahul Smith,49,Male,Single,3,Technical Degree,1,Manufacturing Director,2,Travel_Rarely,52040,14,1.0,26.0,3.0,5,3,0.0,0.0,8.0,2,No,3,Medium
119,Sneha Pillai,51,Male,Married,2,Life Sciences,2,Sales Executive,1,Travel_Rarely,41050,22,1.0,18.0,2.0,7,4,0.0,7.0,4.0,1,No,4,High
120,Karan Trivedi,36,Male,Married,2,Life Sciences,1,Sales Executive,1,Travel_Rarely,96790,12,0.0,6.0,1.0,2,1,2.0,2.0,4.0,15,No,3,Medium
121,Arjun Thakur,34,Male,Single,3,Life Sciences,2,Sales Representative,1,Non-Travel,56170,25,1.0,9.0,3.0,5,3,0.0,4.0,8.0,7,Yes,4,High
122,Ananya Agarwal,55,Male,Single,3,Marketing,1,Laboratory Technician,1,Travel_Rarely,104480,13,0.0,28.5,3.0,5,3,1.0,2.0,2.0,26,No,3,Medium
123,Shivam Kumar,24,Female,Divorced,3,Life Sciences,2,Manager,5,Travel_Rarely,28970,18,2.5,5.0,4.0,5,3,0.0,3.0,1.0,1,No,3,Medium
124,Vikram Pillai,30,Female,Married,3,Life Sciences,2,Manager,2,Travel_Rarely,59680,13,0.0,1.0,3.0,1,0,0.0,0.0,1.0,3,No,3,Medium
125,Vivek Verma,26,Male,Single,3,Life Sciences,1,Manager,2,Travel_Frequently,75100,18,2.5,7.0,3.0,6,3,0.0,4.0,0.0,14,Yes,3,Medium
126,Aryan Reddy,22,Male,Married,5,Other,2,Research Scientist,1,Travel_Rarely,29910,19,2.0,2.0,3.0,2,1,1.0,2.0,1.0,16,No,3,Low
127,Deepika Malhotra,36,Female,Married,3,Medical,2,Healthcare Representative,5,Travel_Rarely,165835,12,1.0,10.0,3.0,10,6,7.5,0.0,1.0,1,No,3,Medium
128,Sneha Singh,30,Male,Single,2,Marketing,1,Research Scientist,3,Travel_Frequently,11290,19,0.0,3.0,2.0,1,0,0.0,0.0,8.5,3,Yes,3,Medium
129,Suresh Kumar,37,Male,Divorced,1,Technical Degree,2,Sales Executive,1,Travel_Rarely,133410,14,1.0,18.0,3.0,18,10,7.5,14.5,1.0,10,No,3,Medium
130,Aryan Thakur,40,Male,Divorced,2,Medical,2,Research Scientist,3,Travel_Rarely,43320,14,2.0,8.0,3.0,5,3,1.0,3.0,7.0,6,No,3,Medium
131,Zara Patel,42,Female,Divorced,3,Medical,2,Manager,4,Travel_Rarely,110310,12,1.0,8.0,2.0,5,3,1.0,2.0,3.0,2,No,3,Low
132,Ishaan Miller,37,Male,Single,1,Marketing,1,Sales Executive,3,Travel_Rarely,44400,11,1.0,18.0,3.0,1,0,0.0,1.0,2.0,9,No,3,Low
133,Olivia Thakur,43,Female,Divorced,2,Life Sciences,1,Sales Executive,1,Travel_Rarely,46170,11,0.0,25.0,2.0,18,10,3.0,9.0,1.0,10,No,3,Low
134,Pooja Malhotra,40,Female,Married,2,Life Sciences,1,Laboratory Technician,1,Travel_Rarely,26470,13,0.0,20.0,2.0,1,0,0.0,0.0,6.0,6,No,3,Medium
135,Sara Thakur,54,Female,Married,3,Life Sciences,3,Manufacturing Director,2,Travel_Rarely,63230,23,1.0,24.0,2.0,4,2,1.0,2.0,4.0,9,No,4,High
136,Ishaan Sharma,34,Male,Married,3,Medical,2,Laboratory Technician,1,Non-Travel,56770,20,1.0,6.0,3.0,3,1,1.0,2.0,8.5,28,No,4,High
137,Arjun Miller,31,Male,Married,4,Life Sciences,2,Sales Executive,3,Travel_Rarely,21870,15,1.0,13.0,2.0,13,7,3.0,12.0,1.0,10,No,3,Low
138,Neha Reddy,43,Female,Married,3,Life Sciences,1,Manufacturing Director,1,Travel_Frequently,37480,14,2.0,10.0,3.0,3,1,1.0,2.0,7.0,14,No,3,Medium
139,Priya Williams,43,Male,Divorced,4,Life Sciences,1,Sales Representative,2,Travel_Rarely,39770,18,1.0,8.0,3.0,5,3,0.0,2.0,4.0,27,No,3,Medium
140,Akash Kumar,25,Male,Single,2,Human Resources,3,Manufacturing Director,1,Travel_Rarely,86330,19,1.0,5.0,2.0,5,3,1.0,3.0,1.0,7,No,3,Medium
141,Gaurav Reddy,37,Male,Married,3,Medical,2,Laboratory Technician,3,Non-Travel,20080,22,0.0,15.0,4.5,13,7,7.5,7.0,3.0,1,No,4,High
142,Sneha Reddy,31,Male,Married,1,Medical,2,Laboratory Technician,3,Travel_Rarely,44400,13,1.0,4.0,2.0,4,2,3.0,2.0,1.0,24,No,3,Medium
143,Nikhil Miller,39,Female,Divorced,4,Technical Degree,2,Sales Executive,1,Travel_Frequently,30670,20,1.0,21.0,4.5,18,10,1.0,6.0,1.0,26,No,4,High
144,Arjun Thakur,56,Female,Married,4,Life Sciences,2,Sales Executive,3,Travel_Frequently,53210,14,0.0,28.5,1.0,7,4,7.0,7.0,8.5,20,No,3,Low
145,Riya Rao,30,Female,Single,4,Medical,1,Manufacturing Director,2,Travel_Rarely,54100,17,1.0,6.0,2.0,5,3,4.0,4.0,0.0,5,No,3,Medium
146,Zara Gupta,41,Female,Married,3,Technical Degree,2,Research Scientist,3,Travel_Rarely,27820,14,0.0,10.0,2.0,10,6,0.0,7.0,1.0,7,No,3,Low
147,John Malhotra,28,Male,Divorced,3,Medical,2,Healthcare Representative,3,Travel_Rarely,119570,13,0.0,10.0,2.0,10,6,1.0,8.0,1.0,7,No,3,Low
148,Riya Shah,25,Female,Married,2,Life Sciences,2,Laboratory Technician,3,Travel_Rarely,26600,13,0.0,6.0,3.0,2,1,0.0,2.0,5.0,5,Yes,3,Low
149,Emily Pillai,52,Female,Married,2,Life Sciences,2,Sales Representative,2,Travel_Rarely,33750,21,0.0,28.0,2.0,5,3,0.0,4.0,2.0,26,No,4,High
150,Ishaan Sharma,45,Female,Married,3,Medical,2,Sales Executive,1,Travel_Rarely,50980,14,1.0,8.0,4.0,2,1,0.0,2.0,3.0,2,No,3,Medium
151,Kunal Brown,52,Male,Married,3,Medical,2,Research Scientist,2,Travel_Rarely,48780,11,1.0,28.5,3.0,5,3,1.0,4.0,2.0,12,No,3,Medium
152,Aarav Garcia,42,Female,Divorced,3,Marketing,1,Healthcare Representative,2,Travel_Frequently,28370,13,1.0,19.0,0.5,5,3,0.0,2.0,2.0,10,No,3,Low
153,Riya Singh,30,Male,Single,3,Marketing,1,Sales Executive,1,Travel_Rarely,24060,20,1.0,11.0,4.5,5,3,0.0,2.0,2.0,25,No,4,High
154,Ishaan Shah,60,Female,Married,3,Life Sciences,2,Manufacturing Director,1,Travel_Rarely,22690,18,1.0,28.5,4.0,18,10,7.5,10.0,5.0,10,No,3,Low
155,Karan Kumar,46,Female,Divorced,4,Marketing,1,Sales Executive,1,Travel_Rarely,41080,14,0.0,19.0,4.5,10,6,0.0,8.0,2.0,19,No,3,Medium
156,Sneha Agarwal,42,Male,Married,4,Technical Degree,2,Sales Executive,4,Travel_Frequently,132060,13,2.0,7.0,2.0,6,3,0.0,4.0,0.0,18,No,3,Medium
157,Anjali Joshi,24,Male,Single,2,Medical,2,Research Scientist,1,Travel_Rarely,104220,17,1.0,6.0,0.5,5,3,1.0,4.0,1.0,27,Yes,3,Low
158,Divya Agarwal,34,Male,Divorced,3,Medical,2,Research Scientist,2,Travel_Frequently,137440,20,1.0,3.0,3.0,2,1,1.0,0.0,0.0,5,Yes,4,High
159,Varun Johnson,38,Female,Married,3,Marketing,1,Sales Executive,2,Travel_Frequently,49070,11,1.0,1.0,3.0,1,0,0.0,0.0,1.0,3,No,3,Medium
160,Emma Williams,40,Female,Married,4,Marketing,1,Sales Executive,1,Travel_Rarely,34820,18,1.0,21.0,2.0,18,10,1.0,12.0,0.0,26,No,3,Medium
161,Karan Kumar,26,Female,Divorced,2,Medical,2,Healthcare Representative,4,Travel_Rarely,24360,24,0.0,3.0,2.0,3,1,0.0,2.0,1.0,3,No,4,High
162,Sara Garcia,30,Female,Married,3,Medical,2,Sales Executive,2,Non-Travel,23800,18,2.5,9.0,2.0,5,3,1.0,4.0,4.0,15,No,3,Medium
163,John Mehta,29,Female,Married,3,Medical,2,Manufacturing Director,3,Travel_Rarely,165835,11,0.0,10.0,3.0,10,6,0.0,7.0,1.0,8,No,3,Medium
164,Divya Sharma,29,Male,Married,4,Life Sciences,2,Research Scientist,3,Travel_Rarely,17900,16,1.0,6.0,4.0,2,1,1.0,1.0,5.0,19,Yes,3,Medium
165,Arjun Shah,19,Male,Single,3,Medical,2,Sales Executive,1,Travel_Rarely,76440,15,2.0,1.0,2.0,1,0,0.0,0.0,1.0,4,Yes,3,Medium
166,Riya Nair,30,Female,Married,4,Life Sciences,2,Research Scientist,3,Non-Travel,51310,15,1.0,10.0,2.0,9,5,7.0,8.0,0.0,2,No,3,Medium
167,Karan Brown,57,Male,Divorced,2,Life Sciences,2,Research Scientist,4,Travel_Rarely,63060,12,1.0,28.5,3.0,1,0,0.0,0.0,3.0,2,No,3,Medium
168,Pooja Brown,50,Female,Married,4,Life Sciences,1,Manager,3,Travel_Rarely,47870,12,0.0,28.0,3.0,18,10,7.5,7.0,0.0,10,No,3,Medium
169,John Joshi,30,Male,Single,2,Life Sciences,1,Laboratory Technician,3,Non-Travel,165835,22,1.0,12.0,3.0,11,6,6.0,7.0,0.0,10,No,4,High
170,Deepika Miller,60,Female,Married,3,Life Sciences,2,Laboratory Technician,4,Travel_Frequently,23390,20,0.0,22.0,4.0,18,10,7.5,11.0,4.0,16,No,4,High
171,Shivam Joshi,47,Male,Divorced,3,Technical Degree,2,Manufacturing Director,5,Travel_Rarely,135700,16,2.0,20.0,2.0,5,3,0.0,4.0,5.0,1,No,3,Medium
172,Sara Reddy,46,Male,Married,1,Technical Degree,1,Laboratory Technician,1,Travel_Rarely,67120,21,1.0,26.0,3.0,3,1,0.0,1.0,6.0,4,No,4,High
173,Sarah Gupta,35,Female,Single,2,Medical,2,Laboratory Technician,2,Travel_Rarely,54060,12,1.0,6.0,2.0,5,3,4.0,3.0,0.0,15,No,3,Medium
174,Olivia Miller,54,Male,Single,4,Medical,2,Human Resources,2,Travel_Rarely,89380,11,2.5,19.0,2.0,1,0,0.0,0.0,7.0,2,No,3,Medium
175,Aryan Patel,34,Male,Divorced,2,Life Sciences,1,Laboratory Technician,1,Travel_Rarely,24390,11,2.0,14.0,2.0,7,4,5.0,7.0,3.0,8,No,3,Medium
176,Raj Verma,46,Male,Married,3,Life Sciences,2,Healthcare Representative,1,Travel_Rarely,88370,18,0.0,15.0,3.0,3,1,1.0,2.0,2.0,2,No,3,Medium
177,Ishaan Pillai,31,Male,Divorced,3,Life Sciences,2,Research Director,2,Travel_Rarely,53430,14,1.0,13.0,3.0,13,7,0.0,8.0,1.0,7,No,3,Medium
178,John Wilson,33,Female,Married,3,Life Sciences,2,Research Director,4,Travel_Rarely,67280,22,0.0,15.0,2.0,7,4,7.0,7.0,7.0,10,Yes,4,High
179,Arjun Garcia,33,Male,Divorced,4,Marketing,1,Research Director,2,Travel_Rarely,66520,25,0.0,8.0,4.5,4,2,1.0,3.0,7.0,5,Yes,4,High
180,Amit Johnson,30,Male,Single,3,Life Sciences,2,Sales Executive,1,Travel_Rarely,48500,12,1.0,4.0,4.0,3,1,1.0,2.0,0.0,2,No,3,Medium
181,Emily Garcia,35,Female,Married,2,Medical,2,Sales Representative,2,Travel_Rarely,28090,23,1.0,10.0,2.0,8,4,0.0,0.0,4.0,12,No,4,High
182,Dev Garcia,31,Female,Married,2,Medical,2,Sales Executive,2,Travel_Frequently,56890,15,2.0,12.0,2.0,1,0,0.0,0.0,3.0,22,Yes,3,Low
183,Ananya Reddy,34,Male,Divorced,1,Marketing,1,Research Director,1,Travel_Frequently,20010,22,1.0,11.0,4.5,3,1,0.0,2.0,8.5,17,Yes,4,High
184,Priya Joshi,42,Female,Married,4,Medical,2,Research Scientist,1,Travel_Frequently,29770,15,2.5,8.0,3.0,2,1,2.0,0.0,4.0,2,No,3,Medium
185,Aarav Williams,36,Male,Single,4,Medical,2,Research Scientist,1,Non-Travel,40250,11,0.0,10.0,3.0,10,6,7.5,7.0,1.0,3,No,3,Medium
186,Kavya Agarwal,22,Female,Single,3,Medical,2,Laboratory Technician,2,Travel_Frequently,37850,13,2.0,4.0,2.0,2,1,1.0,2.0,5.0,7,Yes,3,Medium
187,Neha Nair,48,Male,Married,3,Medical,2,Laboratory Technician,1,Travel_Rarely,108540,14,1.0,14.0,4.5,9,5,6.0,7.0,2.0,6,No,3,Medium
188,Sarah Kumar,55,Female,Single,3,Medical,2,Sales Executive,1,Travel_Rarely,120310,11,0.0,28.5,4.5,10,6,7.0,7.0,3.0,1,No,3,Low
189,Varun Johnson,41,Female,Single,2,Life Sciences,2,Research Scientist,2,Non-Travel,99360,17,1.0,16.0,2.0,14,8,1.0,10.0,7.0,3,No,3,Medium
190,Meera Gupta,35,Female,Married,3,Medical,2,Sales Representative,1,Travel_Rarely,29660,18,0.0,15.0,2.0,11,6,6.0,9.0,8.5,22,No,3,Medium
191,Aarav Miller,40,Female,Single,3,Life Sciences,2,Laboratory Technician,2,Travel_Rarely,25710,14,0.0,22.0,1.0,18,10,5.0,13.0,7.0,15,No,3,Medium
192,Emma Gupta,39,Male,Married,1,Medical,2,Research Scientist,1,Travel_Frequently,99910,16,1.0,8.0,3.0,8,4,0.0,7.0,1.0,12,No,3,Medium
193,Aditya Singh,31,Male,Single,4,Life Sciences,2,Research Director,3,Travel_Rarely,61420,13,2.0,10.0,2.0,6,3,0.0,5.0,4.0,1,No,3,Medium
194,Akash Brown,42,Male,Married,3,Medical,2,Sales Executive,3,Travel_Rarely,53900,14,0.0,10.0,3.0,10,6,5.0,8.0,1.0,5,No,3,Medium
195,Sarah Singh,45,Female,Married,1,Medical,2,Sales Executive,4,Travel_Rarely,44040,23,0.0,9.0,2.0,8,4,3.0,7.0,0.0,2,No,4,High
196,Vikram Patel,26,Female,Divorced,1,Life Sciences,2,Laboratory Technician,2,Travel_Frequently,59930,12,0.0,8.0,3.0,7,4,1.0,0.0,0.0,2,Yes,3,Medium
197,Kunal Thakur,29,Male,Divorced,3,Medical,2,Research Scientist,1,Travel_Rarely,51300,11,0.0,8.0,3.0,3,1,1.0,2.0,4.0,5,No,3,Medium
198,Tanvi Jones,33,Female,Divorced,3,Medical,2,Laboratory Technician,1,Travel_Rarely,20900,16,0.0,10.0,2.0,6,3,0.0,5.0,4.0,16,No,3,Medium
199,Aditya Patel,31,Female,Divorced,4,Life Sciences,2,Sales Executive,1,Travel_Rarely,29090,14,2.0,10.0,2.0,5,3,0.0,1.0,8.5,2,No,3,Medium
200,Ishaan Joshi,18,Male,Single,3,Technical Degree,2,Sales Executive,1,Travel_Frequently,34680,18,2.0,0.0,4.0,0,0,0.0,0.0,1.0,2,Yes,3,Medium
201,Olivia Williams,40,Female,Divorced,4,Technical Degree,2,Laboratory Technician,2,Non-Travel,30680,19,0.0,20.0,3.0,1,0,0.0,1.0,3.0,1,No,3,Low
202,Karan Wilson,41,Male,Single,3,Life Sciences,2,Manufacturing Director,2,Non-Travel,26700,15,2.0,10.0,2.0,8,4,0.0,7.0,2.0,23,No,3,Low
203,Rahul Reddy,26,Male,Divorced,4,Medical,2,Healthcare Representative,3,Travel_Rarely,26930,17,2.5,8.0,3.0,0,0,0.0,0.0,5.0,9,No,3,Low
204,Nikhil Singh,35,Male,Single,4,Medical,2,Human Resources,2,Travel_Rarely,95260,15,0.0,5.0,2.0,5,3,0.0,3.0,1.0,16,No,3,Low
205,Emma Sharma,34,Male,Single,3,Medical,2,Laboratory Technician,1,Travel_Rarely,52370,19,1.0,10.0,3.0,10,6,5.0,7.0,1.0,26,No,3,Medium
206,Aryan Mehta,26,Female,Single,3,Marketing,1,Manufacturing Director,2,Travel_Rarely,24260,22,0.0,1.0,3.0,1,0,0.0,0.0,1.0,1,Yes,4,High
207,Ishaan Singh,37,Male,Single,1,Life Sciences,2,Sales Executive,1,Travel_Rarely,41930,16,1.0,12.0,4.5,6,3,1.0,2.0,4.0,8,No,3,Medium
208,Aarav Agarwal,46,Male,Married,1,Medical,2,Human Resources,5,Travel_Frequently,29110,13,0.0,28.0,3.0,2,1,1.0,2.0,5.0,4,No,3,Low
209,John Singh,41,Male,Married,1,Life Sciences,2,Research Director,1,Travel_Rarely,26610,14,1.0,22.0,2.0,18,10,7.5,8.0,7.0,24,No,3,Low
210,Ishaan Reddy,37,Male,Divorced,2,Medical,2,Sales Executive,1,Non-Travel,20280,16,1.0,9.0,3.0,9,5,7.0,7.0,1.0,7,No,3,Low
211,David Smith,52,Male,Divorced,1,Medical,1,Laboratory Technician,1,Travel_Rarely,99800,11,1.0,18.0,2.0,10,6,6.0,9.0,2.0,2,No,3,Medium
212,Vikram Thakur,32,Female,Married,2,Life Sciences,2,Research Director,2,Non-Travel,32980,22,0.0,6.0,4.0,4,2,1.0,2.0,8.0,7,Yes,4,High
213,Neha Patel,24,Female,Married,3,Life Sciences,1,Healthcare Representative,1,Travel_Frequently,29350,14,2.0,3.0,4.5,2,1,2.0,1.0,0.0,22,No,3,Medium
214,Michael Brown,38,Female,Married,3,Life Sciences,2,Research Scientist,1,Travel_Rarely,154270,16,1.0,18.0,2.0,1,0,0.0,0.0,3.0,5,No,3,Medium
215,Aditya Smith,37,Female,Married,4,Technical Degree,2,Research Scientist,5,Travel_Rarely,39440,11,2.0,8.0,3.0,6,3,4.0,3.0,6.0,1,No,3,Low
216,Amit Johnson,49,Male,Divorced,1,Life Sciences,1,Sales Executive,1,Travel_Rarely,40110,18,2.0,28.5,2.0,18,10,0.0,9.0,1.0,21,No,3,Medium
217,James Singh,24,Female,Married,3,Marketing,1,Sales Executive,1,Travel_Rarely,34070,15,2.0,6.0,2.0,6,3,1.0,4.0,1.0,1,No,3,Medium
218,Nikhil Singh,26,Female,Married,4,Technical Degree,2,Sales Executive,4,Travel_Rarely,119940,14,1.0,6.0,4.5,5,3,1.0,4.0,1.0,19,No,3,Medium
219,Rohit Miller,24,Female,Married,3,Medical,1,Laboratory Technician,1,Travel_Rarely,12320,12,0.0,1.0,4.0,1,0,0.0,0.0,1.0,7,No,3,Medium
220,Amit Nair,50,Male,Married,2,Marketing,1,Sales Executive,1,Travel_Frequently,29600,14,2.5,28.5,2.0,18,10,7.5,7.0,1.0,2,No,3,Low
221,John Joshi,25,Male,Married,3,Life Sciences,2,Research Scientist,1,Travel_Rarely,165835,16,0.0,7.0,3.0,7,4,0.0,6.0,1.0,2,No,3,Medium
222,Anjali Reddy,24,Male,Married,3,Medical,2,Research Scientist,2,Travel_Frequently,39190,21,0.0,6.0,3.0,6,3,1.0,2.0,1.0,2,Yes,4,High
223,Rahul Agarwal,30,Male,Married,3,Other,2,Healthcare Representative,2,Travel_Frequently,68250,14,0.0,1.0,2.0,1,0,0.0,0.0,1.0,9,Yes,3,Medium
224,Karan Miller,34,Male,Married,2,Life Sciences,1,Research Director,4,Travel_Rarely,102480,12,1.0,6.0,4.0,6,3,1.0,3.0,1.0,6,No,3,Medium
225,Raj Joshi,31,Female,Divorced,1,Medical,2,Sales Representative,1,Travel_Rarely,165835,12,2.0,9.0,2.0,3,1,1.0,2.0,2.0,9,Yes,3,Low
226,John Miller,35,Female,Single,3,Life Sciences,2,Sales Executive,5,Travel_Rarely,24960,17,2.5,9.0,3.0,3,1,0.0,2.0,4.0,2,No,3,Medium
227,Rahul Sharma,31,Female,Divorced,3,Marketing,1,Sales Executive,2,Travel_Rarely,64650,17,0.0,13.0,3.0,7,4,5.0,7.0,4.0,1,No,3,Medium
228,Sanjay Shah,27,Male,Divorced,4,Medical,1,Sales Representative,1,Travel_Rarely,22060,14,1.0,6.0,4.0,5,3,0.0,3.0,0.0,22,No,3,Low
229,Arjun Trivedi,37,Female,Married,4,Marketing,1,Laboratory Technician,2,Travel_Rarely,20860,14,0.0,17.0,3.0,3,1,1.0,0.0,4.0,9,No,3,Medium
230,Emily Kumar,20,Female,Single,4,Medical,2,Sales Representative,1,Travel_Rarely,22930,13,2.0,1.0,3.0,1,0,0.0,0.0,1.0,17,No,3,Medium
231,Varun Singh,42,Female,Married,4,Life Sciences,2,Manufacturing Director,2,Travel_Rarely,26450,15,0.0,10.0,4.5,10,6,2.0,2.0,1.0,28,No,3,Medium
232,Vikram Pillai,43,Female,Divorced,5,Technical Degree,2,Sales Executive,2,Travel_Rarely,26830,11,0.0,21.0,3.0,1,0,0.0,0.0,4.0,10,No,3,Medium
233,Aarav Wilson,38,Male,Single,4,Medical,3,Human Resources,1,Travel_Rarely,20140,17,1.0,8.0,4.5,0,0,0.0,0.0,3.0,2,No,3,Medium
234,Aryan Thakur,43,Female,Divorced,3,Medical,1,Healthcare Representative,2,Travel_Frequently,34190,11,1.0,10.0,4.5,8,4,4.0,7.0,3.0,4,No,3,Medium
235,Aryan Miller,48,Male,Married,1,Medical,2,Laboratory Technician,2,Travel_Rarely,53760,13,1.0,21.0,3.0,3,1,0.0,2.0,7.0,8,No,3,Medium
236,Varun Brown,44,Male,Single,4,Marketing,1,Sales Executive,2,Travel_Rarely,19510,22,2.5,10.0,4.0,2,1,0.0,2.0,4.0,29,No,4,High
237,Nikhil Rao,34,Female,Divorced,4,Life Sciences,2,Laboratory Technician,1,Travel_Rarely,23410,20,2.0,8.0,3.0,8,4,0.0,6.0,1.0,13,No,4,High
238,Shivam Williams,27,Male,Divorced,3,Life Sciences,1,Research Scientist,2,Travel_Rarely,22930,18,0.0,5.0,0.5,4,2,0.0,2.0,0.0,27,Yes,3,Medium
239,Emily Sharma,21,Male,Single,2,Life Sciences,1,Sales Executive,3,Travel_Rarely,87260,11,1.0,3.0,2.0,3,1,1.0,2.0,1.0,16,No,3,Medium
240,Sneha Kumar,44,Male,Married,2,Life Sciences,2,Laboratory Technician,1,Travel_Rarely,40110,14,1.0,26.0,2.0,2,1,0.0,1.0,4.0,2,No,3,Medium
241,Ishaan Brown,22,Female,Married,2,Medical,2,Laboratory Technician,2,Travel_Rarely,165835,14,0.0,3.0,3.0,2,1,2.0,2.0,0.0,2,No,3,Low
242,Divya Williams,33,Female,Divorced,4,Marketing,1,Manufacturing Director,2,Travel_Rarely,45680,18,1.0,6.0,2.0,5,3,1.0,2.0,0.0,13,No,3,Medium
243,Pooja Mehta,32,Female,Married,1,Life Sciences,2,Healthcare Representative,1,Travel_Rarely,30220,16,1.0,6.0,3.0,6,3,0.0,5.0,1.0,1,No,3,Medium
244,Kavya Shah,30,Male,Divorced,5,Technical Degree,2,Manager,3,Travel_Frequently,57720,17,0.0,1.0,3.0,1,0,0.0,0.0,1.0,4,No,3,Medium
245,Vikram Trivedi,53,Female,Single,3,Other,2,Manager,3,Travel_Rarely,22690,11,1.0,18.0,2.0,14,8,7.5,10.0,7.0,24,No,3,Medium
246,Emma Jones,34,Male,Married,5,Medical,2,Research Scientist,1,Travel_Rarely,53810,12,0.0,10.0,0.5,10,6,7.5,8.0,1.0,1,No,3,Medium
247,Vikram Trivedi,45,Male,Married,4,Life Sciences,2,Research Director,3,Travel_Frequently,34410,13,1.0,5.0,4.5,1,0,0.0,0.0,2.0,19,Yes,3,Low
248,Ishaan Pillai,26,Male,Married,2,Life Sciences,2,Manufacturing Director,1,Travel_Rarely,54540,13,1.0,3.0,4.5,3,1,0.0,2.0,1.0,7,No,3,Medium
249,Anjali Nair,37,Male,Married,3,Medical,2,Manager,1,Travel_Rarely,98840,14,0.0,10.0,3.0,10,6,7.0,8.0,1.0,4,No,3,Medium
250,David Pillai,29,Female,Married,3,Life Sciences,2,Healthcare Representative,1,Travel_Rarely,41570,17,2.5,6.0,2.0,6,3,1.0,2.0,1.0,2,No,3,Medium
251,Ananya Agarwal,35,Female,Single,5,Medical,2,Laboratory Technician,4,Travel_Rarely,134580,11,0.0,17.0,3.0,17,10,7.5,8.0,1.0,10,No,3,Medium
252,John Jones,33,Male,Divorced,3,Technical Degree,2,Laboratory Technician,2,Travel_Frequently,90690,25,1.0,15.0,3.0,13,7,4.0,7.0,3.0,8,No,4,High
253,Gaurav Rao,54,Female,Married,2,Life Sciences,2,Sales Executive,2,Travel_Rarely,40140,19,1.0,16.0,4.0,9,5,7.0,1.0,2.0,5,No,3,Medium
254,Raj Gupta,36,Male,Divorced,3,Life Sciences,2,Research Scientist,2,Travel_Rarely,59150,13,1.0,13.0,3.0,3,1,0.0,2.0,2.0,8,No,3,Low
255,Gaurav Mehta,27,Male,Single,3,Marketing,1,Research Director,5,Travel_Rarely,59930,14,1.0,5.0,3.0,4,2,1.0,1.0,0.0,9,No,3,Low
256,Olivia Johnson,20,Male,Single,3,Life Sciences,2,Sales Representative,5,Travel_Rarely,61620,12,2.5,1.0,2.0,1,0,1.0,1.0,1.0,1,Yes,3,Medium
257,Emily Brown,33,Female,Single,4,Medical,2,Laboratory Technician,1,Travel_Frequently,24060,11,0.0,10.0,3.0,10,6,7.5,7.0,1.0,15,Yes,3,Low
258,John Kumar,35,Male,Married,1,Medical,2,Research Scientist,1,Non-Travel,165835,19,1.0,1.0,2.0,1,0,0.0,0.0,1.0,2,No,3,Medium
259,Michael Verma,23,Male,Married,3,Life Sciences,2,Healthcare Representative,1,Travel_Rarely,76370,11,1.0,5.0,3.0,3,1,0.0,2.0,2.0,2,No,3,Low
260,Priya Thakur,25,Male,Married,3,Medical,2,Manufacturing Director,2,Travel_Rarely,100960,11,1.0,4.0,3.0,3,1,1.0,2.0,0.0,11,No,3,Medium
261,Kunal Singh,38,Male,Single,3,Life Sciences,2,Research Scientist,5,Travel_Rarely,147560,20,1.0,8.0,3.0,7,4,0.0,5.0,0.0,16,No,4,High
262,Deepika Brown,29,Male,Divorced,4,Life Sciences,1,Healthcare Representative,4,Travel_Frequently,64990,18,2.5,10.0,3.0,10,6,2.0,8.0,1.0,2,No,3,Medium
263,Karan Joshi,48,Male,Married,3,Technical Degree,2,Sales Executive,1,Travel_Rarely,97240,13,0.0,12.0,2.0,2,1,2.0,2.0,3.0,16,No,3,Medium
264,David Singh,27,Male,Divorced,3,Technical Degree,1,Laboratory Technician,5,Travel_Frequently,21940,12,0.0,6.0,4.5,6,3,0.0,4.0,1.0,4,No,3,Medium
265,David Miller,37,Male,Single,3,Life Sciences,2,Manager,3,Travel_Rarely,33880,11,0.0,4.0,2.0,1,0,0.0,0.0,3.0,16,No,3,Medium
266,Sanjay Patel,50,Male,Married,3,Medical,1,Laboratory Technician,1,Travel_Rarely,54730,19,1.0,20.0,2.0,18,10,3.0,8.0,1.0,5,No,3,Medium
267,Arjun Joshi,34,Male,Single,1,Medical,2,Healthcare Representative,1,Travel_Rarely,27030,21,1.0,9.0,2.0,8,4,7.0,7.0,1.0,18,No,4,High
268,Rohit Singh,24,Female,Single,2,Life Sciences,2,Healthcare Representative,1,Travel_Rarely,25010,12,0.0,4.0,3.0,2,1,2.0,0.0,8.5,17,Yes,3,Low
269,Pooja Kumar,39,Female,Single,5,Medical,2,Sales Representative,1,Travel_Rarely,62200,14,2.0,20.0,2.0,18,10,7.5,10.0,1.0,12,No,3,Medium
270,Riya Sharma,32,Male,Single,3,Life Sciences,2,Research Scientist,5,Travel_Rarely,30380,11,0.0,10.0,4.5,10,6,0.0,8.0,1.0,2,No,3,Medium
271,Tanvi Verma,50,Male,Married,2,Medical,2,Sales Representative,4,Travel_Frequently,44240,14,1.0,18.0,2.0,4,2,1.0,3.0,3.0,4,Yes,3,Medium
272,Deepika Patel,38,Male,Single,4,Life Sciences,2,Sales Executive,1,Travel_Rarely,43120,12,1.0,10.0,2.0,9,5,1.0,8.0,0.0,9,No,3,Medium
273,James Verma,27,Male,Married,3,Medical,2,Research Scientist,5,Travel_Rarely,132450,23,1.0,9.0,3.0,9,5,0.0,7.0,1.0,10,No,4,High
274,Nikhil Thakur,32,Male,Single,3,Medical,1,Sales Executive,2,Travel_Rarely,136640,14,0.0,10.0,4.5,7,4,7.0,7.0,3.0,1,No,3,Medium
275,Raj Smith,47,Female,Single,3,Medical,2,Sales Executive,5,Travel_Rarely,50210,17,0.0,20.0,3.0,7,4,1.0,7.0,2.0,2,No,3,Medium
276,Zara Nair,40,Female,Married,4,Medical,2,Human Resources,3,Travel_Frequently,51260,18,0.0,20.0,2.0,18,10,1.0,12.0,5.0,3,No,3,Medium
277,James Joshi,53,Male,Married,1,Life Sciences,2,Laboratory Technician,2,Travel_Rarely,28590,18,1.0,28.5,2.0,5,3,1.0,3.0,3.0,7,No,3,Medium
278,Olivia Reddy,41,Male,Divorced,3,Medical,1,Sales Executive,1,Travel_Rarely,102390,24,2.5,23.0,3.0,18,10,7.5,6.0,3.0,6,No,4,High
279,Varun Jones,60,Female,Single,2,Life Sciences,2,Laboratory Technician,5,Travel_Rarely,53290,20,0.0,10.0,3.0,2,1,2.0,2.0,8.0,8,No,4,High
280,Zara Jones,27,Male,Divorced,1,Life Sciences,2,Manufacturing Director,2,Travel_Frequently,43250,14,0.0,9.0,2.0,9,5,1.0,7.0,1.0,29,No,3,Low
281,Riya Verma,41,Male,Married,3,Medical,2,Manufacturing Director,1,Travel_Rarely,72600,16,0.0,22.0,2.0,18,10,2.0,10.0,1.0,3,No,3,Medium
282,Rahul Patel,50,Male,Married,3,Life Sciences,1,Research Scientist,2,Travel_Rarely,23220,25,1.0,4.0,0.5,2,1,2.0,2.0,7.0,9,No,4,High
283,Sarah Mehta,28,Male,Single,4,Life Sciences,1,Research Scientist,3,Travel_Rarely,20750,18,2.5,10.0,0.5,7,4,3.0,7.0,7.0,2,Yes,3,Low
284,Dev Gupta,36,Female,Married,4,Technical Degree,2,Research Scientist,2,Non-Travel,41520,19,1.0,10.0,3.0,8,4,0.0,5.0,8.5,10,No,3,Low
285,Shivam Thakur,38,Female,Single,3,Medical,2,Manager,3,Travel_Rarely,96190,13,1.0,10.0,2.0,1,0,0.0,0.0,4.0,1,No,3,Medium
286,Emma Pillai,44,Male,Single,2,Life Sciences,2,Research Scientist,1,Non-Travel,135030,12,0.0,9.0,4.5,5,3,1.0,4.0,2.0,8,No,3,Low
287,Ishaan Verma,47,Male,Divorced,3,Life Sciences,2,Research Scientist,1,Travel_Frequently,54410,22,1.0,28.0,4.5,18,10,7.5,13.0,8.5,27,No,4,High
288,Aarav Nair,30,Male,Divorced,3,Life Sciences,2,Sales Executive,2,Travel_Rarely,52090,14,1.0,10.0,3.0,8,4,7.0,7.0,7.0,8,No,3,Medium
289,David Shah,29,Female,Single,2,Medical,2,Sales Executive,1,Travel_Rarely,106730,13,2.5,1.0,2.0,1,0,0.0,0.0,1.0,1,No,3,Medium
290,Sarah Kumar,42,Female,Divorced,1,Life Sciences,2,Sales Executive,1,Travel_Frequently,50100,21,2.5,7.0,3.0,2,1,2.0,2.0,6.0,10,Yes,4,High
291,Ananya Brown,43,Male,Married,1,Life Sciences,2,Laboratory Technician,1,Travel_Frequently,135490,11,2.0,7.0,3.0,2,1,2.0,2.0,3.0,26,No,3,Medium
292,Ananya Verma,34,Male,Single,5,Technical Degree,2,Healthcare Representative,2,Travel_Rarely,49990,12,2.0,10.0,2.0,5,3,4.0,3.0,3.0,2,No,3,Medium
293,Neha Miller,23,Male,Married,3,Marketing,1,Sales Executive,5,Travel_Rarely,42210,11,1.0,5.0,4.0,4,2,0.0,2.0,1.0,13,No,3,Medium
294,Suresh Kumar,39,Female,Married,4,Marketing,1,Healthcare Representative,4,Travel_Rarely,138720,12,2.5,12.0,3.0,8,4,3.0,6.0,8.5,2,No,3,Low
295,James Jones,56,Male,Married,4,Medical,2,Manager,1,Travel_Rarely,20420,12,0.0,28.5,4.5,10,6,1.0,1.0,7.0,2,No,3,Medium
296,Zara Garcia,40,Male,Single,3,Marketing,1,Research Scientist,2,Travel_Rarely,20730,14,0.0,5.0,3.0,4,2,2.0,3.0,0.0,9,No,3,Medium
297,Divya Wilson,27,Female,Single,3,Life Sciences,2,Laboratory Technician,1,Travel_Rarely,29560,13,0.0,9.0,4.5,7,4,0.0,7.0,8.0,10,No,3,Low
298,Karan Brown,29,Female,Divorced,3,Marketing,1,Manager,2,Travel_Rarely,29260,15,1.0,2.0,3.0,2,1,2.0,2.0,1.0,20,No,3,Medium
299,Rohit Williams,53,Female,Single,3,Life Sciences,2,Laboratory Technician,3,Travel_Rarely,48090,18,0.0,19.0,2.0,2,1,2.0,2.0,2.0,9,No,3,Medium
300,Sara Agarwal,35,Male,Divorced,1,Medical,2,Healthcare Representative,1,Non-Travel,51630,18,2.0,16.0,4.0,1,0,0.0,0.0,2.0,5,No,3,Medium
301,Sara Williams,32,Male,Married,4,Life Sciences,1,Sales Executive,2,Travel_Frequently,165835,19,0.0,10.0,3.0,10,6,4.0,7.0,1.0,4,No,3,Medium
302,Varun Singh,38,Male,Married,3,Medical,1,Laboratory Technician,4,Travel_Rarely,165835,12,2.0,6.0,4.5,1,0,0.0,1.0,6.0,10,No,3,Medium
303,James Shah,34,Female,Divorced,3,Medical,2,Laboratory Technician,3,Travel_Rarely,57440,19,1.0,7.0,4.0,0,0,0.0,0.0,3.0,20,No,3,Low
304,Karan Reddy,52,Male,Married,5,Technical Degree,1,Manager,3,Travel_Rarely,28890,11,1.0,28.5,2.0,18,10,1.0,14.5,1.0,21,No,3,Medium
305,John Jones,33,Male,Single,2,Medical,2,Laboratory Technician,3,Travel_Rarely,28710,17,2.5,10.0,2.0,10,6,7.0,8.0,1.0,1,Yes,3,Medium
306,James Rao,25,Male,Single,3,Life Sciences,2,Research Scientist,2,Travel_Rarely,74840,15,0.0,6.0,3.0,6,3,1.0,4.0,1.0,8,No,3,Medium
307,Vivek Nair,45,Male,Single,3,Life Sciences,1,Healthcare Representative,3,Travel_Rarely,60740,14,0.0,9.0,2.0,8,4,3.0,1.0,0.0,2,No,3,Medium
308,Suresh Trivedi,23,Female,Single,1,Life Sciences,2,Research Scientist,2,Travel_Rarely,165835,17,1.0,2.0,2.0,2,1,0.0,2.0,1.0,23,No,3,Low
309,Divya Gupta,47,Male,Single,3,Life Sciences,2,Research Director,1,Travel_Frequently,27740,13,1.0,10.0,2.0,5,3,1.0,3.0,4.0,4,Yes,3,Medium
310,Akash Singh,34,Male,Single,3,Technical Degree,2,Research Scientist,1,Travel_Rarely,45050,12,0.0,6.0,3.0,6,3,1.0,4.0,1.0,12,No,3,Medium
311,Nikhil Rao,55,Male,Married,3,Human Resources,3,Laboratory Technician,4,Travel_Rarely,74280,12,0.0,24.0,2.0,5,3,1.0,4.0,5.0,7,Yes,3,Medium
312,Aryan Pillai,36,Male,Single,2,Life Sciences,2,Sales Executive,5,Non-Travel,116310,18,1.0,10.0,2.0,10,6,0.0,9.0,1.0,7,No,3,Low
313,Sanjay Mehta,52,Male,Married,4,Life Sciences,2,Sales Executive,5,Non-Travel,97380,18,2.0,5.0,2.0,4,2,1.0,2.0,0.0,1,No,3,Medium
314,Kavya Nair,26,Male,Divorced,2,Life Sciences,2,Manufacturing Director,1,Travel_Frequently,28350,11,1.0,5.0,2.0,2,1,2.0,0.0,3.0,2,No,3,Low
315,Rahul Nair,29,Male,Married,2,Medical,2,Manufacturing Director,3,Travel_Rarely,165835,14,2.5,11.0,4.5,8,4,1.0,1.0,4.0,10,No,3,Medium
316,Varun Malhotra,26,Male,Single,2,Life Sciences,2,Laboratory Technician,2,Travel_Rarely,26130,19,1.0,6.0,2.0,4,2,1.0,2.0,6.0,15,Yes,3,Medium
317,Nikhil Nair,34,Male,Single,4,Technical Degree,2,Manufacturing Director,2,Travel_Rarely,61460,12,0.0,10.0,3.0,4,2,1.0,3.0,2.0,14,No,3,Medium
318,Aryan Smith,54,Female,Divorced,4,Medical,2,Laboratory Technician,2,Travel_Rarely,49630,15,1.0,9.0,2.0,5,3,1.0,4.0,8.5,18,No,3,Medium
319,Divya Joshi,27,Female,Married,2,Life Sciences,2,Research Scientist,4,Travel_Frequently,165835,12,0.0,5.0,4.5,4,2,1.0,1.0,0.0,13,No,3,Medium
320,Zara Miller,37,Male,Divorced,4,Technical Degree,1,Manufacturing Director,2,Travel_Rarely,61720,11,0.0,6.0,1.0,5,3,4.0,3.0,0.0,2,No,3,Medium
321,Sneha Garcia,38,Female,Single,4,Life Sciences,1,Research Scientist,2,Travel_Frequently,23680,11,1.0,17.0,3.0,15,9,4.0,12.0,6.0,2,No,3,Low
322,Emily Reddy,34,Male,Single,3,Marketing,1,Sales Representative,1,Travel_Rarely,103120,12,0.0,6.0,2.0,6,3,1.0,3.0,1.0,2,No,3,Medium
323,Vivek Malhotra,35,Male,Married,4,Medical,2,Manager,3,Travel_Rarely,16750,16,0.0,3.0,4.5,3,1,0.0,2.0,1.0,5,No,3,Low
324,Pooja Shah,30,Male,Married,3,Medical,2,Laboratory Technician,1,Travel_Rarely,25230,13,1.0,7.0,2.0,2,1,0.0,2.0,3.0,20,No,3,Medium
325,John Jones,40,Male,Married,4,Medical,2,Manufacturing Director,2,Travel_Frequently,65670,13,1.0,8.0,3.0,8,4,3.0,7.0,1.0,10,No,3,Medium
326,Rahul Agarwal,34,Male,Married,3,Life Sciences,2,Healthcare Representative,3,Travel_Rarely,47390,24,2.0,6.0,2.0,3,1,1.0,2.0,5.0,10,No,4,High
327,Deepika Brown,42,Male,Divorced,4,Medical,2,Manufacturing Director,1,Travel_Frequently,92080,15,1.0,24.0,2.0,18,10,7.5,9.0,1.0,9,No,3,Medium
328,Riya Shah,23,Female,Married,3,Medical,1,Manufacturing Director,4,Travel_Rarely,45590,18,1.0,1.0,2.0,0,0,0.0,0.0,1.0,2,Yes,3,Low
329,Vikram Trivedi,24,Female,Divorced,5,Marketing,1,Manufacturing Director,1,Non-Travel,81890,14,1.0,1.0,3.0,1,0,0.0,0.0,1.0,1,No,3,Medium
330,Amit Joshi,52,Male,Married,3,Life Sciences,2,Manufacturing Director,2,Travel_Rarely,29420,11,1.0,9.0,1.0,5,3,1.0,4.0,8.0,29,No,3,Medium
331,Aryan Johnson,50,Male,Married,4,Life Sciences,2,Sales Executive,2,Travel_Rarely,49410,11,1.0,28.5,3.0,4,2,0.0,3.0,5.0,8,No,3,Medium
332,Aditya Mehta,29,Female,Married,4,Marketing,1,Research Scientist,4,Travel_Rarely,106500,13,2.0,1.0,2.0,1,0,0.0,0.0,1.0,2,Yes,3,Medium
333,Sanjay Smith,33,Male,Married,4,Life Sciences,2,Manufacturing Director,4,Travel_Rarely,59020,12,1.0,14.0,2.0,13,7,3.0,7.0,0.0,3,No,3,Medium
334,Rahul Jones,33,Male,Single,5,Life Sciences,2,Human Resources,1,Travel_Rarely,86390,16,2.0,6.0,3.0,3,1,0.0,2.0,5.0,23,Yes,3,Low
335,David Singh,47,Male,Married,4,Other,2,Manager,2,Travel_Rarely,63470,14,0.0,26.0,2.0,18,10,3.0,0.0,1.0,6,No,3,Medium
336,Emma Trivedi,36,Female,Married,3,Medical,1,Sales Executive,2,Travel_Rarely,42000,22,0.0,10.0,3.0,9,5,0.0,5.0,0.0,6,No,4,High
337,Shivam Kumar,29,Male,Married,3,Other,2,Research Scientist,1,Travel_Rarely,34520,11,0.0,10.0,3.0,10,6,0.0,7.0,1.0,10,No,3,Medium
338,Sara Johnson,58,Female,Single,3,Other,2,Research Scientist,2,Travel_Rarely,43170,17,0.0,28.5,2.0,18,10,7.5,8.0,7.0,24,Yes,3,Medium
339,Rohit Kumar,35,Female,Single,4,Marketing,1,Research Scientist,1,Travel_Rarely,26320,13,2.5,7.0,3.0,2,1,2.0,2.0,3.0,10,No,3,Medium
340,Raj Miller,42,Male,Married,1,Marketing,1,Laboratory Technician,2,Travel_Rarely,46680,18,2.0,8.0,2.0,4,2,0.0,2.0,8.5,15,No,3,Medium
341,Varun Singh,28,Female,Single,4,Medical,2,Sales Executive,2,Travel_Rarely,32040,16,1.0,5.0,4.0,2,1,2.0,1.0,6.0,19,Yes,3,Medium
342,John Miller,36,Male,Married,3,Life Sciences,2,Healthcare Representative,2,Travel_Rarely,27200,14,1.0,8.0,3.0,5,3,0.0,4.0,4.0,2,No,3,Medium
343,Aryan Brown,32,Male,Married,1,Medical,2,Manufacturing Director,2,Travel_Rarely,165835,14,0.0,14.0,2.0,14,8,6.0,8.0,1.0,3,No,3,Medium
344,Neha Thakur,40,Male,Single,3,Marketing,1,Manufacturing Director,3,Travel_Frequently,22380,14,0.0,10.0,3.0,1,0,0.0,0.0,2.0,9,No,3,Medium
345,Pooja Williams,30,Male,Single,3,Technical Degree,2,Research Director,2,Travel_Rarely,14830,13,0.0,12.0,3.0,0,0,0.0,0.0,5.0,7,No,3,Medium
346,Olivia Williams,45,Male,Single,4,Life Sciences,2,Research Director,1,Travel_Rarely,56050,12,2.0,1.0,2.0,1,0,0.0,0.0,1.0,10,No,3,Medium
347,Emma Miller,42,Male,Married,2,Medical,2,Sales Representative,2,Travel_Rarely,72950,15,0.0,10.0,3.0,9,5,7.0,8.0,1.0,20,No,3,Low
348,Amit Gupta,38,Male,Divorced,3,Medical,1,Research Scientist,2,Travel_Frequently,23060,19,1.0,13.0,4.5,4,2,1.0,2.0,2.0,4,No,3,Low
349,Varun Thakur,34,Male,Single,4,Life Sciences,2,Laboratory Technician,3,Travel_Frequently,23480,14,1.0,6.0,3.0,5,3,1.0,3.0,1.0,7,No,3,Medium
350,Akash Kumar,49,Female,Married,2,Life Sciences,1,Healthcare Representative,2,Travel_Rarely,89980,14,2.0,9.0,2.0,9,5,7.0,7.0,1.0,7,Yes,3,Medium
351,Raj Trivedi,55,Male,Single,3,Technical Degree,3,Manufacturing Director,4,Travel_Rarely,43190,11,0.0,12.0,3.0,9,5,7.0,3.0,4.0,16,Yes,3,Medium
352,Aryan Patel,43,Male,Married,2,Medical,2,Healthcare Representative,2,Travel_Rarely,61320,13,0.0,22.0,3.0,4,2,1.0,0.0,6.0,25,No,3,Low
353,Anjali Thakur,27,Male,Divorced,4,Medical,1,Manager,2,Travel_Rarely,33460,21,1.0,9.0,2.0,9,5,0.0,8.0,1.0,2,No,4,High
354,Aarav Thakur,35,Male,Single,3,Medical,2,Research Director,1,Travel_Rarely,108550,13,1.0,17.0,2.0,8,4,1.0,6.0,3.0,1,No,3,Medium
355,Priya Rao,28,Female,Married,2,Technical Degree,1,Sales Executive,1,Travel_Rarely,22310,12,0.0,8.0,3.0,8,4,7.0,5.0,1.0,1,No,3,Low
356,Suresh Shah,34,Male,Married,5,Life Sciences,1,Research Scientist,4,Travel_Rarely,23230,17,0.0,4.0,2.0,3,1,0.0,2.0,0.0,2,No,3,Medium
357,Varun Williams,26,Female,Married,4,Other,2,Sales Executive,1,Travel_Frequently,20240,23,0.0,8.0,2.0,8,4,1.0,7.0,1.0,22,Yes,4,High
358,David Williams,27,Female,Married,3,Technical Degree,1,Sales Executive,1,Non-Travel,27130,11,0.0,0.0,2.0,0,0,0.0,0.0,1.0,1,No,3,Medium
359,Raj Reddy,51,Male,Married,3,Medical,1,Research Scientist,3,Travel_Rarely,94390,15,2.5,28.5,0.5,18,10,4.0,14.5,2.0,16,No,3,Low
360,Divya Thakur,44,Female,Single,5,Medical,1,Sales Executive,1,Travel_Rarely,25660,11,1.0,10.0,3.0,5,3,2.0,3.0,8.5,24,No,3,Medium
361,Anjali Miller,25,Male,Single,3,Medical,2,Laboratory Technician,1,Travel_Rarely,165835,11,2.5,6.0,4.5,4,2,0.0,1.0,7.0,17,No,3,Low
362,Emily Kumar,33,Male,Divorced,4,Life Sciences,2,Laboratory Technician,3,Travel_Rarely,24510,13,1.0,9.0,3.0,9,5,0.0,8.0,1.0,8,No,3,Low
363,Vivek Kumar,35,Female,Single,4,Medical,1,Manager,2,Travel_Rarely,94190,24,1.0,6.0,4.5,6,3,1.0,1.0,1.0,6,No,4,High
364,Varun Kumar,36,Male,Married,4,Marketing,1,Manager,3,Travel_Rarely,86860,13,0.0,18.0,2.0,18,10,4.0,11.0,1.0,10,No,3,Medium
365,Priya Agarwal,32,Female,Divorced,4,Medical,2,Sales Executive,4,Travel_Rarely,30380,20,0.0,8.0,3.0,5,3,0.0,3.0,2.0,3,No,4,High
366,Varun Pillai,30,Male,Divorced,5,Medical,2,Sales Representative,5,Travel_Frequently,30580,14,1.0,10.0,2.0,5,3,0.0,3.0,8.5,4,No,3,Medium
367,David Williams,53,Male,Married,3,Marketing,1,Sales Executive,4,Travel_Rarely,23250,18,1.0,28.5,1.0,5,3,0.0,4.0,7.0,6,No,3,Medium
368,Deepika Agarwal,45,Male,Divorced,5,Technical Degree,2,Healthcare Representative,2,Travel_Rarely,20880,15,2.5,18.0,2.0,5,3,0.0,2.0,4.0,1,No,3,Medium
369,Varun Malhotra,32,Female,Married,3,Marketing,1,Human Resources,1,Travel_Rarely,30720,12,0.0,9.0,4.0,5,3,1.0,3.0,5.0,10,No,3,Low
370,Varun Garcia,52,Male,Married,1,Life Sciences,2,Laboratory Technician,2,Travel_Frequently,50060,16,1.0,28.5,2.0,9,5,0.0,0.0,3.0,1,No,3,Medium
371,James Williams,37,Female,Divorced,2,Life Sciences,1,Laboratory Technician,4,Travel_Rarely,42570,15,0.0,9.0,2.0,1,0,0.0,0.0,4.0,24,No,3,Medium
372,Shivam Gupta,28,Female,Divorced,4,Life Sciences,2,Healthcare Representative,1,Travel_Rarely,25000,16,2.0,6.0,3.0,5,3,0.0,4.0,1.0,21,No,3,Medium
373,Zara Nair,22,Male,Married,2,Life Sciences,2,Sales Representative,1,Travel_Rarely,11020,19,0.0,4.0,3.0,2,1,2.0,2.0,6.0,2,No,3,Medium
374,Raj Joshi,44,Female,Married,3,Medical,2,Laboratory Technician,1,Travel_Rarely,104530,11,1.0,10.0,2.0,3,1,0.0,2.0,2.0,22,No,3,Medium
375,Karan Singh,42,Female,Single,4,Life Sciences,1,Laboratory Technician,2,Travel_Frequently,22880,16,1.0,8.0,4.0,2,1,2.0,2.0,5.0,13,No,3,Medium
376,John Singh,36,Male,Married,3,Other,2,Research Scientist,2,Travel_Rarely,39290,24,0.0,6.0,4.5,5,3,0.0,3.0,0.0,14,No,4,High
377,Amit Miller,25,Female,Married,3,Life Sciences,1,Laboratory Technician,1,Travel_Rarely,23110,11,1.0,5.0,2.0,5,3,0.0,3.0,1.0,11,No,3,Medium
378,Riya Pillai,35,Female,Married,2,Life Sciences,2,Healthcare Representative,1,Travel_Rarely,31400,13,1.0,17.0,2.0,17,10,5.0,14.5,1.0,9,No,3,Medium
379,Varun Nair,35,Female,Divorced,2,Marketing,1,Laboratory Technician,1,Travel_Frequently,36900,13,1.0,10.0,2.0,10,6,7.0,8.0,1.0,8,Yes,3,Medium
380,Anjali Johnson,32,Male,Divorced,3,Life Sciences,2,Sales Executive,1,Non-Travel,44500,13,0.0,4.0,3.0,3,1,0.0,2.0,0.0,21,No,3,Medium
381,Aryan Shah,25,Female,Married,3,Marketing,1,Research Scientist,4,Travel_Rarely,27560,12,2.0,5.0,2.0,5,3,0.0,3.0,1.0,5,No,3,Medium
382,Emma Miller,49,Female,Married,3,Technical Degree,1,Sales Representative,2,Travel_Rarely,165835,18,1.0,7.0,4.5,4,2,0.0,2.0,2.0,9,No,3,Medium
383,Kunal Williams,24,Male,Married,5,Technical Degree,2,Healthcare Representative,2,Non-Travel,165835,22,1.0,6.0,3.0,5,3,3.0,4.0,0.0,2,No,4,High
384,Sara Rao,32,Male,Married,5,Medical,2,Research Scientist,1,Travel_Frequently,95470,13,1.0,10.0,3.0,10,6,5.0,3.0,1.0,12,No,3,Low
385,Arjun Nair,38,Male,Married,2,Medical,1,Sales Executive,1,Travel_Rarely,137340,13,0.0,3.0,3.0,2,1,1.0,2.0,0.0,22,No,3,Medium
386,Sneha Wilson,42,Female,Married,1,Technical Degree,2,Research Scientist,2,Travel_Rarely,165835,23,1.0,17.0,4.5,5,3,1.0,3.0,2.0,18,No,4,High
387,Aarav Smith,31,Female,Married,3,Life Sciences,2,Sales Executive,3,Travel_Rarely,22790,12,1.0,8.0,3.0,6,3,0.0,2.0,3.0,16,No,3,Medium
388,Emily Miller,29,Male,Divorced,3,Marketing,1,Laboratory Technician,3,Travel_Rarely,59160,12,0.0,5.0,2.0,3,1,0.0,2.0,6.0,3,Yes,3,Medium
389,Nikhil Kumar,53,Male,Married,3,Life Sciences,2,Sales Representative,1,Travel_Rarely,20890,16,0.0,28.0,2.0,2,1,2.0,2.0,5.0,9,No,3,Medium
390,Gaurav Jones,35,Male,Married,3,Life Sciences,2,Healthcare Representative,3,Travel_Rarely,165835,12,1.0,16.0,3.0,13,7,4.0,8.0,3.0,1,No,3,Medium
391,Michael Trivedi,37,Female,Married,4,Life Sciences,2,Human Resources,3,Travel_Frequently,35640,11,0.0,10.0,1.0,5,3,0.0,0.0,5.0,13,No,3,Medium
392,Anjali Singh,53,Male,Single,1,Medical,2,Sales Executive,1,Travel_Rarely,44250,22,1.0,28.5,2.0,12,7,3.0,8.0,6.0,1,No,4,High
393,Priya Thakur,43,Male,Married,3,Medical,2,Laboratory Technician,1,Travel_Frequently,52650,11,1.0,12.0,4.0,5,3,2.0,2.0,4.0,1,No,3,Medium
394,Aditya Smith,47,Female,Married,4,Marketing,1,Research Director,3,Travel_Rarely,65530,15,0.0,8.0,2.0,7,4,7.0,7.0,0.0,15,No,3,Medium
395,Riya Sharma,37,Female,Single,5,Medical,2,Research Scientist,2,Non-Travel,62610,12,0.0,10.0,1.0,10,6,0.0,9.0,1.0,1,No,3,Low
396,Ananya Rao,50,Female,Divorced,3,Medical,2,Laboratory Technician,1,Non-Travel,42980,20,1.0,28.5,4.5,18,10,7.5,7.0,1.0,17,No,4,High
397,Varun Brown,39,Female,Married,3,Other,2,Human Resources,3,Travel_Rarely,68040,14,1.0,13.0,3.0,5,3,0.0,4.0,8.0,1,No,3,Medium
398,Nikhil Joshi,33,Male,Divorced,3,Life Sciences,1,Manufacturing Director,2,Travel_Rarely,38150,11,1.0,7.0,3.0,4,2,0.0,3.0,3.0,7,No,3,Medium
399,John Rao,32,Female,Single,1,Medical,2,Laboratory Technician,1,Travel_Rarely,27410,15,1.0,1.0,4.5,1,0,0.0,1.0,1.0,9,Yes,3,Low
400,Karan Rao,29,Female,Divorced,4,Life Sciences,2,Healthcare Representative,4,Travel_Rarely,66730,12,1.0,8.0,2.0,4,2,0.0,3.0,6.0,5,No,3,Medium
401,Aarav Joshi,44,Male,Married,2,Life Sciences,2,Manufacturing Director,2,Travel_Rarely,76390,14,0.0,8.0,4.5,8,4,7.0,1.0,1.0,26,No,3,Low
402,Raj Garcia,28,Female,Single,5,Life Sciences,1,Research Scientist,1,Travel_Rarely,23280,11,2.0,4.0,3.0,4,2,0.0,2.0,1.0,24,No,3,Medium
403,Varun Williams,58,Male,Divorced,2,Technical Degree,1,Sales Executive,1,Travel_Frequently,21530,11,0.0,3.0,3.0,1,0,0.0,0.0,8.5,9,Yes,3,Medium
404,Riya Kumar,43,Male,Divorced,4,Marketing,1,Sales Executive,2,Travel_Rarely,48760,16,2.0,4.0,4.0,1,0,0.0,0.0,4.0,7,No,3,Medium
405,Meera Wilson,20,Male,Single,3,Medical,2,Sales Executive,2,Travel_Rarely,93960,12,0.0,2.0,4.5,2,1,0.0,2.0,1.0,11,Yes,3,Low
406,Aditya Jones,21,Male,Single,3,Medical,2,Sales Executive,2,Travel_Rarely,104000,13,1.0,1.0,2.0,1,0,0.0,0.0,1.0,1,Yes,3,Medium
407,Suresh Joshi,36,Male,Married,4,Medical,2,Laboratory Technician,1,Travel_Rarely,84740,14,0.0,17.0,3.0,16,9,4.0,11.0,0.0,26,No,3,Medium
408,Vivek Brown,47,Male,Single,3,Life Sciences,2,Manufacturing Director,2,Travel_Rarely,99810,21,1.0,3.0,3.0,3,1,1.0,2.0,1.0,2,No,4,High
409,Aditya Kumar,22,Female,Married,4,Life Sciences,2,Laboratory Technician,1,Travel_Rarely,124900,13,0.0,4.0,3.0,3,1,0.0,2.0,0.0,15,Yes,3,Medium
410,Sneha Wilson,41,Female,Divorced,3,Life Sciences,2,Sales Executive,2,Travel_Rarely,26570,11,0.0,10.0,3.0,7,4,1.0,0.0,4.0,23,Yes,3,Medium
411,Aditya Agarwal,28,Female,Divorced,3,Life Sciences,2,Manager,3,Travel_Rarely,135910,20,1.0,6.0,2.0,2,1,2.0,2.0,5.0,10,No,4,High
412,Anjali Agarwal,39,Female,Married,4,Life Sciences,2,Human Resources,4,Travel_Rarely,66960,11,0.0,8.0,3.0,2,1,2.0,2.0,7.0,10,Yes,3,Low
413,Sara Kumar,27,Male,Single,3,Medical,2,Research Scientist,1,Travel_Rarely,20580,14,1.0,1.0,4.5,1,0,0.0,0.0,1.0,1,No,3,Medium
414,Suresh Garcia,34,Male,Divorced,2,Technical Degree,2,Human Resources,2,Travel_Rarely,88650,11,1.0,1.0,0.5,1,0,1.0,0.0,1.0,12,No,3,Medium
415,Michael Sharma,42,Male,Single,1,Technical Degree,1,Human Resources,2,Travel_Rarely,59400,16,0.0,10.0,2.0,5,3,0.0,3.0,7.0,11,No,3,Medium
416,Divya Gupta,33,Female,Single,3,Marketing,1,Sales Executive,1,Travel_Rarely,59140,16,1.0,6.0,4.0,3,1,0.0,2.0,3.0,2,No,3,Medium
417,Pooja Singh,58,Male,Divorced,4,Life Sciences,2,Research Scientist,1,Travel_Rarely,26220,23,0.0,24.0,3.0,6,3,0.0,4.0,2.0,2,No,4,High
418,Emily Williams,31,Female,Married,3,Life Sciences,1,Sales Representative,1,Travel_Rarely,121850,14,0.0,13.0,2.0,7,4,5.0,2.0,3.0,1,No,3,Medium
419,Zara Patel,35,Male,Married,1,Life Sciences,2,Healthcare Representative,3,Travel_Rarely,106090,22,0.0,10.0,3.0,10,6,0.0,7.0,1.0,2,No,4,High
420,Aarav Garcia,49,Female,Married,2,Life Sciences,2,Sales Executive,2,Travel_Rarely,43450,15,0.0,28.5,3.0,18,10,1.0,7.0,4.0,25,No,3,Low
421,Ishaan Agarwal,48,Male,Married,4,Medical,2,Research Scientist,1,Travel_Rarely,21770,18,0.0,13.0,4.0,0,0,0.0,0.0,4.0,1,No,3,Medium
422,David Sharma,31,Female,Married,2,Technical Degree,2,Sales Executive,2,Non-Travel,27930,16,0.0,9.0,4.0,9,5,0.0,0.0,1.0,1,No,3,Medium
423,Aarav Sharma,36,Male,Single,4,Technical Degree,3,Sales Executive,1,Travel_Rarely,79180,12,2.0,8.0,3.0,6,3,0.0,1.0,2.0,2,No,3,Medium
424,Arjun Verma,38,Male,Married,3,Other,1,Sales Executive,2,Travel_Rarely,87890,11,2.5,15.0,4.0,15,9,5.0,11.0,1.0,6,No,3,Medium
425,James Trivedi,32,Male,Married,3,Marketing,1,Laboratory Technician,1,Non-Travel,23890,12,1.0,5.0,4.0,3,1,0.0,2.0,6.0,18,No,3,Medium
426,Olivia Brown,25,Male,Married,2,Life Sciences,2,Sales Executive,1,Travel_Rarely,32120,15,1.0,1.0,3.0,1,0,0.0,0.0,1.0,1,Yes,3,Medium
427,John Mehta,40,Male,Divorced,4,Medical,2,Research Scientist,2,Travel_Rarely,165835,14,1.0,11.0,3.0,1,0,0.0,0.0,2.0,1,No,3,Low
428,Ishaan Jones,26,Male,Single,3,Marketing,1,Healthcare Representative,2,Travel_Frequently,22670,19,2.5,7.0,2.0,7,4,0.0,7.0,1.0,11,No,3,Low
429,Divya Verma,41,Male,Single,4,Medical,2,Research Scientist,1,Travel_Rarely,165835,13,0.0,20.0,4.5,18,10,2.0,14.5,2.0,1,No,3,Medium
430,Sneha Brown,36,Female,Single,3,Life Sciences,2,Healthcare Representative,2,Travel_Rarely,24360,13,0.0,16.0,3.0,11,6,3.0,9.0,4.0,9,No,3,Medium
431,John Miller,19,Male,Single,3,Life Sciences,2,Research Scientist,2,Travel_Rarely,160640,15,1.0,1.0,3.0,1,0,0.0,0.0,1.0,15,Yes,3,Medium
432,Anjali Williams,20,Female,Single,3,Life Sciences,2,Laboratory Technician,3,Travel_Rarely,27070,11,0.0,1.0,2.0,1,0,0.0,0.0,1.0,29,Yes,3,Low
433,Emily Smith,31,Male,Married,4,Life Sciences,2,Research Director,4,Travel_Rarely,165835,12,0.0,10.0,1.0,9,5,7.5,5.0,0.0,1,No,3,Medium
434,James Brown,40,Male,Divorced,3,Marketing,1,Research Scientist,1,Travel_Frequently,39310,19,0.0,3.0,2.0,1,0,0.0,0.0,8.0,1,No,3,Medium
435,Pooja Verma,32,Male,Married,3,Life Sciences,2,Laboratory Technician,4,Travel_Rarely,37300,25,1.0,8.0,4.0,8,4,6.0,3.0,1.0,24,No,4,High
436,Pooja Mehta,36,Male,Married,3,Medical,2,Sales Executive,3,Travel_Rarely,22320,12,1.0,16.0,2.0,16,9,3.0,7.0,1.0,10,Yes,3,Medium
437,Ananya Singh,33,Female,Single,4,Medical,2,Manufacturing Director,4,Travel_Rarely,44650,13,0.0,6.0,3.0,5,3,1.0,4.0,0.0,1,No,3,Medium
438,Suresh Reddy,37,Female,Married,4,Marketing,1,Human Resources,3,Travel_Rarely,30720,14,0.0,17.0,3.0,14,8,7.5,7.0,5.0,10,Yes,3,Low
439,Riya Johnson,45,Male,Married,1,Life Sciences,2,Sales Executive,2,Non-Travel,33190,12,1.0,9.0,3.0,9,5,0.0,8.0,1.0,8,No,3,Medium
440,Riya Trivedi,29,Male,Married,1,Life Sciences,2,Sales Representative,1,Travel_Frequently,165835,12,0.0,3.0,4.5,3,1,0.0,2.0,1.0,29,No,3,Medium
441,Amit Jones,35,Male,Married,3,Human Resources,3,Laboratory Technician,3,Travel_Rarely,136750,15,2.5,5.0,4.5,5,3,1.0,0.0,1.0,1,No,3,Medium
442,Pooja Singh,52,Male,Married,4,Other,2,Laboratory Technician,1,Travel_Rarely,29110,17,2.0,26.0,3.0,9,5,7.0,8.0,2.0,5,No,3,Medium
443,Zara Johnson,58,Female,Single,2,Medical,1,Sales Executive,4,Travel_Rarely,59570,14,1.0,7.0,2.0,1,0,0.0,0.0,4.0,9,Yes,3,Medium
444,Akash Patel,53,Male,Divorced,3,Technical Degree,2,Manager,1,Travel_Rarely,39200,16,1.0,22.0,3.0,17,10,7.5,2.0,6.0,9,No,3,Medium
445,Aarav Gupta,30,Male,Divorced,4,Marketing,1,Sales Executive,1,Travel_Rarely,64340,14,1.0,10.0,3.0,8,4,7.0,7.0,5.0,3,No,3,Medium
446,Ananya Smith,38,Male,Single,3,Life Sciences,1,Research Director,2,Non-Travel,100480,23,1.0,6.0,2.0,5,3,1.0,3.0,1.0,4,No,4,High
447,Raj Wilson,35,Female,Divorced,2,Life Sciences,1,Healthcare Representative,2,Travel_Rarely,109380,14,2.0,12.0,2.0,10,6,0.0,8.0,6.0,1,No,3,Medium
448,Vikram Trivedi,39,Male,Single,1,Marketing,1,Research Scientist,2,Travel_Rarely,23400,11,1.0,9.0,2.0,8,4,0.0,7.0,0.0,1,No,3,Low
449,Rahul Verma,40,Male,Single,4,Life Sciences,2,Human Resources,1,Non-Travel,65450,15,0.0,22.0,2.0,1,0,0.0,0.0,4.0,2,Yes,3,Low
450,Amit Trivedi,47,Male,Divorced,4,Life Sciences,2,Sales Executive,3,Travel_Frequently,69310,11,0.0,20.0,3.0,18,10,2.0,7.0,1.0,7,No,3,Medium
451,Aarav Verma,36,Male,Divorced,1,Life Sciences,1,Research Scientist,2,Non-Travel,48980,13,1.0,12.0,3.0,7,4,0.0,7.0,4.0,28,No,3,Medium
452,Dev Garcia,31,Male,Single,4,Medical,2,Research Scientist,2,Non-Travel,25930,21,0.0,4.0,2.0,3,1,1.0,2.0,0.0,28,Yes,4,High
453,Pooja Smith,33,Male,Single,3,Other,1,Research Director,4,Non-Travel,165835,19,2.0,10.0,4.0,10,6,6.0,0.0,1.0,15,No,3,Medium
454,Neha Patel,29,Male,Single,5,Life Sciences,3,Sales Executive,1,Travel_Rarely,27230,11,1.0,3.0,2.0,0,0,0.0,0.0,6.0,3,Yes,3,Medium
455,Kunal Kumar,33,Male,Single,2,Technical Degree,2,Laboratory Technician,2,Travel_Rarely,34790,12,0.0,5.0,3.0,3,1,0.0,2.0,3.0,2,No,3,Medium
456,Vivek Patel,45,Female,Divorced,1,Medical,2,Healthcare Representative,3,Travel_Rarely,27940,19,1.0,8.0,2.0,5,3,0.0,2.0,3.0,26,No,3,Medium
457,Meera Wilson,50,Female,Divorced,1,Life Sciences,1,Manufacturing Director,1,Travel_Rarely,52490,21,2.0,28.5,2.0,5,3,1.0,3.0,8.5,10,No,4,High
458,Sanjay Rao,33,Male,Married,3,Marketing,1,Human Resources,2,Travel_Frequently,21760,14,1.0,6.0,2.0,6,3,1.0,2.0,1.0,1,No,3,Medium
459,Riya Williams,41,Male,Divorced,3,Other,1,Laboratory Technician,1,Travel_Frequently,165835,15,1.0,21.0,2.0,18,10,0.0,11.0,2.0,11,No,3,Medium
460,Divya Trivedi,27,Male,Married,4,Other,2,Manufacturing Director,2,Travel_Rarely,34850,17,2.0,4.0,2.0,2,1,2.0,2.0,8.5,20,No,3,Medium
461,Michael Thakur,45,Female,Married,3,Medical,1,Sales Executive,1,Non-Travel,66440,12,0.0,9.0,3.0,9,5,0.0,8.0,1.0,2,No,3,Medium
462,Pooja Singh,47,Female,Single,4,Medical,1,Research Scientist,2,Travel_Rarely,55820,16,0.0,9.0,3.0,9,5,0.0,7.0,1.0,18,No,3,Medium
463,Divya Miller,30,Male,Married,3,Life Sciences,1,Healthcare Representative,2,Travel_Rarely,40000,12,0.0,7.0,4.5,5,3,0.0,1.0,4.0,2,Yes,3,Low
464,Riya Joshi,50,Female,Married,3,Technical Degree,2,Sales Executive,2,Travel_Rarely,134960,18,1.0,22.0,3.0,12,7,1.0,5.0,3.0,1,No,3,Medium
465,Neha Thakur,38,Male,Married,3,Technical Degree,2,Manufacturing Director,1,Travel_Frequently,32100,17,2.0,3.0,4.5,2,1,0.0,2.0,0.0,13,No,3,Medium
466,Riya Smith,46,Female,Divorced,3,Medical,2,Human Resources,3,Travel_Rarely,165835,11,2.5,13.0,2.0,8,4,0.0,7.0,6.0,28,No,3,Medium
467,Gaurav Agarwal,24,Female,Divorced,3,Life Sciences,1,Healthcare Representative,1,Travel_Rarely,118490,16,1.0,5.0,3.0,4,2,3.0,2.0,1.0,28,No,3,Medium
468,Pooja Miller,35,Male,Divorced,3,Medical,1,Healthcare Representative,3,Travel_Rarely,20700,13,2.5,5.0,1.0,4,2,0.0,2.0,1.0,24,Yes,3,Low
469,Arjun Singh,31,Male,Married,2,Technical Degree,2,Sales Executive,2,Travel_Frequently,65020,12,0.0,4.0,3.0,4,2,0.0,3.0,1.0,5,No,3,Medium
470,Pooja Reddy,18,Male,Single,4,Other,1,Manager,2,Non-Travel,32300,12,1.0,0.0,3.0,0,0,0.0,0.0,1.0,5,No,3,Medium
471,Suresh Pillai,54,Female,Married,3,Medical,1,Laboratory Technician,1,Travel_Rarely,136030,13,1.0,22.0,2.0,10,6,0.0,8.0,8.0,23,No,3,Medium
472,David Rao,35,Female,Divorced,4,Medical,2,Manufacturing Director,1,Travel_Rarely,119960,19,2.0,16.0,3.0,16,9,7.5,1.0,1.0,6,No,3,Medium
473,Anjali Kumar,30,Female,Married,3,Life Sciences,2,Healthcare Representative,5,Travel_Rarely,56050,12,1.0,9.0,0.5,8,4,1.0,7.0,0.0,4,No,3,Low
474,John Singh,20,Female,Single,2,Life Sciences,2,Research Scientist,2,Travel_Rarely,63970,17,1.0,1.0,3.0,1,0,0.0,0.0,1.0,2,Yes,3,Medium
475,Emma Gupta,30,Male,Single,4,Medical,2,Sales Executive,1,Travel_Frequently,165835,11,0.0,4.0,3.0,3,1,1.0,2.0,0.0,8,Yes,3,Medium
476,Ananya Joshi,26,Female,Married,3,Marketing,1,Research Scientist,2,Travel_Rarely,165835,20,0.0,8.0,2.0,8,4,1.0,3.0,1.0,1,No,4,High
477,Sara Pillai,22,Male,Married,3,Other,2,Sales Representative,2,Travel_Rarely,49070,21,1.0,4.0,2.0,4,2,1.0,1.0,2.0,8,No,4,High
478,Vivek Trivedi,48,Male,Single,4,Medical,3,Sales Executive,2,Travel_Rarely,45540,11,2.0,19.0,3.0,2,1,2.0,2.0,2.0,2,No,3,Medium
479,Neha Trivedi,48,Male,Single,3,Medical,1,Research Director,1,Travel_Rarely,54150,11,1.0,27.0,1.0,15,9,4.0,8.0,7.0,3,No,3,Medium
480,John Pillai,41,Male,Single,3,Life Sciences,2,Research Scientist,2,Travel_Rarely,47410,16,0.0,8.0,3.0,2,1,2.0,1.0,6.0,2,No,3,Medium
481,Arjun Pillai,39,Male,Married,3,Life Sciences,1,Human Resources,3,Travel_Rarely,21150,18,0.0,21.0,3.0,18,10,7.5,8.0,1.0,2,No,3,Medium
482,Emily Mehta,27,Male,Married,3,Life Sciences,2,Human Resources,2,Travel_Rarely,31610,13,2.0,4.0,0.5,3,1,2.0,2.0,0.0,3,No,3,Medium
483,Emma Thakur,35,Male,Divorced,3,Medical,1,Sales Executive,5,Travel_Rarely,57450,17,2.5,3.0,4.0,3,1,1.0,2.0,1.0,24,No,3,Medium
484,Sanjay Joshi,42,Male,Married,4,Other,2,Research Scientist,1,Travel_Rarely,23730,14,1.0,21.0,3.0,1,0,0.0,0.0,6.0,23,No,3,Medium
485,David Sharma,50,Male,Married,3,Medical,1,Sales Executive,2,Travel_Rarely,33100,22,1.0,8.0,3.0,1,0,0.0,0.0,4.0,27,No,4,High
486,Ishaan Pillai,59,Female,Single,4,Medical,2,Laboratory Technician,5,Travel_Rarely,165835,12,0.0,28.5,3.0,5,3,4.0,3.0,3.0,16,No,3,Medium
487,Priya Rao,37,Male,Married,3,Marketing,1,Laboratory Technician,2,Travel_Rarely,44850,11,1.0,15.0,2.0,1,0,0.0,0.0,5.0,15,Yes,3,Low
488,Arjun Mehta,55,Female,Married,2,Life Sciences,2,Sales Executive,2,Travel_Frequently,27890,13,1.0,17.0,2.0,8,4,6.0,7.0,3.0,26,No,3,Medium
489,Ananya Thakur,41,Male,Divorced,1,Life Sciences,2,Research Scientist,2,Non-Travel,58280,13,0.0,21.0,0.5,18,10,5.0,10.0,1.0,19,No,3,Medium
490,Kunal Thakur,38,Female,Single,2,Other,2,Laboratory Technician,1,Travel_Rarely,23260,14,0.0,19.0,3.0,1,0,0.0,0.0,8.0,24,No,3,Medium
491,Sanjay Smith,26,Female,Single,1,Life Sciences,2,Manufacturing Director,1,Non-Travel,135250,17,1.0,7.0,4.0,2,1,2.0,2.0,8.0,21,Yes,3,Low
492,Riya Agarwal,52,Female,Married,4,Medical,2,Human Resources,4,Travel_Rarely,14200,13,1.0,28.5,2.0,18,10,6.0,9.0,1.0,5,Yes,3,Medium
493,Sanjay Agarwal,44,Female,Married,3,Life Sciences,2,Healthcare Representative,1,Travel_Rarely,80200,11,1.0,23.0,2.0,12,7,7.5,11.0,3.0,16,No,3,Medium
494,Sara Joshi,50,Male,Married,2,Life Sciences,3,Laboratory Technician,1,Non-Travel,36880,11,0.0,19.0,3.0,18,10,0.0,13.0,0.0,2,No,3,Medium
495,Divya Williams,36,Male,Single,4,Technical Degree,1,Sales Executive,4,Travel_Rarely,54820,18,0.0,18.0,3.0,17,10,7.5,14.0,1.0,2,Yes,3,Medium
496,Kavya Shah,39,Male,Single,3,Marketing,1,Sales Executive,1,Travel_Frequently,160150,11,0.0,21.0,3.0,18,10,2.0,8.0,1.0,11,No,3,Medium
497,Deepika Pillai,33,Male,Single,2,Technical Degree,1,Sales Representative,5,Non-Travel,12000,11,1.0,3.0,3.0,2,1,2.0,2.0,0.0,9,No,3,Medium
498,Raj Trivedi,45,Male,Married,2,Other,2,Human Resources,1,Travel_Rarely,56610,12,0.0,26.0,2.0,9,5,1.0,1.0,3.0,7,No,3,Medium
499,Raj Nair,32,Male,Single,3,Medical,2,Manager,2,Non-Travel,69290,20,0.0,10.0,4.5,8,4,7.0,7.0,8.5,15,No,4,High
500,John Reddy,34,Male,Divorced,4,Marketing,1,Research Director,2,Travel_Rarely,96130,12,1.0,16.0,4.5,15,9,0.0,9.0,0.0,6,No,3,Medium
501,Zara Johnson,59,Male,Married,3,Life Sciences,2,Research Scientist,2,Travel_Rarely,56740,12,0.0,14.0,4.5,6,3,0.0,4.0,3.0,5,No,3,Medium
502,Rohit Garcia,45,Male,Single,1,Medical,2,Sales Executive,2,Travel_Rarely,54840,20,2.5,6.0,4.5,6,3,0.0,4.0,1.0,16,No,4,High
503,Anjali Miller,53,Male,Married,2,Medical,1,Research Scientist,2,Travel_Frequently,120610,20,1.0,28.5,2.0,15,9,6.0,12.0,2.0,8,No,4,High
504,Emily Reddy,36,Female,Divorced,2,Life Sciences,2,Research Scientist,1,Travel_Rarely,56600,12,0.0,9.0,3.0,1,0,0.0,0.0,7.0,7,Yes,3,Low
505,Varun Shah,26,Male,Married,3,Life Sciences,1,Research Scientist,2,Travel_Frequently,48210,14,2.0,6.0,2.0,3,1,1.0,2.0,6.0,2,Yes,3,Low
506,Gaurav Williams,34,Male,Married,2,Life Sciences,2,Sales Representative,1,Travel_Rarely,64100,13,1.0,1.0,4.5,1,0,0.0,0.0,1.0,2,No,3,Medium
507,Divya Joshi,28,Male,Married,3,Other,2,Sales Representative,2,Travel_Rarely,52100,15,0.0,1.0,1.0,1,0,0.0,0.0,1.0,10,No,3,Medium
508,Raj Brown,38,Male,Married,4,Medical,1,Research Scientist,2,Travel_Frequently,26950,14,1.0,8.0,4.0,2,1,2.0,2.0,3.0,9,No,3,Medium
509,Meera Reddy,50,Male,Married,4,Life Sciences,2,Sales Executive,1,Travel_Rarely,118780,13,1.0,28.5,2.0,8,4,7.0,7.0,2.0,5,No,3,Medium
510,Aditya Kumar,37,Male,Single,3,Life Sciences,2,Laboratory Technician,1,Travel_Rarely,165835,23,0.0,8.0,4.5,4,2,0.0,1.0,3.0,1,No,4,High
511,Akash Verma,40,Male,Married,3,Medical,3,Sales Executive,5,Travel_Rarely,24550,15,1.0,8.0,2.0,7,4,7.0,5.0,1.0,2,No,3,Low
512,Michael Jones,26,Male,Divorced,3,Medical,2,Laboratory Technician,2,Travel_Frequently,139640,11,2.0,5.0,1.0,5,3,1.0,3.0,1.0,3,No,3,Low
513,James Verma,46,Female,Divorced,1,Medical,2,Research Scientist,3,Travel_Rarely,49410,13,2.0,23.0,2.0,2,1,2.0,2.0,8.5,2,No,3,Medium
514,Amit Joshi,54,Female,Married,3,Medical,2,Manufacturing Director,2,Travel_Rarely,24780,11,0.0,13.0,0.5,9,5,7.0,0.0,6.0,5,No,3,Medium
515,Rohit Malhotra,56,Female,Married,2,Life Sciences,2,Manufacturing Director,2,Travel_Frequently,52280,11,0.0,18.0,4.0,5,3,0.0,3.0,2.0,1,No,3,Medium
516,Priya Patel,36,Female,Single,2,Life Sciences,2,Human Resources,2,Travel_Rarely,44780,18,1.0,15.0,3.0,14,8,7.0,8.0,0.0,4,No,3,Medium
517,Varun Joshi,55,Female,Single,3,Medical,2,Manager,2,Non-Travel,75470,16,0.0,28.5,2.0,9,5,6.0,2.0,7.0,2,No,3,Medium
518,Akash Johnson,43,Male,Divorced,2,Life Sciences,1,Research Scientist,3,Travel_Rarely,50550,22,0.0,18.0,2.0,1,0,0.0,0.0,5.0,25,No,4,High
519,Sarah Sharma,20,Male,Single,3,Marketing,1,Sales Executive,3,Travel_Frequently,34640,20,0.0,2.0,3.0,2,1,0.0,2.0,1.0,8,Yes,4,High
520,Nikhil Brown,21,Male,Single,4,Life Sciences,2,Manager,1,Travel_Rarely,57750,18,0.0,1.0,2.0,1,0,1.0,0.0,1.0,1,Yes,3,Low
521,Tanvi Jones,46,Female,Divorced,3,Marketing,1,Healthcare Representative,3,Travel_Rarely,89430,12,1.0,19.0,4.5,16,9,1.0,7.0,8.0,12,No,3,Medium
522,Neha Nair,51,Female,Married,3,Medical,1,Research Scientist,2,Travel_Rarely,165835,20,0.0,18.0,2.0,10,6,2.0,7.0,8.5,23,Yes,4,High
523,Tanvi Singh,28,Female,Single,4,Life Sciences,2,Laboratory Technician,4,Non-Travel,52380,17,1.0,10.0,4.0,10,6,1.0,9.0,1.0,19,Yes,3,Low
524,Divya Trivedi,26,Female,Married,4,Medical,2,Sales Executive,2,Travel_Rarely,46820,11,1.0,6.0,3.0,5,3,1.0,3.0,1.0,5,No,3,Low
525,Sneha Kumar,30,Female,Married,3,Medical,2,Sales Executive,1,Travel_Rarely,165835,14,0.0,7.0,4.5,6,3,0.0,2.0,0.0,8,No,3,Low
526,Rahul Nair,41,Female,Married,4,Life Sciences,1,Research Director,1,Travel_Rarely,52570,14,0.0,10.0,2.0,10,6,0.0,8.0,1.0,1,No,3,Medium
527,Rahul Miller,38,Male,Married,3,Technical Degree,2,Sales Executive,1,Travel_Rarely,63490,11,0.0,20.0,3.0,18,10,1.0,9.0,0.0,5,No,3,Medium
528,Amit Wilson,40,Male,Married,4,Marketing,1,Sales Executive,1,Travel_Rarely,48690,12,0.0,14.0,2.0,11,6,7.5,1.0,4.0,1,No,3,Medium
529,Pooja Williams,27,Female,Married,3,Technical Degree,1,Laboratory Technician,2,Non-Travel,99850,14,1.0,3.0,3.0,3,1,1.0,2.0,1.0,11,No,3,Low
530,Nikhil Joshi,55,Male,Married,5,Life Sciences,2,Laboratory Technician,3,Travel_Frequently,36970,13,1.0,23.0,1.0,3,1,1.0,2.0,3.0,23,No,3,Medium
531,Vivek Smith,28,Male,Single,3,Life Sciences,2,Healthcare Representative,2,Travel_Rarely,74570,11,2.0,10.0,1.0,8,4,1.0,7.0,3.0,1,No,3,Medium
532,Arjun Smith,44,Female,Married,4,Life Sciences,2,Sales Executive,2,Travel_Rarely,21190,15,0.0,24.0,3.0,18,10,3.0,6.0,8.5,18,Yes,3,Low
533,Vikram Nair,33,Female,Divorced,4,Marketing,1,Sales Executive,4,Travel_Rarely,39830,12,0.0,9.0,3.0,3,1,1.0,2.0,4.0,23,No,3,Medium
534,David Agarwal,35,Male,Single,4,Life Sciences,1,Sales Representative,3,Travel_Rarely,61180,21,1.0,9.0,3.0,8,4,4.0,7.0,0.0,7,Yes,4,High
535,Kavya Sharma,33,Female,Single,2,Life Sciences,2,Sales Executive,1,Travel_Frequently,62140,19,2.0,14.0,3.0,13,7,3.0,8.0,1.0,1,Yes,3,Medium
536,Suresh Mehta,28,Male,Divorced,1,Human Resources,3,Research Scientist,2,Travel_Rarely,63470,15,1.0,4.0,2.0,4,2,2.0,2.0,1.0,1,No,3,Low
537,Vikram Shah,34,Male,Single,4,Marketing,1,Research Scientist,1,Travel_Frequently,115100,14,1.0,7.0,4.5,6,3,0.0,4.0,0.0,29,No,3,Medium
538,Priya Patel,37,Male,Divorced,4,Life Sciences,2,Sales Executive,4,Travel_Rarely,71430,21,0.0,8.0,4.5,1,0,0.0,0.0,2.0,7,No,4,High
539,Tanvi Patel,25,Female,Married,4,Human Resources,3,Research Scientist,2,Travel_Rarely,82680,12,0.0,7.0,3.0,7,4,5.0,6.0,1.0,25,Yes,3,Medium
540,Neha Brown,26,Male,Divorced,2,Marketing,1,Sales Executive,2,Travel_Rarely,80950,15,0.0,1.0,3.0,1,0,0.0,0.0,1.0,8,Yes,3,Medium
541,David Wilson,33,Male,Single,2,Life Sciences,2,Manufacturing Director,4,Travel_Rarely,29040,13,0.0,5.0,2.0,2,1,2.0,2.0,4.0,8,Yes,3,Low
542,John Shah,42,Male,Married,1,Life Sciences,2,Research Scientist,4,Travel_Rarely,60320,14,0.0,23.0,2.0,18,10,7.5,7.0,0.0,11,No,3,Medium
543,Deepika Brown,28,Male,Divorced,3,Life Sciences,2,Manager,2,Travel_Frequently,29760,14,0.0,1.0,3.0,1,0,0.0,0.0,1.0,7,Yes,3,Low
544,Zara Wilson,50,Male,Single,4,Medical,2,Research Scientist,2,Travel_Frequently,159920,14,0.0,5.0,3.0,0,0,0.0,0.0,3.0,1,Yes,3,Medium
545,Shivam Singh,33,Female,Married,3,Medical,1,Research Scientist,2,Travel_Frequently,46490,12,0.0,4.0,2.0,3,1,0.0,2.0,0.0,9,No,3,Medium
546,Rahul Rao,34,Female,Married,1,Marketing,1,Research Director,2,Non-Travel,26960,23,0.0,6.0,3.0,0,0,0.0,0.0,3.0,1,No,4,High
547,Emily Nair,48,Male,Single,1,Life Sciences,1,Sales Executive,2,Non-Travel,23700,11,0.0,27.0,3.0,5,3,2.0,1.0,2.0,2,No,3,Medium
548,Kavya Kumar,45,Female,Married,3,Medical,2,Human Resources,2,Non-Travel,125040,12,1.0,15.0,2.0,15,9,4.0,12.0,1.0,1,No,3,Medium
549,James Johnson,52,Male,Single,3,Life Sciences,1,Sales Executive,1,Travel_Rarely,59740,18,1.0,18.0,4.5,8,4,4.0,0.0,7.0,1,No,3,Medium
550,Aditya Pillai,38,Male,Divorced,2,Medical,2,Research Scientist,1,Travel_Rarely,47360,11,1.0,9.0,3.0,8,4,2.0,7.0,0.0,6,No,3,Medium
551,Priya Rao,29,Female,Divorced,3,Medical,2,Research Scientist,4,Travel_Rarely,52960,14,0.0,11.0,3.0,7,4,1.0,7.0,4.0,8,No,3,Medium
552,David Singh,28,Female,Divorced,3,Human Resources,3,Laboratory Technician,4,Travel_Rarely,67810,15,1.0,10.0,2.0,9,5,1.0,7.0,0.0,1,No,3,Medium
553,Karan Patel,46,Male,Married,4,Medical,2,Sales Executive,3,Travel_Rarely,21740,11,1.0,23.0,3.0,12,7,4.0,9.0,3.0,6,No,3,Medium
554,Divya Garcia,38,Male,Single,4,Medical,2,Sales Executive,1,Travel_Rarely,66530,20,1.0,10.0,2.0,1,0,0.0,0.0,7.0,7,No,4,High
555,Emma Verma,43,Female,Married,3,Medical,2,Laboratory Technician,2,Travel_Frequently,96990,19,1.0,18.0,3.0,8,4,0.0,1.0,8.0,5,No,3,Medium
556,Shivam Mehta,39,Male,Divorced,3,Marketing,1,Healthcare Representative,2,Travel_Frequently,67550,14,1.0,21.0,2.0,18,10,7.5,5.0,7.0,1,Yes,3,Medium
557,Deepika Joshi,40,Male,Single,1,Life Sciences,2,Healthcare Representative,1,Travel_Rarely,22130,17,0.0,21.0,4.0,18,10,4.0,9.0,1.0,1,No,3,Medium
558,Deepika Reddy,21,Female,Single,4,Life Sciences,2,Research Scientist,1,Travel_Rarely,26100,11,1.0,2.0,3.0,2,1,2.0,2.0,1.0,1,No,3,Medium
559,Olivia Thakur,39,Male,Single,3,Life Sciences,2,Laboratory Technician,1,Non-Travel,28510,15,0.0,9.0,2.0,5,3,0.0,3.0,8.5,6,No,3,Medium
560,Varun Reddy,36,Male,Single,3,Medical,2,Sales Representative,3,Non-Travel,34520,13,2.5,18.0,4.0,11,6,0.0,9.0,2.0,1,No,3,Medium
561,Aarav Kumar,31,Male,Married,3,Life Sciences,2,Sales Executive,1,Travel_Frequently,52580,14,2.5,3.0,4.5,2,1,2.0,2.0,0.0,7,No,3,Medium
562,Gaurav Gupta,28,Male,Married,4,Marketing,1,Sales Executive,1,Travel_Rarely,93550,11,0.0,6.0,4.0,5,3,0.0,4.0,0.0,2,No,3,Low
563,Emily Jones,35,Female,Divorced,2,Other,2,Manufacturing Director,1,Travel_Frequently,104960,13,1.0,5.0,2.0,5,3,0.0,2.0,1.0,9,No,3,Medium
564,Emily Trivedi,49,Female,Married,2,Medical,1,Sales Executive,1,Travel_Rarely,63800,23,1.0,22.0,1.0,9,5,2.0,3.0,6.0,2,No,4,High
565,Riya Agarwal,34,Male,Single,1,Technical Degree,1,Sales Executive,2,Travel_Frequently,26570,13,1.0,5.0,3.0,3,1,0.0,2.0,2.0,9,No,3,Medium
566,Neha Agarwal,29,Male,Divorced,4,Medical,2,Research Scientist,3,Travel_Frequently,27160,18,0.0,8.0,2.0,7,4,1.0,1.0,0.0,1,No,3,Low
567,Zara Williams,42,Female,Single,2,Life Sciences,1,Healthcare Representative,1,Travel_Rarely,22010,12,1.0,16.0,3.0,1,0,0.0,0.0,4.0,21,No,3,Medium
568,Sara Verma,29,Female,Married,2,Other,1,Healthcare Representative,2,Travel_Rarely,65400,22,0.0,10.0,2.0,10,6,1.0,2.0,1.0,4,No,4,High
569,Varun Nair,38,Female,Married,3,Medical,2,Human Resources,1,Travel_Rarely,38160,13,2.0,7.0,2.0,7,4,5.0,0.0,1.0,1,No,3,Medium
570,Varun Shah,28,Male,Divorced,4,Life Sciences,1,Manager,1,Travel_Frequently,52530,15,0.0,3.0,2.0,3,1,0.0,2.0,1.0,6,No,3,Medium
571,Michael Malhotra,18,Male,Single,4,Medical,2,Laboratory Technician,3,Non-Travel,109650,18,0.0,0.0,4.5,0,0,0.0,0.0,1.0,2,Yes,3,Medium
572,Emma Jones,33,Male,Single,2,Life Sciences,2,Sales Executive,1,Travel_Rarely,49360,14,0.0,6.0,2.0,5,3,0.0,3.0,0.0,3,Yes,3,Low
573,Kavya Reddy,41,Male,Married,2,Medical,2,Research Scientist,2,Travel_Rarely,25430,12,0.0,6.0,3.0,1,0,0.0,0.0,3.0,4,No,3,Medium
574,Raj Williams,31,Female,Married,3,Technical Degree,1,Research Director,1,Travel_Frequently,53040,17,0.0,2.0,3.0,2,1,2.0,2.0,1.0,10,Yes,3,Medium
575,Suresh Jones,37,Male,Divorced,3,Life Sciences,2,Manufacturing Director,3,Travel_Rarely,165835,16,1.0,10.0,2.0,6,3,1.0,3.0,7.0,23,No,3,Medium
576,Kunal Reddy,27,Female,Married,2,Medical,2,Healthcare Representative,1,Travel_Rarely,42600,11,2.0,4.0,2.0,4,2,2.0,2.0,1.0,6,No,3,Medium
577,Nikhil Garcia,34,Female,Married,1,Marketing,1,Laboratory Technician,2,Travel_Rarely,24760,19,0.0,6.0,2.0,6,3,1.0,3.0,1.0,1,No,3,Medium
578,Karan Thakur,35,Female,Single,3,Life Sciences,2,Laboratory Technician,3,Travel_Rarely,31020,13,1.0,6.0,3.0,5,3,1.0,4.0,1.0,6,No,3,Low
579,Anjali Jones,29,Male,Married,3,Life Sciences,2,Sales Executive,1,Travel_Rarely,22440,12,2.5,11.0,4.5,11,6,3.0,10.0,1.0,6,Yes,3,Low
580,Meera Malhotra,40,Male,Single,4,Medical,2,Human Resources,4,Travel_Frequently,75960,11,0.0,20.0,0.5,18,10,2.0,13.0,8.5,2,No,3,Low
581,Sanjay Reddy,42,Male,Single,4,Life Sciences,1,Laboratory Technician,1,Travel_Frequently,22850,16,0.0,22.0,3.0,18,10,7.5,14.0,0.0,2,Yes,3,Low
582,Emily Shah,42,Male,Single,2,Life Sciences,2,Laboratory Technician,4,Travel_Rarely,30340,21,1.0,9.0,3.0,6,3,1.0,5.0,7.0,1,No,4,High
583,Raj Kumar,35,Male,Married,3,Medical,2,Healthcare Representative,1,Travel_Rarely,57150,24,2.0,10.0,0.5,8,4,1.0,7.0,6.0,5,No,4,High
584,Aarav Nair,24,Female,Single,4,Life Sciences,1,Laboratory Technician,1,Travel_Rarely,25760,17,2.5,6.0,3.0,4,2,1.0,2.0,8.0,7,No,3,Medium
585,Olivia Garcia,28,Male,Married,4,Life Sciences,2,Sales Executive,2,Travel_Rarely,41970,13,0.0,1.0,3.0,1,0,0.0,0.0,1.0,15,Yes,3,Medium
586,Shivam Trivedi,26,Male,Married,4,Life Sciences,2,Sales Representative,2,Travel_Rarely,143360,21,1.0,8.0,3.0,8,4,0.0,7.0,1.0,1,No,4,High
587,Meera Patel,30,Female,Married,2,Life Sciences,2,Manufacturing Director,1,Travel_Rarely,34480,11,0.0,10.0,3.0,10,6,1.0,4.0,1.0,7,No,3,Medium
588,Aarav Malhotra,40,Male,Married,4,Life Sciences,2,Research Scientist,2,Travel_Frequently,165835,20,2.5,16.0,2.0,1,0,0.0,0.0,3.0,26,No,4,High
589,Karan Patel,35,Female,Divorced,5,Medical,2,Research Scientist,2,Travel_Rarely,65380,16,1.0,15.0,3.0,7,4,6.0,4.0,2.0,18,No,3,Medium
590,Gaurav Sharma,34,Male,Single,2,Life Sciences,2,Research Director,1,Travel_Frequently,43060,11,0.0,14.0,2.0,13,7,4.0,9.0,0.0,6,No,3,Medium
591,Sara Miller,35,Female,Married,3,Medical,2,Laboratory Technician,2,Travel_Frequently,22580,11,1.0,2.0,2.0,2,1,2.0,2.0,1.0,3,No,3,Medium
592,Suresh Rao,43,Female,Single,3,Marketing,1,Research Scientist,3,Travel_Rarely,45220,15,1.0,7.0,3.0,4,2,1.0,3.0,8.0,5,Yes,3,Low
593,Nikhil Joshi,32,Female,Divorced,2,Other,2,Research Scientist,2,Non-Travel,44870,11,0.0,1.0,4.5,1,0,0.0,0.0,1.0,11,No,3,Low
594,Arjun Thakur,56,Male,Divorced,2,Other,2,Healthcare Representative,2,Travel_Rarely,44490,15,0.0,28.0,3.0,5,3,4.0,2.0,4.0,3,No,3,Low
595,Rohit Sharma,29,Male,Married,1,Life Sciences,2,Laboratory Technician,1,Travel_Rarely,22180,24,1.0,10.0,1.0,10,6,0.0,8.0,1.0,26,No,4,High
596,Neha Gupta,19,Male,Single,4,Life Sciences,2,Laboratory Technician,2,Travel_Rarely,165835,12,0.0,1.0,2.0,1,0,0.0,0.0,1.0,23,No,3,Medium
597,Aryan Smith,45,Female,Married,3,Life Sciences,2,Sales Representative,2,Travel_Rarely,132120,13,0.0,7.0,4.0,3,1,0.0,2.0,4.0,22,No,3,Low
598,Raj Trivedi,37,Male,Married,4,Life Sciences,2,Research Scientist,3,Travel_Rarely,65770,13,0.0,14.0,1.0,14,8,3.0,11.0,1.0,14,No,3,Medium
599,Tanvi Wilson,20,Male,Single,3,Medical,2,Research Director,5,Travel_Rarely,83920,17,0.0,2.0,4.5,2,1,1.0,2.0,1.0,6,No,3,Low
600,Zara Trivedi,44,Male,Single,2,Human Resources,3,Sales Executive,3,Travel_Rarely,45580,13,1.0,6.0,2.0,6,3,0.0,2.0,1.0,6,Yes,3,Medium
601,Michael Rao,53,Male,Divorced,4,Life Sciences,2,Research Director,1,Travel_Rarely,40310,12,1.0,26.0,3.0,7,4,4.0,7.0,3.0,6,No,3,Medium
602,Olivia Williams,29,Male,Married,3,Medical,2,Sales Executive,1,Travel_Rarely,79690,14,0.0,6.0,3.0,5,3,1.0,3.0,0.0,23,No,3,Medium
603,Shivam Garcia,22,Male,Married,4,Medical,2,Sales Representative,1,Travel_Frequently,26540,24,0.0,1.0,4.5,0,0,0.0,0.0,0.0,22,Yes,4,High
604,Raj Johnson,46,Male,Married,3,Life Sciences,2,Research Scientist,2,Travel_Rarely,165550,14,2.0,28.0,4.0,18,10,7.5,9.0,8.0,2,No,3,Medium
605,Ishaan Wilson,44,Male,Single,3,Life Sciences,2,Sales Representative,1,Non-Travel,45560,13,0.0,6.0,4.0,0,0,0.0,0.0,2.0,20,No,3,Medium
606,Sara Williams,33,Female,Married,4,Life Sciences,2,Manager,1,Travel_Rarely,60910,15,0.0,5.0,4.5,5,3,1.0,4.0,1.0,28,No,3,Low
607,Pooja Jones,41,Male,Divorced,3,Life Sciences,2,Sales Representative,2,Non-Travel,165835,16,0.0,5.0,2.0,1,0,0.0,0.0,6.0,12,Yes,3,Low
608,Amit Kumar,30,Male,Divorced,3,Marketing,1,Sales Executive,3,Travel_Rarely,48100,18,0.0,8.0,3.0,4,2,0.0,3.0,8.0,20,No,3,Low
609,Rahul Johnson,40,Male,Married,3,Medical,1,Manufacturing Director,1,Travel_Frequently,45230,16,1.0,5.0,4.5,0,0,0.0,0.0,5.0,9,No,3,Medium
610,Zara Rao,50,Female,Married,4,Life Sciences,2,Healthcare Representative,2,Travel_Frequently,32020,24,1.0,28.5,2.0,2,1,2.0,2.0,2.0,25,No,4,High
611,Shivam Shah,28,Male,Married,3,Technical Degree,2,Research Scientist,2,Travel_Rarely,23510,16,0.0,6.0,4.0,6,3,3.0,3.0,1.0,6,No,3,Medium
612,John Agarwal,46,Male,Married,4,Other,2,Manager,3,Travel_Rarely,17020,21,0.0,25.0,2.0,4,2,0.0,3.0,5.0,8,No,4,High
613,Neha Wilson,35,Male,Married,4,Marketing,1,Laboratory Technician,1,Travel_Rarely,165835,20,1.0,15.0,3.0,7,4,1.0,7.0,3.0,4,No,4,High
614,Ananya Wilson,24,Male,Married,4,Human Resources,3,Manufacturing Director,3,Travel_Rarely,28860,19,1.0,1.0,4.5,1,0,0.0,0.0,1.0,28,Yes,3,Medium
615,Arjun Joshi,33,Female,Married,2,Medical,2,Sales Executive,1,Travel_Frequently,20970,14,2.0,10.0,4.5,10,6,0.0,1.0,1.0,9,No,3,Low
616,James Johnson,36,Male,Divorced,2,Medical,2,Sales Executive,2,Travel_Rarely,119350,11,2.5,7.0,4.5,7,4,1.0,7.0,1.0,9,No,3,Medium
617,John Johnson,30,Male,Divorced,3,Marketing,1,Sales Executive,1,Travel_Rarely,25460,14,1.0,10.0,2.0,10,6,7.5,9.0,1.0,29,No,3,Medium
618,Shivam Malhotra,44,Male,Single,4,Medical,2,Research Scientist,2,Travel_Rarely,25640,12,2.5,20.0,3.0,18,10,7.5,14.5,1.0,3,No,3,Medium
619,Aarav Singh,20,Male,Single,4,Medical,2,Human Resources,1,Travel_Rarely,84120,13,0.0,2.0,2.0,2,1,2.0,2.0,1.0,18,No,3,Medium
620,Ishaan Verma,46,Female,Divorced,1,Medical,1,Sales Executive,1,Travel_Rarely,141180,22,0.0,12.0,3.0,6,3,1.0,4.0,2.0,9,No,4,High
621,Rahul Williams,42,Male,Married,4,Medical,2,Sales Executive,5,Non-Travel,165835,11,0.0,10.0,3.0,4,2,0.0,3.0,7.0,5,No,3,Medium
622,John Reddy,60,Male,Divorced,2,Life Sciences,1,Sales Executive,2,Travel_Rarely,25640,14,1.0,12.0,3.0,11,6,1.0,9.0,0.0,2,No,3,Medium
623,Michael Wilson,32,Female,Married,3,Life Sciences,1,Sales Executive,1,Travel_Frequently,102660,11,0.0,2.0,3.0,2,1,2.0,2.0,1.0,10,No,3,Medium
624,Emily Rao,32,Female,Single,3,Life Sciences,2,Research Scientist,2,Travel_Frequently,50700,12,1.0,10.0,4.5,8,4,0.0,7.0,4.0,9,No,3,Medium
625,Karan Wilson,36,Male,Divorced,2,Marketing,1,Healthcare Representative,4,Travel_Rarely,165835,18,0.0,17.0,2.0,7,4,7.0,7.0,2.0,3,No,3,Low
626,Divya Pillai,33,Male,Married,2,Marketing,1,Research Scientist,1,Travel_Rarely,42300,12,0.0,15.0,0.5,14,8,4.0,10.0,0.0,26,No,3,Medium
627,Amit Williams,40,Female,Divorced,3,Medical,2,Research Scientist,2,Travel_Rarely,37800,12,0.0,7.0,2.0,5,3,1.0,3.0,7.0,1,No,3,Low
628,Shivam Kumar,25,Female,Single,2,Medical,2,Laboratory Technician,1,Travel_Rarely,27680,22,1.0,5.0,0.5,4,2,1.0,1.0,0.0,6,No,4,High
629,Dev Shah,30,Female,Married,3,Marketing,1,Research Scientist,1,Travel_Rarely,90710,19,1.0,12.0,2.0,11,6,5.0,7.0,0.0,9,No,3,Medium
630,Riya Brown,42,Male,Married,2,Medical,3,Sales Executive,1,Travel_Frequently,106480,13,1.0,20.0,1.0,1,0,0.0,0.0,3.0,8,No,3,Low
631,Gaurav Miller,35,Male,Married,1,Life Sciences,2,Sales Executive,2,Non-Travel,136100,22,2.0,16.0,4.0,13,7,4.0,12.0,4.0,1,No,4,High
632,Pooja Brown,27,Male,Married,3,Life Sciences,2,Manufacturing Director,3,Travel_Rarely,34080,24,0.0,9.0,2.0,9,5,6.0,8.0,1.0,7,No,4,High
633,Divya Sharma,54,Male,Divorced,2,Medical,2,Sales Representative,2,Travel_Frequently,29830,14,1.0,28.5,2.0,5,3,1.0,4.0,7.0,9,No,3,Medium
634,Akash Nair,44,Male,Married,4,Life Sciences,3,Laboratory Technician,5,Travel_Rarely,76320,21,0.0,10.0,3.0,10,6,7.0,7.0,1.0,4,No,4,High
635,Emma Verma,19,Male,Single,2,Other,1,Healthcare Representative,3,Non-Travel,98240,18,0.0,1.0,2.0,1,0,0.0,0.0,1.0,2,Yes,3,Medium
636,Kunal Kumar,29,Male,Divorced,4,Life Sciences,2,Manufacturing Director,1,Travel_Rarely,99500,20,0.0,3.0,3.0,3,1,1.0,2.0,1.0,19,No,4,High
637,Emma Agarwal,54,Male,Married,4,Life Sciences,2,Sales Executive,2,Travel_Rarely,20930,19,0.0,28.5,2.0,10,6,0.0,9.0,3.0,9,No,3,Medium
638,Vikram Smith,31,Male,Married,3,Life Sciences,2,Laboratory Technician,2,Travel_Rarely,99800,12,0.0,6.0,1.0,6,3,0.0,1.0,1.0,21,No,3,Low
639,Sneha Williams,31,Female,Single,1,Marketing,1,Sales Executive,1,Travel_Rarely,38940,12,0.0,10.0,3.0,10,6,1.0,8.0,1.0,24,No,3,Medium
640,Aarav Jones,59,Male,Single,4,Technical Degree,2,Research Scientist,1,Travel_Rarely,40510,16,2.5,13.0,3.0,6,3,0.0,5.0,5.0,3,No,3,Medium
641,Varun Johnson,43,Male,Married,2,Life Sciences,2,Laboratory Technician,3,Travel_Rarely,165835,17,1.0,25.0,3.0,8,4,0.0,7.0,3.0,11,No,3,Medium
642,Meera Brown,49,Male,Married,4,Life Sciences,1,Research Scientist,2,Travel_Rarely,62300,14,0.0,23.0,2.0,1,0,0.0,0.0,2.0,14,No,3,Medium
643,Meera Verma,36,Female,Married,2,Marketing,1,Laboratory Technician,1,Travel_Frequently,47170,19,1.0,12.0,3.0,11,6,0.0,7.0,1.0,5,No,3,Medium
644,David Mehta,48,Female,Single,4,Life Sciences,2,Laboratory Technician,2,Travel_Rarely,132370,13,1.0,7.0,2.0,1,0,0.0,0.0,5.0,1,No,3,Medium
645,Ananya Trivedi,27,Male,Divorced,4,Life Sciences,2,Laboratory Technician,2,Travel_Rarely,37550,19,0.0,5.0,2.0,5,3,0.0,3.0,1.0,6,No,3,Medium
646,Divya Jones,29,Male,Divorced,4,Medical,1,Laboratory Technician,1,Travel_Rarely,65820,19,1.0,6.0,3.0,6,3,1.0,0.0,1.0,17,No,3,Medium
647,Pooja Sharma,48,Male,Single,1,Marketing,1,Manufacturing Director,2,Travel_Rarely,74060,14,2.0,25.0,2.0,1,0,0.0,0.0,6.0,1,No,3,Medium
648,Emma Reddy,29,Female,Divorced,3,Technical Degree,2,Healthcare Representative,2,Travel_Rarely,48050,16,1.0,9.0,2.0,7,4,1.0,7.0,2.0,3,No,3,Medium
649,Gaurav Agarwal,34,Female,Married,4,Medical,1,Laboratory Technician,2,Travel_Rarely,27410,15,1.0,2.0,3.0,1,0,0.0,0.0,0.0,9,No,3,Medium
650,Raj Sharma,44,Female,Married,3,Life Sciences,2,Laboratory Technician,1,Travel_Rarely,42620,18,0.0,26.0,2.0,18,10,3.0,10.0,7.0,4,No,3,Medium
651,Vikram Pillai,33,Female,Divorced,2,Life Sciences,2,Research Scientist,2,Travel_Rarely,161840,13,1.0,10.0,2.0,9,5,0.0,8.0,0.0,8,No,3,Medium
652,Tanvi Garcia,19,Male,Single,4,Marketing,1,Laboratory Technician,3,Travel_Rarely,115570,22,0.0,1.0,0.5,1,0,0.0,1.0,1.0,2,No,4,High
653,Sara Agarwal,23,Male,Married,3,Medical,1,Laboratory Technician,3,Travel_Rarely,18780,13,1.0,1.0,2.0,1,0,0.0,1.0,1.0,2,No,3,Medium
654,Divya Mehta,25,Male,Single,1,Life Sciences,2,Manufacturing Director,1,Travel_Frequently,109320,11,1.0,1.0,3.0,1,0,1.0,0.0,1.0,1,Yes,3,Medium
655,Neha Jones,26,Male,Single,3,Life Sciences,3,Research Scientist,2,Travel_Rarely,68110,11,1.0,8.0,4.0,8,4,2.0,2.0,1.0,9,No,3,Medium
656,Raj Malhotra,45,Male,Single,3,Human Resources,3,Laboratory Technician,2,Travel_Rarely,43060,11,2.0,26.0,3.0,18,10,1.0,11.0,2.0,12,Yes,3,Low
657,Vivek Jones,55,Female,Divorced,3,Life Sciences,2,Manager,2,Non-Travel,48590,24,1.0,28.5,3.0,18,10,7.5,0.0,1.0,27,No,4,High
658,Sarah Joshi,21,Female,Single,2,Medical,2,Research Scientist,4,Travel_Frequently,53370,14,1.0,2.0,2.0,2,1,2.0,2.0,1.0,20,Yes,3,Low
659,Tanvi Thakur,46,Male,Married,4,Life Sciences,2,Manufacturing Director,1,Travel_Rarely,23400,13,1.0,26.0,2.0,11,6,0.0,8.0,2.0,1,No,3,Medium
660,Pooja Nair,34,Male,Single,4,Medical,1,Sales Representative,3,Travel_Rarely,74910,14,1.0,4.0,3.0,3,1,0.0,2.0,0.0,13,No,3,Low
661,Ananya Gupta,51,Male,Divorced,3,Life Sciences,2,Research Director,2,Travel_Frequently,105270,14,0.0,28.5,3.0,18,10,7.5,10.0,4.0,14,No,3,Medium
662,Riya Garcia,59,Male,Single,2,Life Sciences,2,Research Scientist,2,Travel_Rarely,165835,21,1.0,25.0,2.0,9,5,5.0,4.0,6.0,4,No,4,High
663,Michael Patel,34,Female,Divorced,4,Medical,1,Research Scientist,3,Travel_Frequently,88340,13,1.0,15.0,1.0,11,6,5.0,10.0,4.0,14,No,3,Medium
664,Suresh Kumar,28,Female,Single,3,Other,2,Manager,1,Travel_Frequently,55770,19,0.0,5.0,3.0,4,2,0.0,2.0,0.0,2,No,3,Medium
665,Suresh Malhotra,44,Male,Divorced,4,Life Sciences,2,Research Scientist,2,Travel_Rarely,47070,17,0.0,26.0,4.0,18,10,7.5,13.0,1.0,3,No,3,Low
666,Pooja Smith,34,Male,Married,3,Life Sciences,1,Sales Executive,2,Travel_Frequently,24000,18,1.0,14.0,3.0,10,6,1.0,8.0,4.0,1,No,3,Medium
667,Nikhil Brown,35,Male,Married,3,Life Sciences,2,Healthcare Representative,4,Travel_Rarely,98240,19,0.0,4.0,2.0,3,1,2.0,2.0,0.0,9,No,3,Medium
668,Raj Wilson,42,Female,Married,4,Life Sciences,2,Manager,1,Travel_Rarely,64470,13,0.0,18.0,3.0,1,0,0.0,0.0,6.0,23,No,3,Medium
669,Shivam Joshi,43,Female,Single,2,Medical,2,Laboratory Technician,1,Travel_Rarely,165835,18,2.0,23.0,3.0,18,10,7.5,14.5,3.0,7,No,3,Medium
670,Vivek Pillai,36,Male,Single,4,Medical,2,Healthcare Representative,1,Travel_Rarely,27250,21,1.0,18.0,4.0,16,9,5.0,12.0,8.5,2,No,4,High
671,Raj Singh,44,Female,Married,4,Life Sciences,2,Laboratory Technician,2,Travel_Rarely,62720,19,1.0,10.0,3.0,10,6,0.0,5.0,1.0,21,Yes,3,Medium
672,Anjali Thakur,28,Female,Married,3,Life Sciences,2,Sales Representative,2,Travel_Frequently,21270,14,0.0,2.0,3.0,2,1,2.0,2.0,1.0,2,No,3,Medium
673,Deepika Wilson,51,Male,Single,4,Medical,1,Research Scientist,2,Travel_Frequently,165835,17,0.0,8.0,3.0,7,4,7.0,7.0,0.0,21,No,3,Medium
674,Emily Smith,30,Male,Single,4,Other,2,Research Scientist,1,Non-Travel,20960,11,2.5,10.0,2.0,8,4,1.0,7.0,7.0,2,No,3,Medium
675,Varun Thakur,29,Female,Divorced,4,Technical Degree,2,Sales Representative,1,Travel_Rarely,28860,13,0.0,10.0,4.0,7,4,7.0,7.0,3.0,29,Yes,3,Medium
676,Akash Nair,28,Female,Single,4,Life Sciences,1,Sales Representative,2,Travel_Rarely,20330,15,1.0,5.0,4.5,3,1,1.0,2.0,2.0,1,No,3,Medium
677,Rahul Garcia,25,Male,Single,2,Life Sciences,2,Research Scientist,1,Travel_Rarely,36220,25,0.0,2.0,0.5,2,1,2.0,1.0,1.0,18,No,4,High
678,Dev Reddy,32,Female,Married,4,Other,2,Sales Executive,1,Travel_Rarely,42330,11,0.0,10.0,4.5,10,6,0.0,8.0,1.0,10,No,3,Medium
679,Kavya Singh,45,Male,Single,3,Medical,2,Laboratory Technician,3,Travel_Frequently,36810,17,1.0,22.0,2.0,0,0,0.0,0.0,3.0,19,No,3,Medium
680,Ananya Nair,39,Female,Divorced,1,Marketing,1,Laboratory Technician,1,Travel_Rarely,54600,13,2.0,21.0,3.0,18,10,7.5,2.0,6.0,29,No,3,Medium
681,Amit Verma,58,Male,Divorced,3,Other,2,Laboratory Technician,2,Travel_Rarely,21870,18,1.0,2.0,1.0,2,1,2.0,2.0,1.0,27,No,3,Low
682,Kunal Mehta,32,Female,Married,3,Technical Degree,2,Sales Executive,1,Travel_Rarely,96020,13,1.0,10.0,3.0,10,6,1.0,1.0,1.0,5,Yes,3,Medium
683,Riya Sharma,39,Male,Single,2,Life Sciences,2,Laboratory Technician,2,Travel_Rarely,28360,20,0.0,6.0,3.0,5,3,0.0,3.0,0.0,18,Yes,4,High
684,Ishaan Rao,30,Male,Married,1,Marketing,1,Research Director,4,Travel_Rarely,40890,18,0.0,10.0,2.0,9,5,6.0,7.0,0.0,9,No,3,Medium
685,John Trivedi,36,Male,Married,3,Marketing,1,Sales Executive,2,Travel_Rarely,165835,12,0.0,10.0,4.5,7,4,1.0,7.0,3.0,1,No,3,Medium
686,Michael Malhotra,46,Male,Single,3,Medical,1,Research Scientist,1,Travel_Rarely,26190,12,1.0,10.0,3.0,7,4,5.0,7.0,6.0,4,No,3,Medium
687,Pooja Pillai,28,Male,Married,3,Medical,2,Sales Executive,5,Non-Travel,56790,13,0.0,10.0,2.0,9,5,7.0,5.0,0.0,1,No,3,Medium
688,Sarah Miller,50,Female,Married,2,Medical,2,Laboratory Technician,5,Travel_Rarely,154020,21,0.0,25.0,3.0,3,1,1.0,2.0,4.0,20,No,4,High
689,John Johnson,40,Male,Single,1,Other,1,Laboratory Technician,1,Travel_Rarely,59850,13,2.5,9.0,1.0,5,3,1.0,0.0,2.0,8,Yes,3,Medium
690,Rahul Shah,52,Male,Single,2,Technical Degree,2,Laboratory Technician,3,Travel_Rarely,25790,19,1.0,10.0,1.0,8,4,7.0,7.0,8.5,3,Yes,3,Low
691,Olivia Joshi,30,Female,Married,4,Medical,2,Sales Executive,1,Travel_Rarely,30410,11,1.0,9.0,2.0,9,5,0.0,8.0,1.0,6,No,3,Low
692,Kavya Garcia,39,Male,Single,1,Medical,2,Healthcare Representative,2,Travel_Rarely,34470,14,0.0,9.0,4.5,8,4,1.0,7.0,0.0,26,No,3,Medium
693,Meera Mehta,31,Male,Divorced,2,Medical,2,Sales Executive,1,Non-Travel,165835,12,1.0,10.0,1.0,10,6,7.5,6.0,1.0,1,No,3,Medium
694,Rohit Malhotra,41,Female,Single,3,Life Sciences,1,Research Director,1,Non-Travel,27730,11,0.0,19.0,3.0,18,10,7.5,9.0,1.0,6,No,3,Medium
695,Sarah Garcia,31,Male,Single,1,Life Sciences,2,Sales Executive,1,Travel_Frequently,71040,14,1.0,3.0,3.0,3,1,2.0,2.0,1.0,3,Yes,3,Medium
696,Karan Shah,44,Male,Married,3,Life Sciences,1,Laboratory Technician,1,Travel_Rarely,63220,11,1.0,10.0,2.0,3,1,1.0,2.0,4.0,5,Yes,3,Low
697,Olivia Johnson,42,Male,Married,3,Life Sciences,2,Laboratory Technician,2,Non-Travel,20830,12,2.0,21.0,3.0,18,10,2.0,10.0,0.0,4,No,3,Medium
698,Dev Thakur,55,Male,Married,3,Technical Degree,1,Manufacturing Director,2,Travel_Rarely,83810,15,1.0,23.0,3.0,18,10,7.5,11.0,4.0,11,No,3,Medium
699,Sara Agarwal,56,Female,Single,2,Medical,1,Manufacturing Director,3,Travel_Rarely,26910,16,1.0,28.5,4.5,7,4,7.0,7.0,6.0,3,No,3,Medium
700,Aditya Joshi,40,Male,Divorced,1,Life Sciences,2,Laboratory Technician,1,Non-Travel,42860,15,0.0,6.0,4.5,4,2,0.0,0.0,8.5,1,No,3,Medium
701,Emily Gupta,34,Male,Divorced,2,Technical Degree,2,Research Director,2,Travel_Rarely,26590,24,2.5,10.0,2.0,9,5,1.0,6.0,0.0,3,No,4,High
702,Ishaan Malhotra,40,Male,Single,3,Medical,1,Sales Executive,2,Travel_Rarely,94340,13,1.0,9.0,3.0,9,5,7.5,8.0,1.0,4,No,3,Medium
703,Aryan Singh,41,Female,Divorced,4,Other,1,Healthcare Representative,2,Travel_Frequently,55610,11,0.0,10.0,2.0,9,5,1.0,7.0,0.0,1,No,3,Low
704,Kavya Jones,35,Male,Single,2,Technical Degree,1,Manager,2,Travel_Frequently,66460,13,1.0,9.0,2.0,9,5,1.0,1.0,1.0,1,No,3,Medium
705,Aarav Joshi,51,Male,Divorced,2,Life Sciences,1,Manufacturing Director,4,Travel_Rarely,77250,13,1.0,28.5,2.0,18,10,0.0,10.0,1.0,18,No,3,Medium
706,Akash Thakur,38,Female,Divorced,4,Life Sciences,1,Research Scientist,1,Travel_Rarely,107250,18,0.0,11.0,4.5,7,4,1.0,7.0,3.0,2,No,3,Low
707,Divya Williams,34,Male,Single,3,Life Sciences,1,Research Scientist,2,Travel_Rarely,88470,16,0.0,10.0,3.0,10,6,7.5,6.0,1.0,4,No,3,Medium
708,Sanjay Williams,25,Female,Married,2,Medical,2,Research Scientist,4,Travel_Rarely,20450,19,0.0,7.0,3.0,3,1,1.0,2.0,3.0,6,No,3,Medium
709,Shivam Pillai,58,Male,Married,4,Technical Degree,1,Sales Executive,2,Travel_Rarely,10090,13,2.0,28.5,3.0,10,6,5.0,9.0,7.0,1,Yes,3,Medium
710,Michael Rao,40,Female,Married,4,Medical,2,Research Scientist,1,Travel_Rarely,33480,22,0.0,7.0,2.0,4,2,0.0,3.0,3.0,14,No,4,High
711,Emma Wilson,36,Male,Married,2,Life Sciences,1,Research Scientist,1,Travel_Frequently,12810,11,0.0,17.0,2.0,15,9,6.0,13.0,2.0,16,No,3,Low
712,Sanjay Agarwal,48,Male,Single,1,Life Sciences,2,Research Scientist,2,Travel_Rarely,28190,20,0.0,11.0,2.0,10,6,0.0,8.0,1.0,2,No,4,High
713,Divya Brown,27,Female,Married,3,Life Sciences,2,Laboratory Technician,2,Travel_Rarely,48510,18,0.0,5.0,2.0,1,0,0.0,0.0,8.0,2,No,3,Medium
714,Sneha Garcia,51,Female,Single,1,Medical,2,Manufacturing Director,3,Travel_Rarely,40280,14,0.0,28.5,3.0,5,3,0.0,3.0,3.0,4,No,3,Medium
715,Gaurav Williams,18,Male,Single,4,Medical,2,Sales Executive,2,Non-Travel,27200,22,1.0,0.0,2.0,0,0,0.0,0.0,1.0,1,No,4,High
716,Priya Patel,35,Female,Married,4,Other,2,Research Director,2,Travel_Rarely,81200,13,0.0,10.0,2.0,9,5,0.0,0.0,0.0,1,No,3,Medium
717,Aryan Thakur,27,Female,Single,4,Medical,2,Research Director,1,Travel_Frequently,46470,17,0.0,8.0,3.0,6,3,0.0,0.0,3.0,26,No,3,Medium
718,Karan Kumar,55,Male,Single,3,Technical Degree,2,Human Resources,1,Travel_Rarely,46800,14,2.5,24.0,0.5,18,10,3.0,8.0,6.0,19,Yes,3,Medium
719,Nikhil Agarwal,56,Male,Married,4,Life Sciences,2,Laboratory Technician,2,Travel_Rarely,32210,15,2.0,28.5,2.0,18,10,7.5,9.0,4.0,24,No,3,Medium
720,Karan Miller,34,Male,Divorced,2,Life Sciences,1,Research Scientist,2,Non-Travel,86210,17,1.0,5.0,1.0,5,3,0.0,0.0,1.0,1,No,3,Medium
721,Vivek Reddy,40,Male,Divorced,3,Life Sciences,2,Sales Executive,2,Travel_Rarely,45770,11,1.0,15.0,3.0,12,7,7.5,8.0,5.0,3,No,3,Medium
722,Emma Pillai,34,Male,Married,3,Life Sciences,2,Research Scientist,1,Travel_Rarely,45530,18,1.0,10.0,2.0,8,4,7.0,7.0,4.0,5,No,3,Medium
723,Arjun Sharma,31,Female,Single,2,Medical,2,Manufacturing Director,2,Travel_Frequently,53960,17,1.0,3.0,2.0,1,0,0.0,0.0,7.0,2,Yes,3,Medium
724,Emma Miller,35,Male,Married,2,Medical,2,Manufacturing Director,1,Travel_Frequently,67960,13,0.0,5.0,2.0,4,2,3.0,2.0,0.0,1,Yes,3,Medium
725,Varun Kumar,38,Female,Divorced,3,Medical,2,Sales Representative,2,Travel_Frequently,76250,15,0.0,4.0,2.0,4,2,0.0,3.0,1.0,7,No,3,Medium
726,Ishaan Verma,34,Female,Single,4,Other,2,Laboratory Technician,2,Travel_Rarely,74120,24,0.0,14.0,4.0,14,8,4.0,11.0,1.0,10,No,4,High
727,Akash Gupta,28,Female,Married,3,Life Sciences,2,Healthcare Representative,2,Travel_Rarely,111590,12,0.0,5.0,2.0,5,3,0.0,4.0,1.0,2,No,3,Medium
728,Rohit Verma,31,Male,Married,2,Life Sciences,2,Sales Executive,2,Travel_Rarely,49600,15,0.0,10.0,3.0,10,6,6.0,7.0,1.0,15,Yes,3,Medium
729,Olivia Rao,39,Female,Married,4,Technical Degree,2,Healthcare Representative,2,Travel_Rarely,104750,11,1.0,8.0,3.0,5,3,1.0,4.0,3.0,17,No,3,Medium
730,Gaurav Reddy,51,Male,Married,3,Medical,2,Sales Executive,2,Travel_Frequently,148140,11,1.0,14.0,2.0,4,2,3.0,2.0,2.0,20,No,3,Low
731,Vivek Joshi,41,Male,Divorced,3,Life Sciences,2,Sales Executive,4,Travel_Frequently,165835,12,1.0,12.0,2.0,6,3,3.0,3.0,3.0,1,No,3,Medium
732,Akash Verma,37,Female,Married,2,Medical,2,Healthcare Representative,1,Travel_Rarely,54050,15,0.0,8.0,3.0,6,3,1.0,3.0,7.0,2,No,3,Medium
733,Emily Kumar,33,Female,Married,3,Medical,2,Sales Executive,1,Travel_Frequently,87930,17,0.0,8.0,2.0,5,3,1.0,2.0,6.0,2,No,3,Medium
734,Shivam Nair,32,Male,Married,4,Medical,2,Research Director,5,Travel_Rarely,165835,12,1.0,4.0,3.0,3,1,1.0,2.0,0.0,1,No,3,Medium
735,Vivek Verma,39,Male,Married,2,Life Sciences,2,Sales Executive,2,Non-Travel,38750,15,0.0,13.0,3.0,6,3,0.0,5.0,3.0,29,No,3,Medium
736,Sarah Smith,25,Male,Married,4,Life Sciences,2,Sales Executive,1,Travel_Rarely,22160,13,2.5,6.0,2.0,3,1,1.0,2.0,2.0,7,No,3,Low
737,Pooja Mehta,52,Male,Married,1,Life Sciences,2,Sales Executive,2,Travel_Frequently,117130,14,0.0,24.0,2.0,5,3,0.0,2.0,2.0,2,No,3,Medium
738,Olivia Joshi,43,Male,Single,2,Medical,2,Laboratory Technician,1,Travel_Rarely,78610,14,2.0,20.0,1.0,18,10,1.0,8.0,1.0,2,No,3,Low
739,Rahul Nair,27,Male,Married,4,Life Sciences,2,Human Resources,1,Travel_Rarely,37080,16,2.0,6.0,2.0,6,3,4.0,4.0,1.0,2,No,3,Medium
740,Dev Pillai,27,Female,Single,5,Life Sciences,2,Research Scientist,1,Travel_Rarely,137700,18,1.0,8.0,3.0,8,4,7.0,7.0,1.0,2,Yes,3,Medium
741,Arjun Sharma,26,Male,Single,2,Other,2,Laboratory Technician,3,Travel_Rarely,53040,20,1.0,5.0,2.0,4,2,1.0,1.0,0.0,2,No,4,High
742,Ishaan Kumar,42,Female,Married,3,Marketing,1,Research Scientist,3,Travel_Rarely,26420,13,1.0,21.0,3.0,18,10,0.0,9.0,0.0,23,No,3,Medium
743,Neha Jones,52,Female,Married,2,Life Sciences,2,Healthcare Representative,1,Travel_Rarely,27590,18,1.0,12.0,4.5,5,3,0.0,4.0,8.5,5,No,3,Low
744,Arjun Sharma,37,Male,Single,5,Life Sciences,2,Manager,2,Travel_Rarely,68040,13,1.0,8.0,1.0,3,1,0.0,2.0,4.0,20,No,3,Medium
745,Ananya Reddy,35,Female,Single,4,Medical,2,Research Director,2,Travel_Frequently,61420,15,1.0,10.0,2.0,2,1,2.0,2.0,2.0,6,No,3,Medium
746,Gaurav Reddy,25,Male,Married,4,Medical,2,Sales Executive,2,Travel_Rarely,25000,14,2.0,7.0,2.0,3,1,0.0,2.0,4.0,1,No,3,Low
747,Aditya Malhotra,26,Male,Single,4,Life Sciences,2,Research Scientist,1,Travel_Rarely,63890,22,0.0,8.0,2.0,7,4,0.0,7.0,0.0,29,No,4,High
748,Neha Pillai,29,Male,Single,3,Life Sciences,1,Laboratory Technician,1,Travel_Rarely,111030,12,0.0,10.0,4.5,10,6,0.0,9.0,1.0,9,No,3,Low
749,Riya Williams,49,Female,Single,5,Medical,1,Healthcare Representative,2,Travel_Frequently,23420,18,0.0,20.0,2.0,4,2,1.0,3.0,3.0,6,Yes,3,Low
750,Priya Jones,29,Female,Single,2,Marketing,1,Laboratory Technician,2,Travel_Frequently,68110,15,1.0,9.0,2.0,8,4,7.0,7.0,0.0,3,Yes,3,Medium
751,Raj Gupta,54,Female,Single,3,Medical,1,Manager,2,Travel_Rarely,22970,18,2.0,28.5,2.0,18,10,7.5,7.0,6.0,1,No,3,Medium
752,Dev Malhotra,58,Female,Married,3,Life Sciences,1,Laboratory Technician,2,Travel_Rarely,24500,12,1.0,28.5,2.0,9,5,1.0,5.0,3.0,22,No,3,Medium
753,Sanjay Gupta,55,Female,Divorced,3,Life Sciences,2,Research Scientist,3,Travel_Rarely,50930,16,1.0,28.5,3.0,7,4,0.0,0.0,2.0,7,No,3,Medium
754,David Rao,36,Male,Single,3,Medical,2,Sales Executive,2,Travel_Rarely,53090,13,0.0,15.0,4.5,5,3,0.0,1.0,3.0,1,No,3,Low
755,Michael Smith,31,Male,Single,3,Life Sciences,1,Manager,2,Travel_Frequently,30570,19,0.0,1.0,3.0,1,0,0.0,0.0,1.0,4,Yes,3,Medium
756,Kavya Mehta,30,Male,Divorced,3,Life Sciences,1,Sales Executive,3,Travel_Rarely,51210,13,0.0,8.0,4.0,3,1,0.0,2.0,7.0,3,No,3,Medium
757,Varun Malhotra,31,Male,Single,3,Medical,2,Laboratory Technician,1,Travel_Rarely,165835,12,1.0,9.0,3.0,3,1,1.0,0.0,3.0,1,No,3,Medium
758,Divya Miller,34,Female,Divorced,1,Marketing,1,Manager,5,Travel_Frequently,26860,11,0.0,10.0,3.0,4,2,1.0,3.0,5.0,2,No,3,Medium
759,Priya Verma,31,Male,Single,3,Technical Degree,1,Research Scientist,1,Travel_Rarely,61800,14,1.0,1.0,2.0,1,0,0.0,0.0,1.0,20,Yes,3,Low
760,Rahul Rao,27,Male,Married,4,Medical,3,Sales Executive,4,Travel_Rarely,66320,16,0.0,6.0,3.0,5,3,1.0,4.0,0.0,11,No,3,Medium
761,Michael Smith,36,Male,Single,3,Marketing,1,Research Scientist,2,Travel_Rarely,35050,12,2.0,10.0,2.0,10,6,1.0,8.0,1.0,1,No,3,Low
762,Deepika Singh,36,Female,Married,3,Other,2,Research Director,3,Travel_Rarely,63970,14,1.0,11.0,3.0,3,1,0.0,2.0,4.0,24,No,3,Low
763,Sanjay Verma,47,Female,Married,4,Life Sciences,2,Sales Executive,2,Travel_Rarely,62740,14,2.0,17.0,0.5,6,3,1.0,2.0,7.0,23,No,3,Medium
764,Karan Singh,25,Male,Married,4,Life Sciences,1,Research Scientist,2,Travel_Rarely,165835,19,0.0,6.0,3.0,3,1,2.0,2.0,3.0,16,Yes,3,Low
765,Aarav Garcia,37,Male,Single,4,Medical,1,Healthcare Representative,1,Non-Travel,75870,22,1.0,7.0,4.5,6,3,1.0,3.0,0.0,8,No,4,High
766,Amit Sharma,56,Male,Married,4,Other,2,Sales Representative,2,Travel_Rarely,42580,16,0.0,5.0,2.0,3,1,1.0,0.0,2.0,10,No,3,Low
767,Emma Patel,47,Male,Married,2,Medical,2,Laboratory Technician,2,Travel_Rarely,43640,11,1.0,26.0,3.0,18,10,5.0,6.0,3.0,3,No,3,Medium
768,James Sharma,24,Male,Married,1,Other,2,Manufacturing Director,1,Travel_Rarely,43350,15,1.0,5.0,4.5,5,3,0.0,3.0,1.0,5,No,3,Medium
769,Arjun Kumar,32,Male,Married,3,Marketing,1,Research Scientist,1,Travel_Rarely,53260,14,1.0,7.0,2.0,4,2,0.0,3.0,4.0,4,No,3,Medium
770,Tanvi Trivedi,34,Male,Married,2,Medical,2,Sales Executive,1,Travel_Rarely,32800,13,0.0,7.0,3.0,5,3,0.0,2.0,5.0,9,No,3,Medium
771,Priya Gupta,41,Female,Married,3,Medical,2,Sales Executive,3,Travel_Rarely,54850,17,2.0,7.0,2.0,4,2,0.0,3.0,2.0,26,No,3,Medium
772,Amit Thakur,40,Male,Divorced,2,Life Sciences,1,Sales Executive,1,Non-Travel,43420,11,1.0,11.0,4.5,8,4,0.0,7.0,3.0,3,No,3,Medium
773,Dev Thakur,31,Male,Divorced,3,Medical,2,Human Resources,2,Travel_Rarely,27820,19,1.0,13.0,4.5,13,7,7.5,9.0,1.0,16,No,3,Medium
774,Suresh Jones,46,Male,Divorced,1,Medical,2,Manufacturing Director,1,Travel_Rarely,59800,11,1.0,28.0,2.0,7,4,4.0,3.0,4.0,18,Yes,3,Medium
775,Rahul Sharma,39,Male,Single,4,Medical,2,Manufacturing Director,2,Non-Travel,43810,15,2.0,11.0,1.0,1,0,0.0,0.0,2.0,2,Yes,3,Low
776,Ishaan Jones,31,Male,Single,3,Medical,1,Sales Executive,2,Travel_Frequently,25720,13,2.5,10.0,3.0,10,6,4.0,7.0,1.0,2,Yes,3,Medium
777,Raj Trivedi,45,Male,Divorced,2,Marketing,1,Sales Executive,1,Travel_Rarely,38330,14,0.0,24.0,1.0,7,4,0.0,7.0,2.0,10,No,3,Low
778,Pooja Patel,31,Male,Single,4,Life Sciences,2,Human Resources,3,Travel_Rarely,42440,13,0.0,8.0,3.0,3,1,0.0,2.0,8.5,16,No,3,Medium
779,Sarah Williams,31,Male,Married,4,Life Sciences,2,Laboratory Technician,1,Travel_Frequently,65000,23,1.0,7.0,4.5,2,1,2.0,2.0,6.0,7,Yes,4,High
780,Olivia Jones,45,Female,Married,2,Life Sciences,2,Research Scientist,1,Travel_Rarely,165835,12,1.0,10.0,4.5,3,1,1.0,2.0,4.0,1,No,3,Medium
781,Ishaan Gupta,48,Male,Divorced,3,Technical Degree,2,Research Scientist,2,Travel_Rarely,16010,12,0.0,15.0,3.0,2,1,2.0,2.0,4.0,24,No,3,Medium
782,Divya Garcia,34,Male,Married,4,Medical,2,Research Scientist,2,Travel_Rarely,26940,16,1.0,2.0,3.0,2,1,2.0,2.0,1.0,7,Yes,3,Medium
783,Riya Rao,40,Female,Divorced,4,Other,2,Sales Executive,1,Non-Travel,31490,15,1.0,16.0,1.0,9,5,4.0,8.0,2.0,25,No,3,Medium
784,John Trivedi,28,Female,Single,2,Technical Degree,2,Research Scientist,1,Travel_Rarely,165835,13,1.0,6.0,0.5,5,3,1.0,3.0,0.0,1,No,3,Medium
785,David Wilson,44,Male,Single,3,Life Sciences,2,Laboratory Technician,1,Non-Travel,23190,18,0.0,7.0,4.0,5,3,0.0,3.0,3.0,5,No,3,Medium
786,Amit Nair,53,Male,Single,4,Technical Degree,2,Manager,2,Travel_Rarely,116910,20,0.0,28.5,2.0,9,5,7.5,8.0,4.0,2,No,4,High
787,Varun Brown,49,Male,Married,3,Life Sciences,2,Laboratory Technician,3,Travel_Rarely,53240,19,0.0,20.0,2.0,3,1,1.0,2.0,2.0,7,No,3,Low
788,Arjun Joshi,40,Male,Divorced,4,Life Sciences,2,Laboratory Technician,3,Travel_Rarely,165835,18,1.0,8.0,3.0,3,1,1.0,2.0,2.0,2,No,3,Medium
789,Riya Williams,44,Male,Single,1,Other,2,Research Scientist,3,Travel_Rarely,52280,13,0.0,6.0,2.0,5,3,1.0,3.0,1.0,5,No,3,Medium
790,Ananya Trivedi,33,Female,Married,3,Medical,3,Sales Executive,2,Travel_Frequently,27000,14,2.5,5.0,2.0,4,2,0.0,3.0,0.0,10,No,3,Medium
791,Ishaan Mehta,34,Female,Single,4,Life Sciences,2,Sales Representative,1,Travel_Rarely,165835,15,1.0,15.0,4.5,13,7,3.0,12.0,3.0,10,No,3,Medium
792,Raj Pillai,30,Male,Married,2,Technical Degree,1,Laboratory Technician,1,Travel_Rarely,25060,22,0.0,4.0,3.0,2,1,2.0,2.0,8.0,1,No,4,High
793,Shivam Joshi,42,Female,Single,4,Medical,2,Sales Executive,1,Travel_Frequently,60620,22,2.0,12.0,2.0,12,7,5.0,8.0,1.0,8,No,4,High
794,James Verma,44,Female,Married,3,Life Sciences,2,Manufacturing Director,5,Travel_Frequently,43820,16,2.0,11.0,2.0,1,0,0.0,0.0,7.0,5,No,3,Low
795,Michael Sharma,30,Male,Divorced,3,Life Sciences,2,Manufacturing Director,1,Non-Travel,21430,17,1.0,1.0,2.0,1,0,0.0,0.0,1.0,8,No,3,Medium
796,Varun Malhotra,57,Male,Married,1,Life Sciences,1,Research Scientist,3,Travel_Rarely,61620,14,0.0,13.0,4.5,12,7,2.0,8.0,0.0,2,No,3,Low
797,Meera Sharma,49,Female,Divorced,3,Technical Degree,2,Sales Executive,2,Travel_Rarely,50940,15,0.0,28.5,4.5,8,4,0.0,7.0,3.0,7,No,3,Medium
798,Tanvi Patel,34,Female,Divorced,4,Medical,2,Sales Representative,2,Travel_Frequently,68770,20,0.0,16.0,3.0,14,8,6.0,9.0,7.0,2,No,4,High
799,Sneha Johnson,28,Male,Married,3,Medical,2,Research Scientist,1,Travel_Frequently,22740,20,1.0,5.0,4.5,3,1,1.0,2.0,3.0,2,Yes,4,High
800,Emily Smith,29,Female,Single,3,Medical,2,Research Scientist,5,Travel_Frequently,44340,17,2.5,7.0,1.0,5,3,0.0,0.0,2.0,28,Yes,3,Low
801,Ishaan Johnson,34,Male,Single,1,Medical,2,Research Scientist,1,Travel_Rarely,62880,15,1.0,16.0,2.0,15,9,7.5,10.0,0.0,7,Yes,3,Medium
802,James Joshi,35,Female,Married,4,Other,1,Healthcare Representative,4,Travel_Rarely,25530,14,1.0,1.0,4.0,1,0,0.0,0.0,1.0,7,No,3,Medium
803,Anjali Garcia,24,Male,Single,3,Life Sciences,1,Research Scientist,2,Travel_Frequently,76540,17,1.0,4.0,3.0,0,0,0.0,0.0,2.0,3,Yes,3,Low
804,Arjun Thakur,24,Female,Married,3,Life Sciences,2,Manager,2,Non-Travel,51600,17,1.0,1.0,3.0,1,0,0.0,0.0,1.0,10,No,3,Medium
805,Divya Singh,44,Female,Single,2,Medical,2,Research Scientist,2,Travel_Frequently,165835,22,1.0,16.0,1.0,2,1,2.0,2.0,5.0,5,No,4,High
806,Vivek Singh,29,Female,Divorced,2,Life Sciences,1,Sales Executive,1,Travel_Rarely,128080,13,0.0,10.0,4.5,10,6,0.0,4.0,1.0,10,No,3,Medium
807,Sneha Smith,30,Male,Divorced,2,Life Sciences,2,Sales Executive,3,Travel_Rarely,102210,19,1.0,6.0,2.0,5,3,1.0,3.0,0.0,1,No,3,Medium
808,Akash Patel,55,Male,Married,3,Marketing,1,Research Scientist,2,Travel_Rarely,47790,14,1.0,4.0,4.5,3,1,1.0,2.0,0.0,20,No,3,Medium
809,Zara Reddy,33,Male,Married,2,Life Sciences,2,Research Scientist,2,Travel_Rarely,37370,22,2.0,8.0,2.0,5,3,0.0,2.0,8.0,7,No,4,High
810,Anjali Wilson,47,Female,Married,4,Medical,2,Sales Representative,2,Travel_Rarely,23660,17,0.0,11.0,4.5,5,3,1.0,2.0,3.0,8,No,3,Medium
811,Gaurav Sharma,28,Male,Single,3,Marketing,1,Laboratory Technician,2,Travel_Frequently,17060,12,0.0,8.0,3.0,0,0,0.0,0.0,7.0,1,Yes,3,Low
812,David Sharma,28,Male,Divorced,4,Marketing,1,Laboratory Technician,1,Travel_Rarely,163070,16,0.0,1.0,3.0,1,0,0.0,0.0,1.0,8,No,3,Low
813,Riya Wilson,28,Female,Single,3,Life Sciences,2,Sales Executive,2,Travel_Frequently,59330,11,0.0,5.0,3.0,4,2,1.0,3.0,0.0,9,No,3,Medium
814,Rohit Thakur,49,Female,Married,4,Life Sciences,2,Research Scientist,1,Travel_Rarely,34240,11,0.0,10.0,3.0,3,1,1.0,2.0,4.0,5,No,3,Medium
815,Meera Singh,29,Male,Married,1,Medical,2,Research Scientist,1,Travel_Frequently,40370,14,0.0,4.0,2.0,3,1,0.0,2.0,0.0,8,No,3,Medium
816,Rohit Garcia,28,Male,Married,1,Technical Degree,2,Laboratory Technician,2,Travel_Rarely,25590,11,0.0,8.0,3.0,8,4,1.0,7.0,1.0,5,No,3,Low
817,Amit Garcia,33,Female,Single,4,Life Sciences,2,Sales Executive,1,Travel_Rarely,62010,15,2.5,14.0,2.0,0,0,0.0,0.0,2.0,15,No,3,Medium
818,Neha Shah,32,Female,Single,3,Life Sciences,2,Laboratory Technician,3,Travel_Rarely,44030,20,0.0,10.0,3.0,5,3,0.0,0.0,2.0,7,No,4,High
819,Aryan Trivedi,54,Female,Divorced,3,Life Sciences,1,Research Scientist,4,Travel_Frequently,37610,12,0.0,26.0,3.0,14,8,1.0,12.0,3.0,10,No,3,Medium
820,Aryan Gupta,29,Female,Single,3,Life Sciences,2,Research Scientist,2,Travel_Rarely,109340,17,2.0,11.0,2.0,9,5,0.0,7.0,6.0,5,Yes,3,Low
821,Varun Verma,44,Male,Married,1,Marketing,1,Sales Representative,1,Travel_Rarely,107610,11,1.0,24.0,4.5,18,10,7.5,14.5,3.0,26,No,3,Medium
822,Pooja Thakur,39,Female,Single,1,Technical Degree,1,Laboratory Technician,2,Travel_Rarely,51750,17,1.0,9.0,2.0,2,1,2.0,2.0,4.0,6,No,3,Medium
823,Anjali Joshi,46,Male,Married,2,Life Sciences,2,Manufacturing Director,3,Travel_Rarely,138260,11,0.0,23.0,1.0,13,7,5.0,1.0,8.0,4,No,3,Medium
824,Kavya Agarwal,35,Male,Single,4,Life Sciences,2,Research Scientist,2,Travel_Rarely,63340,14,0.0,11.0,2.0,11,6,3.0,3.0,1.0,23,No,3,Medium
825,John Brown,23,Female,Single,4,Medical,2,Manager,2,Travel_Rarely,49360,19,1.0,5.0,2.0,4,2,1.0,2.0,0.0,2,No,3,Low
826,Deepika Sharma,40,Male,Single,3,Medical,2,Research Director,2,Travel_Rarely,47750,15,1.0,15.0,3.0,5,3,1.0,0.0,3.0,2,Yes,3,Medium
827,Akash Thakur,34,Male,Married,3,Human Resources,3,Manufacturing Director,2,Travel_Rarely,28180,13,1.0,10.0,2.0,10,6,7.5,6.0,1.0,2,No,3,Medium
828,Arjun Mehta,31,Female,Single,3,Life Sciences,2,Healthcare Representative,2,Travel_Frequently,25150,14,0.0,7.0,3.0,7,4,7.0,7.0,1.0,29,Yes,3,Medium
829,Emily Jones,50,Male,Single,3,Medical,2,Manager,1,Travel_Frequently,23420,12,1.0,28.5,2.0,18,10,7.5,9.0,1.0,6,No,3,Medium
830,Emily Gupta,34,Female,Married,5,Marketing,1,Research Scientist,1,Travel_Rarely,41940,17,2.0,12.0,3.0,11,6,5.0,7.0,0.0,25,No,3,Medium
831,Sara Trivedi,42,Female,Married,3,Life Sciences,2,Manufacturing Director,1,Travel_Rarely,106850,11,2.5,4.0,2.0,1,0,0.0,0.0,4.0,1,No,3,Medium
832,Aryan Shah,37,Male,Married,2,Medical,2,Research Scientist,1,Travel_Rarely,20220,12,0.0,10.0,1.0,10,6,3.0,7.0,1.0,2,No,3,Medium
833,Raj Nair,29,Female,Married,3,Medical,2,Manager,1,Travel_Rarely,23140,13,0.0,9.0,4.5,7,4,0.0,7.0,3.0,1,No,3,Medium
834,Vikram Agarwal,33,Male,Single,1,Life Sciences,2,Research Scientist,1,Travel_Rarely,42560,13,2.5,5.0,1.0,5,3,0.0,2.0,1.0,1,No,3,Medium
835,Raj Johnson,45,Male,Married,3,Life Sciences,1,Laboratory Technician,3,Travel_Rarely,35800,20,1.0,8.0,1.0,5,3,0.0,3.0,4.0,3,No,4,High
836,Vikram Thakur,42,Male,Married,4,Technical Degree,3,Manufacturing Director,2,Travel_Frequently,31620,17,2.0,24.0,1.0,18,10,7.5,9.0,2.0,1,No,3,Medium
837,Gaurav Johnson,40,Female,Married,1,Life Sciences,1,Manufacturing Director,1,Travel_Rarely,65240,13,1.0,9.0,2.0,8,4,7.0,1.0,0.0,10,No,3,Medium
838,Tanvi Wilson,33,Female,Married,3,Medical,2,Manufacturing Director,2,Travel_Rarely,28990,17,0.0,15.0,3.0,15,9,5.0,7.0,1.0,9,No,3,Medium
839,Arjun Pillai,40,Male,Single,5,Life Sciences,1,Manufacturing Director,1,Travel_Rarely,52310,12,2.0,21.0,4.0,18,10,7.0,7.0,1.0,5,No,3,Medium
840,David Reddy,24,Male,Divorced,2,Marketing,1,Manufacturing Director,1,Travel_Rarely,23560,13,0.0,2.0,4.5,1,0,0.0,0.0,0.0,10,No,3,Medium
841,Emma Sharma,40,Male,Divorced,3,Medical,2,Research Scientist,1,Non-Travel,28000,12,2.0,8.0,0.5,2,1,2.0,2.0,3.0,7,No,3,Medium
842,Aditya Williams,45,Female,Divorced,3,Medical,2,Laboratory Technician,3,Travel_Rarely,118360,22,0.0,10.0,2.0,10,6,7.0,7.0,1.0,4,No,4,High
843,Kunal Shah,35,Male,Married,1,Life Sciences,2,Healthcare Representative,1,Travel_Rarely,109030,11,0.0,6.0,3.0,5,3,4.0,2.0,0.0,10,No,3,Medium
844,Nikhil Pillai,32,Male,Married,4,Medical,2,Sales Executive,1,Travel_Rarely,29730,22,0.0,12.0,0.5,7,4,2.0,5.0,3.0,22,No,4,High
845,Emma Kumar,36,Female,Single,3,Marketing,1,Research Scientist,4,Travel_Rarely,142750,18,1.0,7.0,4.5,3,1,1.0,2.0,3.0,9,No,3,Medium
846,Vivek Garcia,48,Male,Divorced,4,Medical,2,Laboratory Technician,1,Travel_Rarely,55620,13,1.0,18.0,2.0,8,4,7.0,7.0,8.0,12,No,3,Medium
847,Sneha Nair,29,Female,Married,4,Life Sciences,2,Healthcare Representative,2,Travel_Rarely,45370,18,1.0,5.0,4.5,1,0,0.0,0.0,6.0,23,No,3,Medium
848,Arjun Smith,33,Male,Married,1,Medical,2,Healthcare Representative,1,Travel_Rarely,76420,20,1.0,8.0,2.0,2,1,2.0,2.0,2.0,9,No,4,High
849,Priya Singh,30,Male,Married,3,Other,2,Sales Executive,3,Travel_Rarely,165835,13,2.0,10.0,2.0,10,6,6.0,7.0,1.0,1,Yes,3,Low
850,Kunal Wilson,38,Male,Married,3,Marketing,1,Manufacturing Director,1,Travel_Frequently,52040,13,1.0,10.0,2.0,6,3,1.0,2.0,3.0,9,No,3,Medium
851,Gaurav Patel,35,Male,Single,2,Life Sciences,1,Sales Executive,1,Travel_Rarely,22770,12,1.0,3.0,2.0,3,1,1.0,2.0,1.0,7,No,3,Medium
852,Suresh Patel,30,Male,Married,3,Technical Degree,2,Research Director,5,Travel_Rarely,27950,13,0.0,9.0,4.0,4,2,1.0,3.0,3.0,14,No,3,Medium
853,David Jones,35,Female,Divorced,3,Medical,2,Research Scientist,1,Travel_Rarely,25320,13,0.0,1.0,2.0,1,0,0.0,0.0,1.0,2,Yes,3,Low
854,Olivia Garcia,53,Male,Married,3,Life Sciences,2,Manager,2,Travel_Rarely,25590,25,0.0,28.5,2.0,18,10,1.0,9.0,0.0,19,Yes,4,High
855,Divya Mehta,38,Female,Married,3,Medical,2,Sales Executive,3,Travel_Rarely,49080,19,1.0,7.0,3.0,5,3,1.0,4.0,4.0,2,Yes,3,Medium
856,Kavya Rao,32,Female,Married,4,Life Sciences,2,Research Scientist,5,Non-Travel,23800,13,0.0,9.0,4.5,6,3,1.0,2.0,4.0,10,No,3,Medium
857,Michael Johnson,48,Male,Married,5,Life Sciences,2,Sales Executive,1,Travel_Rarely,47650,12,1.0,10.0,4.0,8,4,7.0,6.0,8.0,2,No,3,Low
858,Shivam Jones,34,Male,Single,3,Life Sciences,2,Sales Executive,2,Travel_Rarely,20440,11,0.0,1.0,2.0,1,0,0.0,0.0,1.0,3,No,3,Low
859,Shivam Nair,55,Female,Married,1,Medical,2,Laboratory Technician,1,Travel_Rarely,26930,18,0.0,28.5,4.5,18,10,2.0,13.0,1.0,11,No,3,Medium
860,Neha Reddy,34,Male,Married,2,Life Sciences,2,Research Scientist,2,Travel_Rarely,65860,18,1.0,9.0,3.0,2,1,2.0,1.0,8.5,2,No,3,Low
861,Amit Johnson,26,Male,Married,3,Life Sciences,2,Research Director,1,Travel_Rarely,32940,11,0.0,1.0,4.5,1,0,0.0,0.0,1.0,4,No,3,Medium
862,Sneha Johnson,38,Female,Married,2,Marketing,1,Sales Executive,1,Travel_Rarely,41710,23,0.0,10.0,4.0,9,5,7.0,7.0,0.0,14,No,4,High
863,Raj Williams,38,Female,Single,3,Life Sciences,2,Manufacturing Director,1,Travel_Rarely,27780,13,0.0,8.0,4.5,3,1,1.0,2.0,2.0,2,No,3,Medium
864,Emma Thakur,36,Male,Single,3,Human Resources,3,Research Scientist,1,Travel_Rarely,23770,13,2.0,15.0,3.0,1,0,0.0,0.0,6.0,1,No,3,Medium
865,Pooja Kumar,29,Male,Single,3,Life Sciences,2,Sales Representative,1,Travel_Rarely,24040,17,0.0,10.0,3.0,10,6,1.0,5.0,1.0,10,No,3,Low
866,Vivek Garcia,35,Female,Single,2,Life Sciences,1,Sales Executive,2,Travel_Rarely,23180,19,0.0,10.0,4.0,5,3,0.0,4.0,3.0,12,No,3,Medium
867,Tanvi Jones,39,Female,Married,2,Medical,1,Sales Executive,1,Travel_Rarely,20080,12,0.0,11.0,3.0,7,4,7.0,6.0,2.0,2,No,3,Medium
868,Michael Williams,29,Female,Divorced,1,Medical,2,Research Scientist,1,Travel_Frequently,62440,22,0.0,6.0,3.0,6,3,1.0,3.0,1.0,5,No,4,High
869,Rahul Kumar,50,Female,Married,2,Medical,2,Laboratory Technician,1,Travel_Rarely,27990,12,1.0,27.0,0.5,1,0,0.0,0.0,4.0,4,No,3,Medium
870,Aarav Mehta,23,Female,Married,2,Life Sciences,2,Manager,3,Travel_Rarely,105520,11,0.0,4.0,2.0,2,1,2.0,2.0,2.0,7,No,3,Medium
871,Nikhil Johnson,36,Male,Married,3,Life Sciences,1,Human Resources,2,Travel_Frequently,23290,15,0.0,9.0,2.0,3,1,0.0,2.0,3.0,21,No,3,Low
872,Pooja Sharma,42,Female,Single,2,Life Sciences,2,Manager,5,Travel_Rarely,40140,13,1.0,24.0,3.0,1,0,0.0,1.0,8.0,8,No,3,Medium
873,Dev Wilson,35,Female,Married,3,Medical,1,Laboratory Technician,2,Travel_Rarely,74030,12,1.0,10.0,4.0,10,6,6.0,8.0,1.0,4,No,3,Medium
874,Olivia Nair,34,Female,Married,1,Life Sciences,2,Manager,1,Travel_Frequently,22590,14,0.0,8.0,2.0,8,4,7.0,7.0,1.0,25,No,3,Medium
875,Zara Smith,40,Male,Married,4,Life Sciences,2,Laboratory Technician,2,Travel_Rarely,69320,13,0.0,5.0,4.5,5,3,1.0,2.0,1.0,1,No,3,Medium
876,Emma Garcia,43,Male,Divorced,1,Other,2,Manager,1,Travel_Rarely,46780,25,1.0,8.0,0.5,6,3,0.0,2.0,5.0,1,No,4,High
877,Shivam Nair,35,Female,Married,3,Marketing,1,Sales Representative,3,Travel_Rarely,135820,17,1.0,1.0,3.0,1,0,0.0,1.0,1.0,6,No,3,Medium
878,Sara Joshi,46,Male,Single,4,Technical Degree,2,Laboratory Technician,1,Travel_Rarely,23320,11,0.0,27.0,2.0,18,10,0.0,12.0,1.0,12,No,3,Low
879,Kavya Trivedi,28,Female,Married,3,Medical,3,Laboratory Technician,2,Travel_Rarely,24130,16,1.0,1.0,2.0,1,0,0.0,0.0,1.0,1,Yes,3,Medium
880,Rohit Thakur,22,Male,Married,2,Marketing,1,Sales Executive,3,Non-Travel,97050,18,2.0,4.0,3.0,4,2,1.0,3.0,1.0,17,No,3,Low
881,Meera Pillai,50,Male,Married,3,Other,2,Research Scientist,2,Travel_Frequently,42940,20,0.0,28.5,2.0,18,10,7.5,13.0,2.0,3,No,4,High
882,Aarav Trivedi,32,Male,Married,2,Life Sciences,2,Research Scientist,3,Travel_Rarely,47210,14,1.0,6.0,3.0,3,1,0.0,2.0,3.0,3,No,3,Medium
883,Rohit Miller,44,Male,Divorced,3,Technical Degree,2,Manager,3,Travel_Rarely,25190,21,2.0,23.0,2.0,18,10,1.0,10.0,0.0,10,No,4,High
884,Rahul Rao,30,Female,Married,3,Medical,2,Research Director,1,Travel_Rarely,21210,13,1.0,6.0,2.0,6,3,1.0,1.0,1.0,4,No,3,Low
885,Akash Patel,45,Female,Single,2,Technical Degree,1,Research Scientist,2,Travel_Rarely,29730,12,0.0,10.0,2.0,10,6,1.0,4.0,1.0,29,No,3,Medium
886,Kavya Nair,45,Male,Married,4,Life Sciences,1,Manufacturing Director,2,Non-Travel,58550,14,1.0,10.0,3.0,10,6,4.0,5.0,1.0,2,No,3,Low
887,Kunal Nair,31,Male,Single,3,Medical,2,Research Scientist,2,Travel_Frequently,36170,21,1.0,10.0,4.5,5,3,0.0,3.0,7.0,7,No,4,High
888,Vivek Singh,36,Male,Married,1,Medical,2,Manufacturing Director,2,Travel_Rarely,67250,17,1.0,7.0,3.0,3,1,1.0,1.0,8.5,18,No,3,Medium
889,Kavya Patel,34,Male,Divorced,4,Marketing,1,Manufacturing Director,5,Travel_Frequently,103250,11,1.0,9.0,3.0,9,5,7.0,2.0,1.0,28,No,3,Medium
890,Karan Smith,49,Male,Married,4,Life Sciences,2,Healthcare Representative,3,Travel_Rarely,69490,14,1.0,10.0,2.0,9,5,1.0,4.0,1.0,1,No,3,Low
891,Akash Malhotra,39,Male,Married,2,Life Sciences,2,Research Scientist,3,Travel_Rarely,106090,17,1.0,10.0,2.0,7,4,7.0,7.0,2.0,6,No,3,Low
892,Aditya Miller,27,Male,Divorced,1,Life Sciences,2,Research Scientist,4,Travel_Rarely,44470,13,0.0,7.0,4.0,7,4,0.0,7.0,1.0,2,No,3,Medium
893,Varun Gupta,35,Female,Married,3,Medical,2,Sales Executive,2,Travel_Rarely,21570,25,0.0,16.0,1.0,16,9,1.0,10.0,1.0,2,No,4,High
894,Deepika Kumar,28,Male,Divorced,3,Life Sciences,2,Manufacturing Director,3,Travel_Rarely,46010,15,2.0,6.0,2.0,5,3,0.0,0.0,0.0,23,No,3,Low
895,Priya Johnson,21,Female,Single,1,Life Sciences,2,Laboratory Technician,1,Travel_Rarely,165835,14,1.0,3.0,2.0,2,1,2.0,2.0,1.0,3,No,3,Medium
896,Sanjay Garcia,18,Male,Single,5,Medical,2,Research Director,1,Travel_Frequently,24790,12,1.0,0.0,2.0,0,0,0.0,0.0,1.0,3,Yes,3,Medium
897,Kavya Gupta,47,Male,Married,4,Medical,2,Research Scientist,2,Travel_Rarely,148520,19,2.5,27.0,3.0,5,3,1.0,0.0,3.0,25,No,3,Medium
898,Priya Mehta,39,Male,Divorced,4,Life Sciences,1,Laboratory Technician,1,Travel_Rarely,72640,17,0.0,11.0,4.5,10,6,0.0,7.0,0.0,2,No,3,Medium
899,John Patel,40,Male,Married,1,Life Sciences,2,Laboratory Technician,1,Travel_Rarely,56660,14,1.0,18.0,2.0,18,10,7.5,12.0,1.0,22,No,3,Medium
900,Priya Shah,35,Female,Married,3,Medical,2,Sales Executive,2,Non-Travel,78230,13,1.0,15.0,3.0,14,8,2.0,9.0,1.0,29,No,3,Medium
901,Akash Rao,37,Male,Married,4,Technical Degree,2,Laboratory Technician,1,Travel_Rarely,78800,12,1.0,9.0,2.0,4,2,0.0,2.0,3.0,29,No,3,Medium
902,Pooja Gupta,39,Female,Single,3,Technical Degree,2,Manager,2,Travel_Frequently,131940,11,0.0,10.0,2.0,9,5,3.0,8.0,0.0,2,No,3,Low
903,Anjali Verma,45,Female,Divorced,3,Life Sciences,2,Laboratory Technician,2,Travel_Rarely,50670,11,2.0,10.0,3.0,10,6,3.0,9.0,1.0,28,No,3,Medium
904,Aarav Reddy,38,Female,Married,4,Life Sciences,2,Sales Executive,3,Travel_Rarely,50790,11,0.0,10.0,3.0,5,3,0.0,2.0,3.0,2,No,3,Medium
905,Amit Miller,35,Male,Married,3,Life Sciences,2,Healthcare Representative,3,Travel_Rarely,23210,12,1.0,15.0,0.5,13,7,6.0,0.0,8.5,2,Yes,3,Medium
906,Divya Agarwal,37,Female,Married,3,Life Sciences,2,Healthcare Representative,2,Travel_Rarely,165835,14,0.0,8.0,4.0,8,4,7.0,7.0,1.0,22,No,3,Low
907,Sneha Reddy,40,Female,Single,3,Technical Degree,2,Healthcare Representative,2,Travel_Rarely,24040,17,0.0,18.0,2.0,4,2,3.0,3.0,6.0,8,No,3,Medium
908,Michael Kumar,44,Male,Married,2,Marketing,1,Laboratory Technician,1,Travel_Frequently,34520,11,1.0,14.0,2.0,10,6,0.0,2.0,4.0,2,No,3,Medium
909,Divya Gupta,48,Female,Married,4,Marketing,1,Manager,3,Travel_Frequently,22700,14,2.5,23.0,2.0,2,1,2.0,2.0,2.0,10,No,3,Medium
910,Anjali Joshi,35,Male,Divorced,3,Life Sciences,2,Manager,2,Travel_Rarely,165835,12,0.0,7.0,3.0,2,1,2.0,2.0,6.0,9,Yes,3,Low
911,Karan Williams,24,Male,Single,3,Life Sciences,2,Research Scientist,2,Travel_Frequently,54880,22,1.0,6.0,4.5,6,3,1.0,3.0,1.0,15,No,4,High
912,Ishaan Jones,27,Male,Married,4,Life Sciences,1,Sales Executive,3,Travel_Rarely,165835,14,1.0,5.0,2.0,3,1,0.0,2.0,7.0,10,No,3,Low
913,Vivek Garcia,27,Male,Single,3,Life Sciences,2,Research Scientist,1,Travel_Frequently,28110,20,0.0,6.0,3.0,4,2,1.0,2.0,2.0,7,No,4,High
914,Ananya Wilson,40,Male,Single,4,Marketing,1,Research Director,1,Travel_Rarely,36330,16,2.0,10.0,0.5,4,2,0.0,3.0,3.0,16,Yes,3,Low
915,Sara Wilson,29,Female,Single,1,Medical,2,Manager,2,Travel_Rarely,41630,15,1.0,8.0,4.0,5,3,1.0,4.0,8.5,20,No,3,Medium
916,Kunal Miller,36,Female,Married,3,Life Sciences,2,Sales Executive,3,Travel_Rarely,21320,20,0.0,9.0,1.0,3,1,0.0,2.0,4.0,23,No,4,High
917,Sanjay Verma,25,Male,Divorced,1,Marketing,1,Manufacturing Director,4,Travel_Frequently,139730,14,0.0,7.0,3.0,7,4,0.0,7.0,1.0,5,No,3,Medium
918,Neha Singh,39,Female,Married,3,Marketing,1,Research Director,2,Travel_Rarely,26840,12,0.0,7.0,2.0,5,3,1.0,0.0,4.0,10,No,3,Medium
919,Emma Joshi,49,Male,Married,2,Life Sciences,1,Research Director,2,Travel_Rarely,108450,24,0.0,27.0,4.0,4,2,1.0,2.0,3.0,4,No,4,High
920,Dev Shah,50,Male,Divorced,2,Medical,2,Sales Executive,3,Travel_Rarely,43770,12,1.0,19.0,2.0,14,8,1.0,11.0,5.0,2,No,3,Medium
921,Nikhil Kumar,20,Female,Single,4,Medical,2,Sales Executive,2,Travel_Rarely,37430,13,1.0,2.0,2.0,2,1,2.0,2.0,1.0,18,No,3,Medium
922,James Jones,34,Male,Divorced,3,Medical,2,Laboratory Technician,3,Travel_Rarely,41480,11,0.0,11.0,3.0,11,6,7.0,9.0,1.0,10,No,3,Medium
923,Varun Trivedi,36,Female,Single,3,Life Sciences,2,Healthcare Representative,2,Travel_Rarely,10510,14,0.0,15.0,2.0,4,2,1.0,3.0,2.0,1,No,3,Low
924,Neha Shah,49,Female,Married,2,Life Sciences,3,Research Scientist,2,Travel_Rarely,107390,11,2.5,28.5,3.0,15,9,2.0,12.0,2.0,6,No,3,Medium
925,Raj Patel,36,Male,Married,4,Life Sciences,2,Laboratory Technician,4,Non-Travel,103880,14,0.0,4.0,2.0,3,1,1.0,2.0,0.0,8,No,3,Medium
926,Amit Gupta,36,Female,Divorced,2,Medical,2,Healthcare Representative,2,Travel_Rarely,114160,16,0.0,13.0,2.0,5,3,0.0,4.0,6.0,2,No,3,Medium
927,Pooja Patel,54,Male,Married,3,Marketing,1,Laboratory Technician,1,Travel_Rarely,26000,14,0.0,28.5,4.5,10,6,4.0,7.0,3.0,24,No,3,Medium
928,Ananya Jones,43,Female,Married,4,Life Sciences,2,Research Scientist,1,Travel_Rarely,24220,11,1.0,14.0,2.0,14,8,6.0,11.0,1.0,2,No,3,Medium
929,Meera Thakur,35,Male,Single,4,Medical,2,Research Director,1,Travel_Frequently,54720,11,1.0,13.0,3.0,11,6,6.0,7.0,3.0,17,Yes,3,Medium
930,Raj Johnson,38,Male,Married,2,Life Sciences,2,Research Scientist,2,Travel_Frequently,24510,12,1.0,19.0,3.0,13,7,2.0,9.0,7.0,19,No,3,Medium
931,Varun Joshi,29,Male,Divorced,2,Medical,2,Sales Representative,2,Travel_Rarely,42400,14,0.0,10.0,2.0,10,6,0.0,9.0,1.0,1,No,3,Low
932,Emily Nair,33,Male,Divorced,3,Medical,2,Sales Executive,5,Travel_Rarely,109990,18,2.5,6.0,3.0,6,3,0.0,4.0,1.0,7,No,3,Medium
933,James Pillai,32,Male,Divorced,4,Technical Degree,2,Research Scientist,5,Travel_Rarely,50030,13,0.0,10.0,4.5,9,5,1.0,6.0,2.0,5,No,3,Medium
934,Ananya Williams,31,Female,Married,4,Technical Degree,2,Sales Executive,2,Travel_Rarely,127420,11,0.0,10.0,4.0,10,6,0.0,2.0,1.0,28,No,3,Medium
935,Aditya Williams,49,Male,Divorced,4,Medical,2,Laboratory Technician,1,Travel_Rarely,42270,18,0.0,17.0,3.0,2,1,2.0,2.0,4.0,2,No,3,Low
936,Aditya Mehta,38,Female,Single,2,Medical,1,Sales Executive,1,Travel_Frequently,39170,15,2.5,4.0,2.0,4,2,3.0,3.0,1.0,29,No,3,Medium
937,Sanjay Miller,47,Male,Divorced,4,Medical,2,Laboratory Technician,3,Travel_Rarely,165835,22,1.0,28.5,2.0,3,1,1.0,2.0,6.0,1,No,4,High
938,Neha Singh,49,Male,Single,3,Medical,2,Manufacturing Director,2,Travel_Rarely,23800,13,0.0,23.0,3.0,8,4,0.0,0.0,4.0,21,No,3,Medium
939,Divya Garcia,41,Female,Single,4,Life Sciences,2,Manager,4,Travel_Rarely,137260,12,0.0,21.0,4.5,2,1,0.0,2.0,3.0,24,No,3,Medium
940,Varun Kumar,20,Male,Single,3,Life Sciences,2,Sales Representative,1,Travel_Rarely,47770,18,1.0,2.0,3.0,2,1,0.0,2.0,1.0,1,No,3,Medium
941,Meera Gupta,33,Female,Divorced,2,Medical,2,Healthcare Representative,2,Non-Travel,63850,13,0.0,7.0,4.5,6,3,1.0,2.0,1.0,18,No,3,Medium
942,Aryan Jones,36,Male,Married,2,Technical Degree,2,Sales Executive,3,Travel_Rarely,165835,12,0.0,10.0,2.0,3,1,0.0,2.0,6.0,2,No,3,Low
943,Sara Patel,44,Female,Divorced,3,Technical Degree,2,Healthcare Representative,3,Travel_Rarely,68610,12,0.0,8.0,2.0,2,1,2.0,2.0,4.0,9,No,3,Medium
944,Shivam Pillai,23,Female,Single,3,Life Sciences,3,Laboratory Technician,3,Travel_Rarely,49690,12,0.0,5.0,3.0,5,3,1.0,2.0,1.0,6,Yes,3,Medium
945,Akash Rao,38,Male,Married,2,Life Sciences,2,Sales Executive,1,Travel_Rarely,165835,11,1.0,7.0,3.0,0,0,0.0,0.0,7.0,11,No,3,Medium
946,Aryan Gupta,53,Male,Married,3,Life Sciences,2,Research Director,4,Travel_Rarely,133200,11,0.0,11.0,2.0,4,2,1.0,2.0,3.0,24,No,3,Medium
947,Michael Smith,48,Male,Married,2,Marketing,1,Healthcare Representative,1,Travel_Frequently,63470,12,1.0,19.0,3.0,9,5,7.0,7.0,2.0,10,Yes,3,Medium
948,Anjali Jones,32,Male,Single,3,Life Sciences,1,Research Scientist,2,Travel_Rarely,27430,19,1.0,1.0,2.0,1,0,0.0,0.0,1.0,1,Yes,3,Medium
949,Rohit Jones,26,Male,Single,2,Medical,2,Human Resources,1,Non-Travel,108800,23,1.0,7.0,4.5,7,4,5.0,7.0,1.0,18,No,4,High
950,Vikram Malhotra,55,Male,Divorced,1,Life Sciences,2,Laboratory Technician,5,Travel_Rarely,23420,11,2.0,8.0,2.0,4,2,1.0,2.0,5.0,23,No,3,Low
951,Raj Shah,34,Female,Married,3,Life Sciences,1,Research Scientist,2,Travel_Rarely,165835,19,1.0,15.0,4.5,15,9,4.0,13.0,1.0,28,No,3,Medium
952,Tanvi Gupta,60,Male,Divorced,4,Medical,1,Manager,1,Travel_Rarely,40250,13,1.0,19.0,4.5,1,0,0.0,0.0,3.0,17,No,3,Medium
953,Kavya Gupta,33,Male,Married,3,Life Sciences,1,Manager,3,Travel_Rarely,97250,11,0.0,14.0,0.5,14,8,2.0,13.0,1.0,3,No,3,Medium
954,Ishaan Patel,37,Male,Divorced,3,Life Sciences,2,Laboratory Technician,1,Travel_Frequently,119040,12,1.0,6.0,4.0,6,3,1.0,3.0,1.0,13,No,3,Medium
955,Aditya Miller,34,Male,Married,2,Life Sciences,2,Healthcare Representative,1,Travel_Rarely,21770,13,0.0,10.0,4.5,10,6,7.5,7.0,1.0,7,No,3,Medium
956,Amit Garcia,23,Male,Divorced,2,Medical,2,Research Scientist,2,Travel_Rarely,75250,14,2.0,3.0,2.0,3,1,0.0,2.0,1.0,12,Yes,3,Medium
957,Aarav Williams,44,Male,Married,3,Life Sciences,3,Research Scientist,1,Travel_Rarely,48340,14,0.0,9.0,1.0,8,4,6.0,7.0,1.0,1,No,3,Medium
958,Kavya Reddy,35,Male,Single,3,Life Sciences,2,Sales Executive,3,Travel_Frequently,20420,16,0.0,6.0,2.0,5,3,1.0,4.0,0.0,13,No,3,Medium
959,Ishaan Reddy,43,Male,Married,4,Life Sciences,2,Sales Executive,2,Travel_Rarely,22200,11,0.0,10.0,2.0,10,6,7.5,8.0,1.0,25,No,3,Medium
960,Pooja Shah,24,Male,Married,3,Life Sciences,2,Sales Executive,3,Travel_Rarely,10520,13,0.0,5.0,3.0,5,3,0.0,4.0,1.0,6,No,3,Medium
961,Meera Shah,41,Male,Single,4,Marketing,1,Research Scientist,1,Travel_Rarely,28210,17,0.0,10.0,3.0,10,6,7.5,7.0,1.0,6,No,3,Medium
962,James Pillai,29,Male,Married,2,Life Sciences,2,Research Scientist,2,Travel_Rarely,165835,11,1.0,9.0,2.0,5,3,1.0,2.0,8.5,2,No,3,Medium
963,Kunal Singh,36,Female,Single,4,Life Sciences,3,Research Scientist,3,Travel_Rarely,41070,11,1.0,17.0,2.0,13,7,6.0,7.0,3.0,1,No,3,Medium
964,Kunal Singh,45,Female,Married,3,Life Sciences,1,Manufacturing Director,2,Non-Travel,83960,15,2.0,25.0,3.0,18,10,7.5,4.0,3.0,2,No,3,Medium
965,Aryan Miller,24,Female,Married,2,Medical,1,Manager,2,Travel_Rarely,20070,12,0.0,1.0,2.0,1,0,0.0,0.0,1.0,6,Yes,3,Medium
966,Amit Reddy,47,Female,Married,3,Medical,2,Sales Executive,2,Travel_Frequently,165835,11,2.0,25.0,1.0,18,10,7.5,10.0,7.0,1,Yes,3,Medium
967,James Miller,26,Male,Married,1,Medical,2,Sales Executive,1,Travel_Rarely,106860,14,1.0,3.0,2.0,3,1,0.0,2.0,1.0,9,No,3,Medium
968,Arjun Patel,45,Male,Single,4,Life Sciences,2,Research Director,1,Travel_Rarely,29420,22,1.0,21.0,4.0,18,10,7.5,6.0,1.0,1,No,4,High
969,Meera Shah,32,Male,Married,1,Marketing,1,Laboratory Technician,2,Travel_Frequently,88580,16,1.0,10.0,2.0,5,3,1.0,3.0,6.0,1,No,3,Low
970,John Mehta,31,Male,Married,2,Life Sciences,2,Sales Executive,1,Travel_Rarely,165835,11,2.0,6.0,4.5,5,3,0.0,3.0,1.0,14,No,3,Medium
971,Aryan Gupta,41,Male,Married,2,Medical,1,Research Scientist,2,Non-Travel,107980,14,2.0,10.0,4.5,3,1,1.0,2.0,6.0,2,No,3,Low
972,Michael Sharma,40,Male,Married,2,Technical Degree,2,Healthcare Representative,1,Travel_Rarely,23230,16,1.0,18.0,2.0,1,0,0.0,0.0,2.0,22,No,3,Low
973,Meera Kumar,24,Female,Divorced,3,Life Sciences,2,Research Scientist,1,Travel_Rarely,14160,15,1.0,6.0,3.0,6,3,1.0,2.0,1.0,3,No,3,Low
974,Arjun Garcia,46,Male,Single,3,Medical,2,Sales Executive,4,Travel_Rarely,46150,12,0.0,19.0,3.0,10,6,0.0,9.0,6.0,6,No,3,Medium
975,Aarav Malhotra,35,Male,Married,4,Life Sciences,1,Laboratory Technician,1,Travel_Rarely,24610,20,1.0,17.0,4.0,7,4,0.0,7.0,2.0,8,No,4,High
976,David Trivedi,30,Male,Married,4,Marketing,1,Laboratory Technician,1,Travel_Rarely,87220,17,1.0,10.0,3.0,10,6,0.0,8.0,1.0,9,No,3,Medium
977,Amit Rao,47,Female,Married,2,Life Sciences,2,Sales Executive,2,Non-Travel,39550,12,1.0,4.0,4.5,1,0,0.0,0.0,7.0,3,No,3,Low
978,John Pillai,46,Female,Divorced,4,Technical Degree,2,Sales Executive,3,Travel_Rarely,99570,20,0.0,13.0,1.0,10,6,0.0,3.0,4.0,1,No,4,High
979,Raj Shah,36,Male,Divorced,3,Medical,2,Manufacturing Director,2,Travel_Rarely,33760,20,0.0,16.0,3.0,2,1,2.0,2.0,5.0,1,Yes,4,High
980,Sneha Patel,32,Female,Single,3,Medical,2,Research Director,2,Travel_Rarely,88230,13,2.0,10.0,3.0,0,0,0.0,0.0,6.0,26,Yes,3,Low
981,Emily Wilson,23,Male,Single,4,Life Sciences,1,Manufacturing Director,3,Travel_Rarely,103220,14,2.0,3.0,2.0,3,1,1.0,2.0,1.0,6,No,3,Low
982,Arjun Brown,31,Male,Single,3,Marketing,1,Sales Executive,2,Travel_Frequently,46210,18,1.0,9.0,3.0,5,3,1.0,4.0,2.0,3,No,3,Medium
983,James Johnson,39,Female,Married,3,Life Sciences,2,Manufacturing Director,2,Non-Travel,109760,11,0.0,9.0,3.0,9,5,5.0,8.0,1.0,3,No,3,Medium
984,Kunal Rao,32,Male,Married,3,Technical Degree,2,Research Scientist,1,Travel_Rarely,36600,11,2.0,10.0,0.5,4,2,0.0,2.0,3.0,6,No,3,Medium
985,Emily Singh,40,Male,Single,3,Life Sciences,1,Manufacturing Director,3,Travel_Rarely,104820,11,1.0,21.0,4.5,18,10,7.5,8.0,1.0,6,No,3,Low
986,James Miller,45,Male,Married,4,Medical,2,Sales Representative,1,Travel_Rarely,71190,15,0.0,9.0,2.0,5,3,0.0,3.0,4.0,19,No,3,Medium
987,Suresh Malhotra,30,Male,Single,3,Life Sciences,1,Research Director,1,Travel_Frequently,95820,12,1.0,10.0,2.0,9,5,0.0,7.0,0.0,9,No,3,Medium
988,Rohit Verma,24,Male,Married,4,Marketing,1,Sales Executive,1,Travel_Frequently,45080,11,1.0,3.0,4.5,2,1,2.0,1.0,0.0,3,No,3,Medium
989,Emma Malhotra,30,Female,Divorced,3,Life Sciences,2,Human Resources,1,Travel_Frequently,22070,14,0.0,6.0,4.0,4,2,1.0,2.0,6.0,10,Yes,3,Medium
990,Akash Williams,31,Male,Married,2,Life Sciences,2,Laboratory Technician,3,Travel_Rarely,77560,15,2.0,6.0,3.0,5,3,0.0,2.0,1.0,3,No,3,Medium
991,Sneha Trivedi,27,Male,Single,3,Life Sciences,1,Manager,1,Travel_Rarely,66940,13,1.0,6.0,2.0,6,3,1.0,4.0,1.0,3,No,3,Medium
992,Akash Johnson,29,Male,Single,3,Marketing,1,Research Scientist,5,Travel_Rarely,36910,13,0.0,2.0,3.0,2,1,2.0,2.0,1.0,4,Yes,3,Medium
993,Shivam Williams,29,Female,Single,4,Life Sciences,2,Sales Executive,1,Travel_Frequently,23770,21,1.0,10.0,2.0,3,1,0.0,2.0,8.0,8,No,4,High
994,James Mehta,30,Male,Divorced,3,Life Sciences,1,Sales Executive,3,Travel_Rarely,23130,11,0.0,12.0,4.5,7,4,1.0,7.0,2.0,7,No,3,Medium
995,Dev Miller,34,Female,Married,2,Medical,2,Healthcare Representative,2,Travel_Rarely,165835,11,0.0,6.0,4.5,5,3,1.0,2.0,0.0,1,No,3,Medium
996,Raj Pillai,33,Male,Single,4,Medical,2,Sales Representative,1,Non-Travel,25960,14,1.0,13.0,4.0,11,6,1.0,7.0,8.0,2,No,3,Medium
997,Ishaan Trivedi,49,Male,Single,4,Marketing,1,Sales Executive,1,Travel_Rarely,47280,11,1.0,8.0,4.0,5,3,0.0,4.0,3.0,3,No,3,Medium
998,Vikram Sharma,33,Male,Single,3,Life Sciences,2,Sales Executive,1,Travel_Rarely,43020,13,0.0,11.0,3.0,0,0,0.0,0.0,2.0,10,Yes,3,Low
999,Riya Wilson,38,Male,Married,3,Medical,2,Healthcare Representative,1,Travel_Frequently,29790,12,1.0,9.0,3.0,6,3,0.0,5.0,4.0,28,No,3,Medium
1000,Ishaan Joshi,31,Male,Married,4,Human Resources,3,Laboratory Technician,2,Travel_Rarely,165835,14,2.0,10.0,2.0,1,0,0.0,0.0,2.0,9,Yes,3,Medium
1001,Michael Verma,29,Female,Divorced,4,Other,2,Sales Representative,2,Travel_Rarely,55930,13,1.0,1.0,3.0,1,0,0.0,0.0,1.0,3,No,3,Medium
1002,Neha Rao,30,Male,Married,1,Medical,2,Sales Representative,1,Travel_Rarely,104450,18,1.0,10.0,3.0,7,4,1.0,7.0,3.0,2,No,3,Medium
1003,Zara Singh,32,Female,Single,4,Life Sciences,2,Laboratory Technician,1,Non-Travel,87400,11,1.0,12.0,2.0,7,4,0.0,7.0,2.0,10,No,3,Medium
1004,Nikhil Singh,38,Female,Married,2,Technical Degree,2,Manufacturing Director,1,Travel_Rarely,25140,11,0.0,15.0,2.0,1,0,1.0,0.0,3.0,8,No,3,Medium
1005,Vivek Trivedi,43,Male,Married,4,Other,2,Sales Executive,3,Travel_Frequently,76550,12,1.0,6.0,3.0,1,0,0.0,0.0,8.5,1,Yes,3,Medium
1006,Rahul Nair,42,Female,Divorced,3,Other,3,Healthcare Representative,1,Travel_Rarely,165835,13,1.0,7.0,3.0,5,3,0.0,4.0,8.0,1,No,3,Low
1007,Arjun Miller,55,Female,Married,2,Life Sciences,2,Sales Executive,1,Travel_Rarely,73510,20,1.0,28.5,3.0,1,0,0.0,0.0,8.0,3,No,4,High
1008,Shivam Joshi,33,Male,Divorced,3,Other,2,Research Scientist,1,Non-Travel,108200,12,0.0,11.0,2.0,9,5,1.0,7.0,5.0,14,No,3,Medium
1009,Neha Johnson,41,Male,Divorced,3,Medical,2,Sales Representative,1,Travel_Rarely,121690,19,0.0,5.0,2.0,5,3,0.0,4.0,1.0,5,No,3,Medium
1010,Tanvi Rao,34,Female,Divorced,4,Medical,2,Research Scientist,1,Non-Travel,165835,21,0.0,15.0,4.5,15,9,0.0,7.0,1.0,7,No,4,High
1011,Karan Agarwal,53,Male,Married,4,Medical,2,Healthcare Representative,2,Non-Travel,20700,13,2.0,27.0,2.0,3,1,0.0,2.0,4.0,10,No,3,Medium
1012,Sneha Thakur,43,Female,Single,2,Marketing,1,Laboratory Technician,1,Travel_Rarely,67820,16,1.0,10.0,2.0,9,5,1.0,8.0,0.0,16,No,3,Medium
1013,Amit Rao,34,Female,Single,2,Life Sciences,1,Sales Executive,5,Travel_Rarely,77790,12,1.0,6.0,2.0,2,1,2.0,2.0,5.0,10,No,3,Medium
1014,Sara Miller,21,Male,Single,2,Marketing,1,Healthcare Representative,5,Travel_Rarely,27910,14,0.0,1.0,3.0,1,0,1.0,0.0,1.0,1,Yes,3,Medium
1015,Raj Malhotra,38,Female,Married,2,Life Sciences,2,Sales Executive,2,Travel_Rarely,32010,11,1.0,5.0,3.0,5,3,0.0,4.0,1.0,8,No,3,Medium
1016,Riya Patel,22,Male,Married,3,Other,2,Research Scientist,4,Travel_Rarely,49680,14,0.0,1.0,3.0,1,0,0.0,0.0,1.0,1,Yes,3,Medium
1017,Amit Agarwal,31,Male,Married,5,Life Sciences,2,Sales Executive,5,Travel_Rarely,131200,12,2.0,13.0,4.5,12,7,5.0,7.0,1.0,8,No,3,Medium
1018,Olivia Jones,51,Female,Married,4,Life Sciences,2,Manager,1,Travel_Rarely,40330,14,0.0,15.0,2.0,2,1,2.0,2.0,2.0,1,No,3,Medium
1019,Sanjay Verma,37,Male,Married,1,Life Sciences,2,Sales Executive,2,Travel_Rarely,32910,16,2.5,5.0,2.0,5,3,0.0,3.0,1.0,24,No,3,Low
1020,Olivia Rao,46,Female,Divorced,4,Marketing,1,Sales Representative,1,Travel_Rarely,42720,13,0.0,24.0,3.0,2,1,2.0,2.0,7.0,3,No,3,Medium
1021,Ishaan Garcia,36,Female,Married,3,Technical Degree,2,Research Scientist,4,Travel_Rarely,50560,12,0.0,15.0,2.0,12,7,5.0,7.0,7.0,27,No,3,Medium
1022,Vikram Johnson,44,Male,Divorced,4,Life Sciences,1,Research Scientist,1,Travel_Frequently,28440,12,0.0,6.0,2.0,5,3,2.0,3.0,1.0,10,Yes,3,Medium
1023,Gaurav Wilson,37,Male,Divorced,2,Technical Degree,2,Sales Executive,2,Travel_Rarely,27030,14,0.0,19.0,2.0,10,6,4.0,7.0,2.0,19,No,3,Medium
1024,Pooja Shah,35,Male,Single,4,Life Sciences,2,Research Scientist,2,Travel_Rarely,19040,22,1.0,10.0,4.0,10,6,7.0,7.0,1.0,15,Yes,4,High
1025,Vikram Agarwal,33,Male,Married,5,Medical,2,Laboratory Technician,2,Travel_Rarely,82240,19,0.0,14.0,3.0,10,6,7.0,6.0,6.0,8,No,3,Medium
1026,Aryan Joshi,28,Female,Married,3,Medical,1,Sales Executive,2,Travel_Rarely,47660,12,0.0,5.0,3.0,5,3,0.0,3.0,1.0,9,No,3,Medium
1027,Kunal Miller,39,Female,Single,4,Marketing,1,Laboratory Technician,2,Travel_Rarely,26100,12,0.0,9.0,2.0,4,2,2.0,2.0,7.0,3,No,3,Medium
1028,Tanvi Nair,46,Male,Single,2,Life Sciences,2,Manufacturing Director,2,Non-Travel,57310,17,0.0,6.0,2.0,2,1,2.0,2.0,8.0,9,No,3,Medium
1029,Varun Johnson,40,Male,Married,2,Medical,2,Research Director,1,Travel_Rarely,25390,12,1.0,7.0,3.0,4,2,0.0,2.0,4.0,2,No,3,Low
1030,Meera Pillai,42,Female,Married,4,Other,2,Laboratory Technician,2,Travel_Rarely,57140,11,0.0,10.0,2.0,0,0,0.0,0.0,5.0,7,No,3,Low
1031,Sarah Thakur,35,Female,Divorced,1,Life Sciences,1,Research Director,2,Non-Travel,43230,18,2.5,15.0,3.0,7,4,1.0,7.0,2.0,10,No,3,Medium
1032,Arjun Smith,38,Male,Divorced,4,Marketing,1,Sales Executive,3,Non-Travel,73360,11,0.0,13.0,3.0,11,6,3.0,8.0,5.0,6,No,3,Low
1033,Sanjay Reddy,34,Male,Married,1,Life Sciences,2,Manufacturing Director,1,Travel_Frequently,134990,23,2.0,11.0,2.0,7,4,0.0,7.0,4.0,2,Yes,4,High
1034,Varun Garcia,37,Male,Single,3,Life Sciences,2,Laboratory Technician,1,Travel_Rarely,137580,11,1.0,10.0,4.5,10,6,0.0,8.0,1.0,24,Yes,3,Low
1035,Kavya Pillai,39,Male,Divorced,1,Medical,2,Healthcare Representative,2,Travel_Frequently,51550,18,1.0,7.0,3.0,2,1,2.0,2.0,2.0,2,No,3,Medium
1036,Deepika Agarwal,43,Female,Single,5,Medical,3,Sales Executive,3,Non-Travel,22580,18,0.0,7.0,2.0,3,1,1.0,2.0,4.0,8,No,3,Low
1037,Neha Malhotra,41,Male,Single,3,Life Sciences,2,Research Scientist,3,Travel_Rarely,35970,13,1.0,11.0,2.0,3,1,1.0,2.0,3.0,3,No,3,Low
1038,Suresh Pillai,41,Male,Divorced,1,Technical Degree,2,Laboratory Technician,3,Travel_Rarely,25150,18,0.0,23.0,2.0,18,10,7.5,5.0,0.0,1,No,3,Medium
1039,Pooja Rao,30,Female,Single,3,Marketing,1,Manager,2,Travel_Rarely,44200,11,0.0,9.0,3.0,7,4,0.0,2.0,8.5,26,No,3,Medium
1040,Gaurav Singh,26,Female,Married,1,Technical Degree,3,Sales Executive,3,Travel_Rarely,65780,15,2.0,6.0,3.0,5,3,1.0,4.0,0.0,2,Yes,3,Medium
1041,James Kumar,46,Male,Married,3,Medical,2,Sales Executive,1,Travel_Rarely,44220,11,1.0,13.0,2.0,9,5,3.0,7.0,4.0,10,Yes,3,Medium
1042,Karan Agarwal,40,Female,Divorced,2,Medical,1,Sales Executive,3,Travel_Rarely,102740,18,0.0,12.0,3.0,5,3,0.0,3.0,4.0,27,No,3,Medium
1043,Anjali Agarwal,34,Male,Married,3,Life Sciences,2,Laboratory Technician,2,Travel_Rarely,53430,14,0.0,10.0,4.5,10,6,4.0,8.0,1.0,2,No,3,Medium
1044,Varun Agarwal,58,Male,Divorced,4,Medical,2,Laboratory Technician,1,Non-Travel,23760,12,1.0,28.5,3.0,16,9,7.5,14.0,4.0,2,No,3,Low
1045,Karan Sharma,35,Female,Married,1,Technical Degree,2,Manufacturing Director,3,Travel_Rarely,53460,14,0.0,6.0,3.0,5,3,0.0,3.0,0.0,8,No,3,Medium
1046,Sarah Malhotra,47,Female,Divorced,5,Medical,2,Research Scientist,2,Travel_Rarely,28270,14,1.0,28.0,3.0,18,10,7.5,10.0,8.0,19,No,3,Medium
1047,Zara Patel,40,Male,Divorced,4,Life Sciences,2,Manager,2,Travel_Rarely,165835,13,1.0,15.0,3.0,7,4,7.0,7.0,2.0,1,No,3,Low
1048,Arjun Williams,54,Male,Married,4,Medical,1,Research Scientist,1,Travel_Rarely,31310,14,0.0,14.0,3.0,7,4,1.0,7.0,4.0,27,No,3,Medium
1049,Emma Jones,31,Female,Married,4,Other,1,Manufacturing Director,3,Travel_Frequently,25520,18,0.0,9.0,2.0,3,1,2.0,2.0,2.0,8,No,3,Low
1050,Vikram Gupta,28,Male,Married,2,Life Sciences,1,Manager,3,Travel_Rarely,44770,15,0.0,3.0,4.5,3,1,1.0,2.0,1.0,1,No,3,Medium
1051,David Agarwal,38,Female,Married,3,Medical,2,Manufacturing Director,2,Travel_Rarely,64740,13,2.0,20.0,3.0,4,2,0.0,3.0,2.0,19,No,3,Low
1052,Aryan Singh,26,Female,Single,3,Marketing,1,Healthcare Representative,1,Travel_Rarely,30330,12,0.0,5.0,2.0,5,3,1.0,2.0,1.0,8,No,3,Medium
1053,Michael Gupta,58,Female,Married,4,Technical Degree,2,Sales Representative,1,Travel_Frequently,29360,13,1.0,23.0,3.0,2,1,2.0,2.0,2.0,10,No,3,Medium
1054,Vikram Singh,18,Male,Single,3,Life Sciences,2,Sales Representative,3,Non-Travel,165835,24,2.0,0.0,4.0,0,0,0.0,0.0,1.0,2,No,4,High
1055,Ishaan Joshi,31,Male,Married,3,Life Sciences,2,Laboratory Technician,3,Travel_Rarely,21680,14,1.0,2.0,2.0,1,0,0.0,0.0,0.0,2,Yes,3,Medium
1056,Ishaan Agarwal,29,Male,Divorced,2,Medical,2,Manager,1,Travel_Rarely,28530,14,1.0,4.0,4.5,2,1,2.0,0.0,4.0,8,Yes,3,Low
1057,David Garcia,45,Male,Married,4,Technical Degree,1,Research Scientist,1,Non-Travel,165835,15,0.0,10.0,3.0,8,4,5.0,7.0,4.0,1,No,3,Medium
1058,Varun Mehta,36,Female,Married,3,Technical Degree,1,Laboratory Technician,5,Travel_Rarely,22900,11,0.0,15.0,4.5,1,0,0.0,0.0,4.0,2,No,3,Medium
1059,John Shah,43,Male,Married,3,Medical,1,Research Director,1,Travel_Frequently,36000,23,0.0,7.0,2.0,7,4,7.0,7.0,1.0,8,No,4,High
1060,Riya Smith,27,Male,Single,4,Life Sciences,1,Research Scientist,5,Travel_Frequently,21070,13,0.0,6.0,2.0,5,3,0.0,2.0,0.0,8,No,3,Medium
1061,Vivek Miller,29,Male,Married,2,Medical,2,Human Resources,1,Travel_Frequently,41150,11,0.0,11.0,1.0,11,6,3.0,10.0,1.0,6,No,3,Medium
1062,Sanjay Trivedi,32,Male,Single,4,Life Sciences,1,Sales Executive,4,Travel_Frequently,43270,13,0.0,4.0,4.0,0,0,0.0,0.0,8.0,9,No,3,Medium
1063,Vikram Gupta,42,Male,Married,3,Medical,2,Manager,1,Non-Travel,165835,18,0.0,10.0,2.0,6,3,3.0,3.0,3.0,11,No,3,Medium
1064,Karan Trivedi,47,Female,Single,2,Life Sciences,1,Manager,5,Travel_Rarely,31960,14,1.0,7.0,3.0,2,1,2.0,0.0,4.0,2,No,3,Medium
1065,Akash Malhotra,46,Female,Divorced,3,Life Sciences,3,Laboratory Technician,1,Travel_Rarely,165835,21,0.0,12.0,2.0,9,5,4.0,7.0,3.0,1,No,4,High
1066,Tanvi Wilson,28,Male,Divorced,3,Life Sciences,2,Sales Executive,1,Non-Travel,89660,16,1.0,3.0,3.0,3,1,2.0,2.0,1.0,7,No,3,Medium
1067,Raj Nair,29,Female,Divorced,3,Medical,2,Manufacturing Director,1,Travel_Rarely,22100,11,1.0,11.0,4.0,7,4,1.0,6.0,8.0,16,No,3,Medium
1068,Nikhil Smith,42,Female,Single,4,Medical,1,Research Director,2,Travel_Rarely,45390,17,1.0,8.0,4.5,0,0,0.0,0.0,4.0,2,No,3,Medium
1069,Riya Sharma,32,Male,Single,1,Medical,2,Laboratory Technician,2,Travel_Rarely,27410,11,0.0,7.0,3.0,2,1,2.0,2.0,7.0,1,Yes,3,Medium
1070,Riya Pillai,46,Male,Divorced,1,Life Sciences,2,Laboratory Technician,2,Travel_Rarely,34910,14,0.0,25.0,0.5,18,10,2.0,8.0,2.0,23,No,3,Low
1071,Tanvi Jones,27,Female,Married,3,Life Sciences,1,Research Scientist,5,Travel_Rarely,45410,14,2.0,9.0,4.0,9,5,5.0,8.0,1.0,2,No,3,Medium
1072,John Trivedi,29,Male,Married,2,Medical,2,Sales Executive,3,Travel_Rarely,26780,25,1.0,1.0,3.0,1,0,0.0,0.0,1.0,1,No,4,High
1073,Kunal Rao,43,Male,Married,3,Life Sciences,2,Manufacturing Director,1,Travel_Rarely,73790,13,2.0,21.0,3.0,16,9,6.0,14.0,7.0,1,No,3,Low
1074,Aryan Miller,48,Female,Married,3,Life Sciences,2,Manager,2,Travel_Rarely,62720,14,0.0,28.5,3.0,18,10,7.5,9.0,4.0,2,No,3,Medium
1075,Emily Jones,29,Female,Single,2,Life Sciences,2,Laboratory Technician,1,Travel_Frequently,52200,17,0.0,1.0,3.0,1,0,1.0,0.0,1.0,13,Yes,3,Medium
1076,Kavya Malhotra,46,Female,Married,4,Medical,2,Sales Representative,2,Travel_Rarely,27430,25,1.0,14.0,1.0,8,4,0.0,7.0,5.0,4,Yes,4,High
1077,Emily Shah,27,Male,Married,4,Medical,2,Healthcare Representative,3,Travel_Frequently,49980,20,2.0,8.0,3.0,7,4,7.0,3.0,0.0,16,No,4,High
1078,Tanvi Reddy,39,Male,Divorced,3,Technical Degree,2,Healthcare Representative,3,Travel_Rarely,102520,13,1.0,7.0,3.0,2,1,2.0,2.0,8.0,2,No,3,Medium
1079,Pooja Trivedi,55,Female,Married,3,Life Sciences,2,Human Resources,1,Travel_Rarely,27810,13,1.0,19.0,2.0,5,3,0.0,4.0,8.0,2,No,3,Medium
1080,Zara Malhotra,28,Male,Married,2,Life Sciences,2,Laboratory Technician,2,Travel_Rarely,68520,18,1.0,1.0,2.0,1,0,0.0,0.0,1.0,29,No,3,Medium
1081,Zara Gupta,30,Female,Single,4,Life Sciences,1,Sales Executive,2,Travel_Rarely,49500,12,2.0,1.0,3.0,1,0,0.0,0.0,1.0,12,Yes,3,Medium
1082,Neha Garcia,22,Female,Single,2,Life Sciences,2,Laboratory Technician,2,Travel_Rarely,35790,19,2.5,1.0,3.0,1,0,0.0,0.0,1.0,16,Yes,3,Medium
1083,John Miller,36,Male,Married,3,Life Sciences,2,Sales Executive,1,Travel_Rarely,131910,14,1.0,10.0,2.0,10,6,1.0,7.0,1.0,11,No,3,Medium
1084,Karan Jones,31,Female,Divorced,4,Life Sciences,2,Manager,5,Travel_Rarely,103770,14,0.0,10.0,2.0,10,6,0.0,2.0,1.0,2,No,3,Medium
1085,Emma Wilson,34,Female,Married,2,Technical Degree,1,Sales Executive,1,Travel_Rarely,22350,14,1.0,9.0,2.0,5,3,1.0,0.0,2.0,14,No,3,Medium
1086,Aarav Johnson,29,Female,Single,5,Life Sciences,2,Sales Executive,1,Travel_Rarely,105020,12,0.0,11.0,4.0,3,1,1.0,2.0,3.0,5,No,3,Medium
1087,Olivia Williams,37,Male,Married,2,Medical,2,Manufacturing Director,1,Travel_Rarely,20110,13,0.0,16.0,4.0,5,3,0.0,4.0,5.0,7,No,3,Medium
1088,Divya Williams,35,Male,Married,1,Technical Degree,1,Laboratory Technician,2,Travel_Rarely,18590,25,1.0,4.0,2.0,3,1,0.0,2.0,0.0,2,No,4,High
1089,Ananya Reddy,45,Female,Married,3,Medical,2,Sales Executive,2,Travel_Rarely,37600,14,1.0,10.0,2.0,9,5,3.0,8.0,0.0,3,No,3,Medium
1090,Sara Rao,36,Female,Single,3,Medical,2,Manufacturing Director,4,Travel_Frequently,165835,17,1.0,10.0,4.5,10,6,0.0,8.0,1.0,5,No,3,Low
1091,Tanvi Gupta,40,Male,Divorced,3,Other,2,Sales Executive,1,Travel_Rarely,68330,13,0.0,22.0,3.0,18,10,7.5,14.5,2.0,3,No,3,Low
1092,Sara Agarwal,26,Male,Married,2,Life Sciences,2,Human Resources,2,Travel_Rarely,68120,13,0.0,1.0,2.0,1,0,1.0,0.0,1.0,26,No,3,Low
1093,Shivam Joshi,27,Male,Single,3,Technical Degree,2,Manufacturing Director,2,Travel_Rarely,51710,20,1.0,9.0,1.0,8,4,0.0,7.0,0.0,4,No,4,High
1094,Karan Gupta,48,Male,Divorced,3,Life Sciences,2,Research Director,2,Travel_Frequently,165835,14,0.0,24.0,2.0,18,10,4.0,7.0,3.0,2,No,3,Medium
1095,Pooja Thakur,44,Male,Married,2,Medical,1,Manager,4,Travel_Rarely,165835,12,1.0,10.0,0.5,2,1,2.0,2.0,2.0,1,No,3,Low
1096,Kunal Pillai,34,Female,Married,2,Life Sciences,2,Sales Representative,1,Non-Travel,36920,12,1.0,5.0,4.5,5,3,3.0,0.0,1.0,27,Yes,3,Medium
1097,Ishaan Mehta,56,Female,Single,2,Medical,3,Sales Executive,5,Travel_Rarely,25590,21,0.0,5.0,3.0,4,2,1.0,0.0,1.0,1,Yes,4,High
1098,Sneha Brown,36,Female,Married,3,Technical Degree,2,Healthcare Representative,3,Travel_Rarely,25170,14,0.0,12.0,3.0,4,2,1.0,3.0,2.0,13,No,3,Low
1099,Ishaan Jones,41,Female,Married,3,Life Sciences,2,Sales Executive,1,Travel_Rarely,66230,18,0.0,14.0,3.0,5,3,1.0,4.0,5.0,5,No,3,Medium
1100,Rohit Patel,42,Female,Married,3,Technical Degree,2,Sales Executive,2,Travel_Rarely,165835,12,1.0,18.0,4.0,13,7,5.0,7.0,8.5,7,No,3,Medium
1101,Kunal Sharma,31,Female,Divorced,4,Life Sciences,1,Sales Executive,1,Travel_Rarely,161240,23,1.0,8.0,2.0,5,3,1.0,4.0,2.0,9,No,4,High
1102,Aditya Malhotra,34,Female,Married,1,Life Sciences,2,Laboratory Technician,3,Travel_Rarely,25850,12,0.0,9.0,4.5,4,2,0.0,1.0,3.0,8,No,3,Medium
1103,Pooja Williams,31,Female,Divorced,2,Life Sciences,1,Manufacturing Director,3,Travel_Rarely,165835,21,2.0,4.0,3.0,2,1,2.0,2.0,8.0,25,No,4,High
1104,Anjali Brown,26,Male,Married,2,Life Sciences,1,Healthcare Representative,2,Travel_Frequently,83800,14,0.0,8.0,3.0,7,4,7.0,7.0,2.0,16,No,3,Medium
1105,Divya Singh,45,Female,Single,4,Life Sciences,2,Manager,2,Travel_Frequently,29940,18,1.0,12.0,2.0,4,2,0.0,3.0,4.0,8,No,3,Medium
1106,Tanvi Williams,33,Female,Single,3,Life Sciences,1,Sales Executive,5,Travel_Rarely,12230,13,1.0,10.0,3.0,10,6,0.0,9.0,1.0,1,No,3,Medium
1107,Sara Kumar,28,Male,Married,3,Life Sciences,1,Research Scientist,4,Travel_Frequently,11180,11,0.0,7.0,3.0,7,4,0.0,7.0,1.0,8,No,3,Medium
1108,Ananya Nair,29,Male,Single,4,Human Resources,3,Sales Executive,2,Travel_Frequently,28750,11,0.0,1.0,3.0,1,0,0.0,0.0,1.0,2,Yes,3,Medium
1109,Pooja Wilson,39,Female,Married,5,Medical,2,Sales Representative,2,Non-Travel,165835,19,1.0,10.0,4.0,3,1,1.0,2.0,6.0,8,No,3,Medium
1110,Ishaan Patel,27,Male,Married,2,Technical Degree,1,Healthcare Representative,2,Travel_Rarely,135770,12,1.0,6.0,2.0,5,3,1.0,2.0,1.0,3,No,3,Low
1111,Emma Singh,34,Female,Married,4,Life Sciences,2,Manufacturing Director,2,Travel_Frequently,26250,12,2.5,16.0,4.0,15,9,6.0,11.0,1.0,9,No,3,Medium
1112,Aditya Pillai,28,Male,Single,3,Technical Degree,2,Research Director,1,Travel_Rarely,165835,16,1.0,6.0,4.0,2,1,2.0,2.0,3.0,25,Yes,3,Medium
1113,Neha Trivedi,47,Male,Married,4,Medical,2,Research Scientist,1,Non-Travel,45380,11,0.0,16.0,3.0,8,4,1.0,7.0,8.0,1,No,3,Medium
1114,Michael Miller,56,Female,Married,3,Technical Degree,2,Sales Executive,2,Travel_Rarely,165835,14,0.0,6.0,4.5,0,0,0.0,0.0,4.0,4,No,3,Medium
1115,Ishaan Wilson,39,Female,Married,3,Other,2,Laboratory Technician,1,Travel_Rarely,105120,12,1.0,10.0,2.0,10,6,7.0,9.0,1.0,1,No,3,Low
1116,Shivam Verma,38,Female,Divorced,2,Medical,2,Manager,1,Travel_Frequently,44440,13,0.0,20.0,2.0,18,10,0.0,7.0,1.0,4,No,3,Medium
1117,Emma Singh,58,Male,Married,3,Marketing,1,Sales Representative,5,Travel_Rarely,21540,21,1.0,28.5,3.0,1,0,0.0,0.0,4.0,5,No,4,High
1118,Sanjay Williams,32,Male,Single,3,Life Sciences,2,Laboratory Technician,2,Travel_Frequently,165835,17,1.0,8.0,2.0,4,2,0.0,3.0,3.0,9,Yes,3,Medium
1119,Divya Gupta,38,Female,Divorced,4,Life Sciences,2,Sales Representative,1,Travel_Rarely,44900,21,1.0,10.0,1.0,5,3,0.0,3.0,2.0,3,No,4,High
1120,Priya Garcia,49,Male,Married,4,Life Sciences,1,Research Scientist,2,Travel_Frequently,35060,11,1.0,28.0,4.0,5,3,4.0,3.0,3.0,11,No,3,Medium
1121,Dev Agarwal,42,Female,Divorced,3,Life Sciences,1,Sales Executive,1,Travel_Rarely,23720,12,1.0,14.0,3.0,0,0,0.0,0.0,3.0,1,No,3,Medium
1122,Pooja Kumar,27,Male,Married,1,Life Sciences,1,Laboratory Technician,4,Travel_Frequently,102310,13,1.0,1.0,2.0,1,0,0.0,0.0,1.0,8,Yes,3,Low
1123,Tanvi Brown,35,Male,Married,1,Medical,2,Sales Executive,1,Travel_Rarely,54100,18,0.0,6.0,4.0,5,3,0.0,4.0,0.0,25,No,3,Low
1124,Rohit Patel,28,Male,Single,1,Medical,2,Research Scientist,3,Non-Travel,79780,16,2.0,5.0,2.0,5,3,1.0,4.0,1.0,21,No,3,Medium
1125,Arjun Pillai,31,Male,Divorced,1,Medical,1,Sales Executive,1,Non-Travel,38670,11,1.0,4.0,4.0,4,2,2.0,3.0,1.0,23,No,3,Medium
1126,Rahul Shah,36,Male,Married,3,Life Sciences,2,Research Scientist,2,Non-Travel,28380,19,2.0,5.0,4.5,5,3,0.0,2.0,1.0,1,No,3,Low
1127,Divya Reddy,34,Male,Single,3,Marketing,1,Healthcare Representative,4,Travel_Rarely,46950,16,1.0,14.0,2.0,14,8,2.0,1.0,1.0,2,No,3,Medium
1128,Ishaan Smith,34,Female,Divorced,3,Technical Degree,2,Research Director,1,Travel_Rarely,33390,16,0.0,9.0,2.0,8,4,1.0,1.0,1.0,19,No,3,Medium
1129,Zara Agarwal,26,Male,Single,2,Life Sciences,2,Research Scientist,2,Travel_Rarely,20800,13,0.0,8.0,4.5,7,4,7.0,6.0,0.0,2,No,3,Medium
1130,Aarav Wilson,29,Male,Married,4,Other,2,Laboratory Technician,2,Travel_Rarely,20960,22,0.0,6.0,2.0,5,3,0.0,2.0,0.0,2,No,4,High
1131,Aditya Wilson,32,Male,Divorced,1,Life Sciences,2,Manager,3,Non-Travel,62090,17,1.0,9.0,4.5,5,3,1.0,2.0,5.0,3,No,3,Medium
1132,Aditya Reddy,31,Female,Married,5,Technical Degree,2,Human Resources,2,Travel_Frequently,165835,14,1.0,10.0,2.0,10,6,7.5,7.0,1.0,25,No,3,Medium
1133,Ananya Kumar,28,Female,Divorced,5,Life Sciences,1,Sales Representative,2,Travel_Rarely,165835,15,1.0,6.0,2.0,4,2,0.0,3.0,5.0,7,Yes,3,Medium
1134,Suresh Johnson,38,Male,Single,2,Technical Degree,2,Sales Representative,3,Travel_Rarely,23720,12,0.0,20.0,3.0,1,0,0.0,0.0,4.0,9,No,3,Low
1135,Anjali Wilson,35,Male,Married,3,Life Sciences,2,Sales Representative,2,Travel_Rarely,48830,18,1.0,10.0,1.0,10,6,0.0,9.0,1.0,5,No,3,Medium
1136,Karan Joshi,27,Female,Single,3,Life Sciences,1,Manager,1,Travel_Rarely,39040,15,0.0,7.0,2.0,7,4,0.0,7.0,1.0,2,No,3,Medium
1137,Ishaan Rao,32,Female,Single,1,Medical,2,Research Scientist,2,Travel_Rarely,46270,17,1.0,8.0,2.0,1,0,0.0,0.0,8.0,8,No,3,Medium
1138,Aryan Pillai,31,Male,Married,1,Other,2,Sales Executive,3,Travel_Frequently,70940,14,1.0,10.0,2.0,10,6,0.0,8.0,1.0,2,Yes,3,Medium
1139,Dev Verma,53,Male,Single,3,Medical,2,Research Scientist,1,Travel_Rarely,34230,15,1.0,15.0,4.0,2,1,2.0,2.0,6.0,18,Yes,3,Low
1140,Kunal Agarwal,54,Male,Married,3,Other,2,Research Scientist,3,Travel_Rarely,66740,17,1.0,9.0,2.0,4,2,2.0,3.0,3.0,14,No,3,Low
1141,Vikram Malhotra,33,Female,Divorced,4,Medical,2,Sales Executive,4,Travel_Frequently,165835,14,2.5,9.0,2.0,9,5,2.0,8.0,1.0,2,No,3,Medium
1142,Karan Williams,43,Male,Married,3,Medical,2,Research Scientist,1,Travel_Rarely,90940,12,1.0,10.0,0.5,10,6,0.0,9.0,1.0,3,No,3,Medium
1143,Suresh Brown,38,Female,Married,5,Medical,2,Sales Executive,4,Travel_Frequently,84460,14,0.0,7.0,3.0,6,3,1.0,2.0,0.0,2,No,3,Medium
1144,Sarah Brown,55,Male,Married,3,Marketing,1,Laboratory Technician,2,Travel_Rarely,119160,15,1.0,28.5,3.0,10,6,1.0,4.0,4.0,9,No,3,Medium
1145,Emma Pillai,31,Male,Divorced,3,Other,1,Manufacturing Director,1,Travel_Rarely,45340,13,0.0,1.0,2.0,1,0,0.0,0.0,1.0,6,No,3,Medium
1146,Meera Malhotra,39,Male,Single,3,Life Sciences,2,Sales Executive,2,Travel_Rarely,98520,12,1.0,21.0,4.5,18,10,7.5,10.0,0.0,4,No,3,Low
1147,Divya Johnson,42,Female,Single,4,Life Sciences,2,Research Scientist,2,Non-Travel,61510,13,1.0,20.0,3.0,18,10,3.0,7.0,1.0,10,No,3,Medium
1148,Tanvi Brown,31,Male,Married,2,Life Sciences,2,Healthcare Representative,2,Non-Travel,23020,14,0.0,13.0,3.0,11,6,4.0,8.0,4.0,14,No,3,Medium
1149,Aryan Reddy,54,Female,Single,3,Medical,2,Human Resources,2,Travel_Rarely,23620,13,1.0,9.0,2.0,5,3,1.0,4.0,6.0,1,No,3,Medium
1150,Dev Garcia,24,Male,Single,4,Other,2,Manufacturing Director,1,Travel_Rarely,165835,11,2.0,4.0,4.5,4,2,1.0,2.0,1.0,5,No,3,Low
1151,Gaurav Singh,23,Male,Single,3,Life Sciences,2,Research Scientist,2,Travel_Rarely,165835,11,1.0,5.0,2.0,5,3,1.0,4.0,1.0,7,No,3,Medium
1152,Rohit Jones,40,Female,Married,3,Medical,2,Research Scientist,3,Travel_Frequently,165835,21,0.0,10.0,1.0,10,6,7.5,4.0,1.0,21,No,4,High
1153,David Kumar,40,Female,Married,1,Medical,2,Research Scientist,5,Travel_Rarely,35440,18,2.5,15.0,3.0,11,6,5.0,10.0,3.0,8,No,3,Low
1154,Kavya Singh,25,Female,Married,5,Medical,1,Laboratory Technician,2,Travel_Rarely,85000,12,0.0,6.0,2.0,2,1,1.0,2.0,4.0,20,No,3,Medium
1155,Karan Shah,30,Male,Married,4,Life Sciences,3,Research Scientist,2,Travel_Rarely,46610,11,0.0,12.0,3.0,12,7,1.0,7.0,1.0,20,No,3,Medium
1156,Ishaan Verma,25,Male,Divorced,2,Medical,2,Sales Executive,5,Travel_Rarely,41030,15,1.0,7.0,2.0,2,1,0.0,2.0,6.0,7,No,3,Medium
1157,Rahul Verma,47,Male,Single,4,Life Sciences,2,Sales Executive,2,Travel_Rarely,42490,13,1.0,25.0,2.0,17,10,7.5,11.0,2.0,1,No,3,Low
1158,Dev Sharma,33,Male,Divorced,3,Life Sciences,2,Research Scientist,2,Non-Travel,140260,12,0.0,1.0,4.0,1,0,0.0,0.0,1.0,1,No,3,Medium
1159,Amit Pillai,38,Female,Married,3,Life Sciences,2,Sales Executive,2,Travel_Rarely,68930,17,0.0,16.0,3.0,15,9,5.0,8.0,0.0,19,No,3,Medium
1160,Emily Williams,31,Female,Married,4,Medical,2,Sales Executive,3,Travel_Rarely,61250,13,1.0,3.0,3.0,2,1,1.0,2.0,0.0,10,No,3,Medium
1161,Ananya Sharma,38,Male,Married,4,Other,2,Research Scientist,2,Travel_Frequently,36690,19,0.0,10.0,2.0,8,4,7.0,7.0,2.0,1,No,3,Medium
1162,Kavya Agarwal,42,Male,Divorced,3,Medical,2,Laboratory Technician,2,Travel_Rarely,100080,19,1.0,9.0,3.0,4,2,1.0,2.0,6.0,6,No,3,Low
1163,Vikram Brown,41,Male,Married,2,Medical,1,Healthcare Representative,1,Travel_Rarely,23870,17,1.0,12.0,1.0,5,3,1.0,0.0,3.0,2,No,3,Medium
1164,Kavya Patel,47,Male,Married,2,Medical,2,Sales Executive,1,Non-Travel,46390,11,1.0,14.0,2.0,13,7,5.0,12.0,0.0,21,No,3,Low
1165,Aditya Singh,35,Male,Married,3,Life Sciences,2,Healthcare Representative,2,Travel_Rarely,78980,15,0.0,5.0,2.0,2,1,2.0,2.0,7.0,4,No,3,Medium
1166,Akash Jones,22,Male,Single,1,Human Resources,3,Sales Executive,2,Travel_Rarely,25340,11,0.0,4.0,1.0,3,1,1.0,2.0,0.0,12,No,3,Medium
1167,Gaurav Brown,35,Female,Single,3,Medical,2,Sales Executive,2,Travel_Rarely,131420,25,2.0,10.0,4.0,10,6,0.0,8.0,1.0,9,No,4,High
1168,Riya Shah,33,Male,Married,4,Medical,1,Healthcare Representative,3,Travel_Rarely,16110,14,0.0,10.0,2.0,9,5,7.5,1.0,0.0,3,No,3,Medium
1169,Pooja Brown,32,Male,Single,2,Technical Degree,2,Manufacturing Director,3,Travel_Rarely,53630,13,0.0,6.0,4.0,6,3,4.0,1.0,1.0,3,No,3,Medium
1170,Aditya Kumar,40,Male,Married,4,Medical,2,Research Director,2,Travel_Rarely,50710,17,1.0,8.0,3.0,1,0,0.0,0.0,8.0,1,No,3,Low
1171,Nikhil Nair,32,Male,Married,2,Medical,2,Sales Executive,3,Travel_Rarely,136950,13,0.0,3.0,3.0,2,1,2.0,2.0,0.0,1,No,3,Medium
1172,Riya Johnson,39,Male,Single,4,Life Sciences,2,Sales Executive,1,Travel_Rarely,134020,14,1.0,18.0,1.0,7,4,1.0,7.0,7.0,4,No,3,Medium
1173,Sanjay Gupta,38,Female,Married,4,Medical,1,Research Director,2,Travel_Rarely,20290,11,1.0,20.0,3.0,18,10,1.0,11.0,3.0,20,No,3,Medium
1174,Kavya Johnson,32,Male,Married,3,Life Sciences,2,Manager,2,Travel_Rarely,63770,12,2.0,14.0,3.0,14,8,5.0,7.0,1.0,18,No,3,Medium
1175,Deepika Reddy,37,Female,Married,3,Life Sciences,2,Sales Executive,4,Travel_Rarely,54290,17,1.0,16.0,3.0,16,9,6.0,8.0,1.0,1,No,3,Medium
1176,Riya Johnson,25,Female,Divorced,4,Medical,2,Manufacturing Director,2,Travel_Rarely,27850,21,0.0,6.0,2.0,5,3,0.0,4.0,0.0,2,No,4,High
1177,Tanvi Rao,52,Male,Divorced,4,Other,2,Manager,1,Non-Travel,46140,16,1.0,16.0,3.0,9,5,0.0,0.0,2.0,2,No,3,Medium
1178,Karan Nair,44,Female,Single,1,Life Sciences,2,Sales Representative,1,Travel_Rarely,26100,15,0.0,6.0,2.0,4,2,1.0,2.0,6.0,8,No,3,Medium
1179,Neha Mehta,21,Male,Single,5,Medical,1,Research Scientist,3,Travel_Rarely,66870,19,2.5,2.0,0.5,2,1,1.0,2.0,1.0,10,No,3,Medium
1180,Sara Mehta,39,Female,Single,4,Life Sciences,2,Research Director,2,Non-Travel,47240,12,1.0,21.0,4.0,6,3,1.0,3.0,2.0,3,No,3,Medium
1181,Shivam Johnson,23,Female,Married,4,Life Sciences,2,Manufacturing Director,2,Travel_Frequently,61790,11,0.0,1.0,3.0,1,0,1.0,0.0,1.0,2,Yes,3,Medium
1182,John Kumar,36,Female,Married,3,Life Sciences,2,Laboratory Technician,2,Travel_Rarely,61200,19,0.0,10.0,2.0,9,5,3.0,4.0,0.0,24,No,3,Medium
1183,Vikram Kumar,36,Male,Divorced,1,Medical,2,Sales Executive,2,Travel_Frequently,105960,15,0.0,18.0,3.0,4,2,0.0,2.0,7.0,16,No,3,Medium
1184,Kavya Patel,56,Male,Divorced,1,Life Sciences,2,Sales Executive,1,Non-Travel,54670,20,0.0,13.0,4.5,13,7,1.0,9.0,1.0,8,No,4,High
1185,Arjun Patel,29,Male,Married,4,Medical,2,Sales Representative,2,Travel_Rarely,29960,25,0.0,4.0,4.0,2,1,2.0,2.0,8.5,9,Yes,4,High
1186,Aditya Brown,42,Male,Married,1,Life Sciences,2,Research Scientist,3,Travel_Rarely,99980,24,2.0,24.0,3.0,18,10,4.0,14.0,5.0,17,No,4,High
1187,Akash Nair,56,Male,Married,4,Other,1,Sales Executive,2,Travel_Rarely,40780,24,1.0,14.0,3.0,10,6,7.5,8.0,8.0,10,Yes,4,High
1188,Tanvi Wilson,41,Female,Married,4,Life Sciences,2,Healthcare Representative,1,Travel_Rarely,109200,15,1.0,21.0,3.0,18,10,0.0,10.0,0.0,13,No,3,Medium
1189,Emily Singh,34,Female,Married,3,Medical,1,Laboratory Technician,1,Travel_Rarely,62320,13,1.0,8.0,3.0,8,4,1.0,7.0,1.0,1,No,3,Medium
1190,Olivia Agarwal,36,Female,Divorced,1,Medical,1,Human Resources,1,Non-Travel,132470,14,0.0,15.0,3.0,15,9,7.5,11.0,1.0,1,No,3,Medium
1191,Aryan Rao,41,Male,Divorced,5,Medical,2,Healthcare Representative,1,Travel_Rarely,40810,13,0.0,14.0,3.0,5,3,0.0,4.0,2.0,1,No,3,Medium
1192,David Nair,32,Female,Single,4,Life Sciences,1,Research Scientist,2,Travel_Rarely,57690,11,0.0,4.0,3.0,4,2,1.0,2.0,1.0,9,No,3,Medium
1193,Aryan Jones,35,Female,Single,3,Medical,2,Healthcare Representative,2,Travel_Rarely,23940,16,1.0,9.0,3.0,9,5,1.0,7.0,1.0,16,No,3,Medium
1194,Emma Wilson,38,Male,Married,3,Medical,2,Sales Representative,3,Travel_Rarely,39040,22,0.0,10.0,3.0,10,6,1.0,9.0,1.0,23,No,4,High
1195,John Jones,50,Female,Divorced,2,Life Sciences,1,Laboratory Technician,2,Travel_Frequently,165835,14,1.0,12.0,2.0,6,3,0.0,1.0,7.0,4,Yes,3,Medium
1196,Pooja Patel,36,Male,Married,4,Life Sciences,2,Healthcare Representative,1,Travel_Rarely,29500,14,0.0,8.0,1.0,6,3,0.0,0.0,4.0,22,No,3,Low
1197,Sara Mehta,45,Male,Single,3,Life Sciences,1,Laboratory Technician,1,Travel_Rarely,36290,16,1.0,8.0,2.0,5,3,0.0,1.0,8.0,24,No,3,Medium
1198,Priya Agarwal,40,Male,Single,4,Life Sciences,1,Research Scientist,1,Travel_Rarely,93620,11,1.0,8.0,4.5,2,1,2.0,2.0,2.0,10,No,3,Medium
1199,Emma Joshi,35,Male,Married,2,Life Sciences,1,Manufacturing Director,2,Travel_Frequently,32290,25,0.0,10.0,2.0,10,6,0.0,2.0,1.0,7,No,4,High
1200,Divya Johnson,40,Male,Married,4,Life Sciences,2,Manager,1,Travel_Rarely,35780,14,1.0,20.0,2.0,5,3,0.0,2.0,2.0,17,No,3,Medium
1201,Aarav Thakur,35,Male,Married,1,Life Sciences,3,Research Scientist,2,Travel_Rarely,79880,18,0.0,4.0,3.0,4,2,1.0,1.0,1.0,14,No,3,Medium
1202,Vikram Shah,29,Male,Married,3,Medical,2,Sales Executive,3,Travel_Rarely,42840,11,0.0,10.0,4.5,4,2,0.0,3.0,4.0,1,No,3,Medium
1203,Meera Brown,29,Male,Single,3,Medical,2,Sales Representative,2,Travel_Rarely,75530,19,0.0,5.0,3.0,5,3,0.0,4.0,1.0,5,No,3,Low
1204,Kunal Smith,50,Male,Divorced,3,Medical,2,Research Scientist,1,Travel_Rarely,165835,15,2.0,20.0,1.0,3,1,2.0,0.0,4.0,17,Yes,3,Medium
1205,Pooja Sharma,39,Male,Married,3,Medical,1,Sales Executive,2,Travel_Rarely,165835,11,0.0,21.0,3.0,18,10,7.5,6.0,0.0,25,No,3,Medium
1206,Raj Verma,31,Female,Single,4,Life Sciences,2,Sales Executive,4,Non-Travel,147320,12,0.0,10.0,3.0,9,5,1.0,7.0,0.0,8,No,3,Low
1207,Emma Trivedi,26,Male,Single,4,Medical,2,Manager,2,Travel_Rarely,92780,20,0.0,5.0,3.0,4,2,0.0,0.0,0.0,11,No,4,High
1208,Kunal Reddy,36,Male,Married,1,Technical Degree,2,Sales Executive,1,Travel_Frequently,13590,12,0.0,17.0,2.0,5,3,0.0,3.0,4.0,5,No,3,Medium
1209,Sara Gupta,39,Female,Married,1,Medical,2,Research Scientist,1,Travel_Rarely,47790,14,2.0,9.0,3.0,7,4,1.0,7.0,4.0,2,No,3,Medium
1210,Ishaan Pillai,27,Male,Married,2,Medical,2,Laboratory Technician,1,Travel_Rarely,164220,20,1.0,6.0,3.0,6,3,0.0,3.0,1.0,8,No,4,High
1211,Gaurav Johnson,49,Male,Married,1,Medical,2,Healthcare Representative,3,Travel_Frequently,29960,18,1.0,17.0,2.0,9,5,0.0,8.0,2.0,6,No,3,Medium
1212,Ananya Brown,34,Female,Married,3,Medical,1,Sales Executive,1,Travel_Rarely,12610,14,1.0,6.0,4.5,4,2,1.0,2.0,2.0,4,No,3,Medium
1213,Kavya Thakur,41,Female,Single,2,Life Sciences,2,Research Scientist,1,Travel_Rarely,20990,12,1.0,8.0,2.0,6,3,0.0,5.0,8.0,7,Yes,3,Medium
1214,Arjun Nair,49,Female,Married,4,Life Sciences,1,Manufacturing Director,2,Travel_Frequently,58100,21,1.0,10.0,2.0,10,6,1.0,7.0,1.0,1,No,4,High
1215,Vikram Gupta,37,Male,Single,3,Life Sciences,2,Sales Executive,1,Travel_Rarely,56470,19,0.0,7.0,2.0,0,0,0.0,0.0,6.0,2,Yes,3,Medium
1216,Anjali Shah,33,Male,Married,2,Medical,2,Research Scientist,2,Travel_Frequently,34200,14,0.0,8.0,3.0,8,4,3.0,0.0,1.0,10,No,3,Medium
1217,Arjun Joshi,27,Female,Married,4,Medical,1,Manufacturing Director,4,Travel_Rarely,44000,17,1.0,6.0,3.0,2,1,2.0,2.0,8.5,5,No,3,Low
1218,Pooja Thakur,32,Female,Single,2,Medical,2,Research Scientist,2,Travel_Frequently,35000,16,1.0,8.0,2.0,7,4,3.0,6.0,0.0,9,No,3,Medium
1219,Shivam Agarwal,59,Female,Married,2,Marketing,1,Sales Representative,5,Travel_Rarely,20660,12,1.0,12.0,3.0,1,0,0.0,0.0,4.0,2,No,3,Low
1220,Emily Verma,30,Male,Divorced,4,Medical,2,Laboratory Technician,2,Travel_Rarely,165835,17,2.0,1.0,2.0,1,0,0.0,0.0,1.0,11,No,3,Medium
1221,Kunal Sharma,38,Male,Single,4,Life Sciences,1,Healthcare Representative,2,Travel_Frequently,41620,15,1.0,10.0,1.0,9,5,1.0,8.0,0.0,18,No,3,Medium
1222,Aarav Mehta,36,Male,Married,3,Life Sciences,2,Sales Executive,1,Travel_Rarely,92040,23,1.0,17.0,2.0,7,4,7.0,7.0,6.0,7,No,4,High
1223,Sanjay Garcia,35,Male,Married,4,Human Resources,3,Manager,2,Travel_Rarely,32940,11,0.0,6.0,2.0,5,3,0.0,3.0,0.0,3,No,3,Low
1224,Vivek Agarwal,29,Male,Single,4,Life Sciences,1,Laboratory Technician,2,Travel_Rarely,21270,11,1.0,10.0,3.0,9,5,0.0,8.0,0.0,29,No,3,Medium
1225,Vivek Patel,31,Male,Divorced,2,Medical,2,Laboratory Technician,2,Travel_Rarely,39750,15,1.0,5.0,3.0,5,3,4.0,3.0,1.0,2,No,3,Medium
1226,Emily Garcia,34,Male,Divorced,3,Technical Degree,2,Laboratory Technician,1,Travel_Rarely,107930,11,2.5,3.0,1.0,2,1,1.0,2.0,0.0,28,No,3,Medium
1227,Ananya Rao,28,Male,Single,4,Life Sciences,2,Research Director,5,Travel_Rarely,100960,13,0.0,6.0,2.0,4,2,0.0,3.0,5.0,1,Yes,3,Medium
1228,James Rao,29,Female,Divorced,2,Life Sciences,2,Laboratory Technician,4,Travel_Rarely,36460,14,0.0,10.0,3.0,10,6,7.5,8.0,1.0,16,No,3,Medium
1229,Emily Miller,32,Female,Divorced,3,Human Resources,3,Research Director,2,Travel_Rarely,74460,19,0.0,7.0,3.0,6,3,0.0,5.0,0.0,22,No,3,Low
1230,Priya Verma,22,Female,Divorced,3,Life Sciences,2,Sales Executive,3,Non-Travel,108510,16,1.0,1.0,2.0,1,0,0.0,0.0,1.0,8,No,3,Medium
1231,Kavya Mehta,53,Male,Married,3,Medical,2,Manager,2,Travel_Rarely,21090,13,0.0,28.5,3.0,18,10,3.0,7.0,2.0,11,No,3,Medium
1232,Priya Thakur,38,Female,Single,3,Life Sciences,2,Manufacturing Director,1,Travel_Rarely,37220,14,0.0,6.0,0.5,3,1,1.0,2.0,5.0,29,No,3,Medium
1233,Pooja Patel,24,Male,Divorced,5,Life Sciences,2,Research Scientist,3,Non-Travel,93800,16,0.0,5.0,2.0,4,2,1.0,3.0,0.0,1,No,3,Low
1234,Ishaan Agarwal,36,Male,Single,3,Life Sciences,2,Research Director,1,Travel_Rarely,54860,12,1.0,10.0,2.0,5,3,0.0,3.0,7.0,1,Yes,3,Medium
1235,Aditya Mehta,34,Male,Single,3,Marketing,1,Research Scientist,4,Travel_Rarely,27420,11,1.0,13.0,2.0,12,7,2.0,11.0,0.0,24,No,3,Low
1236,Sarah Kumar,21,Male,Single,3,Life Sciences,1,Manufacturing Director,2,Travel_Rarely,137570,12,1.0,0.0,3.0,0,0,0.0,0.0,1.0,2,No,3,Medium
1237,Neha Mehta,34,Female,Single,2,Marketing,1,Research Scientist,2,Travel_Rarely,84630,13,0.0,8.0,2.0,4,2,1.0,3.0,2.0,15,Yes,3,Low
1238,Ananya Pillai,53,Male,Divorced,1,Life Sciences,1,Human Resources,5,Travel_Rarely,31620,15,0.0,26.0,4.0,14,8,4.0,8.0,4.0,2,No,3,Medium
1239,Raj Patel,32,Female,Single,3,Medical,2,Manufacturing Director,2,Travel_Frequently,165835,13,0.0,10.0,2.0,10,6,6.0,7.0,1.0,10,Yes,3,Low
1240,Amit Singh,42,Male,Married,3,Technical Degree,2,Laboratory Technician,2,Travel_Rarely,66510,20,0.0,10.0,4.5,9,5,4.0,2.0,0.0,10,No,4,High
1241,Sneha Jones,44,Female,Married,1,Life Sciences,2,Manufacturing Director,1,Travel_Rarely,23450,15,2.0,24.0,0.5,18,10,5.0,14.5,3.0,3,No,3,Medium
1242,Aryan Malhotra,46,Female,Single,3,Life Sciences,1,Research Scientist,1,Travel_Rarely,34200,13,2.0,22.0,3.0,2,1,2.0,1.0,3.0,2,No,3,Low
1243,Kavya Nair,33,Male,Single,3,Medical,1,Manufacturing Director,1,Travel_Rarely,43730,14,0.0,7.0,3.0,1,0,0.0,0.0,4.0,3,No,3,Medium
1244,Divya Verma,44,Male,Married,3,Life Sciences,3,Healthcare Representative,5,Travel_Rarely,47590,21,0.0,9.0,2.0,4,2,1.0,3.0,2.0,26,No,4,High
1245,Raj Malhotra,30,Female,Single,4,Technical Degree,2,Research Scientist,1,Travel_Rarely,53010,16,1.0,10.0,3.0,10,6,1.0,8.0,1.0,1,No,3,Medium
1246,Kavya Gupta,39,Male,Married,4,Medical,3,Sales Executive,1,Travel_Rarely,36730,14,1.0,19.0,3.0,1,0,0.0,0.0,3.0,1,Yes,3,Medium
1247,David Trivedi,24,Male,Married,5,Human Resources,3,Sales Executive,3,Travel_Rarely,47680,11,1.0,6.0,2.0,2,1,2.0,0.0,2.0,2,Yes,3,Medium
1248,Nikhil Mehta,43,Female,Divorced,5,Technical Degree,1,Research Director,1,Travel_Rarely,12740,19,0.0,6.0,3.0,5,3,1.0,4.0,1.0,9,No,3,Medium
1249,Zara Garcia,50,Male,Married,4,Medical,2,Research Director,1,Travel_Rarely,49000,11,0.0,3.0,3.0,3,1,0.0,2.0,1.0,12,Yes,3,Low
1250,Aditya Miller,35,Male,Married,4,Marketing,1,Manufacturing Director,3,Travel_Rarely,104660,13,0.0,2.0,1.0,2,1,2.0,2.0,1.0,2,No,3,Medium
1251,Tanvi Kumar,36,Female,Married,1,Life Sciences,2,Sales Executive,4,Travel_Rarely,165835,12,1.0,6.0,2.0,1,0,0.0,0.0,8.5,25,No,3,Low
1252,Vikram Kumar,33,Male,Married,2,Marketing,1,Human Resources,4,Travel_Frequently,29090,11,0.0,10.0,2.0,5,3,1.0,3.0,2.0,9,No,3,Low
1253,Akash Kumar,35,Male,Divorced,1,Medical,2,Research Scientist,1,Travel_Rarely,57650,14,1.0,1.0,2.0,1,0,0.0,0.0,1.0,10,No,3,Medium
1254,Pooja Trivedi,27,Female,Divorced,2,Marketing,1,Research Scientist,3,Travel_Rarely,45990,15,1.0,1.0,3.0,1,0,0.0,0.0,1.0,8,No,3,Medium
1255,Neha Singh,26,Male,Single,3,Marketing,1,Manager,2,Travel_Rarely,24040,12,0.0,1.0,4.5,1,0,0.0,1.0,1.0,4,Yes,3,Low
1256,Deepika Jones,27,Male,Single,3,Life Sciences,1,Healthcare Representative,4,Travel_Frequently,31720,20,1.0,9.0,1.0,9,5,1.0,7.0,1.0,24,No,4,High
1257,John Johnson,30,Male,Single,4,Medical,2,Research Scientist,1,Travel_Frequently,20330,14,1.0,12.0,3.0,12,7,3.0,7.0,1.0,1,No,3,Medium
1258,Ananya Brown,41,Male,Married,4,Marketing,1,Sales Executive,2,Travel_Rarely,102090,13,1.0,23.0,2.0,18,10,7.5,8.0,1.0,20,Yes,3,Medium
1259,Suresh Shah,34,Female,Single,2,Technical Degree,2,Research Scientist,1,Non-Travel,86200,13,1.0,10.0,2.0,9,5,7.5,7.0,0.0,7,No,3,Medium
1260,Arjun Wilson,37,Female,Married,3,Life Sciences,2,Sales Executive,3,Travel_Rarely,20640,16,0.0,8.0,3.0,1,0,0.0,0.0,4.0,17,No,3,Low
1261,Pooja Verma,46,Male,Single,3,Technical Degree,2,Sales Executive,3,Travel_Frequently,40350,14,1.0,14.0,2.0,9,5,0.0,8.0,4.0,20,No,3,Medium
1262,Dev Pillai,35,Female,Married,4,Medical,2,Research Scientist,3,Travel_Rarely,38380,16,1.0,1.0,2.0,1,0,0.0,1.0,1.0,8,No,3,Medium
1263,Akash Malhotra,48,Female,Single,4,Technical Degree,2,Sales Executive,1,Travel_Rarely,45910,16,0.0,23.0,4.5,1,0,0.0,0.0,8.5,2,Yes,3,Low
1264,Priya Miller,28,Male,Single,1,Medical,2,Sales Executive,1,Travel_Rarely,25610,22,1.0,2.0,3.0,2,1,2.0,2.0,1.0,10,Yes,4,High
1265,Amit Thakur,44,Female,Divorced,1,Medical,2,Research Scientist,3,Travel_Rarely,15630,12,2.0,9.0,3.0,4,2,1.0,3.0,5.0,1,No,3,Low
1266,David Brown,35,Female,Married,4,Technical Degree,2,Manufacturing Director,3,Non-Travel,48980,15,2.0,10.0,2.0,4,2,2.0,3.0,2.0,5,No,3,Medium
1267,David Patel,26,Female,Married,4,Life Sciences,2,Sales Executive,3,Travel_Rarely,47890,20,1.0,5.0,2.0,2,1,0.0,0.0,7.0,4,No,4,High
1268,Zara Wilson,33,Female,Single,4,Life Sciences,1,Human Resources,1,Travel_Frequently,31800,14,1.0,15.0,2.0,15,9,7.5,12.0,1.0,29,No,3,Medium
1269,Kavya Reddy,35,Male,Married,3,Medical,2,Manufacturing Director,3,Travel_Frequently,65490,20,0.0,9.0,3.0,9,5,1.0,8.0,1.0,15,No,4,High
1270,Raj Reddy,35,Female,Married,2,Life Sciences,3,Laboratory Technician,1,Travel_Rarely,63880,13,0.0,4.0,4.5,2,1,2.0,2.0,3.0,3,No,3,Low
1271,Ishaan Wilson,31,Female,Divorced,2,Life Sciences,1,Research Scientist,2,Travel_Rarely,112440,12,1.0,10.0,3.0,7,4,1.0,7.0,3.0,10,No,3,Medium
1272,John Nair,37,Male,Divorced,3,Marketing,1,Human Resources,4,Travel_Rarely,160320,13,0.0,7.0,2.0,7,4,0.0,7.0,1.0,4,No,3,Medium
1273,Zara Nair,32,Male,Married,3,Other,2,Sales Executive,2,Travel_Rarely,23620,11,0.0,9.0,2.0,9,5,7.0,8.0,1.0,21,No,3,Medium
1274,Zara Thakur,38,Male,Single,3,Medical,2,Manufacturing Director,2,Travel_Frequently,163280,17,2.5,10.0,2.0,10,6,7.5,9.0,1.0,25,No,3,Medium
1275,Priya Singh,50,Female,Divorced,4,Marketing,1,Research Scientist,4,Travel_Rarely,83760,14,2.5,28.5,2.0,18,10,7.5,8.0,5.0,2,No,3,Medium
1276,Sneha Malhotra,59,Male,Single,3,Technical Degree,2,Laboratory Technician,1,Travel_Rarely,165835,11,0.0,28.0,4.5,18,10,7.0,9.0,7.0,1,No,3,Low
1277,Dev Patel,36,Female,Divorced,2,Marketing,1,Sales Executive,2,Travel_Rarely,86060,14,2.0,17.0,3.0,17,10,7.5,8.0,1.0,1,No,3,Medium
1278,Olivia Kumar,55,Male,Divorced,3,Medical,2,Research Scientist,3,Travel_Rarely,22720,17,1.0,21.0,2.0,5,3,0.0,2.0,2.0,7,No,3,Medium
1279,Zara Jones,36,Female,Single,3,Life Sciences,2,Laboratory Technician,2,Travel_Frequently,20180,13,0.0,6.0,4.5,6,3,0.0,3.0,1.0,3,No,3,Medium
1280,Aditya Thakur,45,Female,Divorced,2,Medical,2,Sales Executive,1,Travel_Rarely,70830,12,1.0,25.0,4.5,1,0,0.0,0.0,2.0,1,No,3,Low
1281,Rohit Malhotra,35,Female,Married,3,Other,3,Sales Representative,2,Travel_Frequently,40840,13,1.0,5.0,3.0,3,1,1.0,2.0,4.0,9,No,3,Low
1282,Sneha Pillai,36,Male,Married,2,Life Sciences,1,Laboratory Technician,4,Travel_Rarely,144110,18,2.5,2.0,2.0,1,0,0.0,0.0,0.0,7,Yes,3,Medium
1283,Nikhil Pillai,59,Male,Single,4,Life Sciences,2,Research Scientist,3,Travel_Frequently,23080,19,1.0,20.0,4.0,4,2,1.0,3.0,7.0,10,No,3,Low
1284,Zara Trivedi,29,Female,Married,4,Life Sciences,2,Sales Representative,1,Travel_Rarely,48410,11,0.0,6.0,3.0,5,3,0.0,4.0,0.0,28,No,3,Medium
1285,Meera Miller,31,Female,Single,2,Medical,2,Sales Executive,3,Travel_Rarely,42850,21,1.0,1.0,2.0,1,0,1.0,0.0,1.0,3,No,4,High
1286,Zara Miller,32,Male,Married,4,Life Sciences,1,Manufacturing Director,2,Travel_Rarely,97150,15,1.0,10.0,1.0,10,6,0.0,9.0,1.0,3,No,3,Low
1287,Varun Nair,36,Male,Married,3,Life Sciences,2,Sales Representative,2,Travel_Rarely,43200,17,0.0,5.0,2.0,1,0,0.0,0.0,3.0,2,No,3,Medium
1288,Vivek Malhotra,31,Female,Single,3,Medical,2,Research Director,2,Travel_Rarely,21320,18,0.0,11.0,3.0,11,6,1.0,8.0,1.0,27,No,3,Medium
1289,Gaurav Rao,35,Male,Single,4,Medical,2,Healthcare Representative,2,Travel_Rarely,101240,14,1.0,16.0,2.0,15,9,2.0,8.0,0.0,2,No,3,Medium
1290,John Thakur,45,Female,Married,3,Human Resources,3,Sales Executive,1,Travel_Rarely,54730,13,0.0,17.0,3.0,0,0,0.0,0.0,4.0,14,No,3,Medium
1291,Meera Rao,37,Female,Single,3,Life Sciences,2,Sales Executive,3,Travel_Rarely,52070,17,2.5,16.0,3.0,5,3,0.0,2.0,4.0,1,No,3,Medium
1292,Ishaan Agarwal,46,Male,Divorced,3,Medical,2,Manager,3,Travel_Rarely,164370,15,1.0,16.0,0.5,4,2,0.0,2.0,8.0,9,No,3,Medium
1293,Kunal Shah,30,Male,Married,3,Life Sciences,1,Human Resources,4,Travel_Rarely,22960,18,1.0,10.0,2.0,10,6,3.0,0.0,1.0,18,No,3,Medium
1294,Kunal Malhotra,35,Female,Single,4,Life Sciences,2,Human Resources,3,Travel_Rarely,40690,13,0.0,6.0,4.5,6,3,0.0,4.0,1.0,20,No,3,Medium
1295,John Malhotra,55,Female,Married,3,Life Sciences,2,Laboratory Technician,2,Travel_Rarely,74410,12,1.0,24.0,4.0,1,0,1.0,0.0,3.0,2,No,3,Medium
1296,Amit Nair,38,Male,Divorced,1,Marketing,1,Laboratory Technician,2,Non-Travel,24300,13,2.0,17.0,2.0,13,7,1.0,9.0,7.0,11,No,3,Medium
1297,Raj Kumar,34,Male,Married,2,Medical,2,Research Scientist,1,Travel_Rarely,58780,14,0.0,5.0,1.0,5,3,1.0,3.0,1.0,8,No,3,Low
1298,Karan Patel,56,Male,Single,1,Medical,3,Sales Executive,2,Travel_Rarely,26440,11,1.0,28.5,2.0,6,3,0.0,2.0,4.0,2,No,3,Medium
1299,Rahul Johnson,23,Male,Divorced,3,Medical,2,Laboratory Technician,2,Travel_Rarely,64390,22,2.5,3.0,2.0,0,0,0.0,0.0,3.0,10,No,4,High
1300,John Nair,51,Female,Married,4,Life Sciences,2,Manufacturing Director,5,Travel_Rarely,24510,17,0.0,10.0,2.0,4,2,0.0,3.0,3.0,29,No,3,Medium
1301,Michael Mehta,30,Male,Married,2,Technical Degree,1,Sales Representative,1,Travel_Rarely,63920,21,1.0,11.0,2.0,11,6,7.5,8.0,1.0,8,No,4,High
1302,Vivek Thakur,46,Female,Single,2,Medical,1,Research Scientist,2,Travel_Rarely,97140,22,0.0,9.0,0.5,9,5,4.0,7.0,1.0,1,Yes,4,High
1303,Vikram Johnson,40,Male,Married,3,Medical,2,Healthcare Representative,1,Travel_Frequently,60770,16,2.0,22.0,2.0,18,10,7.5,11.0,1.0,6,No,3,Low
1304,Raj Gupta,51,Female,Single,4,Life Sciences,2,Sales Representative,5,Travel_Rarely,24500,12,1.0,11.0,2.0,10,6,1.0,0.0,0.0,8,No,3,Medium
1305,Raj Brown,30,Male,Divorced,3,Life Sciences,2,Manufacturing Director,1,Travel_Rarely,92500,12,2.5,11.0,0.5,11,6,2.0,7.0,1.0,9,No,3,Medium
1306,John Miller,46,Male,Married,1,Medical,2,Laboratory Technician,1,Travel_Frequently,20740,15,1.0,21.0,3.0,10,6,7.5,5.0,2.0,12,No,3,Low
1307,Aryan Thakur,32,Male,Single,3,Marketing,1,Research Scientist,1,Travel_Rarely,101690,14,0.0,12.0,4.5,11,6,5.0,7.0,1.0,15,No,3,Medium
1308,Ananya Agarwal,54,Female,Married,1,Medical,2,Laboratory Technician,1,Travel_Rarely,48550,25,1.0,16.0,2.0,4,2,0.0,3.0,8.5,25,No,4,High
1309,Olivia Verma,24,Male,Married,2,Marketing,1,Research Scientist,2,Travel_Rarely,40870,20,2.5,4.0,1.0,3,1,0.0,2.0,0.0,6,No,4,High
1310,Sneha Miller,28,Male,Married,4,Medical,1,Laboratory Technician,2,Non-Travel,23670,13,0.0,5.0,2.0,5,3,0.0,4.0,1.0,9,No,3,Medium
1311,Emily Nair,58,Male,Single,4,Life Sciences,2,Sales Executive,2,Travel_Rarely,29720,14,0.0,28.5,2.0,18,10,1.0,8.0,0.0,8,No,3,Medium
1312,Ananya Miller,44,Female,Married,2,Medical,2,Research Scientist,1,Non-Travel,165835,16,0.0,17.0,3.0,3,1,1.0,2.0,4.0,23,No,3,Medium
1313,David Thakur,37,Male,Divorced,3,Human Resources,3,Healthcare Representative,2,Travel_Rarely,54840,17,0.0,7.0,4.0,3,1,0.0,2.0,2.0,9,Yes,3,Medium
1314,Olivia Sharma,32,Female,Single,2,Human Resources,3,Sales Representative,1,Travel_Rarely,20610,15,1.0,1.0,2.0,1,0,0.0,0.0,1.0,12,No,3,Medium
1315,Sara Sharma,20,Female,Single,4,Life Sciences,1,Healthcare Representative,2,Travel_Frequently,99240,22,0.0,1.0,3.0,1,0,1.0,0.0,1.0,4,Yes,4,High
1316,Emma Smith,34,Male,Single,4,Other,2,Laboratory Technician,4,Travel_Rarely,41980,22,1.0,16.0,2.0,16,9,2.0,10.0,1.0,1,No,4,High
1317,David Thakur,37,Male,Divorced,2,Life Sciences,1,Research Scientist,1,Non-Travel,68150,20,1.0,17.0,3.0,1,0,0.0,0.0,5.0,24,No,4,High
1318,Amit Sharma,59,Male,Married,2,Life Sciences,2,Sales Executive,2,Non-Travel,47230,14,0.0,28.5,0.5,3,1,2.0,2.0,8.5,12,No,3,Medium
1319,Kavya Johnson,50,Male,Married,4,Medical,2,Research Scientist,4,Travel_Frequently,61420,13,2.0,28.0,3.0,8,4,0.0,7.0,3.0,3,No,3,Low
1320,Arjun Jones,25,Male,Single,1,Marketing,1,Research Director,2,Travel_Rarely,82370,13,0.0,6.0,4.5,6,3,0.0,3.0,1.0,10,Yes,3,Medium
1321,Divya Reddy,25,Male,Married,3,Technical Degree,2,Laboratory Technician,1,Travel_Rarely,88530,22,1.0,2.0,3.0,2,1,2.0,1.0,1.0,26,No,4,High
1322,Deepika Rao,22,Male,Single,1,Life Sciences,2,Sales Representative,1,Travel_Rarely,165835,12,1.0,1.0,2.0,0,0,0.0,0.0,1.0,2,No,3,Medium
1323,Pooja Sharma,51,Female,Single,3,Life Sciences,2,Sales Executive,1,Travel_Frequently,20730,14,1.0,23.0,4.0,13,7,7.5,8.0,3.0,1,No,3,Low
1324,Rohit Williams,34,Female,Single,4,Life Sciences,3,Sales Executive,5,Travel_Frequently,55620,15,0.0,9.0,3.0,9,5,0.0,6.0,1.0,4,Yes,3,Low
1325,Emma Malhotra,54,Male,Single,3,Life Sciences,2,Laboratory Technician,1,Non-Travel,165835,17,0.0,23.0,4.5,5,3,4.0,4.0,2.0,9,No,3,Medium
1326,Michael Jones,24,Male,Married,1,Life Sciences,2,Laboratory Technician,2,Travel_Rarely,34070,13,1.0,6.0,4.0,5,3,1.0,2.0,0.0,2,No,3,Medium
1327,Olivia Nair,34,Female,Divorced,3,Marketing,1,Sales Representative,2,Travel_Rarely,50630,12,1.0,12.0,2.0,1,0,0.0,0.0,6.0,4,No,3,Medium
1328,Emily Thakur,37,Male,Single,1,Technical Degree,1,Laboratory Technician,1,Travel_Rarely,46390,12,2.0,12.0,3.0,5,3,1.0,3.0,2.0,6,No,3,Medium
1329,Akash Gupta,34,Male,Single,2,Medical,1,Healthcare Representative,2,Travel_Rarely,48760,21,1.0,14.0,3.0,11,6,5.0,8.0,2.0,9,No,4,High
1330,Sneha Patel,36,Male,Married,3,Medical,3,Research Scientist,1,Travel_Frequently,26900,11,0.0,10.0,1.0,9,5,2.0,8.0,0.0,7,No,3,Medium
1331,Nikhil Williams,36,Female,Divorced,3,Medical,2,Manufacturing Director,2,Travel_Rarely,165835,13,0.0,7.0,4.5,1,0,0.0,0.0,5.0,1,No,3,Medium
1332,Arjun Reddy,43,Male,Married,4,Life Sciences,2,Sales Executive,1,Travel_Frequently,24080,12,1.0,25.0,3.0,18,10,4.0,12.0,1.0,3,No,3,Medium
1333,Dev Shah,30,Female,Divorced,3,Life Sciences,2,Healthcare Representative,3,Travel_Frequently,28140,24,0.0,10.0,2.0,10,6,0.0,9.0,1.0,10,No,4,High
1334,Divya Wilson,33,Male,Married,3,Life Sciences,1,Sales Executive,2,Non-Travel,112450,21,0.0,8.0,3.0,7,4,0.0,7.0,0.0,7,No,4,High
1335,Amit Wilson,56,Male,Married,3,Life Sciences,2,Laboratory Technician,2,Travel_Rarely,33120,19,0.0,7.0,1.0,5,3,4.0,3.0,8.5,15,Yes,3,Low
1336,Zara Jones,51,Female,Single,2,Other,2,Sales Representative,2,Travel_Rarely,165835,14,1.0,23.0,2.0,18,10,7.5,14.5,7.0,3,No,3,Medium
1337,Emily Patel,31,Female,Married,4,Technical Degree,2,Sales Executive,3,Travel_Rarely,21410,20,0.0,12.0,2.0,7,4,7.0,7.0,4.0,2,Yes,4,High
1338,Emma Thakur,26,Female,Married,3,Medical,1,Manager,2,Travel_Rarely,57690,19,0.0,5.0,4.0,5,3,4.0,3.0,1.0,17,No,3,Low
1339,John Jones,58,Female,Married,2,Medical,1,Research Scientist,1,Travel_Rarely,43850,13,1.0,28.5,2.0,18,10,7.5,6.0,1.0,2,Yes,3,Medium
1340,Rohit Nair,19,Male,Single,2,Life Sciences,2,Manager,1,Travel_Rarely,53320,23,1.0,0.0,2.0,0,0,0.0,0.0,1.0,5,Yes,4,High
1341,Anjali Kumar,22,Male,Married,4,Technical Degree,1,Sales Executive,1,Travel_Rarely,46630,13,1.0,3.0,1.0,2,1,2.0,1.0,0.0,29,No,3,Medium
1342,Meera Brown,49,Female,Married,3,Life Sciences,2,Sales Executive,1,Travel_Rarely,47240,11,1.0,16.0,3.0,15,9,5.0,11.0,1.0,2,No,3,Low
1343,Rahul Reddy,43,Male,Single,2,Life Sciences,1,Sales Executive,1,Travel_Frequently,32110,13,0.0,18.0,2.0,3,1,1.0,2.0,4.0,2,No,3,Medium
1344,Divya Thakur,50,Male,Single,4,Life Sciences,2,Sales Executive,2,Travel_Frequently,53770,14,1.0,16.0,3.0,2,1,2.0,1.0,4.0,19,No,3,Medium
1345,Shivam Wilson,31,Female,Married,1,Medical,2,Sales Executive,2,Travel_Rarely,40660,22,0.0,4.0,2.0,2,1,2.0,2.0,3.0,15,Yes,4,High
1346,Varun Trivedi,41,Male,Divorced,2,Other,2,Manufacturing Director,1,Travel_Rarely,52080,11,2.5,12.0,2.0,9,5,0.0,7.0,3.0,17,No,3,Medium
1347,David Pillai,26,Male,Married,4,Life Sciences,2,Sales Executive,2,Travel_Rarely,48770,13,1.0,8.0,4.5,8,4,5.0,7.0,1.0,17,No,3,Medium
1348,Emma Nair,36,Male,Divorced,1,Human Resources,3,Research Scientist,2,Travel_Rarely,31170,21,1.0,7.0,2.0,3,1,0.0,1.0,6.0,25,No,4,High
1349,Anjali Pillai,51,Female,Single,3,Life Sciences,2,Manager,1,Travel_Frequently,15690,11,0.0,18.0,2.0,4,2,0.0,3.0,2.0,6,Yes,3,Medium
1350,Anjali Kumar,39,Female,Married,3,Life Sciences,2,Research Scientist,1,Travel_Rarely,165835,13,1.0,17.0,3.0,15,9,5.0,9.0,4.0,7,No,3,Medium
1351,Michael Williams,25,Female,Married,1,Medical,1,Research Scientist,3,Travel_Rarely,30690,14,1.0,6.0,3.0,2,1,2.0,2.0,2.0,29,No,3,Low
1352,Dev Brown,30,Male,Married,1,Medical,2,Laboratory Technician,2,Travel_Rarely,104350,11,0.0,12.0,4.5,11,6,4.0,7.0,0.0,21,No,3,Medium
1353,Akash Joshi,32,Female,Single,4,Life Sciences,2,Research Director,2,Travel_Rarely,41480,15,0.0,10.0,0.5,5,3,0.0,4.0,7.0,2,Yes,3,Low
1354,Tanvi Joshi,45,Female,Single,1,Technical Degree,2,Healthcare Representative,2,Travel_Rarely,57680,23,1.0,9.0,4.0,6,3,0.0,3.0,5.0,2,No,4,High
1355,Varun Jones,38,Female,Single,4,Life Sciences,2,Research Director,2,Travel_Rarely,50420,16,1.0,19.0,4.0,3,1,2.0,2.0,3.0,7,No,3,Medium
1356,Akash Sharma,30,Female,Single,3,Marketing,1,Laboratory Technician,2,Travel_Rarely,57700,16,1.0,5.0,2.0,5,3,0.0,4.0,1.0,13,No,3,Medium
1357,Emma Shah,32,Male,Divorced,3,Marketing,1,Laboratory Technician,3,Travel_Frequently,77560,21,0.0,9.0,3.0,8,4,0.0,7.0,0.0,2,No,4,High
1358,Rahul Rao,30,Female,Divorced,3,Medical,2,Sales Executive,3,Travel_Rarely,103060,13,0.0,8.0,4.5,3,1,2.0,2.0,5.0,1,No,3,Medium
1359,Nikhil Smith,30,Male,Single,3,Medical,1,Research Scientist,2,Travel_Rarely,39360,11,1.0,6.0,3.0,5,3,1.0,2.0,0.0,9,No,3,Medium
1360,Rohit Patel,41,Female,Divorced,2,Medical,1,Manufacturing Director,3,Travel_Frequently,79450,12,1.0,21.0,4.5,7,4,7.0,7.0,4.0,10,No,3,Low
1361,Sara Agarwal,41,Male,Married,4,Medical,2,Research Scientist,4,Travel_Rarely,57430,12,2.5,7.0,2.0,5,3,1.0,4.0,2.0,10,No,3,Medium
1362,Ananya Nair,19,Female,Single,3,Other,2,Manufacturing Director,5,Travel_Rarely,152020,18,2.5,1.0,2.0,1,0,0.0,0.0,1.0,1,No,3,Low
1363,Vivek Trivedi,40,Male,Divorced,4,Medical,2,Manufacturing Director,2,Travel_Frequently,54400,12,1.0,20.0,2.0,18,10,2.0,13.0,1.0,26,No,3,Medium
1364,Anjali Verma,35,Female,Married,1,Marketing,1,Laboratory Technician,3,Travel_Rarely,37600,14,2.5,10.0,2.0,10,6,0.0,6.0,1.0,8,No,3,Medium
1365,Rohit Rao,53,Female,Married,2,Life Sciences,1,Manufacturing Director,5,Travel_Rarely,35170,12,1.0,13.0,1.0,7,4,4.0,5.0,2.0,14,No,3,Low
1366,John Shah,45,Male,Divorced,4,Technical Degree,1,Research Scientist,1,Travel_Rarely,25800,17,2.5,20.0,3.0,17,10,0.0,14.5,8.0,1,No,3,Low
1367,Emma Mehta,32,Female,Single,2,Life Sciences,1,Manufacturing Director,1,Travel_Frequently,21660,19,1.0,9.0,4.0,9,5,3.0,7.0,1.0,2,No,3,Medium
1368,Pooja Singh,29,Male,Married,4,Technical Degree,2,Healthcare Representative,3,Non-Travel,58690,11,1.0,10.0,4.5,10,6,0.0,9.0,1.0,10,No,3,Medium
1369,Rohit Patel,51,Female,Married,3,Other,2,Research Director,3,Travel_Rarely,80080,15,1.0,10.0,4.0,1,0,0.0,0.0,2.0,1,No,3,Medium
1370,Rahul Malhotra,58,Female,Married,3,Marketing,1,Research Scientist,1,Travel_Rarely,52060,11,2.5,9.0,4.0,1,0,0.0,0.0,4.0,3,No,3,Low
1371,Aryan Kumar,40,Male,Married,2,Technical Degree,2,Laboratory Technician,4,Travel_Rarely,52950,18,0.0,15.0,4.0,12,7,2.0,11.0,7.0,11,No,3,Medium
1372,Raj Miller,34,Male,Married,4,Marketing,1,Manufacturing Director,2,Travel_Frequently,164130,16,0.0,6.0,1.0,4,2,1.0,2.0,6.0,24,No,3,Medium
1373,Deepika Pillai,22,Male,Married,3,Medical,2,Laboratory Technician,1,Travel_Rarely,132690,25,1.0,2.0,2.0,2,1,2.0,2.0,1.0,3,No,4,High
1374,Dev Brown,27,Male,Divorced,3,Medical,2,Healthcare Representative,1,Non-Travel,27830,16,1.0,6.0,2.0,2,1,2.0,2.0,6.0,3,No,3,Medium
1375,Neha Wilson,28,Male,Married,4,Life Sciences,1,Healthcare Representative,2,Travel_Rarely,54330,13,1.0,5.0,4.0,5,3,0.0,2.0,1.0,4,No,3,Medium
1376,Divya Kumar,57,Male,Divorced,3,Life Sciences,2,Manufacturing Director,2,Travel_Rarely,20130,14,1.0,12.0,4.5,5,3,1.0,4.0,3.0,3,No,3,Medium
1377,Sanjay Agarwal,27,Male,Divorced,3,Life Sciences,2,Manufacturing Director,1,Non-Travel,139660,19,0.0,1.0,1.0,1,0,0.0,1.0,1.0,2,No,3,Medium
1378,Olivia Jones,50,Female,Single,3,Life Sciences,2,Manufacturing Director,2,Travel_Rarely,43740,15,1.0,21.0,4.5,5,3,4.0,4.0,3.0,4,No,3,Medium
1379,Sarah Trivedi,41,Male,Divorced,4,Marketing,1,Laboratory Technician,4,Travel_Rarely,68420,12,1.0,13.0,3.0,9,5,1.0,8.0,4.0,7,No,3,Medium
1380,Kunal Pillai,30,Female,Married,4,Human Resources,3,Manager,1,Travel_Rarely,165835,12,1.0,12.0,0.5,10,6,7.0,4.0,2.0,1,No,3,Medium
1381,Anjali Pillai,38,Male,Single,1,Medical,1,Laboratory Technician,2,Travel_Rarely,165835,16,0.0,12.0,0.5,8,4,0.0,7.0,4.0,1,No,3,Medium
1382,Kunal Sharma,32,Female,Single,3,Medical,2,Manufacturing Director,1,Travel_Rarely,45810,14,1.0,8.0,3.0,5,3,1.0,4.0,3.0,20,No,3,Medium
1383,Deepika Shah,27,Male,Married,4,Medical,2,Healthcare Representative,2,Travel_Rarely,47350,13,0.0,6.0,2.0,5,3,1.0,1.0,0.0,5,No,3,Medium
1384,Kunal Wilson,19,Male,Single,2,Life Sciences,2,Healthcare Representative,2,Travel_Frequently,41870,22,1.0,1.0,4.0,0,0,0.0,0.0,0.0,10,Yes,4,High
1385,Priya Miller,36,Female,Single,3,Marketing,1,Research Director,2,Travel_Frequently,55050,21,2.0,13.0,3.0,8,4,7.0,2.0,4.0,25,No,4,High
1386,Sneha Verma,30,Female,Divorced,3,Medical,1,Sales Executive,1,Non-Travel,54700,18,1.0,12.0,2.0,12,7,6.0,10.0,1.0,1,No,3,Medium
1387,Deepika Smith,45,Male,Divorced,2,Medical,2,Sales Executive,2,Travel_Rarely,54760,13,1.0,9.0,3.0,5,3,0.0,3.0,4.0,24,No,3,Medium
1388,Riya Joshi,56,Male,Divorced,3,Life Sciences,2,Manager,4,Travel_Rarely,25870,12,0.0,19.0,2.0,2,1,2.0,2.0,4.0,4,No,3,Low
1389,Raj Garcia,33,Male,Single,2,Medical,2,Sales Executive,1,Travel_Rarely,24400,18,2.5,4.0,4.0,3,1,0.0,2.0,0.0,2,No,3,Medium
1390,Meera Verma,19,Male,Single,2,Life Sciences,2,Sales Executive,2,Travel_Rarely,159720,21,0.0,1.0,2.0,1,0,1.0,0.0,1.0,8,Yes,4,High
1391,Karan Miller,46,Female,Divorced,3,Technical Degree,2,Laboratory Technician,2,Travel_Rarely,153790,12,0.0,24.0,1.0,18,10,7.5,7.0,1.0,10,No,3,Low
1392,Vikram Brown,38,Male,Single,4,Life Sciences,1,Manufacturing Director,1,Travel_Rarely,70820,14,0.0,2.0,3.0,2,1,2.0,1.0,1.0,4,No,3,Medium
1393,David Kumar,31,Male,Married,5,Life Sciences,1,Sales Representative,2,Travel_Rarely,27280,11,0.0,7.0,3.0,4,2,0.0,2.0,8.0,2,No,3,Medium
1394,Ishaan Verma,34,Female,Single,3,Marketing,1,Manager,2,Travel_Rarely,53680,14,1.0,9.0,2.0,3,1,1.0,2.0,2.0,9,No,3,Medium
1395,Aarav Brown,41,Male,Single,4,Life Sciences,2,Laboratory Technician,5,Travel_Rarely,53470,24,1.0,4.0,1.0,4,2,0.0,2.0,1.0,18,Yes,4,High
1396,Emma Singh,50,Male,Married,4,Marketing,1,Sales Executive,3,Travel_Rarely,31950,11,0.0,5.0,4.0,3,1,0.0,2.0,2.0,19,No,3,Medium
1397,Varun Shah,53,Male,Divorced,2,Life Sciences,1,Manager,1,Travel_Rarely,39890,13,0.0,5.0,2.0,4,2,1.0,3.0,1.0,1,No,3,Medium
1398,Akash Garcia,33,Male,Married,3,Life Sciences,2,Human Resources,1,Travel_Rarely,33060,11,2.5,8.0,4.5,8,4,1.0,6.0,1.0,4,No,3,Medium
1399,Michael Thakur,40,Female,Married,3,Life Sciences,2,Sales Executive,2,Travel_Rarely,70050,20,2.0,21.0,2.0,18,10,7.5,9.0,1.0,11,No,4,High
1400,Tanvi Nair,55,Female,Single,1,Life Sciences,2,Laboratory Technician,2,Travel_Rarely,26550,17,0.0,28.5,0.5,18,10,2.0,14.5,8.0,6,No,3,Medium
1401,Zara Rao,34,Female,Married,4,Other,3,Research Scientist,1,Travel_Frequently,13930,11,2.0,10.0,4.0,10,6,1.0,9.0,1.0,7,No,3,Medium
1402,Olivia Verma,51,Male,Single,2,Human Resources,3,Sales Representative,2,Travel_Rarely,25700,18,0.0,21.0,2.0,7,4,1.0,0.0,3.0,4,No,3,Medium
1403,Aryan Wilson,52,Female,Married,4,Medical,2,Sales Representative,2,Travel_Rarely,35370,11,1.0,28.5,3.0,18,10,7.5,9.0,0.0,2,No,3,Medium
1404,Ishaan Joshi,27,Male,Single,3,Marketing,1,Research Scientist,1,Travel_Rarely,39860,12,2.0,7.0,3.0,7,4,0.0,3.0,1.0,15,No,3,Medium
1405,Zara Patel,35,Female,Married,4,Life Sciences,2,Research Director,2,Travel_Rarely,108830,12,0.0,8.0,3.0,1,0,0.0,1.0,3.0,2,Yes,3,Medium
1406,Raj Joshi,43,Male,Divorced,2,Medical,2,Healthcare Representative,1,Non-Travel,20280,20,1.0,7.0,2.0,5,3,2.0,2.0,4.0,6,No,4,High
1407,Deepika Wilson,45,Female,Married,2,Medical,2,Sales Executive,1,Non-Travel,95250,19,0.0,22.0,3.0,18,10,7.5,8.0,8.5,9,No,3,Medium
1408,Deepika Kumar,37,Female,Married,3,Life Sciences,2,Research Scientist,1,Travel_Rarely,29290,12,0.0,8.0,2.0,8,4,1.0,7.0,1.0,7,No,3,Low
1409,Sneha Jones,35,Male,Single,3,Other,2,Research Director,2,Travel_Frequently,22750,13,0.0,10.0,2.0,6,3,1.0,2.0,5.0,1,No,3,Medium
1410,Anjali Smith,42,Male,Divorced,1,Technical Degree,2,Sales Executive,2,Non-Travel,78790,11,1.0,11.0,2.0,5,3,0.0,2.0,2.0,1,No,3,Medium
1411,Riya Brown,38,Male,Married,2,Marketing,1,Research Scientist,5,Travel_Rarely,49300,14,0.0,14.0,0.5,1,0,0.0,0.0,8.5,8,No,3,Medium
1412,Anjali Wilson,38,Female,Married,1,Human Resources,3,Manufacturing Director,1,Travel_Rarely,78470,14,1.0,9.0,3.0,7,4,1.0,7.0,3.0,25,No,3,Medium
1413,Sara Jones,27,Male,Married,4,Medical,2,Manager,1,Travel_Frequently,44010,13,0.0,6.0,4.0,2,1,2.0,0.0,5.0,13,No,3,Low
1414,Kunal Miller,49,Female,Divorced,1,Other,2,Sales Executive,2,Non-Travel,92410,19,1.0,7.0,4.5,7,4,1.0,7.0,1.0,23,No,3,Medium
1415,Sara Singh,34,Male,Divorced,2,Medical,2,Sales Representative,4,Travel_Frequently,29740,23,0.0,5.0,2.0,5,3,2.0,0.0,1.0,7,No,4,High
1416,David Williams,40,Female,Married,3,Medical,2,Laboratory Technician,1,Travel_Rarely,45020,12,2.0,15.0,0.5,7,4,3.0,7.0,8.0,23,No,3,Medium
1417,Ishaan Shah,38,Female,Married,4,Life Sciences,1,Research Scientist,3,Travel_Rarely,107480,15,0.0,17.0,3.0,1,0,0.0,0.0,7.0,6,Yes,3,Low
1418,Meera Shah,29,Female,Married,2,Life Sciences,1,Research Scientist,2,Travel_Rarely,15550,19,2.0,10.0,2.0,10,6,1.0,9.0,1.0,10,Yes,3,Medium
1419,John Garcia,22,Female,Divorced,3,Life Sciences,2,Healthcare Representative,4,Travel_Rarely,129360,11,2.0,4.0,3.0,4,2,2.0,2.0,1.0,1,No,3,Medium
1420,Dev Wilson,36,Female,Single,3,Life Sciences,2,Laboratory Technician,2,Travel_Frequently,23050,17,0.0,8.0,3.0,8,4,1.0,7.0,1.0,1,No,3,Medium
1421,Nikhil Smith,40,Male,Married,2,Life Sciences,2,Manufacturing Director,1,Non-Travel,165835,22,0.0,5.0,2.0,3,1,0.0,2.0,8.5,28,No,4,High
1422,Vikram Reddy,46,Male,Divorced,1,Medical,2,Research Scientist,5,Travel_Rarely,34330,18,0.0,17.0,3.0,4,2,0.0,3.0,7.0,25,No,3,Medium
1423,Pooja Rao,32,Male,Married,3,Medical,2,Healthcare Representative,1,Travel_Rarely,34770,11,0.0,14.0,2.0,14,8,7.5,8.0,1.0,5,Yes,3,Medium
1424,Michael Nair,30,Male,Single,4,Life Sciences,2,Healthcare Representative,2,Non-Travel,64300,12,1.0,12.0,2.0,11,6,5.0,8.0,1.0,17,No,3,Medium
1425,Ishaan Nair,27,Female,Single,2,Medical,2,Laboratory Technician,1,Travel_Frequently,65160,19,1.0,7.0,4.0,7,4,0.0,7.0,1.0,18,No,3,Medium
1426,Deepika Nair,51,Female,Married,1,Medical,2,Manufacturing Director,1,Travel_Rarely,39070,13,0.0,16.0,2.0,10,6,4.0,7.0,5.0,2,No,3,Low
1427,Ananya Kumar,30,Female,Single,4,Life Sciences,2,Research Scientist,2,Travel_Rarely,55620,13,0.0,8.0,3.0,5,3,0.0,4.0,5.0,10,Yes,3,Medium
1428,Varun Verma,41,Male,Single,3,Life Sciences,2,Human Resources,2,Travel_Rarely,68830,19,2.0,16.0,3.0,1,0,0.0,0.0,3.0,1,No,3,Medium
1429,Rohit Williams,30,Male,Single,2,Medical,1,Healthcare Representative,2,Travel_Frequently,28620,14,0.0,9.0,2.0,6,3,0.0,1.0,5.0,3,Yes,3,Low
1430,Varun Rao,29,Male,Single,3,Life Sciences,2,Sales Executive,1,Travel_Rarely,49780,13,0.0,7.0,3.0,6,3,1.0,5.0,0.0,2,Yes,3,Medium
1431,Deepika Miller,45,Female,Single,3,Medical,2,Research Scientist,2,Non-Travel,103680,12,2.0,23.0,2.0,18,10,7.5,8.0,6.0,2,No,3,Medium
1432,James Trivedi,54,Female,Married,2,Marketing,1,Laboratory Technician,2,Travel_Rarely,61340,19,0.0,16.0,2.0,6,3,0.0,5.0,2.0,8,No,3,Medium
1433,Amit Sharma,36,Male,Single,4,Life Sciences,2,Healthcare Representative,1,Travel_Rarely,67350,25,2.0,16.0,3.0,13,7,3.0,7.0,8.0,16,No,4,High
1434,Karan Singh,33,Female,Married,1,Other,1,Sales Executive,3,Travel_Rarely,32950,22,2.0,7.0,2.0,3,1,1.0,1.0,6.0,9,No,4,High
1435,Emily Mehta,37,Male,Divorced,4,Life Sciences,1,Laboratory Technician,2,Travel_Frequently,52380,15,1.0,10.0,4.5,10,6,0.0,7.0,1.0,2,No,3,Medium
1436,Ishaan Wilson,38,Male,Divorced,2,Medical,2,Laboratory Technician,4,Travel_Rarely,64720,12,0.0,17.0,4.0,16,9,5.0,13.0,0.0,1,No,3,Low
1437,James Mehta,31,Female,Married,1,Medical,1,Research Scientist,3,Non-Travel,96100,11,1.0,6.0,2.0,5,3,1.0,4.0,0.0,4,No,3,Medium
1438,Meera Reddy,59,Female,Married,3,Life Sciences,2,Manager,3,Travel_Rarely,165835,13,0.0,7.0,2.0,1,0,0.0,0.0,3.0,5,No,3,Medium
1439,Sneha Miller,37,Female,Divorced,3,Marketing,1,Laboratory Technician,2,Travel_Frequently,97560,19,0.0,13.0,2.0,9,5,5.0,8.0,4.0,2,No,3,Medium
1440,Michael Wilson,29,Female,Married,4,Medical,1,Sales Executive,1,Travel_Frequently,49680,19,2.5,11.0,4.0,11,6,4.0,1.0,1.0,15,No,3,Medium
1441,Aditya Mehta,35,Female,Single,3,Life Sciences,2,Sales Executive,1,Travel_Frequently,21450,13,0.0,10.0,4.5,10,6,0.0,8.0,1.0,19,No,3,Medium
1442,Rohit Verma,29,Female,Single,1,Life Sciences,2,Research Scientist,1,Travel_Rarely,21800,21,0.0,4.0,2.0,4,2,0.0,1.0,1.0,7,Yes,4,High
1443,Kunal Singh,52,Female,Single,2,Medical,2,Manager,4,Travel_Rarely,83460,14,0.0,6.0,4.5,2,1,2.0,2.0,7.0,1,No,3,Medium
1444,Emma Verma,42,Female,Married,4,Life Sciences,2,Sales Executive,2,Travel_Rarely,34450,11,2.0,22.0,2.0,18,10,7.5,14.5,1.0,7,No,3,Medium
1445,Arjun Patel,59,Male,Married,4,Technical Degree,2,Healthcare Representative,1,Travel_Rarely,27600,11,0.0,7.0,3.0,2,1,2.0,2.0,8.0,4,No,3,Medium
1446,Arjun Thakur,50,Male,Divorced,2,Life Sciences,2,Sales Executive,2,Travel_Rarely,62940,23,1.0,28.5,2.0,7,4,0.0,6.0,3.0,11,No,4,High
1447,Kunal Garcia,33,Male,Married,4,Marketing,1,Research Scientist,1,Travel_Rarely,71400,21,0.0,8.0,2.0,5,3,0.0,4.0,5.0,11,Yes,4,High
1448,Gaurav Shah,43,Female,Married,3,Marketing,1,Manufacturing Director,2,Travel_Rarely,29320,24,0.0,22.0,3.0,17,10,1.0,9.0,5.0,1,No,4,High
1449,Sneha Trivedi,33,Male,Married,3,Life Sciences,1,Manager,2,Travel_Rarely,51470,11,0.0,13.0,2.0,9,5,1.0,7.0,7.0,1,Yes,3,Low
1450,Zara Mehta,52,Male,Single,3,Technical Degree,2,Sales Executive,1,Non-Travel,45070,14,0.0,28.5,3.0,18,10,7.5,12.0,1.0,2,No,3,Medium
1451,Rahul Brown,32,Female,Married,4,Life Sciences,3,Manufacturing Director,3,Travel_Rarely,85640,16,1.0,6.0,2.0,4,2,1.0,2.0,2.0,13,No,3,Medium
1452,Michael Trivedi,32,Male,Single,1,Life Sciences,1,Healthcare Representative,3,Travel_Rarely,24680,11,0.0,4.0,2.0,3,1,1.0,2.0,0.0,23,Yes,3,Medium
1453,Sneha Jones,39,Male,Divorced,4,Life Sciences,1,Research Director,2,Travel_Rarely,81610,12,1.0,7.0,2.0,3,1,1.0,2.0,7.0,26,No,3,Medium
1454,Sara Miller,32,Male,Married,4,Marketing,1,Research Scientist,4,Non-Travel,21090,13,1.0,4.0,3.0,3,1,2.0,2.0,0.0,2,No,3,Medium
1455,Anjali Malhotra,41,Female,Divorced,3,Life Sciences,1,Laboratory Technician,2,Travel_Rarely,52940,15,0.0,17.0,3.0,1,0,0.0,0.0,2.0,29,No,3,Low
1456,Ananya Kumar,40,Male,Divorced,3,Life Sciences,2,Manufacturing Director,1,Travel_Rarely,27180,14,1.0,9.0,4.0,9,5,4.0,7.0,1.0,2,No,3,Medium
1457,Priya Mehta,45,Female,Married,1,Life Sciences,2,Sales Representative,2,Travel_Rarely,58110,14,0.0,25.0,4.0,18,10,1.0,7.0,0.0,18,No,3,Medium
1458,Neha Pillai,31,Male,Divorced,4,Medical,2,Research Scientist,1,Travel_Frequently,24370,14,1.0,9.0,3.0,2,1,2.0,2.0,8.5,7,No,3,Medium
1459,Sara Miller,33,Female,Married,4,Life Sciences,2,Sales Executive,1,Travel_Rarely,27660,12,1.0,2.0,2.0,2,1,0.0,2.0,1.0,2,No,3,Medium
1460,Emily Nair,34,Female,Married,3,Other,2,Sales Executive,1,Travel_Rarely,165835,13,0.0,13.0,3.0,11,6,5.0,9.0,6.0,26,No,3,Medium
1461,Kavya Williams,37,Female,Married,5,Medical,2,Manufacturing Director,2,Travel_Rarely,30550,14,2.5,17.0,3.0,3,1,0.0,2.0,2.0,22,No,3,Low
1462,Anjali Shah,45,Male,Married,1,Marketing,1,Research Scientist,3,Travel_Frequently,22890,13,0.0,9.0,3.0,3,1,0.0,2.0,4.0,21,No,3,Low
1463,Nikhil Patel,37,Male,Divorced,3,Marketing,1,Laboratory Technician,1,Travel_Frequently,40010,11,1.0,17.0,2.0,1,0,0.0,0.0,6.0,2,Yes,3,Medium
1464,Sara Malhotra,39,Female,Single,3,Medical,2,Manufacturing Director,1,Travel_Frequently,129650,19,1.0,20.0,2.0,18,10,7.5,8.0,0.0,22,No,3,Medium
1465,Aryan Agarwal,29,Female,Single,3,Other,1,Human Resources,2,Travel_Rarely,35390,18,0.0,6.0,2.0,6,3,1.0,5.0,1.0,4,No,3,Medium
1466,Aryan Agarwal,42,Female,Single,4,Medical,2,Research Scientist,1,Travel_Rarely,60290,17,1.0,10.0,4.5,3,1,0.0,2.0,3.0,5,No,3,Medium
1467,Arjun Pillai,29,Male,Divorced,4,Medical,2,Laboratory Technician,1,Travel_Rarely,26790,15,0.0,10.0,2.0,3,1,0.0,2.0,2.0,2,No,3,Medium
1468,Zara Mehta,25,Male,Married,2,Life Sciences,2,Sales Executive,2,Travel_Rarely,37020,20,0.0,5.0,4.0,4,2,1.0,2.0,0.0,25,No,4,High
1469,Vivek Johnson,42,Male,Divorced,2,Medical,1,Laboratory Technician,1,Travel_Rarely,23980,14,1.0,10.0,2.0,9,5,7.0,8.0,0.0,18,No,3,Medium
1470,Sarah Patel,40,Male,Divorced,3,Medical,2,Laboratory Technician,2,Travel_Rarely,54680,12,0.0,22.0,4.5,18,10,3.0,9.0,0.0,28,No,3,Medium
1471,Tanvi Miller,51,Female,Married,2,Life Sciences,1,Healthcare Representative,1,Travel_Rarely,131160,11,0.0,1.0,4.5,1,0,0.0,0.0,1.0,6,No,3,Medium
1472,Vikram Patel,31,Female,Single,1,Life Sciences,2,Research Scientist,1,Travel_Frequently,41890,23,1.0,6.0,3.0,5,3,1.0,4.0,0.0,10,Yes,4,High
1473,James Kumar,32,Male,Married,4,Other,2,Sales Executive,4,Travel_Frequently,165835,15,2.5,5.0,2.0,5,3,0.0,3.0,1.0,17,No,3,Low
1474,Sanjay Reddy,38,Male,Married,5,Life Sciences,2,Human Resources,3,Non-Travel,83210,11,2.5,13.0,4.5,8,4,7.0,5.0,3.0,2,No,3,Medium
1475,Raj Reddy,32,Male,Single,1,Medical,2,Sales Executive,1,Travel_Rarely,23420,12,2.0,9.0,2.0,6,3,0.0,4.0,4.0,10,No,3,Medium
1476,Aditya Reddy,46,Female,Married,3,Life Sciences,2,Research Director,4,Travel_Rarely,40710,13,0.0,28.0,4.5,7,4,7.0,7.0,3.0,8,No,3,Medium
1477,Emma Pillai,28,Male,Single,2,Medical,2,Sales Executive,2,Travel_Rarely,58130,20,1.0,5.0,2.0,0,0,0.0,0.0,2.0,11,Yes,4,High
1478,Gaurav Wilson,29,Male,Married,3,Life Sciences,2,Sales Executive,2,Travel_Rarely,31430,22,2.5,10.0,2.0,0,0,0.0,0.0,2.0,18,No,4,High
1479,Ananya Reddy,31,Male,Married,3,Life Sciences,2,Laboratory Technician,3,Travel_Rarely,20440,21,0.0,10.0,2.0,9,5,7.0,8.0,0.0,1,No,4,High
1480,Raj Rao,25,Female,Divorced,4,Medical,2,Laboratory Technician,4,Non-Travel,134640,13,1.0,6.0,2.0,6,3,1.0,5.0,1.0,7,No,3,Low
1481,David Pillai,45,Male,Married,2,Medical,2,Laboratory Technician,2,Travel_Rarely,79910,13,2.0,21.0,2.0,18,10,4.0,10.0,0.0,17,No,3,Medium
1482,John Verma,36,Male,Married,1,Life Sciences,2,Laboratory Technician,1,Travel_Rarely,33770,12,2.0,16.0,2.0,15,9,7.5,11.0,0.0,28,No,3,Medium
1483,Varun Thakur,55,Female,Single,4,Life Sciences,2,Sales Executive,1,Travel_Rarely,55380,17,0.0,28.5,2.0,18,10,4.0,13.0,0.0,14,No,3,Medium
1484,Divya Mehta,47,Male,Married,1,Medical,2,Research Scientist,1,Non-Travel,57620,11,2.0,10.0,4.0,10,6,7.5,9.0,1.0,1,Yes,3,Low
1485,Tanvi Trivedi,28,Male,Married,3,Life Sciences,2,Manufacturing Director,1,Travel_Rarely,25920,14,0.0,5.0,2.0,5,3,0.0,4.0,1.0,1,No,3,Medium
1486,Sara Verma,37,Male,Married,3,Life Sciences,2,Healthcare Representative,2,Travel_Rarely,53460,11,0.0,7.0,2.0,5,3,0.0,1.0,4.0,1,No,3,Medium
1487,Sanjay Wilson,21,Male,Single,2,Life Sciences,2,Laboratory Technician,1,Travel_Rarely,42130,12,2.5,3.0,3.0,3,1,1.0,0.0,1.0,3,No,3,Medium
1488,Aarav Rao,37,Male,Divorced,3,Medical,2,Sales Executive,2,Non-Travel,41270,13,1.0,15.0,2.0,5,3,0.0,2.0,2.0,1,No,3,Medium
1489,Rahul Garcia,35,Male,Divorced,4,Life Sciences,1,Sales Representative,1,Travel_Rarely,24380,16,0.0,10.0,4.5,7,4,6.0,2.0,7.0,7,No,3,Low
1490,Ishaan Rao,38,Female,Divorced,3,Life Sciences,2,Manager,1,Travel_Rarely,68700,11,1.0,8.0,4.5,8,4,7.0,7.0,1.0,8,No,3,Low
1491,Tanvi Verma,26,Male,Divorced,4,Other,2,Laboratory Technician,2,Travel_Frequently,104470,18,0.0,6.0,3.0,6,3,1.0,4.0,1.0,1,No,3,Low
1492,Zara Brown,50,Male,Divorced,4,Life Sciences,1,Research Scientist,1,Travel_Rarely,96670,23,0.0,28.0,2.0,10,6,1.0,6.0,3.0,8,No,4,High
1493,Tanvi Agarwal,53,Female,Married,4,Life Sciences,2,Research Scientist,2,Travel_Rarely,21480,11,0.0,21.0,2.0,5,3,1.0,3.0,3.0,11,No,3,Medium
1494,Vikram Williams,42,Male,Married,4,Life Sciences,2,Manufacturing Director,1,Travel_Rarely,89260,14,0.0,20.0,4.0,18,10,7.5,6.0,1.0,4,No,3,Low
1495,Sarah Pillai,29,Male,Single,4,Medical,2,Laboratory Technician,1,Travel_Frequently,65130,11,1.0,10.0,2.0,10,6,0.0,9.0,1.0,16,No,3,Medium
1496,Pooja Trivedi,55,Female,Married,4,Other,2,Research Scientist,1,Travel_Rarely,67990,11,0.0,12.0,2.0,10,6,0.0,8.0,3.0,1,No,3,Medium
1497,Deepika Jones,26,Female,Married,3,Life Sciences,2,Manager,1,Travel_Frequently,162910,22,0.0,5.0,3.0,5,3,3.0,3.0,1.0,9,No,4,High
1498,Vivek Trivedi,37,Male,Single,1,Marketing,1,Research Scientist,1,Travel_Rarely,27050,11,0.0,17.0,2.0,17,10,5.0,7.0,1.0,5,No,3,Medium
1499,Ishaan Malhotra,44,Male,Divorced,2,Medical,2,Research Scientist,2,Travel_Frequently,103330,14,1.0,19.0,2.0,1,0,0.0,0.0,3.0,1,Yes,3,Medium
1500,Nikhil Agarwal,38,Female,Divorced,3,Marketing,1,Manager,1,Travel_Rarely,44480,12,0.0,10.0,3.0,2,1,1.0,2.0,8.5,2,No,3,Medium
1501,Vivek Agarwal,26,Male,Divorced,3,Medical,2,Research Scientist,3,Travel_Rarely,68540,11,0.0,5.0,4.5,3,1,0.0,2.0,2.0,4,Yes,3,Low
1502,David Wilson,28,Male,Single,3,Other,2,Human Resources,1,Travel_Rarely,96370,13,0.0,5.0,4.5,5,3,0.0,2.0,1.0,7,No,3,Medium
1503,Tanvi Nair,49,Female,Single,1,Medical,2,Research Scientist,2,Travel_Frequently,35910,13,0.0,22.0,2.0,3,1,1.0,2.0,8.5,1,No,3,Medium
1504,Sanjay Pillai,36,Male,Single,3,Technical Degree,1,Sales Executive,3,Travel_Rarely,54050,14,0.0,10.0,2.0,8,4,7.0,7.0,4.0,5,No,3,Medium
1505,Shivam Brown,31,Male,Divorced,4,Medical,2,Sales Executive,1,Travel_Frequently,46840,16,1.0,2.0,4.0,2,1,2.0,2.0,1.0,9,No,3,Medium
1506,Kunal Reddy,26,Male,Single,3,Medical,2,Manager,2,Travel_Rarely,157870,12,2.0,8.0,4.5,8,4,7.0,4.0,1.0,8,Yes,3,Medium
1507,Aditya Johnson,37,Male,Married,1,Marketing,1,Laboratory Technician,1,Travel_Frequently,15140,14,0.0,4.0,3.0,4,2,1.0,2.0,1.0,9,No,3,Medium
1508,Rahul Rao,42,Male,Married,2,Marketing,1,Research Director,3,Travel_Frequently,29560,13,0.0,23.0,2.0,18,10,4.0,8.0,5.0,2,No,3,Medium
1509,Raj Mehta,18,Male,Single,4,Life Sciences,2,Sales Executive,1,Travel_Rarely,23350,14,2.0,0.0,3.0,0,0,0.0,0.0,1.0,1,Yes,3,Medium
1510,Sanjay Johnson,35,Male,Married,2,Life Sciences,1,Laboratory Technician,1,Travel_Rarely,51540,19,0.0,12.0,2.0,11,6,6.0,9.0,0.0,20,No,3,Low
1511,Kunal Singh,36,Female,Married,3,Other,2,Sales Executive,3,Travel_Frequently,69620,12,2.0,4.0,2.0,1,0,0.0,0.0,4.0,8,No,3,Medium
1512,Meera Patel,51,Male,Divorced,3,Life Sciences,2,Laboratory Technician,2,Travel_Rarely,56750,13,0.0,13.0,2.0,4,2,1.0,2.0,5.0,2,No,3,Medium
1513,Meera Trivedi,41,Male,Single,1,Life Sciences,2,Laboratory Technician,1,Travel_Rarely,23790,12,0.0,22.0,4.5,18,10,0.0,4.0,1.0,29,No,3,Medium
1514,Ananya Johnson,18,Male,Single,3,Life Sciences,1,Research Scientist,1,Travel_Rarely,38120,15,0.0,0.0,3.0,0,0,0.0,0.0,1.0,7,No,3,Medium
1515,Dev Garcia,28,Male,Single,3,Medical,2,Sales Representative,1,Travel_Rarely,46480,23,2.0,9.0,2.0,8,4,0.0,7.0,0.0,9,No,4,High
1516,Varun Gupta,31,Male,Married,1,Technical Degree,2,Manufacturing Director,1,Travel_Rarely,29360,12,1.0,10.0,2.0,8,4,7.0,7.0,4.0,8,No,3,Medium
1517,Rohit Kumar,39,Female,Divorced,4,Marketing,1,Human Resources,2,Travel_Rarely,21050,20,0.0,19.0,3.0,18,10,3.0,7.0,0.0,5,No,4,High
1518,Ananya Miller,36,Male,Married,4,Life Sciences,2,Sales Executive,1,Non-Travel,85780,21,0.0,10.0,4.0,9,5,0.0,8.0,7.0,5,No,4,High
1519,Zara Singh,32,Male,Married,3,Marketing,1,Laboratory Technician,2,Travel_Rarely,27060,21,1.0,13.0,4.0,13,7,4.0,8.0,1.0,2,No,4,High
1520,Ishaan Patel,38,Female,Married,2,Life Sciences,2,Research Scientist,3,Travel_Rarely,63840,19,2.0,19.0,4.0,10,6,0.0,1.0,3.0,5,No,3,Low
1521,Meera Joshi,58,Male,Divorced,3,Life Sciences,2,Manufacturing Director,2,Non-Travel,39680,13,2.0,12.0,3.0,5,3,1.0,2.0,2.0,2,No,3,Medium
1522,Kavya Shah,31,Female,Married,1,Technical Degree,2,Research Scientist,3,Travel_Rarely,99070,13,1.0,6.0,3.0,5,3,0.0,3.0,2.0,20,No,3,Medium
1523,Deepika Garcia,31,Male,Married,4,Marketing,1,Sales Executive,2,Travel_Rarely,132250,21,1.0,9.0,2.0,2,1,1.0,0.0,3.0,7,No,4,High
1524,Varun Williams,45,Female,Divorced,1,Medical,2,Sales Executive,1,Travel_Frequently,35400,13,0.0,24.0,4.5,18,10,7.5,11.0,1.0,3,No,3,Low
1525,Aryan Smith,31,Female,Divorced,4,Marketing,1,Research Scientist,2,Travel_Rarely,28040,19,2.0,3.0,0.5,2,1,2.0,2.0,0.0,16,No,3,Medium
1526,James Patel,33,Male,Married,3,Life Sciences,2,Research Director,4,Travel_Frequently,165835,12,1.0,12.0,3.0,10,6,7.5,8.0,6.0,9,No,3,Medium
1527,Vikram Malhotra,39,Male,Married,4,Life Sciences,1,Sales Executive,1,Travel_Rarely,165835,22,1.0,21.0,4.5,18,10,7.5,10.0,1.0,1,No,4,High
1528,Vivek Rao,43,Male,Single,4,Medical,2,Research Scientist,4,Travel_Frequently,24390,15,0.0,9.0,2.0,8,4,1.0,7.0,0.0,7,No,3,Medium
1529,Zara Singh,49,Male,Single,3,Life Sciences,2,Manufacturing Director,3,Travel_Rarely,73140,22,0.0,25.0,2.0,7,4,0.0,7.0,7.0,1,No,4,High
1530,Meera Gupta,52,Female,Married,1,Life Sciences,2,Research Scientist,2,Travel_Rarely,47740,18,1.0,11.0,2.0,8,4,7.0,7.0,2.0,7,Yes,3,Medium
1531,Divya Joshi,27,Male,Single,4,Medical,2,Research Scientist,3,Travel_Rarely,39020,22,0.0,4.0,2.0,4,2,1.0,2.0,1.0,15,No,4,High
1532,Meera Singh,32,Male,Married,3,Life Sciences,2,Research Scientist,3,Travel_Rarely,26620,11,1.0,13.0,4.5,13,7,7.5,9.0,1.0,1,No,3,Medium
1533,Tanvi Shah,27,Female,Single,2,Medical,2,Research Director,4,Travel_Rarely,28560,12,2.0,5.0,4.5,5,3,0.0,4.0,1.0,13,No,3,Medium
1534,James Smith,31,Male,Divorced,3,Life Sciences,1,Healthcare Representative,2,Travel_Rarely,10810,11,2.5,13.0,4.0,7,4,1.0,7.0,4.0,24,No,3,Medium
1535,Arjun Verma,32,Male,Single,3,Technical Degree,2,Healthcare Representative,2,Travel_Rarely,24720,13,0.0,10.0,2.0,7,4,0.0,7.0,7.0,7,No,3,Medium
1536,Nikhil Reddy,28,Male,Married,4,Medical,2,Sales Executive,1,Travel_Rarely,56730,14,1.0,5.0,4.0,3,1,2.0,2.0,5.0,9,Yes,3,Low
1537,Divya Williams,30,Female,Married,3,Life Sciences,2,Research Director,4,Travel_Rarely,41970,13,0.0,11.0,3.0,10,6,1.0,9.0,1.0,13,No,3,Medium
1538,Sanjay Johnson,31,Female,Married,1,Life Sciences,2,Manager,1,Travel_Frequently,97130,17,0.0,10.0,4.5,10,6,7.5,9.0,1.0,2,No,3,Medium
1539,Ananya Brown,39,Female,Married,4,Medical,2,Research Scientist,1,Travel_Frequently,20620,13,0.0,21.0,4.0,18,10,7.5,3.0,1.0,19,No,3,Medium
1540,Deepika Rao,39,Female,Married,1,Medical,2,Laboratory Technician,1,Travel_Rarely,42840,17,1.0,12.0,0.5,1,0,0.0,0.0,4.0,1,Yes,3,Medium
1541,Nikhil Brown,33,Male,Single,2,Life Sciences,1,Research Scientist,4,Travel_Frequently,47880,11,1.0,9.0,0.5,7,4,0.0,1.0,3.0,4,No,3,Medium
1542,Gaurav Gupta,47,Female,Married,3,Life Sciences,2,Healthcare Representative,2,Travel_Rarely,59060,23,0.0,21.0,4.0,3,1,1.0,1.0,4.0,4,No,4,High
1543,Kavya Nair,43,Female,Divorced,3,Medical,2,Research Director,5,Travel_Frequently,38860,17,2.0,9.0,2.0,9,5,0.0,0.0,1.0,14,No,3,Medium
1544,Aryan Patel,27,Male,Married,3,Life Sciences,2,Research Director,1,Non-Travel,165835,17,0.0,6.0,3.0,5,3,1.0,4.0,0.0,2,No,3,Medium
1545,Dev Rao,54,Male,Single,4,Life Sciences,2,Research Scientist,2,Travel_Frequently,29330,12,2.0,20.0,2.0,4,2,0.0,3.0,3.0,1,No,3,Medium
1546,Kavya Nair,43,Female,Married,2,Life Sciences,2,Manager,2,Travel_Rarely,65000,23,0.0,10.0,3.0,1,0,0.0,0.0,8.0,7,No,4,High
1547,Tanvi Gupta,45,Female,Married,1,Marketing,1,Sales Executive,1,Travel_Rarely,165835,14,1.0,12.0,4.5,10,6,7.5,8.0,8.5,3,No,3,Medium
1548,David Johnson,40,Male,Married,4,Other,2,Research Scientist,4,Travel_Rarely,50330,14,2.0,6.0,4.5,4,2,0.0,2.0,2.0,2,No,3,Medium
1549,Aryan Joshi,29,Female,Married,3,Medical,2,Research Scientist,1,Travel_Rarely,23070,13,1.0,7.0,0.5,7,4,0.0,7.0,1.0,29,Yes,3,Low
1550,Aryan Gupta,29,Male,Single,3,Medical,3,Sales Representative,3,Travel_Rarely,25870,22,2.0,4.0,3.0,3,1,2.0,2.0,0.0,8,No,4,High
1551,Kunal Singh,30,Male,Divorced,3,Life Sciences,2,Research Scientist,2,Travel_Rarely,55070,12,2.0,10.0,2.0,10,6,1.0,2.0,1.0,10,No,3,Medium
1552,Aarav Pillai,27,Male,Married,2,Medical,2,Manager,1,Travel_Rarely,43930,18,1.0,8.0,2.0,8,4,0.0,7.0,1.0,11,No,3,Low
1553,Tanvi Joshi,37,Male,Divorced,4,Life Sciences,1,Healthcare Representative,2,Travel_Rarely,133480,14,0.0,8.0,4.0,6,3,0.0,4.0,7.0,1,No,3,Medium
1554,Emily Nair,38,Male,Divorced,4,Medical,2,Laboratory Technician,1,Travel_Rarely,65830,12,0.0,12.0,1.0,11,6,2.0,9.0,0.0,28,No,3,Medium
1555,Sarah Mehta,31,Female,Single,3,Medical,2,Manager,3,Travel_Rarely,81030,15,1.0,11.0,4.5,11,6,4.0,10.0,1.0,6,No,3,Medium
1556,Riya Williams,29,Male,Divorced,4,Life Sciences,2,Sales Executive,3,Travel_Rarely,39780,11,0.0,7.0,0.5,7,4,1.0,7.0,1.0,3,No,3,Medium
1557,Akash Miller,35,Male,Single,2,Technical Degree,1,Manager,3,Travel_Rarely,25440,13,1.0,17.0,3.0,16,9,0.0,13.0,0.0,16,No,3,Medium
1558,Kunal Reddy,23,Male,Divorced,4,Life Sciences,2,Manufacturing Director,1,Travel_Rarely,53990,23,0.0,4.0,2.0,4,2,0.0,2.0,1.0,20,No,4,High
1559,Shivam Agarwal,41,Female,Single,2,Life Sciences,2,Laboratory Technician,1,Travel_Rarely,54870,19,2.0,8.0,0.5,5,3,1.0,2.0,6.0,9,No,3,Medium
1560,Aditya Jones,47,Female,Single,3,Medical,1,Laboratory Technician,2,Travel_Frequently,68340,16,1.0,5.0,2.0,0,0,0.0,0.0,3.0,1,No,3,Medium
1561,Sara Wilson,42,Male,Single,4,Life Sciences,2,Manager,1,Travel_Rarely,10910,22,0.0,16.0,0.5,1,0,0.0,0.0,2.0,3,No,4,High
1562,Priya Trivedi,29,Male,Married,4,Marketing,1,Human Resources,2,Non-Travel,57360,22,0.0,4.0,1.0,4,2,0.0,2.0,1.0,22,No,4,High
1563,Nikhil Garcia,42,Male,Divorced,4,Medical,1,Research Scientist,3,Travel_Rarely,22260,12,1.0,4.0,3.0,3,1,1.0,0.0,0.0,7,No,3,Medium
1564,James Garcia,32,Male,Married,3,Medical,2,Research Scientist,2,Travel_Rarely,57470,13,0.0,8.0,0.5,8,4,0.0,7.0,1.0,2,No,3,Medium
1565,Rahul Williams,48,Male,Married,4,Medical,1,Sales Executive,4,Travel_Rarely,98540,16,1.0,15.0,2.0,0,0,0.0,0.0,3.0,13,No,3,Low
1566,Kunal Rao,37,Male,Divorced,5,Technical Degree,2,Manufacturing Director,2,Travel_Rarely,54670,12,0.0,13.0,2.0,7,4,6.0,7.0,4.0,8,No,3,Medium
1567,Vikram Kumar,30,Male,Married,4,Other,1,Healthcare Representative,1,Non-Travel,53800,21,1.0,4.0,0.5,2,1,2.0,2.0,7.0,25,No,4,High
1568,Tanvi Sharma,26,Female,Married,3,Medical,1,Laboratory Technician,5,Travel_Rarely,51510,15,2.5,8.0,3.0,8,4,7.0,7.0,1.0,28,No,3,Medium
1569,Rohit Rao,42,Female,Single,2,Medical,1,Laboratory Technician,1,Travel_Rarely,21330,13,2.0,14.0,2.0,1,0,0.0,0.0,3.0,2,No,3,Medium
1570,Priya Reddy,21,Female,Single,3,Medical,2,Manufacturing Director,4,Travel_Frequently,165835,12,0.0,3.0,4.5,3,1,1.0,2.0,1.0,9,Yes,3,Low
1571,Rahul Pillai,36,Male,Single,3,Human Resources,3,Laboratory Technician,2,Non-Travel,24320,22,0.0,7.0,4.0,1,0,0.0,0.0,4.0,28,No,4,High
1572,Pooja Thakur,36,Female,Married,3,Life Sciences,2,Research Scientist,2,Travel_Frequently,47710,13,1.0,16.0,2.0,13,7,1.0,12.0,4.0,6,No,3,Medium
1573,Vikram Shah,57,Male,Married,4,Life Sciences,2,Research Scientist,5,Travel_Rarely,165835,18,0.0,15.0,2.0,3,1,1.0,2.0,2.0,21,No,3,Medium
1574,Shivam Brown,40,Male,Married,3,Other,2,Sales Executive,2,Travel_Rarely,50870,14,1.0,10.0,3.0,7,4,1.0,7.0,3.0,8,No,3,Medium
1575,Olivia Kumar,21,Female,Single,5,Life Sciences,2,Manager,2,Non-Travel,28630,14,0.0,3.0,2.0,3,1,2.0,2.0,1.0,1,No,3,Low
1576,Tanvi Mehta,33,Female,Single,2,Human Resources,3,Manager,5,Travel_Rarely,55610,21,1.0,1.0,3.0,1,0,0.0,0.0,1.0,28,Yes,4,High
1577,Deepika Williams,37,Male,Married,3,Life Sciences,2,Research Scientist,4,Travel_Rarely,21440,19,0.0,17.0,3.0,5,3,0.0,3.0,6.0,5,No,3,Medium
1578,Akash Jones,46,Female,Married,4,Marketing,1,Laboratory Technician,2,Non-Travel,30650,11,0.0,7.0,3.0,1,0,0.0,0.0,2.0,2,No,3,Medium
1579,Vivek Wilson,41,Female,Single,1,Medical,2,Research Scientist,1,Travel_Frequently,28100,11,0.0,8.0,3.0,8,4,7.0,7.0,1.0,16,Yes,3,Medium
1580,Sneha Jones,50,Female,Single,3,Medical,2,Laboratory Technician,3,Travel_Rarely,98880,15,0.0,20.0,2.0,4,2,1.0,3.0,6.0,9,No,3,Medium
1581,Anjali Garcia,40,Female,Married,3,Medical,2,Healthcare Representative,1,Travel_Rarely,86280,20,0.0,8.0,2.0,6,3,1.0,0.0,2.0,8,Yes,4,High
1582,Arjun Joshi,31,Male,Single,3,Life Sciences,2,Human Resources,4,Travel_Rarely,28670,24,0.0,3.0,4.5,2,1,2.0,2.0,0.0,1,No,4,High
1583,Anjali Pillai,21,Male,Single,2,Human Resources,3,Laboratory Technician,1,Travel_Rarely,53730,12,1.0,1.0,2.0,1,0,0.0,0.0,1.0,10,Yes,3,Medium
1584,Vikram Gupta,29,Female,Single,3,Life Sciences,2,Research Director,2,Travel_Rarely,66670,12,1.0,6.0,4.5,3,1,1.0,2.0,8.5,1,No,3,Medium
1585,James Trivedi,35,Female,Single,3,Life Sciences,2,Sales Executive,3,Travel_Rarely,50030,15,0.0,10.0,2.0,1,0,0.0,0.0,8.5,29,No,3,Medium
1586,Shivam Miller,27,Male,Divorced,3,Life Sciences,1,Sales Executive,1,Travel_Rarely,23670,12,1.0,5.0,2.0,5,3,0.0,4.0,1.0,2,No,3,Medium
1587,Nikhil Malhotra,28,Male,Single,2,Medical,2,Manager,3,Travel_Rarely,28580,12,0.0,7.0,2.0,7,4,0.0,7.0,1.0,2,No,3,Medium
1588,Olivia Shah,49,Male,Single,3,Technical Degree,1,Manufacturing Director,2,Travel_Rarely,52040,14,1.0,26.0,3.0,5,3,0.0,0.0,8.0,2,No,3,Medium
1589,Sara Joshi,51,Male,Married,2,Life Sciences,2,Sales Executive,1,Travel_Rarely,41050,22,1.0,18.0,2.0,7,4,0.0,7.0,4.0,1,No,4,High
1590,Dev Patel,36,Male,Married,2,Life Sciences,1,Sales Executive,1,Travel_Rarely,96790,12,0.0,6.0,1.0,2,1,2.0,2.0,4.0,15,No,3,Medium
1591,Dev Patel,34,Male,Single,3,Life Sciences,2,Sales Representative,1,Non-Travel,56170,25,1.0,9.0,3.0,5,3,0.0,4.0,8.0,7,Yes,4,High
1592,Vikram Verma,55,Male,Single,3,Marketing,1,Laboratory Technician,1,Travel_Rarely,104480,13,0.0,28.5,3.0,5,3,1.0,2.0,2.0,26,No,3,Medium
1593,Shivam Miller,24,Female,Divorced,3,Life Sciences,2,Manager,5,Travel_Rarely,28970,18,2.5,5.0,4.0,5,3,0.0,3.0,1.0,1,No,3,Medium
1594,Vikram Pillai,30,Female,Married,3,Life Sciences,2,Manager,2,Travel_Rarely,59680,13,0.0,1.0,3.0,1,0,0.0,0.0,1.0,3,No,3,Medium
1595,Akash Brown,26,Male,Single,3,Life Sciences,1,Manager,2,Travel_Frequently,75100,18,2.5,7.0,3.0,6,3,0.0,4.0,0.0,14,Yes,3,Medium
1596,Aarav Smith,22,Male,Married,5,Other,2,Research Scientist,1,Travel_Rarely,29910,19,2.0,2.0,3.0,2,1,1.0,2.0,1.0,16,No,3,Low
1597,Sneha Patel,36,Female,Married,3,Medical,2,Healthcare Representative,5,Travel_Rarely,165835,12,1.0,10.0,3.0,10,6,7.5,0.0,1.0,1,No,3,Medium
1598,Varun Patel,30,Male,Single,2,Marketing,1,Research Scientist,3,Travel_Frequently,11290,19,0.0,3.0,2.0,1,0,0.0,0.0,8.5,3,Yes,3,Medium
1599,Dev Brown,37,Male,Divorced,1,Technical Degree,2,Sales Executive,1,Travel_Rarely,133410,14,1.0,18.0,3.0,18,10,7.5,14.5,1.0,10,No,3,Medium
1600,Olivia Gupta,40,Male,Divorced,2,Medical,2,Research Scientist,3,Travel_Rarely,43320,14,2.0,8.0,3.0,5,3,1.0,3.0,7.0,6,No,3,Medium
1601,David Garcia,42,Female,Divorced,3,Medical,2,Manager,4,Travel_Rarely,110310,12,1.0,8.0,2.0,5,3,1.0,2.0,3.0,2,No,3,Low
1602,Vivek Singh,37,Male,Single,1,Marketing,1,Sales Executive,3,Travel_Rarely,44400,11,1.0,18.0,3.0,1,0,0.0,1.0,2.0,9,No,3,Low
1603,Ishaan Agarwal,43,Female,Divorced,2,Life Sciences,1,Sales Executive,1,Travel_Rarely,46170,11,0.0,25.0,2.0,18,10,3.0,9.0,1.0,10,No,3,Low
1604,Olivia Brown,40,Female,Married,2,Life Sciences,1,Laboratory Technician,1,Travel_Rarely,26470,13,0.0,20.0,2.0,1,0,0.0,0.0,6.0,6,No,3,Medium
1605,Nikhil Mehta,54,Female,Married,3,Life Sciences,3,Manufacturing Director,2,Travel_Rarely,63230,23,1.0,24.0,2.0,4,2,1.0,2.0,4.0,9,No,4,High
1606,John Gupta,34,Male,Married,3,Medical,2,Laboratory Technician,1,Non-Travel,56770,20,1.0,6.0,3.0,3,1,1.0,2.0,8.5,28,No,4,High
1607,Kavya Wilson,31,Male,Married,4,Life Sciences,2,Sales Executive,3,Travel_Rarely,21870,15,1.0,13.0,2.0,13,7,3.0,12.0,1.0,10,No,3,Low
1608,Rohit Gupta,43,Female,Married,3,Life Sciences,1,Manufacturing Director,1,Travel_Frequently,37480,14,2.0,8.0,3.0,3,1,1.0,2.0,7.0,14,No,3,Medium
1609,Aarav Pillai,43,Male,Divorced,4,Life Sciences,1,Sales Representative,2,Travel_Rarely,39770,18,1.0,8.0,3.0,5,3,0.0,2.0,4.0,27,No,3,Medium
1610,Olivia Pillai,25,Male,Single,2,Human Resources,3,Manufacturing Director,1,Travel_Rarely,86330,19,1.0,5.0,2.0,5,3,1.0,3.0,1.0,7,No,3,Medium
1611,Tanvi Gupta,37,Male,Married,3,Medical,2,Laboratory Technician,3,Non-Travel,20080,22,0.0,15.0,4.5,13,7,7.5,7.0,3.0,1,No,4,High
1612,Vivek Williams,31,Male,Married,1,Medical,2,Laboratory Technician,3,Travel_Rarely,44400,13,1.0,4.0,2.0,4,2,3.0,2.0,1.0,24,No,3,Medium
1613,Sara Williams,39,Female,Divorced,4,Technical Degree,2,Sales Executive,1,Travel_Frequently,30670,20,1.0,21.0,4.5,18,10,1.0,6.0,1.0,26,No,4,High
1614,Rohit Nair,56,Female,Married,4,Life Sciences,2,Sales Executive,3,Travel_Frequently,53210,14,0.0,28.5,1.0,7,4,7.0,7.0,8.5,20,No,3,Low
1615,Varun Brown,30,Female,Single,4,Medical,1,Manufacturing Director,2,Travel_Rarely,54100,17,1.0,6.0,2.0,5,3,4.0,4.0,0.0,5,No,3,Medium
1616,Emily Mehta,41,Female,Married,3,Technical Degree,2,Research Scientist,3,Travel_Rarely,27820,14,0.0,10.0,2.0,10,6,0.0,7.0,1.0,7,No,3,Low
1617,Suresh Sharma,28,Male,Divorced,3,Medical,2,Healthcare Representative,3,Travel_Rarely,119570,13,0.0,10.0,2.0,10,6,1.0,8.0,1.0,7,No,3,Low
1618,Rohit Thakur,25,Female,Married,2,Life Sciences,2,Laboratory Technician,3,Travel_Rarely,26600,13,0.0,6.0,3.0,2,1,0.0,2.0,5.0,5,Yes,3,Low
1619,Kunal Wilson,52,Female,Married,2,Life Sciences,2,Sales Representative,2,Travel_Rarely,33750,21,0.0,28.0,2.0,5,3,0.0,4.0,2.0,26,No,4,High
1620,Michael Sharma,45,Female,Married,3,Medical,2,Sales Executive,1,Travel_Rarely,50980,14,1.0,8.0,4.0,2,1,0.0,2.0,3.0,2,No,3,Medium
1621,Deepika Mehta,52,Male,Married,3,Medical,2,Research Scientist,2,Travel_Rarely,48780,11,1.0,28.5,3.0,5,3,1.0,4.0,2.0,12,No,3,Medium
1622,Sarah Reddy,42,Female,Divorced,3,Marketing,1,Healthcare Representative,2,Travel_Frequently,28370,13,1.0,19.0,0.5,5,3,0.0,2.0,2.0,10,No,3,Low
1623,Varun Brown,30,Male,Single,3,Marketing,1,Sales Executive,1,Travel_Rarely,24060,20,1.0,11.0,4.5,5,3,0.0,2.0,2.0,25,No,4,High
1624,Vivek Kumar,60,Female,Married,3,Life Sciences,2,Manufacturing Director,1,Travel_Rarely,22690,18,1.0,28.5,4.0,18,10,7.5,10.0,5.0,10,No,3,Low
1625,Arjun Nair,46,Female,Divorced,4,Marketing,1,Sales Executive,1,Travel_Rarely,41080,14,0.0,19.0,4.5,10,6,0.0,8.0,2.0,19,No,3,Medium
1626,Kavya Johnson,42,Male,Married,4,Technical Degree,2,Sales Executive,4,Travel_Frequently,132060,13,2.0,7.0,2.0,6,3,0.0,4.0,0.0,18,No,3,Medium
1627,Arjun Nair,24,Male,Single,2,Medical,2,Research Scientist,1,Travel_Rarely,104220,17,1.0,6.0,0.5,5,3,1.0,4.0,1.0,27,Yes,3,Low
1628,Divya Patel,34,Male,Divorced,3,Medical,2,Research Scientist,2,Travel_Frequently,137440,20,1.0,3.0,3.0,2,1,1.0,0.0,0.0,5,Yes,4,High
1629,Aryan Patel,38,Female,Married,3,Marketing,1,Sales Executive,2,Travel_Frequently,49070,11,1.0,1.0,3.0,1,0,0.0,0.0,1.0,3,No,3,Medium
1630,Rohit Pillai,40,Female,Married,4,Marketing,1,Sales Executive,1,Travel_Rarely,34820,18,1.0,21.0,2.0,18,10,1.0,12.0,0.0,26,No,3,Medium
1631,Nikhil Rao,26,Female,Divorced,2,Medical,2,Healthcare Representative,4,Travel_Rarely,24360,24,0.0,3.0,2.0,3,1,0.0,2.0,1.0,3,No,4,High
1632,Varun Jones,30,Female,Married,3,Medical,2,Sales Executive,2,Non-Travel,23800,18,2.5,9.0,2.0,5,3,1.0,4.0,4.0,15,No,3,Medium
1633,Raj Agarwal,29,Female,Married,3,Medical,2,Manufacturing Director,3,Travel_Rarely,165835,11,0.0,10.0,3.0,10,6,0.0,7.0,1.0,8,No,3,Medium
1634,Varun Smith,29,Male,Married,4,Life Sciences,2,Research Scientist,3,Travel_Rarely,17900,16,1.0,6.0,4.0,2,1,1.0,1.0,5.0,19,Yes,3,Medium
1635,Anjali Wilson,19,Male,Single,3,Medical,2,Sales Executive,1,Travel_Rarely,76440,15,2.0,1.0,2.0,1,0,0.0,0.0,1.0,4,Yes,3,Medium
1636,Aryan Pillai,30,Female,Married,4,Life Sciences,2,Research Scientist,3,Non-Travel,51310,15,1.0,10.0,2.0,9,5,7.0,8.0,0.0,2,No,3,Medium
1637,Sneha Pillai,57,Male,Divorced,2,Life Sciences,2,Research Scientist,4,Travel_Rarely,63060,12,1.0,28.5,3.0,1,0,0.0,0.0,3.0,2,No,3,Medium
1638,Divya Miller,50,Female,Married,4,Life Sciences,1,Manager,3,Travel_Rarely,47870,12,0.0,28.0,3.0,18,10,7.5,7.0,0.0,10,No,3,Medium
1639,Amit Gupta,30,Male,Single,2,Life Sciences,1,Laboratory Technician,3,Non-Travel,165835,22,1.0,12.0,3.0,11,6,6.0,7.0,0.0,10,No,4,High
1640,Olivia Johnson,60,Female,Married,3,Life Sciences,2,Laboratory Technician,4,Travel_Frequently,23390,20,0.0,22.0,4.0,18,10,7.5,11.0,4.0,16,No,4,High
1641,Amit Johnson,47,Male,Divorced,3,Technical Degree,2,Manufacturing Director,5,Travel_Rarely,135700,16,2.0,20.0,2.0,5,3,0.0,4.0,5.0,1,No,3,Medium
1642,John Kumar,46,Male,Married,1,Technical Degree,1,Laboratory Technician,1,Travel_Rarely,67120,21,1.0,26.0,3.0,3,1,0.0,1.0,6.0,4,No,4,High
1643,Neha Rao,35,Female,Single,2,Medical,2,Laboratory Technician,2,Travel_Rarely,54060,12,1.0,6.0,2.0,5,3,4.0,3.0,0.0,15,No,3,Medium
1644,Anjali Mehta,54,Male,Single,4,Medical,2,Human Resources,2,Travel_Rarely,89380,11,2.5,19.0,2.0,1,0,0.0,0.0,7.0,2,No,3,Medium
1645,Aryan Patel,34,Male,Divorced,2,Life Sciences,1,Laboratory Technician,1,Travel_Rarely,24390,11,2.0,14.0,2.0,7,4,5.0,7.0,3.0,8,No,3,Medium
1646,Neha Rao,46,Male,Married,3,Life Sciences,2,Healthcare Representative,1,Travel_Rarely,88370,18,0.0,15.0,3.0,3,1,1.0,2.0,2.0,2,No,3,Medium
1647,Divya Joshi,31,Male,Divorced,3,Life Sciences,2,Research Director,2,Travel_Rarely,53430,14,1.0,13.0,3.0,13,7,0.0,8.0,1.0,7,No,3,Medium
1648,Deepika Williams,33,Female,Married,3,Life Sciences,2,Research Director,4,Travel_Rarely,67280,22,0.0,15.0,2.0,7,4,7.0,7.0,7.0,10,Yes,4,High
1649,Dev Garcia,33,Male,Divorced,4,Marketing,1,Research Director,2,Travel_Rarely,66520,25,0.0,8.0,4.5,4,2,1.0,3.0,7.0,5,Yes,4,High
1650,Riya Brown,30,Male,Single,3,Life Sciences,2,Sales Executive,1,Travel_Rarely,48500,12,1.0,4.0,4.0,3,1,1.0,2.0,0.0,2,No,3,Medium
1651,Shivam Gupta,35,Female,Married,2,Medical,2,Sales Representative,2,Travel_Rarely,28090,23,1.0,10.0,2.0,8,4,0.0,0.0,4.0,12,No,4,High
1652,Sanjay Gupta,31,Female,Married,2,Medical,2,Sales Executive,2,Travel_Frequently,56890,15,2.0,12.0,2.0,1,0,0.0,0.0,3.0,22,Yes,3,Low
1653,Anjali Gupta,34,Male,Divorced,1,Marketing,1,Research Director,1,Travel_Frequently,20010,22,1.0,11.0,4.5,3,1,0.0,2.0,8.5,17,Yes,4,High
1654,Gaurav Singh,42,Female,Married,4,Medical,2,Research Scientist,1,Travel_Frequently,29770,15,2.5,8.0,3.0,2,1,2.0,0.0,4.0,2,No,3,Medium
1655,Aditya Miller,36,Male,Single,4,Medical,2,Research Scientist,1,Non-Travel,40250,11,0.0,10.0,3.0,10,6,7.5,7.0,1.0,3,No,3,Medium
1656,Raj Pillai,22,Female,Single,3,Medical,2,Laboratory Technician,2,Travel_Frequently,37850,13,2.0,4.0,2.0,2,1,1.0,2.0,5.0,7,Yes,3,Medium
1657,David Mehta,48,Male,Married,3,Medical,2,Laboratory Technician,1,Travel_Rarely,108540,14,1.0,14.0,4.5,9,5,6.0,7.0,2.0,6,No,3,Medium
1658,Neha Jones,55,Female,Single,3,Medical,2,Sales Executive,1,Travel_Rarely,120310,11,0.0,28.5,4.5,10,6,7.0,7.0,3.0,1,No,3,Low
1659,Shivam Nair,41,Female,Single,2,Life Sciences,2,Research Scientist,2,Non-Travel,99360,17,1.0,16.0,2.0,14,8,1.0,10.0,7.0,3,No,3,Medium
1660,Gaurav Sharma,35,Female,Married,3,Medical,2,Sales Representative,1,Travel_Rarely,29660,18,0.0,15.0,2.0,11,6,6.0,9.0,8.5,22,No,3,Low
1661,Amit Patel,40,Female,Single,3,Life Sciences,2,Laboratory Technician,2,Travel_Rarely,25710,14,0.0,22.0,1.0,18,10,5.0,13.0,7.0,15,No,3,Medium
1662,Vivek Trivedi,39,Male,Married,1,Medical,2,Research Scientist,1,Travel_Frequently,99910,16,1.0,8.0,3.0,8,4,0.0,7.0,1.0,12,No,3,Medium
1663,Nikhil Williams,31,Male,Single,4,Life Sciences,2,Research Director,3,Travel_Rarely,61420,13,2.0,10.0,2.0,6,3,0.0,5.0,4.0,1,No,3,Medium
1664,Arjun Mehta,42,Male,Married,3,Medical,2,Sales Executive,3,Travel_Rarely,53900,14,0.0,10.0,3.0,10,6,5.0,8.0,1.0,5,No,3,Medium
1665,Meera Garcia,45,Female,Married,1,Medical,2,Sales Executive,4,Travel_Rarely,44040,23,0.0,9.0,2.0,8,4,3.0,7.0,0.0,2,No,4,High
1666,Sara Jones,26,Female,Divorced,1,Life Sciences,2,Laboratory Technician,2,Travel_Frequently,59930,12,0.0,8.0,3.0,7,4,1.0,0.0,0.0,2,Yes,3,Medium
1667,Divya Jones,29,Male,Divorced,3,Medical,2,Research Scientist,1,Travel_Rarely,51300,11,0.0,8.0,3.0,3,1,1.0,2.0,4.0,5,No,3,Medium
1668,Amit Mehta,33,Female,Divorced,3,Medical,2,Laboratory Technician,1,Travel_Rarely,20900,16,0.0,10.0,2.0,6,3,0.0,5.0,4.0,16,No,3,Medium
1669,Raj Verma,31,Female,Divorced,4,Life Sciences,2,Sales Executive,1,Travel_Rarely,29090,14,2.0,10.0,2.0,5,3,0.0,1.0,8.5,2,No,3,Medium
1670,Emily Jones,18,Male,Single,3,Technical Degree,2,Sales Executive,1,Travel_Frequently,34680,18,2.0,0.0,4.0,0,0,0.0,0.0,1.0,2,Yes,3,Medium
1671,Riya Joshi,40,Female,Divorced,4,Technical Degree,2,Laboratory Technician,2,Non-Travel,30680,19,0.0,20.0,3.0,1,0,0.0,1.0,3.0,1,No,3,Low
1672,Ananya Trivedi,41,Male,Single,3,Life Sciences,2,Manufacturing Director,2,Non-Travel,26700,15,2.0,10.0,2.0,8,4,0.0,7.0,2.0,23,No,3,Low
1673,Riya Johnson,26,Male,Divorced,4,Medical,2,Healthcare Representative,3,Travel_Rarely,26930,17,2.5,8.0,3.0,0,0,0.0,0.0,5.0,9,No,3,Low
1674,Sanjay Singh,35,Male,Single,4,Medical,2,Human Resources,2,Travel_Rarely,95260,15,0.0,5.0,2.0,5,3,0.0,3.0,1.0,16,No,3,Low
1675,Anjali Williams,34,Male,Single,3,Medical,2,Laboratory Technician,1,Travel_Rarely,52370,19,1.0,10.0,3.0,10,6,5.0,7.0,1.0,26,No,3,Medium
1676,Arjun Miller,26,Female,Single,3,Marketing,1,Manufacturing Director,2,Travel_Rarely,24260,22,0.0,1.0,3.0,1,0,0.0,0.0,1.0,1,Yes,4,High
1677,Ananya Johnson,37,Male,Single,1,Life Sciences,2,Sales Executive,1,Travel_Rarely,41930,16,1.0,12.0,4.5,6,3,1.0,2.0,4.0,8,No,3,Medium
1678,John Rao,46,Male,Married,1,Medical,2,Human Resources,5,Travel_Frequently,29110,13,0.0,28.0,3.0,2,1,1.0,2.0,5.0,4,No,3,Low
1679,Akash Jones,41,Male,Married,1,Life Sciences,2,Research Director,1,Travel_Rarely,26610,14,1.0,22.0,2.0,18,10,7.5,8.0,7.0,24,No,3,Medium
1680,Deepika Shah,37,Male,Divorced,2,Medical,2,Sales Executive,1,Non-Travel,20280,16,1.0,9.0,3.0,9,5,7.0,7.0,1.0,7,No,3,Low
1681,Olivia Johnson,52,Male,Divorced,1,Medical,1,Laboratory Technician,1,Travel_Rarely,99800,11,1.0,18.0,2.0,10,6,6.0,9.0,3.0,2,No,3,Medium
1682,Aditya Brown,32,Female,Married,2,Life Sciences,2,Research Director,2,Non-Travel,32980,22,0.0,6.0,4.0,4,2,1.0,2.0,8.0,7,Yes,4,High
1683,Arjun Johnson,24,Female,Married,3,Life Sciences,1,Healthcare Representative,1,Travel_Frequently,29350,14,2.0,3.0,4.5,2,1,2.0,1.0,0.0,22,No,3,Medium
1684,Sara Joshi,38,Female,Married,3,Life Sciences,2,Research Scientist,1,Travel_Rarely,154270,16,1.0,18.0,2.0,1,0,0.0,0.0,3.0,5,No,3,Medium
1685,Nikhil Kumar,37,Female,Married,4,Technical Degree,2,Research Scientist,5,Travel_Rarely,39440,11,2.0,8.0,3.0,6,3,4.0,3.0,6.0,1,No,3,Low
1686,Olivia Mehta,49,Male,Divorced,1,Life Sciences,1,Sales Executive,1,Travel_Rarely,40110,18,2.0,28.5,2.0,18,10,0.0,9.0,1.0,21,No,3,Medium
1687,Karan Reddy,24,Female,Married,3,Marketing,1,Sales Executive,1,Travel_Rarely,34070,15,2.0,6.0,2.0,6,3,1.0,4.0,1.0,1,No,3,Medium
1688,Sneha Reddy,26,Female,Married,4,Technical Degree,2,Sales Executive,4,Travel_Rarely,119940,14,1.0,6.0,4.5,5,3,1.0,4.0,1.0,19,No,3,Medium
1689,Rahul Thakur,24,Female,Married,3,Medical,1,Laboratory Technician,1,Travel_Rarely,12320,12,0.0,1.0,4.0,1,0,0.0,0.0,1.0,7,No,3,Medium
1690,Emily Nair,50,Male,Married,2,Marketing,1,Sales Executive,1,Travel_Frequently,29600,14,2.5,28.5,2.0,18,10,7.5,7.0,1.0,2,No,3,Low
1691,James Williams,25,Male,Married,3,Life Sciences,2,Research Scientist,1,Travel_Rarely,165835,16,0.0,7.0,3.0,7,4,0.0,6.0,1.0,2,No,3,Medium
1692,John Garcia,24,Male,Married,3,Medical,2,Research Scientist,2,Travel_Frequently,39190,21,0.0,6.0,3.0,6,3,1.0,2.0,1.0,2,Yes,4,High
1693,Zara Gupta,30,Male,Married,3,Other,2,Healthcare Representative,2,Travel_Frequently,68250,14,0.0,1.0,2.0,1,0,0.0,0.0,1.0,9,Yes,3,Medium
1694,Vivek Johnson,34,Male,Married,2,Life Sciences,1,Research Director,4,Travel_Rarely,102480,12,1.0,6.0,4.0,6,3,1.0,3.0,1.0,6,No,3,Medium
1695,Ishaan Agarwal,31,Female,Divorced,1,Medical,2,Sales Representative,1,Travel_Rarely,165835,12,2.0,9.0,2.0,3,1,1.0,2.0,2.0,9,Yes,3,Low
1696,Divya Shah,35,Female,Single,3,Life Sciences,2,Sales Executive,5,Travel_Rarely,24960,17,2.5,9.0,3.0,3,1,0.0,2.0,4.0,2,No,3,Medium
1697,Zara Patel,31,Female,Divorced,3,Marketing,1,Sales Executive,2,Travel_Rarely,64650,17,0.0,13.0,3.0,7,4,5.0,7.0,4.0,1,No,3,Medium
1698,Kavya Williams,27,Male,Divorced,4,Medical,1,Sales Representative,1,Travel_Rarely,22060,14,1.0,6.0,4.0,5,3,0.0,3.0,0.0,22,No,3,Low
1699,Pooja Wilson,37,Female,Married,4,Marketing,1,Laboratory Technician,2,Travel_Rarely,20860,14,0.0,17.0,3.0,3,1,1.0,0.0,4.0,9,No,3,Medium
1700,Aarav Johnson,20,Female,Single,4,Medical,2,Sales Representative,1,Travel_Rarely,22930,13,2.0,1.0,3.0,1,0,0.0,0.0,1.0,17,No,3,Medium
1701,James Garcia,42,Female,Married,4,Life Sciences,2,Manufacturing Director,2,Travel_Rarely,26450,15,0.0,10.0,4.5,10,6,2.0,2.0,1.0,28,No,3,Medium
1702,Arjun Wilson,43,Female,Divorced,5,Technical Degree,2,Sales Executive,2,Travel_Rarely,26830,11,0.0,21.0,3.0,1,0,0.0,0.0,4.0,10,No,3,Medium
1703,Meera Malhotra,38,Male,Single,4,Medical,3,Human Resources,1,Travel_Rarely,20140,17,1.0,8.0,4.5,0,0,0.0,0.0,3.0,2,No,3,Medium
1704,Kunal Trivedi,43,Female,Divorced,3,Medical,1,Healthcare Representative,2,Travel_Frequently,34190,11,1.0,10.0,4.5,8,4,4.0,7.0,3.0,4,No,3,Medium
1705,Sneha Rao,48,Male,Married,1,Medical,2,Laboratory Technician,2,Travel_Rarely,53760,13,1.0,21.0,3.0,3,1,0.0,2.0,7.0,8,No,3,Medium
1706,Amit Wilson,44,Male,Single,4,Marketing,1,Sales Executive,2,Travel_Rarely,19510,22,2.5,10.0,4.0,2,1,0.0,2.0,4.0,29,No,4,High
1707,Dev Kumar,34,Female,Divorced,4,Life Sciences,2,Laboratory Technician,1,Travel_Rarely,23410,20,2.0,8.0,3.0,8,4,0.0,6.0,1.0,13,No,4,High
1708,Sanjay Pillai,27,Male,Divorced,3,Life Sciences,1,Research Scientist,2,Travel_Rarely,22930,18,0.0,5.0,0.5,4,2,0.0,2.0,0.0,27,Yes,3,Medium
1709,Sara Jones,21,Male,Single,2,Life Sciences,1,Sales Executive,3,Travel_Rarely,87260,11,1.0,3.0,2.0,3,1,1.0,2.0,1.0,16,No,3,Medium
1710,Ananya Joshi,44,Male,Married,2,Life Sciences,2,Laboratory Technician,1,Travel_Rarely,40110,14,1.0,26.0,2.0,2,1,0.0,1.0,4.0,2,No,3,Medium
1711,Raj Williams,22,Female,Married,2,Medical,2,Laboratory Technician,2,Travel_Rarely,165835,14,0.0,3.0,3.0,2,1,2.0,2.0,0.0,2,No,3,Low
1712,Sanjay Nair,33,Female,Divorced,4,Marketing,1,Manufacturing Director,2,Travel_Rarely,45680,18,1.0,6.0,2.0,5,3,1.0,2.0,2.0,13,No,3,Medium
1713,Sara Wilson,32,Female,Married,1,Life Sciences,2,Healthcare Representative,1,Travel_Rarely,30220,16,1.0,6.0,3.0,6,3,0.0,5.0,1.0,1,No,3,Medium
1714,Priya Garcia,30,Male,Divorced,5,Technical Degree,2,Manager,3,Travel_Frequently,57720,17,0.0,1.0,3.0,1,0,0.0,0.0,1.0,4,No,3,Medium
1715,Vivek Joshi,53,Female,Single,3,Other,2,Manager,3,Travel_Rarely,22690,11,1.0,18.0,2.0,14,8,7.5,10.0,7.0,24,No,3,Medium
1716,Divya Williams,34,Male,Married,5,Medical,2,Research Scientist,1,Travel_Rarely,53810,12,0.0,10.0,0.5,10,6,7.5,8.0,1.0,1,No,3,Medium
1717,Deepika Malhotra,45,Male,Married,4,Life Sciences,2,Research Director,3,Travel_Frequently,34410,13,1.0,5.0,4.5,1,0,0.0,0.0,2.0,19,Yes,3,Low
1718,Divya Trivedi,26,Male,Married,2,Life Sciences,2,Manufacturing Director,1,Travel_Rarely,54540,13,1.0,3.0,4.5,3,1,0.0,2.0,1.0,7,No,3,Medium
1719,Ishaan Agarwal,37,Male,Married,3,Medical,2,Manager,1,Travel_Rarely,98840,14,0.0,10.0,3.0,10,6,7.0,8.0,1.0,4,No,3,Medium
1720,Emma Brown,29,Female,Married,3,Life Sciences,2,Healthcare Representative,1,Travel_Rarely,41570,17,2.5,6.0,2.0,6,3,1.0,2.0,1.0,2,No,3,Medium
1721,Emma Sharma,35,Female,Single,5,Medical,2,Laboratory Technician,4,Travel_Rarely,134580,11,0.0,17.0,3.0,17,10,7.5,8.0,1.0,10,No,3,Medium
1722,Pooja Mehta,33,Male,Divorced,3,Technical Degree,2,Laboratory Technician,2,Travel_Frequently,90690,25,1.0,15.0,3.0,13,7,4.0,7.0,3.0,8,No,4,High
1723,David Smith,54,Female,Married,2,Life Sciences,2,Sales Executive,2,Travel_Rarely,40140,19,1.0,16.0,4.0,9,5,7.0,1.0,2.0,5,No,3,Low
1724,Karan Thakur,36,Male,Divorced,3,Life Sciences,2,Research Scientist,2,Travel_Rarely,59150,13,1.0,13.0,3.0,3,1,0.0,2.0,2.0,8,No,3,Low
1725,Sara Reddy,27,Male,Single,3,Marketing,1,Research Director,5,Travel_Rarely,59930,14,1.0,5.0,3.0,4,2,1.0,1.0,0.0,9,No,3,Low
1726,Priya Verma,20,Male,Single,3,Life Sciences,2,Sales Representative,5,Travel_Rarely,61620,12,2.5,1.0,2.0,1,0,1.0,1.0,1.0,1,Yes,3,Medium
1727,Pooja Malhotra,33,Female,Single,4,Medical,2,Laboratory Technician,1,Travel_Frequently,24060,11,0.0,10.0,3.0,10,6,7.5,7.0,1.0,15,Yes,3,Low
1728,James Jones,35,Male,Married,1,Medical,2,Research Scientist,1,Non-Travel,165835,19,1.0,1.0,2.0,1,0,0.0,0.0,1.0,2,No,3,Medium
1729,Vikram Sharma,23,Male,Married,3,Life Sciences,2,Healthcare Representative,1,Travel_Rarely,76370,11,1.0,5.0,3.0,3,1,0.0,2.0,2.0,2,No,3,Low
1730,Emily Nair,25,Male,Married,3,Medical,2,Manufacturing Director,2,Travel_Rarely,100960,11,1.0,4.0,3.0,3,1,1.0,2.0,0.0,11,No,3,Medium
1731,Neha Miller,38,Male,Single,3,Life Sciences,2,Research Scientist,5,Travel_Rarely,147560,20,1.0,8.0,3.0,7,4,0.0,5.0,0.0,16,No,4,High
1732,Michael Verma,29,Male,Divorced,4,Life Sciences,1,Healthcare Representative,4,Travel_Frequently,64990,18,2.5,10.0,3.0,10,6,2.0,8.0,1.0,2,No,3,Medium
1733,Kunal Johnson,48,Male,Married,3,Technical Degree,2,Sales Executive,1,Travel_Rarely,97240,13,0.0,12.0,2.0,2,1,2.0,2.0,3.0,16,No,3,Medium
1734,Riya Gupta,27,Male,Divorced,3,Technical Degree,1,Laboratory Technician,5,Travel_Frequently,21940,12,0.0,6.0,4.5,6,3,0.0,4.0,1.0,4,No,3,Medium
1735,Raj Jones,37,Male,Single,3,Life Sciences,2,Manager,3,Travel_Rarely,33880,11,0.0,4.0,2.0,1,0,0.0,0.0,3.0,16,No,3,Medium
1736,Dev Johnson,50,Male,Married,3,Medical,1,Laboratory Technician,1,Travel_Rarely,54730,19,1.0,20.0,2.0,18,10,3.0,8.0,1.0,5,No,3,Medium
1737,Varun Garcia,34,Male,Single,1,Medical,2,Healthcare Representative,1,Travel_Rarely,27030,21,1.0,9.0,2.0,8,4,7.0,7.0,1.0,18,No,4,High
1738,Ishaan Mehta,24,Female,Single,2,Life Sciences,2,Healthcare Representative,1,Travel_Rarely,25010,12,0.0,4.0,3.0,2,1,2.0,0.0,8.5,17,Yes,3,Low
1739,Riya Shah,39,Female,Single,5,Medical,2,Sales Representative,1,Travel_Rarely,62200,14,2.0,20.0,2.0,18,10,7.5,10.0,1.0,12,No,3,Medium
1740,Neha Williams,32,Male,Single,3,Life Sciences,2,Research Scientist,5,Travel_Rarely,30380,11,0.0,10.0,4.5,10,6,0.0,8.0,1.0,2,No,3,Medium
1741,Zara Gupta,50,Male,Married,2,Medical,2,Sales Representative,4,Travel_Frequently,44240,14,1.0,18.0,2.0,4,2,1.0,3.0,3.0,4,Yes,3,Medium
1742,Zara Mehta,38,Male,Single,4,Life Sciences,2,Sales Executive,1,Travel_Rarely,43120,12,1.0,10.0,2.0,9,5,1.0,8.0,0.0,9,No,3,Medium
1743,Neha Sharma,27,Male,Married,3,Medical,2,Research Scientist,5,Travel_Rarely,132450,23,1.0,9.0,3.0,9,5,0.0,7.0,1.0,10,No,4,High
1744,Kavya Miller,32,Male,Single,3,Medical,1,Sales Executive,2,Travel_Rarely,136640,14,0.0,10.0,4.5,7,4,7.0,7.0,3.0,1,No,3,Medium
1745,Pooja Smith,47,Female,Single,3,Medical,2,Sales Executive,5,Travel_Rarely,50210,17,0.0,20.0,3.0,7,4,1.0,7.0,2.0,2,No,3,Medium
1746,Ananya Trivedi,40,Female,Married,4,Medical,2,Human Resources,3,Travel_Frequently,51260,18,0.0,20.0,2.0,18,10,1.0,12.0,5.0,3,No,3,Medium
1747,Kunal Johnson,53,Male,Married,1,Life Sciences,2,Laboratory Technician,2,Travel_Rarely,28590,18,1.0,28.5,2.0,5,3,1.0,3.0,3.0,7,No,3,Medium
1748,David Shah,41,Male,Divorced,3,Medical,1,Sales Executive,1,Travel_Rarely,102390,24,2.5,23.0,3.0,18,10,7.5,6.0,3.0,6,No,4,High
1749,Ananya Rao,60,Female,Single,2,Life Sciences,2,Laboratory Technician,5,Travel_Rarely,53290,20,0.0,10.0,3.0,2,1,2.0,2.0,8.0,8,No,4,High
1750,Anjali Rao,27,Male,Divorced,1,Life Sciences,2,Manufacturing Director,2,Travel_Frequently,43250,14,0.0,9.0,2.0,9,5,1.0,7.0,1.0,29,No,3,Low
1751,Akash Agarwal,41,Male,Married,3,Medical,2,Manufacturing Director,1,Travel_Rarely,72600,16,0.0,22.0,2.0,18,10,2.0,10.0,1.0,3,No,3,Medium
1752,Karan Mehta,50,Male,Married,3,Life Sciences,1,Research Scientist,2,Travel_Rarely,23220,25,1.0,4.0,0.5,2,1,2.0,2.0,7.0,9,No,4,High
1753,Aarav Garcia,28,Male,Single,4,Life Sciences,1,Research Scientist,3,Travel_Rarely,20750,18,2.5,10.0,0.5,7,4,3.0,7.0,7.0,2,Yes,3,Low
1754,James Brown,36,Female,Married,4,Technical Degree,2,Research Scientist,2,Non-Travel,41520,19,1.0,10.0,3.0,8,4,0.0,5.0,8.5,10,No,3,Low
1755,Akash Malhotra,38,Female,Single,3,Medical,2,Manager,3,Travel_Rarely,96190,13,1.0,10.0,2.0,1,0,0.0,0.0,4.0,1,No,3,Medium
1756,John Thakur,44,Male,Single,2,Life Sciences,2,Research Scientist,1,Non-Travel,135030,12,0.0,9.0,4.5,5,3,1.0,4.0,2.0,8,No,3,Low
1757,Anjali Singh,47,Male,Divorced,3,Life Sciences,2,Research Scientist,1,Travel_Frequently,54410,22,1.0,28.0,4.5,18,10,7.5,13.0,8.5,27,No,4,High
1758,Gaurav Wilson,30,Male,Divorced,3,Life Sciences,2,Sales Executive,2,Travel_Rarely,52090,14,1.0,10.0,3.0,8,4,7.0,7.0,7.0,8,No,3,Medium
1759,Aryan Garcia,29,Female,Single,2,Medical,2,Sales Executive,1,Travel_Rarely,106730,13,2.5,1.0,2.0,1,0,0.0,0.0,1.0,1,No,3,Medium
1760,Suresh Miller,42,Female,Divorced,1,Life Sciences,2,Sales Executive,1,Travel_Frequently,50100,21,2.5,7.0,3.0,2,1,2.0,2.0,6.0,10,Yes,4,High
1761,James Malhotra,43,Male,Married,1,Life Sciences,2,Laboratory Technician,1,Travel_Frequently,135490,11,2.0,7.0,3.0,2,1,2.0,2.0,3.0,26,No,3,Medium
1762,James Patel,34,Male,Single,5,Technical Degree,2,Healthcare Representative,2,Travel_Rarely,49990,12,2.0,10.0,2.0,5,3,4.0,3.0,3.0,2,No,3,Medium
1763,Ishaan Mehta,23,Male,Married,3,Marketing,1,Sales Executive,5,Travel_Rarely,42210,11,1.0,5.0,4.0,4,2,0.0,2.0,1.0,13,No,3,Medium
1764,Anjali Kumar,39,Female,Married,4,Marketing,1,Healthcare Representative,4,Travel_Rarely,138720,12,2.5,12.0,3.0,8,4,3.0,6.0,8.5,2,No,3,Low
1765,Deepika Singh,56,Male,Married,4,Medical,2,Manager,1,Travel_Rarely,20420,12,0.0,28.5,4.5,10,6,1.0,1.0,7.0,2,No,3,Medium
1766,Meera Verma,40,Male,Single,3,Marketing,1,Research Scientist,2,Travel_Rarely,20730,14,0.0,5.0,3.0,4,2,2.0,3.0,0.0,9,No,3,Medium
1767,Akash Wilson,27,Female,Single,3,Life Sciences,2,Laboratory Technician,1,Travel_Rarely,29560,13,0.0,9.0,4.5,7,4,0.0,7.0,8.0,10,No,3,Low
1768,Amit Verma,29,Female,Divorced,3,Marketing,1,Manager,2,Travel_Rarely,29260,15,1.0,2.0,3.0,2,1,2.0,2.0,1.0,20,No,3,Medium
1769,Aditya Singh,53,Female,Single,3,Life Sciences,2,Laboratory Technician,3,Travel_Rarely,48090,18,0.0,19.0,2.0,2,1,2.0,2.0,2.0,9,No,3,Medium
1770,Raj Brown,35,Male,Divorced,1,Medical,2,Healthcare Representative,1,Non-Travel,51630,18,2.0,16.0,4.0,1,0,0.0,0.0,2.0,5,No,3,Medium
1771,Varun Thakur,32,Male,Married,4,Life Sciences,1,Sales Executive,2,Travel_Frequently,165835,19,0.0,10.0,3.0,10,6,4.0,7.0,1.0,4,No,3,Low
1772,Amit Williams,38,Male,Married,3,Medical,1,Laboratory Technician,4,Travel_Rarely,165835,12,2.0,6.0,4.5,1,0,0.0,1.0,6.0,10,No,3,Medium
1773,Aditya Trivedi,34,Female,Divorced,3,Medical,2,Laboratory Technician,3,Travel_Rarely,57440,19,1.0,7.0,4.0,0,0,0.0,0.0,3.0,20,No,3,Low
1774,Neha Garcia,52,Male,Married,5,Technical Degree,1,Manager,3,Travel_Rarely,28890,11,1.0,28.5,2.0,18,10,1.0,14.5,1.0,21,No,3,Medium
1775,Karan Trivedi,33,Male,Single,2,Medical,2,Laboratory Technician,3,Travel_Rarely,28710,17,2.5,10.0,2.0,10,6,7.0,8.0,1.0,1,Yes,3,Medium
1776,Nikhil Shah,25,Male,Single,3,Life Sciences,2,Research Scientist,2,Travel_Rarely,74840,15,0.0,6.0,3.0,6,3,1.0,4.0,1.0,8,No,3,Medium
1777,Emma Smith,45,Male,Single,3,Life Sciences,1,Healthcare Representative,3,Travel_Rarely,60740,14,0.0,9.0,2.0,8,4,3.0,1.0,0.0,2,No,3,Medium
1778,Neha Rao,23,Female,Single,1,Life Sciences,2,Research Scientist,2,Travel_Rarely,165835,17,1.0,2.0,2.0,2,1,0.0,2.0,1.0,23,No,3,Low
1779,Tanvi Malhotra,47,Male,Single,3,Life Sciences,2,Research Director,1,Travel_Frequently,27740,13,1.0,8.0,2.0,5,3,1.0,3.0,4.0,4,Yes,3,Medium
1780,Aryan Rao,34,Male,Single,3,Technical Degree,2,Research Scientist,1,Travel_Rarely,45050,12,0.0,6.0,3.0,6,3,1.0,4.0,1.0,12,No,3,Medium
1781,Akash Patel,55,Male,Married,3,Human Resources,3,Laboratory Technician,4,Travel_Rarely,74280,12,0.0,24.0,2.0,5,3,1.0,4.0,5.0,7,Yes,3,Medium
1782,Nikhil Williams,36,Male,Single,2,Life Sciences,2,Sales Executive,5,Non-Travel,116310,18,1.0,10.0,2.0,10,6,0.0,9.0,1.0,7,No,3,Low
1783,Vivek Gupta,52,Male,Married,4,Life Sciences,2,Sales Executive,5,Non-Travel,97380,18,2.0,5.0,2.0,4,2,1.0,2.0,0.0,1,No,3,Medium
1784,Nikhil Singh,26,Male,Divorced,2,Life Sciences,2,Manufacturing Director,1,Travel_Frequently,28350,11,1.0,5.0,2.0,2,1,2.0,0.0,3.0,2,No,3,Medium
1785,Vikram Gupta,29,Male,Married,2,Medical,2,Manufacturing Director,3,Travel_Rarely,165835,14,2.5,11.0,4.5,8,4,1.0,1.0,4.0,10,No,3,Medium
1786,Zara Jones,26,Male,Single,2,Life Sciences,2,Laboratory Technician,2,Travel_Rarely,26130,19,1.0,6.0,2.0,4,2,1.0,2.0,6.0,15,Yes,3,Medium
1787,Suresh Malhotra,34,Male,Single,4,Technical Degree,2,Manufacturing Director,2,Travel_Rarely,61460,12,0.0,10.0,3.0,4,2,1.0,3.0,2.0,14,No,3,Medium
1788,Emma Smith,54,Female,Divorced,4,Medical,2,Laboratory Technician,2,Travel_Rarely,49630,15,1.0,9.0,2.0,5,3,1.0,4.0,8.5,18,No,3,Medium
1789,Shivam Jones,27,Female,Married,2,Life Sciences,2,Research Scientist,4,Travel_Frequently,165835,12,0.0,5.0,4.5,4,2,1.0,1.0,0.0,13,No,3,Medium
1790,Michael Verma,37,Male,Divorced,4,Technical Degree,1,Manufacturing Director,2,Travel_Rarely,61720,11,0.0,6.0,1.0,5,3,4.0,3.0,0.0,2,No,3,Medium
1791,Michael Williams,38,Female,Single,4,Life Sciences,1,Research Scientist,2,Travel_Frequently,23680,11,1.0,17.0,3.0,15,9,4.0,12.0,6.0,2,No,3,Low
1792,Deepika Joshi,34,Male,Single,3,Marketing,1,Sales Representative,1,Travel_Rarely,103120,12,0.0,6.0,2.0,6,3,1.0,3.0,1.0,2,No,3,Medium
1793,Vikram Mehta,35,Male,Married,4,Medical,2,Manager,3,Travel_Rarely,16750,16,0.0,3.0,4.5,3,1,0.0,2.0,1.0,5,No,3,Low
1794,Pooja Smith,30,Male,Married,3,Medical,2,Laboratory Technician,1,Travel_Rarely,25230,13,1.0,7.0,2.0,2,1,0.0,2.0,3.0,20,No,3,Medium
1795,Shivam Garcia,40,Male,Married,4,Medical,2,Manufacturing Director,2,Travel_Frequently,65670,13,1.0,8.0,3.0,8,4,3.0,7.0,1.0,10,No,3,Medium
1796,Ananya Joshi,34,Male,Married,3,Life Sciences,2,Healthcare Representative,3,Travel_Rarely,47390,24,2.0,6.0,2.0,3,1,1.0,2.0,5.0,10,No,4,High
1797,Olivia Thakur,42,Male,Divorced,4,Medical,2,Manufacturing Director,1,Travel_Frequently,92080,15,1.0,24.0,2.0,18,10,7.5,9.0,1.0,9,No,3,Medium
1798,Divya Joshi,23,Female,Married,3,Medical,1,Manufacturing Director,4,Travel_Rarely,45590,18,1.0,1.0,2.0,0,0,0.0,0.0,1.0,2,Yes,3,Low
1799,Kavya Shah,24,Female,Divorced,5,Marketing,1,Manufacturing Director,1,Non-Travel,81890,14,1.0,1.0,3.0,1,0,0.0,0.0,1.0,1,No,3,Medium
1800,Ishaan Trivedi,52,Male,Married,3,Life Sciences,2,Manufacturing Director,2,Travel_Rarely,29420,11,1.0,9.0,1.0,5,3,1.0,4.0,8.0,29,No,3,Medium
1801,Pooja Trivedi,50,Male,Married,4,Life Sciences,2,Sales Executive,2,Travel_Rarely,49410,11,1.0,28.5,3.0,4,2,0.0,3.0,5.0,8,No,3,Medium
1802,Arjun Trivedi,29,Female,Married,4,Marketing,1,Research Scientist,4,Travel_Rarely,106500,13,2.0,1.0,2.0,1,0,0.0,0.0,1.0,2,Yes,3,Medium
1803,David Singh,33,Male,Married,4,Life Sciences,2,Manufacturing Director,4,Travel_Rarely,59020,12,1.0,14.0,2.0,13,7,3.0,7.0,0.0,3,No,3,Medium
1804,Kavya Smith,33,Male,Single,5,Life Sciences,2,Human Resources,1,Travel_Rarely,86390,16,2.0,6.0,3.0,3,1,0.0,2.0,5.0,23,Yes,3,Low
1805,Sara Agarwal,47,Male,Married,4,Other,2,Manager,2,Travel_Rarely,63470,14,0.0,26.0,2.0,18,10,3.0,0.0,1.0,6,No,3,Medium
1806,Rohit Smith,36,Female,Married,3,Medical,1,Sales Executive,2,Travel_Rarely,42000,22,0.0,10.0,3.0,9,5,0.0,5.0,0.0,6,No,4,High
1807,Sara Verma,29,Male,Married,3,Other,2,Research Scientist,1,Travel_Rarely,34520,11,0.0,10.0,3.0,10,6,0.0,7.0,1.0,10,No,3,Medium
1808,Vikram Rao,58,Female,Single,3,Other,2,Research Scientist,2,Travel_Rarely,43170,17,0.0,28.5,2.0,18,10,7.5,8.0,7.0,24,Yes,3,Medium
1809,Akash Pillai,35,Female,Single,4,Marketing,1,Research Scientist,1,Travel_Rarely,26320,13,2.5,7.0,3.0,2,1,2.0,2.0,3.0,10,No,3,Medium
1810,Nikhil Kumar,42,Male,Married,1,Marketing,1,Laboratory Technician,2,Travel_Rarely,46680,18,2.0,8.0,2.0,4,2,0.0,2.0,8.5,15,No,3,Medium
1811,Olivia Mehta,28,Female,Single,4,Medical,2,Sales Executive,2,Travel_Rarely,32040,16,1.0,5.0,4.0,2,1,2.0,1.0,6.0,19,Yes,3,Medium
1812,Kavya Rao,36,Male,Married,3,Life Sciences,2,Healthcare Representative,2,Travel_Rarely,27200,14,1.0,8.0,3.0,5,3,0.0,4.0,4.0,2,No,3,Medium
1813,James Johnson,32,Male,Married,1,Medical,2,Manufacturing Director,2,Travel_Rarely,165835,14,0.0,14.0,2.0,14,8,6.0,8.0,1.0,3,No,3,Medium
1814,Vivek Mehta,40,Male,Single,3,Marketing,1,Manufacturing Director,3,Travel_Frequently,22380,14,0.0,10.0,3.0,1,0,0.0,0.0,6.0,9,No,3,Medium
1815,Emily Brown,30,Male,Single,3,Technical Degree,2,Research Director,2,Travel_Rarely,14830,13,0.0,12.0,3.0,0,0,0.0,0.0,5.0,7,No,3,Medium
1816,Pooja Shah,45,Male,Single,4,Life Sciences,2,Research Director,1,Travel_Rarely,56050,12,2.0,1.0,2.0,1,0,0.0,0.0,1.0,10,No,3,Medium
1817,Aditya Williams,42,Male,Married,2,Medical,2,Sales Representative,2,Travel_Rarely,72950,15,0.0,10.0,3.0,9,5,7.0,8.0,1.0,20,No,3,Low
1818,John Rao,38,Male,Divorced,3,Medical,1,Research Scientist,2,Travel_Frequently,23060,19,1.0,13.0,4.5,4,2,1.0,2.0,2.0,4,No,3,Low
1819,Riya Reddy,34,Male,Single,4,Life Sciences,2,Laboratory Technician,3,Travel_Frequently,23480,14,1.0,6.0,3.0,5,3,1.0,3.0,1.0,7,No,3,Medium
1820,Amit Trivedi,49,Female,Married,2,Life Sciences,1,Healthcare Representative,2,Travel_Rarely,89980,14,2.0,9.0,2.0,9,5,7.0,7.0,1.0,7,Yes,3,Medium
1821,Varun Miller,55,Male,Single,3,Technical Degree,3,Manufacturing Director,4,Travel_Rarely,43190,11,0.0,12.0,3.0,9,5,7.0,3.0,4.0,16,Yes,3,Medium
1822,David Reddy,43,Male,Married,2,Medical,2,Healthcare Representative,2,Travel_Rarely,61320,13,0.0,22.0,3.0,4,2,1.0,0.0,6.0,25,No,3,Low
1823,John Shah,27,Male,Divorced,4,Medical,1,Manager,2,Travel_Rarely,33460,21,1.0,9.0,2.0,9,5,0.0,8.0,1.0,2,No,4,High
1824,Shivam Trivedi,35,Male,Single,3,Medical,2,Research Director,1,Travel_Rarely,108550,13,1.0,17.0,2.0,8,4,1.0,6.0,3.0,1,No,3,Medium
1825,Olivia Johnson,28,Female,Married,2,Technical Degree,1,Sales Executive,1,Travel_Rarely,22310,12,0.0,8.0,3.0,8,4,7.0,5.0,1.0,1,No,3,Low
1826,Anjali Verma,34,Male,Married,5,Life Sciences,1,Research Scientist,4,Travel_Rarely,23230,17,0.0,4.0,2.0,3,1,0.0,2.0,0.0,2,No,3,Medium
1827,Neha Reddy,26,Female,Married,4,Other,2,Sales Executive,1,Travel_Frequently,20240,23,0.0,8.0,2.0,8,4,1.0,7.0,1.0,22,Yes,4,High
1828,Sneha Reddy,27,Female,Married,3,Technical Degree,1,Sales Executive,1,Non-Travel,27130,11,0.0,0.0,2.0,0,0,0.0,0.0,1.0,1,No,3,Medium
1829,Raj Miller,51,Male,Married,3,Medical,1,Research Scientist,3,Travel_Rarely,94390,15,2.5,28.5,0.5,18,10,4.0,14.5,2.0,16,No,3,Low
1830,Kavya Reddy,44,Female,Single,5,Medical,1,Sales Executive,1,Travel_Rarely,25660,11,1.0,10.0,3.0,5,3,2.0,3.0,8.5,24,No,3,Medium
1831,Riya Rao,25,Male,Single,3,Medical,2,Laboratory Technician,1,Travel_Rarely,165835,11,2.5,6.0,4.5,4,2,0.0,1.0,7.0,17,No,3,Low
1832,John Wilson,33,Male,Divorced,4,Life Sciences,2,Laboratory Technician,3,Travel_Rarely,24510,13,1.0,9.0,3.0,9,5,0.0,8.0,1.0,8,No,3,Low
1833,Raj Rao,35,Female,Single,4,Medical,1,Manager,2,Travel_Rarely,94190,24,1.0,6.0,4.5,6,3,1.0,1.0,1.0,6,No,4,High
1834,Sanjay Patel,36,Male,Married,4,Marketing,1,Manager,3,Travel_Rarely,86860,13,0.0,18.0,2.0,18,10,4.0,11.0,1.0,10,No,3,Medium
1835,Nikhil Mehta,32,Female,Divorced,4,Medical,2,Sales Executive,4,Travel_Rarely,30380,20,0.0,8.0,3.0,5,3,0.0,3.0,2.0,3,No,4,High
1836,Arjun Kumar,30,Male,Divorced,5,Medical,2,Sales Representative,5,Travel_Frequently,30580,14,1.0,10.0,2.0,5,3,0.0,3.0,8.5,4,No,3,Medium
1837,Sanjay Sharma,53,Male,Married,3,Marketing,1,Sales Executive,4,Travel_Rarely,23250,18,1.0,28.5,1.0,5,3,0.0,4.0,7.0,6,No,3,Medium
1838,Shivam Pillai,45,Male,Divorced,5,Technical Degree,2,Healthcare Representative,2,Travel_Rarely,20880,15,2.5,18.0,2.0,5,3,0.0,2.0,4.0,1,No,3,Medium
1839,Kunal Williams,32,Female,Married,3,Marketing,1,Human Resources,1,Travel_Rarely,30720,12,0.0,9.0,4.0,5,3,1.0,3.0,5.0,10,No,3,Low
1840,Riya Johnson,52,Male,Married,1,Life Sciences,2,Laboratory Technician,2,Travel_Frequently,50060,16,1.0,28.5,2.0,9,5,0.0,0.0,3.0,1,No,3,Medium
1841,Tanvi Sharma,37,Female,Divorced,2,Life Sciences,1,Laboratory Technician,4,Travel_Rarely,42570,15,0.0,9.0,2.0,1,0,0.0,0.0,4.0,24,No,3,Medium
1842,Dev Thakur,28,Female,Divorced,4,Life Sciences,2,Healthcare Representative,1,Travel_Rarely,25000,16,2.0,6.0,3.0,5,3,0.0,4.0,1.0,21,No,3,Medium
1843,John Singh,22,Male,Married,2,Life Sciences,2,Sales Representative,1,Travel_Rarely,11020,19,0.0,4.0,3.0,2,1,2.0,2.0,6.0,2,No,3,Medium
1844,Ananya Miller,44,Female,Married,3,Medical,2,Laboratory Technician,1,Travel_Rarely,104530,11,1.0,10.0,2.0,3,1,0.0,2.0,2.0,22,No,3,Medium
1845,John Patel,42,Female,Single,4,Life Sciences,1,Laboratory Technician,2,Travel_Frequently,22880,16,1.0,8.0,4.0,2,1,2.0,2.0,5.0,13,No,3,Medium
1846,Neha Trivedi,36,Male,Married,3,Other,2,Research Scientist,2,Travel_Rarely,39290,24,0.0,6.0,4.5,5,3,0.0,3.0,0.0,14,No,4,High
1847,Deepika Malhotra,25,Female,Married,3,Life Sciences,1,Laboratory Technician,1,Travel_Rarely,23110,11,1.0,5.0,2.0,5,3,0.0,3.0,1.0,11,No,3,Medium
1848,Meera Agarwal,35,Female,Married,2,Life Sciences,2,Healthcare Representative,1,Travel_Rarely,31400,13,1.0,17.0,2.0,17,10,5.0,14.5,1.0,9,No,3,Medium
1849,Karan Pillai,35,Female,Divorced,2,Marketing,1,Laboratory Technician,1,Travel_Frequently,36900,13,1.0,10.0,2.0,10,6,7.0,8.0,1.0,8,Yes,3,Medium
1850,Ishaan Johnson,32,Male,Divorced,3,Life Sciences,2,Sales Executive,1,Non-Travel,44500,13,0.0,4.0,3.0,3,1,0.0,2.0,0.0,21,No,3,Medium
1851,Arjun Mehta,25,Female,Married,3,Marketing,1,Research Scientist,4,Travel_Rarely,27560,12,2.0,5.0,2.0,5,3,0.0,3.0,1.0,5,No,3,Medium
1852,Divya Garcia,49,Female,Married,3,Technical Degree,1,Sales Representative,2,Travel_Rarely,165835,18,1.0,7.0,4.5,4,2,0.0,2.0,2.0,9,No,3,Medium
1853,Emma Reddy,24,Male,Married,5,Technical Degree,2,Healthcare Representative,2,Non-Travel,165835,22,1.0,6.0,3.0,5,3,3.0,4.0,0.0,2,No,4,High
1854,Arjun Johnson,32,Male,Married,5,Medical,2,Research Scientist,1,Travel_Frequently,95470,13,1.0,10.0,3.0,10,6,5.0,3.0,1.0,12,No,3,Low
1855,Rahul Jones,38,Male,Married,2,Medical,1,Sales Executive,1,Travel_Rarely,137340,13,0.0,3.0,3.0,2,1,1.0,2.0,0.0,22,No,3,Medium
1856,Kunal Wilson,42,Female,Married,1,Technical Degree,2,Research Scientist,2,Travel_Rarely,165835,23,1.0,17.0,4.5,5,3,1.0,3.0,2.0,18,No,4,High
1857,Zara Mehta,31,Female,Married,3,Life Sciences,2,Sales Executive,3,Travel_Rarely,22790,12,1.0,8.0,3.0,6,3,0.0,2.0,3.0,16,No,3,Medium
1858,Varun Joshi,29,Male,Divorced,3,Marketing,1,Laboratory Technician,3,Travel_Rarely,59160,12,0.0,5.0,2.0,3,1,0.0,2.0,6.0,3,Yes,3,Medium
1859,Kunal Gupta,53,Male,Married,3,Life Sciences,2,Sales Representative,1,Travel_Rarely,20890,16,0.0,28.0,2.0,2,1,2.0,2.0,5.0,9,No,3,Medium
1860,Suresh Gupta,35,Male,Married,3,Life Sciences,2,Healthcare Representative,3,Travel_Rarely,165835,12,1.0,16.0,3.0,13,7,4.0,8.0,3.0,1,No,3,Medium
1861,Shivam Thakur,37,Female,Married,4,Life Sciences,2,Human Resources,3,Travel_Frequently,35640,11,0.0,10.0,1.0,5,3,0.0,0.0,5.0,13,No,3,Medium
1862,Vikram Wilson,53,Male,Single,1,Medical,2,Sales Executive,1,Travel_Rarely,44250,22,1.0,28.5,2.0,12,7,3.0,8.0,6.0,1,No,4,High
1863,Aarav Wilson,43,Male,Married,3,Medical,2,Laboratory Technician,1,Travel_Frequently,52650,11,1.0,12.0,4.0,5,3,2.0,2.0,4.0,1,No,3,Medium
1864,Ananya Shah,47,Female,Married,4,Marketing,1,Research Director,3,Travel_Rarely,65530,15,0.0,8.0,2.0,7,4,7.0,7.0,0.0,15,No,3,Medium
1865,Kavya Trivedi,37,Female,Single,5,Medical,2,Research Scientist,2,Non-Travel,62610,12,0.0,10.0,1.0,10,6,0.0,9.0,1.0,1,No,3,Low
1866,Varun Jones,50,Female,Divorced,3,Medical,2,Laboratory Technician,1,Non-Travel,42980,20,1.0,28.5,4.5,18,10,7.5,7.0,1.0,17,No,4,High
1867,Neha Miller,39,Female,Married,3,Other,2,Human Resources,3,Travel_Rarely,68040,14,1.0,13.0,3.0,5,3,0.0,4.0,8.0,1,No,3,Medium
1868,Karan Mehta,33,Male,Divorced,3,Life Sciences,1,Manufacturing Director,2,Travel_Rarely,38150,11,1.0,7.0,3.0,4,2,0.0,3.0,3.0,7,No,3,Medium
1869,Meera Shah,32,Female,Single,1,Medical,2,Laboratory Technician,1,Travel_Rarely,27410,15,1.0,1.0,4.5,1,0,0.0,1.0,1.0,9,Yes,3,Low
1870,Sneha Brown,29,Female,Divorced,4,Life Sciences,2,Healthcare Representative,4,Travel_Rarely,66730,12,1.0,8.0,2.0,4,2,0.0,3.0,6.0,5,No,3,Medium
1871,Dev Joshi,44,Male,Married,2,Life Sciences,2,Manufacturing Director,2,Travel_Rarely,76390,14,0.0,8.0,4.5,8,4,7.0,1.0,1.0,26,No,3,Low
1872,Emma Pillai,28,Female,Single,5,Life Sciences,1,Research Scientist,1,Travel_Rarely,23280,11,2.0,4.0,3.0,4,2,0.0,2.0,1.0,24,No,3,Medium
1873,Divya Wilson,58,Male,Divorced,2,Technical Degree,1,Sales Executive,1,Travel_Frequently,21530,11,0.0,3.0,3.0,1,0,0.0,0.0,8.5,9,Yes,3,Medium
1874,Pooja Wilson,43,Male,Divorced,4,Marketing,1,Sales Executive,2,Travel_Rarely,48760,16,2.0,4.0,4.0,1,0,0.0,0.0,4.0,7,No,3,Medium
1875,David Garcia,20,Male,Single,3,Medical,2,Sales Executive,2,Travel_Rarely,93960,12,0.0,2.0,4.5,2,1,0.0,2.0,1.0,11,Yes,3,Low
1876,Sanjay Williams,21,Male,Single,3,Medical,2,Sales Executive,2,Travel_Rarely,104000,13,1.0,1.0,2.0,1,0,0.0,0.0,1.0,1,Yes,3,Medium
1877,John Gupta,36,Male,Married,4,Medical,2,Laboratory Technician,1,Travel_Rarely,84740,14,0.0,17.0,3.0,16,9,4.0,11.0,0.0,26,No,3,Medium
1878,Aditya Malhotra,47,Male,Single,3,Life Sciences,2,Manufacturing Director,2,Travel_Rarely,99810,21,1.0,3.0,3.0,3,1,1.0,2.0,1.0,2,No,4,High
1879,Shivam Shah,22,Female,Married,4,Life Sciences,2,Laboratory Technician,1,Travel_Rarely,124900,13,0.0,4.0,3.0,3,1,0.0,2.0,0.0,15,Yes,3,Medium
1880,Amit Thakur,41,Female,Divorced,3,Life Sciences,2,Sales Executive,2,Travel_Rarely,26570,11,0.0,10.0,3.0,7,4,1.0,0.0,4.0,23,Yes,3,Medium
1881,Aryan Reddy,28,Female,Divorced,3,Life Sciences,2,Manager,3,Travel_Rarely,135910,20,1.0,6.0,2.0,2,1,2.0,2.0,5.0,10,No,4,High
1882,Rohit Trivedi,39,Female,Married,4,Life Sciences,2,Human Resources,4,Travel_Rarely,66960,11,0.0,8.0,3.0,2,1,2.0,2.0,7.0,10,Yes,3,Low
1883,Neha Pillai,27,Male,Single,3,Medical,2,Research Scientist,1,Travel_Rarely,20580,14,1.0,1.0,4.5,1,0,0.0,0.0,1.0,1,No,3,Medium
1884,Suresh Johnson,34,Male,Divorced,2,Technical Degree,2,Human Resources,2,Travel_Rarely,88650,11,1.0,1.0,0.5,1,0,1.0,0.0,1.0,12,No,3,Medium
1885,Zara Malhotra,42,Male,Single,1,Technical Degree,1,Human Resources,2,Travel_Rarely,59400,16,0.0,10.0,2.0,5,3,0.0,3.0,7.0,11,No,3,Medium
1886,Nikhil Malhotra,33,Female,Single,3,Marketing,1,Sales Executive,1,Travel_Rarely,59140,16,1.0,6.0,4.0,3,1,0.0,2.0,3.0,2,No,3,Medium
1887,Raj Singh,58,Male,Divorced,4,Life Sciences,2,Research Scientist,1,Travel_Rarely,26220,23,0.0,24.0,3.0,6,3,0.0,4.0,2.0,2,No,4,High
1888,Nikhil Patel,31,Female,Married,3,Life Sciences,1,Sales Representative,1,Travel_Rarely,121850,14,0.0,13.0,2.0,7,4,5.0,2.0,3.0,1,No,3,Medium
1889,Raj Jones,35,Male,Married,1,Life Sciences,2,Healthcare Representative,3,Travel_Rarely,106090,22,0.0,10.0,3.0,10,6,0.0,7.0,1.0,2,No,4,High
1890,Olivia Rao,49,Female,Married,2,Life Sciences,2,Sales Executive,2,Travel_Rarely,43450,15,0.0,28.5,3.0,18,10,1.0,7.0,4.0,25,No,3,Low
1891,Akash Mehta,48,Male,Married,4,Medical,2,Research Scientist,1,Travel_Rarely,21770,18,0.0,13.0,4.0,0,0,0.0,0.0,4.0,1,No,3,Medium
1892,Ananya Johnson,31,Female,Married,2,Technical Degree,2,Sales Executive,2,Non-Travel,27930,16,0.0,9.0,4.0,9,5,0.0,0.0,1.0,1,No,3,Medium
1893,Olivia Shah,36,Male,Single,4,Technical Degree,3,Sales Executive,1,Travel_Rarely,79180,12,2.0,8.0,3.0,6,3,0.0,1.0,2.0,2,No,3,Medium
1894,Aryan Sharma,38,Male,Married,3,Other,1,Sales Executive,2,Travel_Rarely,87890,11,2.5,15.0,4.0,15,9,5.0,11.0,1.0,6,No,3,Medium
1895,John Joshi,32,Male,Married,3,Marketing,1,Laboratory Technician,1,Non-Travel,23890,12,1.0,5.0,4.0,3,1,0.0,2.0,6.0,18,No,3,Medium
1896,Ananya Patel,25,Male,Married,2,Life Sciences,2,Sales Executive,1,Travel_Rarely,32120,15,1.0,1.0,3.0,1,0,0.0,0.0,1.0,1,Yes,3,Medium
1897,Divya Agarwal,40,Male,Divorced,4,Medical,2,Research Scientist,2,Travel_Rarely,165835,14,1.0,11.0,3.0,1,0,0.0,0.0,2.0,1,No,3,Low
1898,Sarah Gupta,26,Male,Single,3,Marketing,1,Healthcare Representative,2,Travel_Frequently,22670,19,2.5,7.0,2.0,7,4,0.0,7.0,1.0,11,No,3,Low
1899,Suresh Verma,41,Male,Single,4,Medical,2,Research Scientist,1,Travel_Rarely,165835,13,0.0,20.0,4.5,18,10,2.0,14.5,2.0,1,No,3,Medium
1900,Aarav Verma,36,Female,Single,3,Life Sciences,2,Healthcare Representative,2,Travel_Rarely,24360,13,0.0,16.0,3.0,11,6,3.0,9.0,4.0,9,No,3,Medium
1901,David Thakur,19,Male,Single,3,Life Sciences,2,Research Scientist,2,Travel_Rarely,160640,15,1.0,1.0,3.0,1,0,0.0,0.0,1.0,15,Yes,3,Medium
1902,Zara Sharma,20,Female,Single,3,Life Sciences,2,Laboratory Technician,3,Travel_Rarely,27070,11,0.0,1.0,2.0,1,0,0.0,0.0,1.0,29,Yes,3,Low
1903,Aarav Jones,31,Male,Married,4,Life Sciences,2,Research Director,4,Travel_Rarely,165835,12,0.0,10.0,1.0,9,5,7.5,5.0,0.0,1,No,3,Medium
1904,Ananya Singh,40,Male,Divorced,3,Marketing,1,Research Scientist,1,Travel_Frequently,39310,19,0.0,3.0,2.0,1,0,0.0,0.0,8.0,1,No,3,Medium
1905,Raj Trivedi,32,Male,Married,3,Life Sciences,2,Laboratory Technician,4,Travel_Rarely,37300,25,1.0,8.0,4.0,8,4,6.0,3.0,1.0,24,No,4,High
1906,Dev Rao,36,Male,Married,3,Medical,2,Sales Executive,3,Travel_Rarely,22320,12,1.0,16.0,2.0,16,9,3.0,7.0,1.0,10,Yes,3,Medium
1907,Suresh Rao,33,Female,Single,4,Medical,2,Manufacturing Director,4,Travel_Rarely,44650,13,0.0,6.0,3.0,5,3,1.0,4.0,0.0,1,No,3,Medium
1908,Meera Verma,37,Female,Married,4,Marketing,1,Human Resources,3,Travel_Rarely,30720,14,0.0,17.0,3.0,14,8,7.5,7.0,5.0,10,Yes,3,Low
1909,Pooja Brown,45,Male,Married,1,Life Sciences,2,Sales Executive,2,Non-Travel,33190,12,1.0,9.0,3.0,9,5,0.0,8.0,1.0,8,No,3,Medium
1910,Sara Garcia,29,Male,Married,1,Life Sciences,2,Sales Representative,1,Travel_Frequently,165835,12,0.0,3.0,4.5,3,1,0.0,2.0,1.0,29,No,3,Medium
1911,Anjali Sharma,35,Male,Married,3,Human Resources,3,Laboratory Technician,3,Travel_Rarely,136750,15,2.5,5.0,4.5,5,3,1.0,0.0,1.0,1,No,3,Medium
1912,Riya Patel,52,Male,Married,4,Other,2,Laboratory Technician,1,Travel_Rarely,29110,17,2.0,26.0,3.0,9,5,7.0,8.0,2.0,5,No,3,Medium
1913,Sanjay Garcia,58,Female,Single,2,Medical,1,Sales Executive,4,Travel_Rarely,59570,14,1.0,7.0,2.0,1,0,0.0,0.0,4.0,9,Yes,3,Medium
1914,Kavya Shah,53,Male,Divorced,3,Technical Degree,2,Manager,1,Travel_Rarely,39200,16,1.0,22.0,3.0,17,10,7.5,2.0,6.0,9,No,3,Medium
1915,Suresh Singh,30,Male,Divorced,4,Marketing,1,Sales Executive,1,Travel_Rarely,64340,14,1.0,10.0,3.0,8,4,7.0,7.0,5.0,3,No,3,Medium
1916,Sarah Mehta,38,Male,Single,3,Life Sciences,1,Research Director,2,Non-Travel,100480,23,1.0,6.0,2.0,5,3,1.0,3.0,1.0,4,No,4,High
1917,Zara Agarwal,35,Female,Divorced,2,Life Sciences,1,Healthcare Representative,2,Travel_Rarely,109380,14,2.0,12.0,2.0,10,6,0.0,8.0,6.0,1,No,3,Medium
1918,Arjun Johnson,39,Male,Single,1,Marketing,1,Research Scientist,2,Travel_Rarely,23400,11,1.0,9.0,2.0,8,4,0.0,7.0,0.0,1,No,3,Low
1919,Deepika Thakur,40,Male,Single,4,Life Sciences,2,Human Resources,1,Non-Travel,65450,15,0.0,22.0,2.0,1,0,0.0,0.0,4.0,2,Yes,3,Low
1920,John Miller,47,Male,Divorced,4,Life Sciences,2,Sales Executive,3,Travel_Frequently,69310,11,0.0,20.0,3.0,18,10,2.0,7.0,1.0,7,No,3,Medium
1921,Michael Reddy,36,Male,Divorced,1,Life Sciences,1,Research Scientist,2,Non-Travel,48980,13,1.0,12.0,3.0,7,4,0.0,7.0,4.0,28,No,3,Medium
1922,Rohit Joshi,31,Male,Single,4,Medical,2,Research Scientist,2,Non-Travel,25930,21,0.0,4.0,2.0,3,1,1.0,2.0,0.0,28,Yes,4,High
1923,David Rao,33,Male,Single,3,Other,1,Research Director,4,Non-Travel,165835,19,2.0,10.0,4.0,10,6,6.0,0.0,1.0,15,No,3,Medium
1924,Vivek Malhotra,29,Male,Single,5,Life Sciences,3,Sales Executive,1,Travel_Rarely,27230,11,1.0,3.0,2.0,0,0,0.0,0.0,6.0,3,Yes,3,Medium
1925,Varun Mehta,33,Male,Single,2,Technical Degree,2,Laboratory Technician,2,Travel_Rarely,34790,12,0.0,5.0,3.0,3,1,0.0,2.0,3.0,2,No,3,Medium
1926,Varun Verma,45,Female,Divorced,1,Medical,2,Healthcare Representative,3,Travel_Rarely,27940,19,1.0,8.0,2.0,5,3,0.0,2.0,3.0,26,No,3,Medium
1927,Ananya Malhotra,50,Female,Divorced,1,Life Sciences,1,Manufacturing Director,1,Travel_Rarely,52490,21,2.0,28.5,2.0,5,3,1.0,3.0,8.5,10,No,4,High
1928,Priya Smith,33,Male,Married,3,Marketing,1,Human Resources,2,Travel_Frequently,21760,14,1.0,6.0,2.0,6,3,1.0,2.0,1.0,1,No,3,Medium
1929,Kunal Sharma,41,Male,Divorced,3,Other,1,Laboratory Technician,1,Travel_Frequently,165835,15,1.0,21.0,2.0,18,10,0.0,11.0,2.0,11,No,3,Medium
1930,Karan Pillai,27,Male,Married,4,Other,2,Manufacturing Director,2,Travel_Rarely,34850,17,2.0,4.0,2.0,2,1,2.0,2.0,8.5,20,No,3,Medium
1931,Riya Agarwal,45,Female,Married,3,Medical,1,Sales Executive,1,Non-Travel,66440,12,0.0,9.0,3.0,9,5,0.0,8.0,1.0,2,No,3,Medium
1932,Divya Trivedi,47,Female,Single,4,Medical,1,Research Scientist,2,Travel_Rarely,55820,16,0.0,9.0,3.0,9,5,0.0,7.0,1.0,18,No,3,Medium
1933,Shivam Williams,30,Male,Married,3,Life Sciences,1,Healthcare Representative,2,Travel_Rarely,40000,12,0.0,7.0,4.5,5,3,0.0,1.0,4.0,2,Yes,3,Low
1934,Raj Brown,50,Female,Married,3,Technical Degree,2,Sales Executive,2,Travel_Rarely,134960,18,1.0,22.0,3.0,12,7,1.0,5.0,3.0,1,No,3,Medium
1935,Dev Smith,38,Male,Married,3,Technical Degree,2,Manufacturing Director,1,Travel_Frequently,32100,17,2.0,3.0,4.5,2,1,0.0,2.0,0.0,13,No,3,Medium
1936,Aditya Kumar,46,Female,Divorced,3,Medical,2,Human Resources,3,Travel_Rarely,165835,11,2.5,13.0,2.0,8,4,0.0,7.0,6.0,28,No,3,Medium
1937,Michael Rao,24,Female,Divorced,3,Life Sciences,1,Healthcare Representative,1,Travel_Rarely,118490,16,1.0,5.0,3.0,4,2,3.0,2.0,1.0,28,No,3,Medium
1938,Sara Trivedi,35,Male,Divorced,3,Medical,1,Healthcare Representative,3,Travel_Rarely,20700,13,2.5,5.0,1.0,4,2,0.0,2.0,1.0,24,Yes,3,Low
1939,Suresh Gupta,31,Male,Married,2,Technical Degree,2,Sales Executive,2,Travel_Frequently,65020,12,0.0,4.0,3.0,4,2,0.0,3.0,1.0,5,No,3,Medium
1940,Aryan Verma,18,Male,Single,4,Other,1,Manager,2,Non-Travel,32300,12,1.0,0.0,3.0,0,0,0.0,0.0,1.0,5,No,3,Medium
1941,Michael Mehta,54,Female,Married,3,Medical,1,Laboratory Technician,1,Travel_Rarely,136030,13,1.0,22.0,2.0,10,6,0.0,8.0,8.0,23,No,3,Medium
1942,Rohit Rao,35,Female,Divorced,4,Medical,2,Manufacturing Director,1,Travel_Rarely,119960,19,2.0,16.0,3.0,16,9,7.5,1.0,1.0,6,No,3,Medium
1943,Arjun Pillai,30,Female,Married,3,Life Sciences,2,Healthcare Representative,5,Travel_Rarely,56050,12,1.0,9.0,0.5,8,4,1.0,7.0,0.0,4,No,3,Low
1944,Amit Patel,20,Female,Single,2,Life Sciences,2,Research Scientist,2,Travel_Rarely,63970,17,1.0,1.0,3.0,1,0,0.0,0.0,1.0,2,Yes,3,Medium
1945,Arjun Brown,30,Male,Single,4,Medical,2,Sales Executive,1,Travel_Frequently,165835,11,0.0,4.0,3.0,3,1,1.0,2.0,0.0,8,Yes,3,Medium
1946,Rohit Miller,26,Female,Married,3,Marketing,1,Research Scientist,2,Travel_Rarely,165835,20,0.0,8.0,2.0,8,4,1.0,3.0,1.0,1,No,4,High
1947,Nikhil Mehta,22,Male,Married,3,Other,2,Sales Representative,2,Travel_Rarely,49070,21,1.0,4.0,2.0,4,2,1.0,1.0,1.0,8,No,4,High
1948,Sara Miller,48,Male,Single,4,Medical,3,Sales Executive,2,Travel_Rarely,45540,11,2.0,19.0,3.0,2,1,2.0,2.0,2.0,2,No,3,Medium
1949,Raj Sharma,48,Male,Single,3,Medical,1,Research Director,1,Travel_Rarely,54150,11,1.0,27.0,1.0,15,9,4.0,8.0,7.0,3,No,3,Medium
1950,Karan Miller,41,Male,Single,3,Life Sciences,2,Research Scientist,2,Travel_Rarely,47410,16,0.0,8.0,3.0,2,1,2.0,1.0,6.0,2,No,3,Medium
1951,Raj Miller,39,Male,Married,3,Life Sciences,1,Human Resources,3,Travel_Rarely,21150,18,0.0,21.0,3.0,18,10,7.5,8.0,1.0,2,No,3,Medium
1952,Rahul Sharma,27,Male,Married,3,Life Sciences,2,Human Resources,2,Travel_Rarely,31610,13,2.0,4.0,0.5,3,1,2.0,2.0,0.0,3,No,3,Medium
1953,Michael Williams,35,Male,Divorced,3,Medical,1,Sales Executive,5,Travel_Rarely,57450,17,2.5,3.0,4.0,3,1,1.0,2.0,1.0,24,No,3,Medium
1954,Tanvi Wilson,42,Male,Married,4,Other,2,Research Scientist,1,Travel_Rarely,23730,14,1.0,21.0,3.0,1,0,0.0,0.0,6.0,23,No,3,Medium
1955,Deepika Garcia,50,Male,Married,3,Medical,1,Sales Executive,2,Travel_Rarely,33100,22,1.0,8.0,3.0,1,0,0.0,0.0,4.0,27,No,4,High
1956,Divya Wilson,59,Female,Single,4,Medical,2,Laboratory Technician,5,Travel_Rarely,165835,12,0.0,28.5,3.0,5,3,4.0,3.0,3.0,16,No,3,Medium
1957,Deepika Shah,37,Male,Married,3,Marketing,1,Laboratory Technician,2,Travel_Rarely,44850,11,1.0,15.0,2.0,1,0,0.0,0.0,5.0,15,Yes,3,Low
1958,Vivek Verma,55,Female,Married,2,Life Sciences,2,Sales Executive,2,Travel_Frequently,27890,13,1.0,17.0,2.0,8,4,6.0,7.0,3.0,26,No,3,Medium
1959,Akash Jones,41,Male,Divorced,1,Life Sciences,2,Research Scientist,2,Non-Travel,58280,13,0.0,21.0,0.5,18,10,5.0,10.0,1.0,19,No,3,Medium
1960,Akash Trivedi,38,Female,Single,2,Other,2,Laboratory Technician,1,Travel_Rarely,23260,14,0.0,19.0,3.0,1,0,0.0,0.0,8.0,24,No,3,Medium
1961,Emma Trivedi,26,Female,Single,1,Life Sciences,2,Manufacturing Director,1,Non-Travel,135250,17,1.0,7.0,4.0,2,1,2.0,2.0,8.0,21,Yes,3,Low
1962,Priya Pillai,52,Female,Married,4,Medical,2,Human Resources,4,Travel_Rarely,14200,13,1.0,28.5,2.0,18,10,6.0,9.0,1.0,5,Yes,3,Medium
1963,Shivam Thakur,44,Female,Married,3,Life Sciences,2,Healthcare Representative,1,Travel_Rarely,80200,11,1.0,23.0,2.0,12,7,7.5,11.0,3.0,16,No,3,Medium
1964,Rahul Singh,50,Male,Married,2,Life Sciences,3,Laboratory Technician,1,Non-Travel,36880,11,0.0,19.0,3.0,18,10,0.0,13.0,0.0,2,No,3,Medium
1965,Sneha Johnson,36,Male,Single,4,Technical Degree,1,Sales Executive,4,Travel_Rarely,54820,18,0.0,18.0,3.0,17,10,7.5,14.0,1.0,2,Yes,3,Medium
1966,Tanvi Verma,39,Male,Single,3,Marketing,1,Sales Executive,1,Travel_Frequently,160150,11,0.0,21.0,3.0,18,10,2.0,8.0,1.0,11,No,3,Medium
1967,Tanvi Johnson,33,Male,Single,2,Technical Degree,1,Sales Representative,5,Non-Travel,12000,11,1.0,3.0,3.0,2,1,2.0,2.0,0.0,9,No,3,Medium
1968,Aryan Jones,45,Male,Married,2,Other,2,Human Resources,1,Travel_Rarely,56610,12,0.0,26.0,2.0,9,5,1.0,1.0,3.0,7,No,3,Medium
1969,Raj Rao,32,Male,Single,3,Medical,2,Manager,2,Non-Travel,69290,20,0.0,10.0,4.5,8,4,7.0,7.0,8.5,15,No,4,High
1970,Varun Reddy,34,Male,Divorced,4,Marketing,1,Research Director,2,Travel_Rarely,96130,12,1.0,16.0,4.5,15,9,0.0,9.0,0.0,6,No,3,Medium
1971,Riya Joshi,59,Male,Married,3,Life Sciences,2,Research Scientist,2,Travel_Rarely,56740,12,0.0,14.0,4.5,6,3,0.0,4.0,3.0,5,No,3,Medium
1972,David Wilson,45,Male,Single,1,Medical,2,Sales Executive,2,Travel_Rarely,54840,20,2.5,6.0,4.5,6,3,0.0,4.0,1.0,16,No,4,High
1973,Anjali Johnson,53,Male,Married,2,Medical,1,Research Scientist,2,Travel_Frequently,120610,20,1.0,28.5,2.0,15,9,6.0,12.0,2.0,8,No,4,High
1974,Aditya Nair,36,Female,Divorced,2,Life Sciences,2,Research Scientist,1,Travel_Rarely,56600,12,0.0,9.0,3.0,1,0,0.0,0.0,7.0,7,Yes,3,Low
1975,John Patel,26,Male,Married,3,Life Sciences,1,Research Scientist,2,Travel_Frequently,48210,14,2.0,6.0,2.0,3,1,1.0,2.0,6.0,2,Yes,3,Low
1976,Meera Mehta,34,Male,Married,2,Life Sciences,2,Sales Representative,1,Travel_Rarely,64100,13,1.0,1.0,4.5,1,0,0.0,0.0,1.0,2,No,3,Medium
1977,Varun Rao,28,Male,Married,3,Other,2,Sales Representative,2,Travel_Rarely,52100,15,0.0,1.0,1.0,1,0,0.0,0.0,1.0,10,No,3,Medium
1978,Sanjay Miller,38,Male,Married,4,Medical,1,Research Scientist,2,Travel_Frequently,26950,14,1.0,8.0,4.0,2,1,2.0,2.0,3.0,9,No,3,Medium
1979,Raj Johnson,50,Male,Married,4,Life Sciences,2,Sales Executive,1,Travel_Rarely,118780,13,1.0,28.5,2.0,8,4,7.0,7.0,2.0,5,No,3,Medium
1980,Ananya Mehta,37,Male,Single,3,Life Sciences,2,Laboratory Technician,1,Travel_Rarely,165835,23,0.0,8.0,4.5,4,2,0.0,1.0,3.0,1,No,4,High
1981,Emma Jones,40,Male,Married,3,Medical,3,Sales Executive,5,Travel_Rarely,24550,15,1.0,8.0,2.0,7,4,7.0,5.0,1.0,2,No,3,Low
1982,Sneha Nair,26,Male,Divorced,3,Medical,2,Laboratory Technician,2,Travel_Frequently,139640,11,2.0,5.0,1.0,5,3,1.0,3.0,1.0,3,No,3,Low
1983,Deepika Jones,46,Female,Divorced,1,Medical,2,Research Scientist,3,Travel_Rarely,49410,13,2.0,23.0,2.0,2,1,2.0,2.0,8.5,2,No,3,Medium
1984,Vivek Gupta,54,Female,Married,3,Medical,2,Manufacturing Director,2,Travel_Rarely,24780,11,0.0,13.0,0.5,9,5,7.0,0.0,6.0,5,No,3,Medium
1985,Sanjay Trivedi,56,Female,Married,2,Life Sciences,2,Manufacturing Director,2,Travel_Frequently,52280,11,0.0,18.0,4.0,5,3,0.0,3.0,2.0,1,No,3,Medium
1986,Priya Miller,36,Female,Single,2,Life Sciences,2,Human Resources,2,Travel_Rarely,44780,18,1.0,15.0,3.0,14,8,7.0,8.0,0.0,4,No,3,Medium
1987,Anjali Gupta,55,Female,Single,3,Medical,2,Manager,2,Non-Travel,75470,16,0.0,28.5,2.0,9,5,6.0,2.0,7.0,2,No,3,Medium
1988,Ananya Smith,43,Male,Divorced,2,Life Sciences,1,Research Scientist,3,Travel_Rarely,50550,22,0.0,18.0,2.0,1,0,0.0,0.0,5.0,25,No,4,High
1989,Shivam Wilson,20,Male,Single,3,Marketing,1,Sales Executive,3,Travel_Frequently,34640,20,0.0,2.0,3.0,2,1,0.0,2.0,1.0,8,Yes,4,High
1990,Riya Singh,21,Male,Single,4,Life Sciences,2,Manager,1,Travel_Rarely,57750,18,0.0,1.0,2.0,1,0,1.0,0.0,1.0,1,Yes,3,Low
1991,Pooja Kumar,46,Female,Divorced,3,Marketing,1,Healthcare Representative,3,Travel_Rarely,89430,12,1.0,19.0,4.5,16,9,1.0,7.0,8.0,12,No,3,Medium
1992,Sneha Agarwal,51,Female,Married,3,Medical,1,Research Scientist,2,Travel_Rarely,165835,20,0.0,18.0,2.0,10,6,2.0,7.0,8.5,23,Yes,4,High
1993,Emily Malhotra,28,Female,Single,4,Life Sciences,2,Laboratory Technician,4,Non-Travel,52380,17,1.0,10.0,4.0,10,6,1.0,9.0,1.0,19,Yes,3,Low
1994,Karan Verma,26,Female,Married,4,Medical,2,Sales Executive,2,Travel_Rarely,46820,11,1.0,6.0,3.0,5,3,1.0,3.0,1.0,5,No,3,Low
1995,Neha Rao,30,Female,Married,3,Medical,2,Sales Executive,1,Travel_Rarely,165835,14,0.0,7.0,4.5,6,3,0.0,2.0,0.0,8,No,3,Low
1996,Vikram Johnson,41,Female,Married,4,Life Sciences,1,Research Director,1,Travel_Rarely,52570,14,0.0,10.0,2.0,10,6,0.0,8.0,1.0,1,No,3,Medium
1997,Arjun Joshi,38,Male,Married,3,Technical Degree,2,Sales Executive,1,Travel_Rarely,63490,11,0.0,20.0,3.0,18,10,1.0,9.0,2.0,5,No,3,Medium
1998,Rahul Malhotra,40,Male,Married,4,Marketing,1,Sales Executive,1,Travel_Rarely,48690,12,0.0,14.0,2.0,11,6,7.5,1.0,4.0,1,No,3,Medium
1999,Aditya Jones,27,Female,Married,3,Technical Degree,1,Laboratory Technician,2,Non-Travel,99850,14,1.0,3.0,3.0,3,1,1.0,2.0,1.0,11,No,3,Low
2000,Varun Shah,55,Male,Married,5,Life Sciences,2,Laboratory Technician,3,Travel_Frequently,36970,13,1.0,23.0,1.0,3,1,1.0,2.0,3.0,23,No,3,Medium
2001,Karan Jones,28,Male,Single,3,Life Sciences,2,Healthcare Representative,2,Travel_Rarely,74570,11,2.0,10.0,1.0,8,4,1.0,7.0,3.0,1,No,3,Medium
2002,Aditya Rao,44,Female,Married,4,Life Sciences,2,Sales Executive,2,Travel_Rarely,21190,15,0.0,24.0,3.0,18,10,3.0,6.0,8.5,18,Yes,3,Low
2003,Zara Miller,33,Female,Divorced,4,Marketing,1,Sales Executive,4,Travel_Rarely,39830,12,0.0,9.0,3.0,3,1,1.0,2.0,4.0,23,No,3,Medium
2004,Divya Agarwal,35,Male,Single,4,Life Sciences,1,Sales Representative,3,Travel_Rarely,61180,21,1.0,9.0,3.0,8,4,4.0,7.0,0.0,7,Yes,4,High
2005,Deepika Kumar,33,Female,Single,2,Life Sciences,2,Sales Executive,1,Travel_Frequently,62140,19,2.0,14.0,3.0,13,7,3.0,8.0,1.0,1,Yes,3,Medium
2006,Kunal Garcia,28,Male,Divorced,1,Human Resources,3,Research Scientist,2,Travel_Rarely,63470,15,1.0,4.0,2.0,4,2,2.0,2.0,1.0,1,No,3,Low
2007,Suresh Reddy,34,Male,Single,4,Marketing,1,Research Scientist,1,Travel_Frequently,115100,14,1.0,7.0,4.5,6,3,0.0,4.0,0.0,29,No,3,Medium
2008,Ishaan Singh,37,Male,Divorced,4,Life Sciences,2,Sales Executive,4,Travel_Rarely,71430,21,0.0,8.0,4.5,1,0,0.0,0.0,2.0,7,No,4,High
2009,Gaurav Singh,25,Female,Married,4,Human Resources,3,Research Scientist,2,Travel_Rarely,82680,12,0.0,7.0,3.0,7,4,5.0,6.0,1.0,25,Yes,3,Medium
2010,Deepika Smith,26,Male,Divorced,2,Marketing,1,Sales Executive,2,Travel_Rarely,80950,15,0.0,1.0,3.0,1,0,0.0,0.0,1.0,8,Yes,3,Medium
2011,Anjali Verma,33,Male,Single,2,Life Sciences,2,Manufacturing Director,4,Travel_Rarely,29040,13,0.0,5.0,2.0,2,1,2.0,2.0,4.0,8,Yes,3,Low
2012,Riya Joshi,42,Male,Married,1,Life Sciences,2,Research Scientist,4,Travel_Rarely,60320,14,0.0,23.0,2.0,18,10,7.5,7.0,0.0,11,No,3,Medium
2013,Pooja Singh,28,Male,Divorced,3,Life Sciences,2,Manager,2,Travel_Frequently,29760,14,0.0,1.0,3.0,1,0,0.0,0.0,1.0,7,Yes,3,Low
2014,Dev Rao,50,Male,Single,4,Medical,2,Research Scientist,2,Travel_Frequently,159920,14,0.0,5.0,3.0,0,0,0.0,0.0,3.0,1,Yes,3,Medium
2015,Suresh Pillai,33,Female,Married,3,Medical,1,Research Scientist,2,Travel_Frequently,46490,12,0.0,4.0,2.0,3,1,0.0,2.0,0.0,9,No,3,Medium
2016,Riya Shah,34,Female,Married,1,Marketing,1,Research Director,2,Non-Travel,26960,23,0.0,6.0,3.0,0,0,0.0,0.0,3.0,1,No,4,High
2017,Gaurav Gupta,48,Male,Single,1,Life Sciences,1,Sales Executive,2,Non-Travel,23700,11,0.0,27.0,3.0,5,3,2.0,1.0,2.0,2,No,3,Medium
2018,Nikhil Sharma,45,Female,Married,3,Medical,2,Human Resources,2,Non-Travel,125040,12,1.0,15.0,2.0,15,9,4.0,12.0,1.0,1,No,3,Medium
2019,Suresh Trivedi,52,Male,Single,3,Life Sciences,1,Sales Executive,1,Travel_Rarely,59740,18,1.0,18.0,4.5,8,4,4.0,0.0,7.0,1,No,3,Medium
2020,Karan Nair,38,Male,Divorced,2,Medical,2,Research Scientist,1,Travel_Rarely,47360,11,1.0,9.0,3.0,8,4,2.0,7.0,0.0,6,No,3,Medium
2021,Kavya Agarwal,29,Female,Divorced,3,Medical,2,Research Scientist,4,Travel_Rarely,52960,14,0.0,11.0,3.0,7,4,1.0,7.0,4.0,8,No,3,Medium
2022,Vikram Kumar,28,Female,Divorced,3,Human Resources,3,Laboratory Technician,4,Travel_Rarely,67810,15,1.0,10.0,2.0,9,5,1.0,7.0,0.0,1,No,3,Medium
2023,Neha Sharma,46,Male,Married,4,Medical,2,Sales Executive,3,Travel_Rarely,21740,11,1.0,23.0,3.0,12,7,4.0,9.0,3.0,6,No,3,Medium
2024,Pooja Gupta,38,Male,Single,4,Medical,2,Sales Executive,1,Travel_Rarely,66530,20,1.0,10.0,2.0,1,0,0.0,0.0,7.0,7,No,4,High
2025,Kavya Rao,43,Female,Married,3,Medical,2,Laboratory Technician,2,Travel_Frequently,96990,19,1.0,18.0,3.0,8,4,0.0,1.0,8.0,5,No,3,Medium
2026,Karan Nair,39,Male,Divorced,3,Marketing,1,Healthcare Representative,2,Travel_Frequently,67550,14,1.0,21.0,2.0,18,10,7.5,5.0,7.0,1,Yes,3,Medium
2027,Vikram Brown,40,Male,Single,1,Life Sciences,2,Healthcare Representative,1,Travel_Rarely,22130,17,0.0,21.0,4.0,18,10,4.0,9.0,1.0,1,No,3,Medium
2028,Aarav Nair,21,Female,Single,4,Life Sciences,2,Research Scientist,1,Travel_Rarely,26100,11,1.0,2.0,3.0,2,1,2.0,2.0,1.0,1,No,3,Medium
2029,Emily Shah,39,Male,Single,3,Life Sciences,2,Laboratory Technician,1,Non-Travel,28510,15,0.0,9.0,2.0,5,3,0.0,3.0,8.5,6,No,3,Medium
2030,Deepika Thakur,36,Male,Single,3,Medical,2,Sales Representative,3,Non-Travel,34520,13,2.5,18.0,4.0,11,6,0.0,9.0,2.0,1,No,3,Medium
2031,Arjun Sharma,31,Male,Married,3,Life Sciences,2,Sales Executive,1,Travel_Frequently,52580,14,2.5,3.0,4.5,2,1,2.0,2.0,0.0,7,No,3,Medium
2032,Shivam Reddy,28,Male,Married,4,Marketing,1,Sales Executive,1,Travel_Rarely,93550,11,0.0,6.0,4.0,5,3,0.0,4.0,0.0,2,No,3,Low
2033,Vikram Malhotra,35,Female,Divorced,2,Other,2,Manufacturing Director,1,Travel_Frequently,104960,13,1.0,5.0,2.0,5,3,0.0,2.0,1.0,9,No,3,Medium
2034,Emily Pillai,49,Female,Married,2,Medical,1,Sales Executive,1,Travel_Rarely,63800,23,1.0,22.0,1.0,9,5,2.0,3.0,6.0,2,No,4,High
2035,Varun Kumar,34,Male,Single,1,Technical Degree,1,Sales Executive,2,Travel_Frequently,26570,13,1.0,5.0,3.0,3,1,0.0,2.0,2.0,9,No,3,Medium
2036,Ananya Williams,29,Male,Divorced,4,Medical,2,Research Scientist,3,Travel_Frequently,27160,18,0.0,8.0,2.0,7,4,1.0,1.0,0.0,1,No,3,Low
2037,James Miller,42,Female,Single,2,Life Sciences,1,Healthcare Representative,1,Travel_Rarely,22010,12,1.0,16.0,3.0,1,0,0.0,0.0,4.0,21,No,3,Medium
2038,Karan Sharma,29,Female,Married,2,Other,1,Healthcare Representative,2,Travel_Rarely,65400,22,0.0,10.0,2.0,10,6,1.0,2.0,1.0,4,No,4,High
2039,Olivia Trivedi,38,Female,Married,3,Medical,2,Human Resources,1,Travel_Rarely,38160,13,2.0,7.0,2.0,7,4,5.0,0.0,1.0,1,No,3,Medium
2040,Divya Williams,28,Male,Divorced,4,Life Sciences,1,Manager,1,Travel_Frequently,52530,15,0.0,3.0,2.0,3,1,0.0,2.0,1.0,6,No,3,Medium
2041,Sarah Joshi,18,Male,Single,4,Medical,2,Laboratory Technician,3,Non-Travel,109650,18,0.0,0.0,4.5,0,0,0.0,0.0,1.0,2,Yes,3,Medium
2042,Vivek Williams,33,Male,Single,2,Life Sciences,2,Sales Executive,1,Travel_Rarely,49360,14,0.0,6.0,2.0,5,3,0.0,3.0,0.0,3,Yes,3,Low
2043,Rahul Trivedi,41,Male,Married,2,Medical,2,Research Scientist,2,Travel_Rarely,25430,12,0.0,6.0,3.0,1,0,0.0,0.0,3.0,4,No,3,Medium
2044,Gaurav Miller,31,Female,Married,3,Technical Degree,1,Research Director,1,Travel_Frequently,53040,17,0.0,2.0,3.0,2,1,2.0,2.0,1.0,10,Yes,3,Medium
2045,Olivia Wilson,37,Male,Divorced,3,Life Sciences,2,Manufacturing Director,3,Travel_Rarely,165835,16,1.0,9.0,2.0,6,3,1.0,3.0,7.0,23,No,3,Medium
2046,Varun Verma,27,Female,Married,2,Medical,2,Healthcare Representative,1,Travel_Rarely,42600,11,2.0,4.0,2.0,4,2,2.0,2.0,1.0,6,No,3,Medium
2047,Kunal Rao,34,Female,Married,1,Marketing,1,Laboratory Technician,2,Travel_Rarely,24760,19,0.0,6.0,2.0,6,3,1.0,3.0,1.0,1,No,3,Medium
2048,John Shah,35,Female,Single,3,Life Sciences,2,Laboratory Technician,3,Travel_Rarely,31020,13,1.0,6.0,3.0,5,3,1.0,4.0,1.0,6,No,3,Low
2049,Riya Singh,29,Male,Married,3,Life Sciences,2,Sales Executive,1,Travel_Rarely,22440,12,2.5,11.0,4.5,11,6,3.0,10.0,1.0,6,Yes,3,Low
2050,Zara Malhotra,40,Male,Single,4,Medical,2,Human Resources,4,Travel_Frequently,75960,11,0.0,20.0,0.5,18,10,2.0,13.0,8.5,2,No,3,Low
2051,Amit Wilson,42,Male,Single,4,Life Sciences,1,Laboratory Technician,1,Travel_Frequently,22850,16,0.0,22.0,3.0,18,10,7.5,14.0,0.0,2,Yes,3,Low
2052,Deepika Sharma,42,Male,Single,2,Life Sciences,2,Laboratory Technician,4,Travel_Rarely,30340,21,1.0,9.0,3.0,6,3,1.0,5.0,7.0,1,No,4,High
2053,Amit Rao,35,Male,Married,3,Medical,2,Healthcare Representative,1,Travel_Rarely,57150,24,2.0,10.0,0.5,8,4,1.0,7.0,6.0,5,No,4,High
2054,Ananya Jones,24,Female,Single,4,Life Sciences,1,Laboratory Technician,1,Travel_Rarely,25760,17,2.5,6.0,3.0,4,2,1.0,2.0,8.0,7,No,3,Medium
2055,Raj Malhotra,28,Male,Married,4,Life Sciences,2,Sales Executive,2,Travel_Rarely,41970,13,0.0,1.0,3.0,1,0,0.0,0.0,1.0,15,Yes,3,Medium
2056,Aarav Rao,26,Male,Married,4,Life Sciences,2,Sales Representative,2,Travel_Rarely,143360,21,1.0,8.0,3.0,8,4,0.0,7.0,1.0,1,No,4,High
2057,Arjun Wilson,30,Female,Married,2,Life Sciences,2,Manufacturing Director,1,Travel_Rarely,34480,11,0.0,10.0,3.0,10,6,1.0,4.0,1.0,7,No,3,Medium
2058,Ishaan Rao,40,Male,Married,4,Life Sciences,2,Research Scientist,2,Travel_Frequently,165835,20,2.5,16.0,2.0,1,0,0.0,0.0,3.0,26,No,4,High
2059,Aarav Singh,35,Female,Divorced,5,Medical,2,Research Scientist,2,Travel_Rarely,65380,16,1.0,15.0,3.0,7,4,6.0,4.0,2.0,18,No,3,Medium
2060,Deepika Verma,34,Male,Single,2,Life Sciences,2,Research Director,1,Travel_Frequently,43060,11,0.0,14.0,2.0,13,7,4.0,9.0,0.0,6,No,3,Medium
2061,Varun Miller,35,Female,Married,3,Medical,2,Laboratory Technician,2,Travel_Frequently,22580,11,1.0,2.0,2.0,2,1,2.0,2.0,1.0,3,No,3,Medium
2062,Olivia Gupta,43,Female,Single,3,Marketing,1,Research Scientist,3,Travel_Rarely,45220,15,1.0,7.0,3.0,4,2,1.0,3.0,8.0,5,Yes,3,Low
2063,Vivek Reddy,32,Female,Divorced,2,Other,2,Research Scientist,2,Non-Travel,44870,11,0.0,1.0,4.5,1,0,0.0,0.0,1.0,11,No,3,Low
2064,Aditya Kumar,56,Male,Divorced,2,Other,2,Healthcare Representative,2,Travel_Rarely,44490,15,0.0,28.0,3.0,5,3,4.0,2.0,4.0,3,No,3,Low
2065,Riya Pillai,29,Male,Married,1,Life Sciences,2,Laboratory Technician,1,Travel_Rarely,22180,24,1.0,10.0,1.0,10,6,0.0,8.0,1.0,26,No,4,High
2066,Aarav Miller,19,Male,Single,4,Life Sciences,2,Laboratory Technician,2,Travel_Rarely,165835,12,0.0,1.0,2.0,1,0,0.0,0.0,1.0,23,No,3,Medium
2067,Varun Reddy,45,Female,Married,3,Life Sciences,2,Sales Representative,2,Travel_Rarely,132120,13,0.0,7.0,4.0,3,1,0.0,2.0,4.0,22,No,3,Low
2068,Olivia Wilson,37,Male,Married,4,Life Sciences,2,Research Scientist,3,Travel_Rarely,65770,13,0.0,14.0,1.0,14,8,3.0,11.0,1.0,14,No,3,Medium
2069,John Gupta,20,Male,Single,3,Medical,2,Research Director,5,Travel_Rarely,83920,17,0.0,2.0,4.5,2,1,1.0,2.0,1.0,6,No,3,Low
2070,Michael Reddy,44,Male,Single,2,Human Resources,3,Sales Executive,3,Travel_Rarely,45580,13,1.0,6.0,2.0,6,3,0.0,2.0,1.0,6,Yes,3,Medium
2071,Varun Jones,53,Male,Divorced,4,Life Sciences,2,Research Director,1,Travel_Rarely,40310,12,1.0,26.0,3.0,7,4,4.0,7.0,3.0,6,No,3,Medium
2072,Aryan Rao,29,Male,Married,3,Medical,2,Sales Executive,1,Travel_Rarely,79690,14,0.0,6.0,3.0,5,3,1.0,3.0,0.0,23,No,3,Medium
2073,Anjali Gupta,22,Male,Married,4,Medical,2,Sales Representative,1,Travel_Frequently,26540,24,0.0,1.0,4.5,0,0,0.0,0.0,0.0,22,Yes,4,High
2074,Neha Jones,46,Male,Married,3,Life Sciences,2,Research Scientist,2,Travel_Rarely,165550,14,2.0,28.0,4.0,18,10,7.5,9.0,8.0,2,No,3,Medium
2075,Michael Nair,44,Male,Single,3,Life Sciences,2,Sales Representative,1,Non-Travel,45560,13,0.0,6.0,4.0,0,0,0.0,0.0,2.0,20,No,3,Medium
2076,Kavya Shah,33,Female,Married,4,Life Sciences,2,Manager,1,Travel_Rarely,60910,15,0.0,5.0,4.5,5,3,1.0,4.0,1.0,28,No,3,Low
2077,David Wilson,41,Male,Divorced,3,Life Sciences,2,Sales Representative,2,Non-Travel,165835,16,0.0,5.0,2.0,1,0,0.0,0.0,6.0,12,Yes,3,Low
2078,Dev Patel,30,Male,Divorced,3,Marketing,1,Sales Executive,3,Travel_Rarely,48100,18,0.0,8.0,3.0,4,2,0.0,3.0,8.0,20,No,3,Low
2079,Tanvi Joshi,40,Male,Married,3,Medical,1,Manufacturing Director,1,Travel_Frequently,45230,16,1.0,5.0,4.5,0,0,0.0,0.0,5.0,9,No,3,Medium
2080,Deepika Sharma,50,Female,Married,4,Life Sciences,2,Healthcare Representative,2,Travel_Frequently,32020,24,1.0,28.5,2.0,2,1,2.0,2.0,2.0,25,No,4,High
2081,Neha Nair,28,Male,Married,3,Technical Degree,2,Research Scientist,2,Travel_Rarely,23510,16,0.0,6.0,4.0,6,3,3.0,3.0,1.0,6,No,3,Medium
2082,Rohit Mehta,46,Male,Married,4,Other,2,Manager,3,Travel_Rarely,17020,21,0.0,25.0,2.0,4,2,0.0,3.0,5.0,8,No,4,High
2083,Tanvi Smith,35,Male,Married,4,Marketing,1,Laboratory Technician,1,Travel_Rarely,165835,20,1.0,15.0,3.0,7,4,1.0,7.0,3.0,4,No,4,High
2084,Pooja Patel,24,Male,Married,4,Human Resources,3,Manufacturing Director,3,Travel_Rarely,28860,19,1.0,1.0,4.5,1,0,0.0,0.0,1.0,28,Yes,3,Medium
2085,Rahul Agarwal,33,Female,Married,2,Medical,2,Sales Executive,1,Travel_Frequently,20970,14,2.0,10.0,4.5,10,6,0.0,1.0,1.0,9,No,3,Low
2086,Meera Gupta,36,Male,Divorced,2,Medical,2,Sales Executive,2,Travel_Rarely,119350,11,2.5,7.0,4.5,7,4,1.0,7.0,1.0,9,No,3,Medium
2087,Rahul Malhotra,30,Male,Divorced,3,Marketing,1,Sales Executive,1,Travel_Rarely,25460,14,1.0,10.0,2.0,10,6,7.5,9.0,1.0,29,No,3,Medium
2088,Neha Malhotra,44,Male,Single,4,Medical,2,Research Scientist,2,Travel_Rarely,25640,12,2.5,20.0,3.0,18,10,7.5,14.5,1.0,3,No,3,Medium
2089,Karan Smith,20,Male,Single,4,Medical,2,Human Resources,1,Travel_Rarely,84120,13,0.0,2.0,2.0,2,1,2.0,2.0,1.0,18,No,3,Medium
2090,Pooja Rao,46,Female,Divorced,1,Medical,1,Sales Executive,1,Travel_Rarely,141180,22,0.0,12.0,3.0,6,3,1.0,4.0,2.0,9,No,4,High
2091,Sneha Nair,42,Male,Married,4,Medical,2,Sales Executive,5,Non-Travel,165835,11,0.0,10.0,3.0,4,2,0.0,3.0,7.0,5,No,3,Medium
2092,Ananya Jones,60,Male,Divorced,2,Life Sciences,1,Sales Executive,2,Travel_Rarely,25640,14,1.0,12.0,3.0,11,6,1.0,9.0,0.0,2,No,3,Medium
2093,Akash Thakur,32,Female,Married,3,Life Sciences,1,Sales Executive,1,Travel_Frequently,102660,11,0.0,2.0,3.0,2,1,2.0,2.0,1.0,10,No,3,Medium
2094,Gaurav Mehta,32,Female,Single,3,Life Sciences,2,Research Scientist,2,Travel_Frequently,50700,12,1.0,10.0,4.5,8,4,0.0,7.0,4.0,9,No,3,Medium
2095,Aditya Garcia,36,Male,Divorced,2,Marketing,1,Healthcare Representative,4,Travel_Rarely,165835,18,0.0,17.0,2.0,7,4,7.0,7.0,2.0,3,No,3,Low
2096,Nikhil Malhotra,33,Male,Married,2,Marketing,1,Research Scientist,1,Travel_Rarely,42300,12,0.0,15.0,0.5,14,8,4.0,10.0,0.0,26,No,3,Medium
2097,Varun Sharma,40,Female,Divorced,3,Medical,2,Research Scientist,2,Travel_Rarely,37800,12,0.0,7.0,2.0,5,3,1.0,3.0,7.0,1,No,3,Low
2098,Rohit Reddy,25,Female,Single,2,Medical,2,Laboratory Technician,1,Travel_Rarely,27680,22,1.0,5.0,0.5,4,2,1.0,1.0,0.0,6,No,4,High
2099,Riya Singh,30,Female,Married,3,Marketing,1,Research Scientist,1,Travel_Rarely,90710,19,1.0,12.0,2.0,11,6,5.0,7.0,0.0,9,No,3,Medium
2100,Emma Mehta,42,Male,Married,2,Medical,3,Sales Executive,1,Travel_Frequently,106480,13,1.0,20.0,1.0,1,0,0.0,0.0,3.0,8,No,3,Low
2101,Suresh Johnson,35,Male,Married,1,Life Sciences,2,Sales Executive,2,Non-Travel,136100,22,2.0,16.0,4.0,13,7,4.0,12.0,4.0,1,No,4,High
2102,Kavya Singh,27,Male,Married,3,Life Sciences,2,Manufacturing Director,3,Travel_Rarely,34080,24,0.0,9.0,2.0,9,5,6.0,8.0,1.0,7,No,4,High
2103,Ishaan Brown,54,Male,Divorced,2,Medical,2,Sales Representative,2,Travel_Frequently,29830,14,1.0,28.5,2.0,5,3,1.0,4.0,7.0,9,No,3,Medium
2104,Sarah Miller,44,Male,Married,4,Life Sciences,3,Laboratory Technician,5,Travel_Rarely,76320,21,0.0,10.0,3.0,10,6,7.0,7.0,1.0,4,No,4,High
2105,Dev Trivedi,19,Male,Single,2,Other,1,Healthcare Representative,3,Non-Travel,98240,18,0.0,1.0,2.0,1,0,0.0,0.0,1.0,2,Yes,3,Medium
2106,Arjun Smith,29,Male,Divorced,4,Life Sciences,2,Manufacturing Director,1,Travel_Rarely,99500,20,0.0,3.0,3.0,3,1,1.0,2.0,1.0,19,No,4,High
2107,Neha Smith,54,Male,Married,4,Life Sciences,2,Sales Executive,2,Travel_Rarely,20930,19,0.0,28.5,2.0,10,6,0.0,9.0,3.0,9,No,3,Medium
2108,Suresh Wilson,31,Male,Married,3,Life Sciences,2,Laboratory Technician,2,Travel_Rarely,99800,12,0.0,6.0,1.0,6,3,0.0,1.0,1.0,21,No,3,Low
2109,Rahul Malhotra,31,Female,Single,1,Marketing,1,Sales Executive,1,Travel_Rarely,38940,12,0.0,10.0,3.0,10,6,1.0,8.0,1.0,24,No,3,Medium
2110,Raj Patel,59,Male,Single,4,Technical Degree,2,Research Scientist,1,Travel_Rarely,40510,16,2.5,13.0,3.0,6,3,0.0,5.0,5.0,3,No,3,Medium
2111,Ananya Reddy,43,Male,Married,2,Life Sciences,2,Laboratory Technician,3,Travel_Rarely,165835,17,1.0,25.0,3.0,8,4,0.0,7.0,3.0,11,No,3,Medium
2112,James Shah,49,Male,Married,4,Life Sciences,1,Research Scientist,2,Travel_Rarely,62300,14,0.0,23.0,2.0,1,0,0.0,0.0,2.0,14,No,3,Medium
2113,Vivek Patel,36,Female,Married,2,Marketing,1,Laboratory Technician,1,Travel_Frequently,47170,19,1.0,12.0,3.0,11,6,0.0,7.0,1.0,5,No,3,Medium
2114,Pooja Trivedi,48,Female,Single,4,Life Sciences,2,Laboratory Technician,2,Travel_Rarely,132370,13,1.0,7.0,2.0,1,0,0.0,0.0,5.0,1,No,3,Medium
2115,Kavya Sharma,27,Male,Divorced,4,Life Sciences,2,Laboratory Technician,2,Travel_Rarely,37550,19,0.0,5.0,2.0,5,3,0.0,3.0,1.0,6,No,3,Medium
2116,Amit Miller,29,Male,Divorced,4,Medical,1,Laboratory Technician,1,Travel_Rarely,65820,19,1.0,6.0,3.0,6,3,1.0,0.0,1.0,17,No,3,Medium
2117,Sara Gupta,48,Male,Single,1,Marketing,1,Manufacturing Director,2,Travel_Rarely,74060,14,2.0,25.0,2.0,1,0,0.0,0.0,6.0,1,No,3,Medium
2118,Gaurav Sharma,29,Female,Divorced,3,Technical Degree,2,Healthcare Representative,2,Travel_Rarely,48050,16,1.0,9.0,2.0,7,4,1.0,7.0,3.0,3,No,3,Medium
2119,Emma Kumar,34,Female,Married,4,Medical,1,Laboratory Technician,2,Travel_Rarely,27410,15,1.0,2.0,3.0,1,0,0.0,0.0,0.0,9,No,3,Medium
2120,Vikram Gupta,44,Female,Married,3,Life Sciences,2,Laboratory Technician,1,Travel_Rarely,42620,18,0.0,26.0,2.0,18,10,3.0,10.0,7.0,4,No,3,Medium
2121,Kavya Gupta,33,Female,Divorced,2,Life Sciences,2,Research Scientist,2,Travel_Rarely,161840,13,1.0,10.0,2.0,9,5,0.0,8.0,0.0,8,No,3,Medium
2122,James Sharma,19,Male,Single,4,Marketing,1,Laboratory Technician,3,Travel_Rarely,115570,22,0.0,1.0,0.5,1,0,0.0,1.0,1.0,2,No,4,High
2123,Kunal Gupta,23,Male,Married,3,Medical,1,Laboratory Technician,3,Travel_Rarely,18780,13,1.0,1.0,2.0,1,0,0.0,1.0,1.0,2,No,3,Medium
2124,Gaurav Patel,25,Male,Single,1,Life Sciences,2,Manufacturing Director,1,Travel_Frequently,109320,11,1.0,1.0,3.0,1,0,1.0,0.0,1.0,1,Yes,3,Medium
2125,David Nair,26,Male,Single,3,Life Sciences,3,Research Scientist,2,Travel_Rarely,68110,11,1.0,8.0,4.0,8,4,2.0,2.0,1.0,9,No,3,Medium
2126,Neha Nair,45,Male,Single,3,Human Resources,3,Laboratory Technician,2,Travel_Rarely,43060,11,2.0,26.0,3.0,18,10,1.0,11.0,2.0,12,Yes,3,Low
2127,Olivia Malhotra,55,Female,Divorced,3,Life Sciences,2,Manager,2,Non-Travel,48590,24,1.0,28.5,3.0,18,10,7.5,0.0,1.0,27,No,4,High
2128,Kavya Malhotra,21,Female,Single,2,Medical,2,Research Scientist,4,Travel_Frequently,53370,14,1.0,2.0,2.0,2,1,2.0,2.0,1.0,20,Yes,3,Low
2129,Kavya Kumar,46,Male,Married,4,Life Sciences,2,Manufacturing Director,1,Travel_Rarely,23400,13,1.0,26.0,2.0,11,6,0.0,8.0,2.0,1,No,3,Medium
2130,Sanjay Sharma,34,Male,Single,4,Medical,1,Sales Representative,3,Travel_Rarely,74910,14,1.0,4.0,3.0,3,1,0.0,2.0,0.0,13,No,3,Low
2131,Dev Mehta,51,Male,Divorced,3,Life Sciences,2,Research Director,2,Travel_Frequently,105270,14,0.0,28.5,3.0,18,10,7.5,10.0,4.0,14,No,3,Medium
2132,Ishaan Johnson,59,Male,Single,2,Life Sciences,2,Research Scientist,2,Travel_Rarely,165835,21,1.0,25.0,2.0,9,5,5.0,4.0,6.0,4,No,4,High
2133,Sanjay Wilson,34,Female,Divorced,4,Medical,1,Research Scientist,3,Travel_Frequently,88340,13,1.0,15.0,1.0,11,6,5.0,10.0,4.0,14,No,3,Medium
2134,Kunal Miller,28,Female,Single,3,Other,2,Manager,1,Travel_Frequently,55770,19,0.0,5.0,3.0,4,2,0.0,2.0,0.0,2,No,3,Medium
2135,Aditya Reddy,44,Male,Divorced,4,Life Sciences,2,Research Scientist,2,Travel_Rarely,47070,17,0.0,26.0,4.0,18,10,7.5,13.0,1.0,3,No,3,Low
2136,Zara Shah,34,Male,Married,3,Life Sciences,1,Sales Executive,2,Travel_Frequently,24000,18,1.0,14.0,3.0,10,6,1.0,8.0,4.0,1,No,3,Medium
2137,Emma Joshi,35,Male,Married,3,Life Sciences,2,Healthcare Representative,4,Travel_Rarely,98240,19,0.0,4.0,2.0,3,1,2.0,2.0,0.0,9,No,3,Medium
2138,Aditya Williams,42,Female,Married,4,Life Sciences,2,Manager,1,Travel_Rarely,64470,13,0.0,18.0,3.0,1,0,0.0,0.0,6.0,23,No,3,Medium
2139,Akash Williams,43,Female,Single,2,Medical,2,Laboratory Technician,1,Travel_Rarely,165835,18,2.0,23.0,3.0,18,10,7.5,14.5,3.0,7,No,3,Medium
2140,Varun Jones,36,Male,Single,4,Medical,2,Healthcare Representative,1,Travel_Rarely,27250,21,1.0,18.0,4.0,16,9,5.0,12.0,8.5,2,No,4,High
2141,Priya Garcia,44,Female,Married,4,Life Sciences,2,Laboratory Technician,2,Travel_Rarely,62720,19,1.0,10.0,3.0,10,6,0.0,5.0,1.0,21,Yes,3,Medium
2142,Aryan Pillai,28,Female,Married,3,Life Sciences,2,Sales Representative,2,Travel_Frequently,21270,14,0.0,2.0,3.0,2,1,2.0,2.0,1.0,2,No,3,Medium
2143,Anjali Williams,51,Male,Single,4,Medical,1,Research Scientist,2,Travel_Frequently,165835,17,0.0,8.0,3.0,7,4,7.0,7.0,0.0,21,No,3,Medium
2144,Tanvi Brown,30,Male,Single,4,Other,2,Research Scientist,1,Non-Travel,20960,11,2.5,10.0,2.0,8,4,1.0,7.0,7.0,2,No,3,Medium
2145,Vikram Joshi,29,Female,Divorced,4,Technical Degree,2,Sales Representative,1,Travel_Rarely,28860,13,0.0,10.0,4.0,7,4,7.0,7.0,3.0,29,Yes,3,Medium
2146,Akash Miller,28,Female,Single,4,Life Sciences,1,Sales Representative,2,Travel_Rarely,20330,15,1.0,5.0,4.5,3,1,1.0,2.0,2.0,1,No,3,Medium
2147,Rahul Kumar,25,Male,Single,2,Life Sciences,2,Research Scientist,1,Travel_Rarely,36220,25,0.0,2.0,0.5,2,1,2.0,1.0,1.0,18,No,4,High
2148,David Wilson,32,Female,Married,4,Other,2,Sales Executive,1,Travel_Rarely,42330,11,0.0,10.0,4.5,10,6,0.0,8.0,1.0,10,No,3,Medium
2149,Pooja Williams,45,Male,Single,3,Medical,2,Laboratory Technician,3,Travel_Frequently,36810,17,1.0,22.0,2.0,0,0,0.0,0.0,3.0,19,No,3,Medium
2150,Aditya Kumar,39,Female,Divorced,1,Marketing,1,Laboratory Technician,1,Travel_Rarely,54600,13,2.0,21.0,3.0,18,10,7.5,2.0,6.0,29,No,3,Medium
2151,Gaurav Agarwal,58,Male,Divorced,3,Other,2,Laboratory Technician,2,Travel_Rarely,21870,18,1.0,2.0,1.0,2,1,2.0,2.0,1.0,27,No,3,Low
2152,Anjali Sharma,32,Female,Married,3,Technical Degree,2,Sales Executive,1,Travel_Rarely,96020,13,1.0,10.0,3.0,10,6,1.0,1.0,1.0,5,Yes,3,Medium
2153,Sneha Williams,39,Male,Single,2,Life Sciences,2,Laboratory Technician,2,Travel_Rarely,28360,20,0.0,6.0,3.0,5,3,0.0,3.0,0.0,18,Yes,4,High
2154,Varun Williams,30,Male,Married,1,Marketing,1,Research Director,4,Travel_Rarely,40890,18,0.0,10.0,2.0,9,5,6.0,7.0,0.0,9,No,3,Medium
2155,Zara Trivedi,36,Male,Married,3,Marketing,1,Sales Executive,2,Travel_Rarely,165835,12,0.0,10.0,4.5,7,4,1.0,7.0,3.0,1,No,3,Medium
2156,Raj Jones,46,Male,Single,3,Medical,1,Research Scientist,1,Travel_Rarely,26190,12,1.0,10.0,3.0,7,4,5.0,7.0,6.0,4,No,3,Medium
2157,Kavya Kumar,28,Male,Married,3,Medical,2,Sales Executive,5,Non-Travel,56790,13,0.0,10.0,2.0,9,5,7.0,5.0,0.0,1,No,3,Medium
2158,Vikram Gupta,50,Female,Married,2,Medical,2,Laboratory Technician,5,Travel_Rarely,154020,21,0.0,25.0,3.0,3,1,1.0,2.0,4.0,20,No,4,High
2159,Olivia Pillai,40,Male,Single,1,Other,1,Laboratory Technician,1,Travel_Rarely,59850,13,2.5,9.0,1.0,5,3,1.0,0.0,2.0,8,Yes,3,Medium
2160,Emily Verma,52,Male,Single,2,Technical Degree,2,Laboratory Technician,3,Travel_Rarely,25790,19,1.0,10.0,1.0,8,4,7.0,7.0,8.5,3,Yes,3,Low
2161,Sneha Rao,30,Female,Married,4,Medical,2,Sales Executive,1,Travel_Rarely,30410,11,1.0,9.0,2.0,9,5,0.0,8.0,1.0,6,No,3,Low
2162,Pooja Gupta,39,Male,Single,1,Medical,2,Healthcare Representative,2,Travel_Rarely,34470,14,0.0,9.0,4.5,8,4,1.0,7.0,0.0,26,No,3,Medium
2163,John Nair,31,Male,Divorced,2,Medical,2,Sales Executive,1,Non-Travel,165835,12,1.0,10.0,1.0,10,6,7.5,6.0,1.0,1,No,3,Medium
2164,Emily Pillai,41,Female,Single,3,Life Sciences,1,Research Director,1,Non-Travel,27730,11,0.0,19.0,3.0,18,10,7.5,9.0,1.0,6,No,3,Medium
2165,Akash Jones,31,Male,Single,1,Life Sciences,2,Sales Executive,1,Travel_Frequently,71040,14,1.0,3.0,3.0,3,1,2.0,2.0,1.0,3,Yes,3,Medium
2166,Aryan Gupta,44,Male,Married,3,Life Sciences,1,Laboratory Technician,1,Travel_Rarely,63220,11,1.0,10.0,2.0,3,1,1.0,2.0,4.0,5,Yes,3,Low
2167,Michael Garcia,42,Male,Married,3,Life Sciences,2,Laboratory Technician,2,Non-Travel,20830,12,2.0,21.0,3.0,18,10,2.0,10.0,0.0,4,No,3,Medium
2168,David Pillai,55,Male,Married,3,Technical Degree,1,Manufacturing Director,2,Travel_Rarely,83810,15,1.0,23.0,3.0,18,10,7.5,11.0,4.0,11,No,3,Medium
2169,Vikram Malhotra,56,Female,Single,2,Medical,1,Manufacturing Director,3,Travel_Rarely,26910,16,1.0,28.5,4.5,7,4,7.0,7.0,6.0,3,No,3,Medium
2170,Varun Reddy,40,Male,Divorced,1,Life Sciences,2,Laboratory Technician,1,Non-Travel,42860,15,0.0,6.0,4.5,4,2,0.0,0.0,8.5,1,No,3,Medium
2171,Akash Pillai,34,Male,Divorced,2,Technical Degree,2,Research Director,2,Travel_Rarely,26590,24,2.5,10.0,2.0,9,5,1.0,6.0,0.0,3,No,4,High
2172,Priya Gupta,40,Male,Single,3,Medical,1,Sales Executive,2,Travel_Rarely,94340,13,1.0,9.0,3.0,9,5,7.5,8.0,1.0,4,No,3,Medium
2173,Meera Reddy,41,Female,Divorced,4,Other,1,Healthcare Representative,2,Travel_Frequently,55610,11,0.0,10.0,2.0,9,5,1.0,7.0,0.0,1,No,3,Low
2174,Akash Singh,35,Male,Single,2,Technical Degree,1,Manager,2,Travel_Frequently,66460,13,1.0,9.0,2.0,9,5,1.0,1.0,1.0,1,No,3,Medium
2175,Vikram Malhotra,51,Male,Divorced,2,Life Sciences,1,Manufacturing Director,4,Travel_Rarely,77250,13,1.0,28.5,2.0,18,10,0.0,10.0,1.0,18,No,3,Medium
2176,Sara Thakur,38,Female,Divorced,4,Life Sciences,1,Research Scientist,1,Travel_Rarely,107250,18,0.0,11.0,4.5,7,4,1.0,7.0,3.0,2,No,3,Low
2177,Riya Pillai,34,Male,Single,3,Life Sciences,1,Research Scientist,2,Travel_Rarely,88470,16,0.0,10.0,3.0,10,6,7.5,6.0,1.0,4,No,3,Medium
2178,Priya Brown,25,Female,Married,2,Medical,2,Research Scientist,4,Travel_Rarely,20450,19,0.0,7.0,3.0,3,1,1.0,2.0,3.0,6,No,3,Medium
2179,John Gupta,58,Male,Married,4,Technical Degree,1,Sales Executive,2,Travel_Rarely,10090,13,2.0,28.5,3.0,10,6,5.0,9.0,7.0,1,Yes,3,Medium
2180,Sneha Wilson,40,Female,Married,4,Medical,2,Research Scientist,1,Travel_Rarely,33480,22,0.0,7.0,2.0,4,2,0.0,3.0,3.0,14,No,4,High
2181,Aarav Williams,36,Male,Married,2,Life Sciences,1,Research Scientist,1,Travel_Frequently,12810,11,0.0,17.0,2.0,15,9,6.0,13.0,2.0,16,No,3,Low
2182,Rahul Wilson,48,Male,Single,1,Life Sciences,2,Research Scientist,2,Travel_Rarely,28190,20,0.0,11.0,2.0,10,6,0.0,8.0,1.0,2,No,4,High
2183,Rohit Brown,27,Female,Married,3,Life Sciences,2,Laboratory Technician,2,Travel_Rarely,48510,18,0.0,5.0,2.0,1,0,0.0,0.0,8.0,2,No,3,Medium
2184,Aryan Singh,51,Female,Single,1,Medical,2,Manufacturing Director,3,Travel_Rarely,40280,14,0.0,28.5,3.0,5,3,0.0,3.0,3.0,4,No,3,Medium
2185,David Shah,18,Male,Single,4,Medical,2,Sales Executive,2,Non-Travel,27200,22,1.0,0.0,2.0,0,0,0.0,0.0,1.0,1,No,4,High
2186,Rohit Patel,35,Female,Married,4,Other,2,Research Director,2,Travel_Rarely,81200,13,0.0,10.0,2.0,9,5,0.0,0.0,0.0,1,No,3,Medium
2187,Dev Brown,27,Female,Single,4,Medical,2,Research Director,1,Travel_Frequently,46470,17,0.0,8.0,3.0,6,3,0.0,0.0,3.0,26,No,3,Medium
2188,Karan Thakur,55,Male,Single,3,Technical Degree,2,Human Resources,1,Travel_Rarely,46800,14,2.5,24.0,0.5,18,10,3.0,8.0,6.0,19,Yes,3,Medium
2189,Karan Gupta,56,Male,Married,4,Life Sciences,2,Laboratory Technician,2,Travel_Rarely,32210,15,2.0,28.5,2.0,18,10,7.5,9.0,4.0,24,No,3,Medium
2190,Aryan Miller,34,Male,Divorced,2,Life Sciences,1,Research Scientist,2,Non-Travel,86210,17,1.0,5.0,1.0,5,3,0.0,0.0,1.0,1,No,3,Medium
2191,Emma Kumar,40,Male,Divorced,3,Life Sciences,2,Sales Executive,2,Travel_Rarely,45770,11,1.0,15.0,3.0,12,7,7.5,8.0,5.0,3,No,3,Medium
2192,Kunal Thakur,34,Male,Married,3,Life Sciences,2,Research Scientist,1,Travel_Rarely,45530,18,1.0,10.0,2.0,8,4,7.0,7.0,4.0,5,No,3,Medium
2193,Meera Johnson,31,Female,Single,2,Medical,2,Manufacturing Director,2,Travel_Frequently,53960,17,1.0,3.0,2.0,1,0,0.0,0.0,7.0,2,Yes,3,Medium
2194,Gaurav Verma,35,Male,Married,2,Medical,2,Manufacturing Director,1,Travel_Frequently,67960,13,0.0,5.0,2.0,4,2,3.0,2.0,0.0,1,Yes,3,Medium
2195,Kavya Thakur,38,Female,Divorced,3,Medical,2,Sales Representative,2,Travel_Frequently,76250,15,0.0,4.0,2.0,4,2,0.0,3.0,1.0,7,No,3,Medium
2196,Aryan Brown,34,Female,Single,4,Other,2,Laboratory Technician,2,Travel_Rarely,74120,24,0.0,14.0,4.0,14,8,4.0,11.0,1.0,10,No,4,High
2197,Aarav Verma,28,Female,Married,3,Life Sciences,2,Healthcare Representative,2,Travel_Rarely,111590,12,0.0,5.0,2.0,5,3,0.0,4.0,1.0,2,No,3,Medium
2198,Rahul Reddy,31,Male,Married,2,Life Sciences,2,Sales Executive,2,Travel_Rarely,49600,15,0.0,10.0,3.0,10,6,6.0,7.0,1.0,15,Yes,3,Medium
2199,Ishaan Gupta,39,Female,Married,4,Technical Degree,2,Healthcare Representative,2,Travel_Rarely,104750,11,1.0,8.0,3.0,5,3,1.0,4.0,3.0,17,No,3,Medium
2200,Amit Agarwal,51,Male,Married,3,Medical,2,Sales Executive,2,Travel_Frequently,148140,11,1.0,14.0,2.0,4,2,3.0,2.0,2.0,20,No,3,Low
2201,Meera Kumar,41,Male,Divorced,3,Life Sciences,2,Sales Executive,4,Travel_Frequently,165835,12,1.0,12.0,2.0,6,3,3.0,3.0,3.0,1,No,3,Medium
2202,Neha Miller,37,Female,Married,2,Medical,2,Healthcare Representative,1,Travel_Rarely,54050,15,0.0,8.0,3.0,6,3,1.0,3.0,7.0,2,No,3,Medium
2203,Gaurav Garcia,33,Female,Married,3,Medical,2,Sales Executive,1,Travel_Frequently,87930,17,0.0,8.0,2.0,5,3,1.0,2.0,6.0,2,No,3,Medium
2204,Gaurav Patel,32,Male,Married,4,Medical,2,Research Director,5,Travel_Rarely,165835,12,1.0,4.0,3.0,3,1,1.0,2.0,0.0,1,No,3,Medium
2205,Gaurav Malhotra,39,Male,Married,2,Life Sciences,2,Sales Executive,2,Non-Travel,38750,15,0.0,13.0,3.0,6,3,0.0,5.0,3.0,29,No,3,Medium
2206,Anjali Thakur,25,Male,Married,4,Life Sciences,2,Sales Executive,1,Travel_Rarely,22160,13,2.5,6.0,2.0,3,1,1.0,2.0,2.0,7,No,3,Low
2207,Kavya Smith,52,Male,Married,1,Life Sciences,2,Sales Executive,2,Travel_Frequently,117130,14,0.0,24.0,2.0,5,3,0.0,2.0,2.0,2,No,3,Medium
2208,Rahul Rao,43,Male,Single,2,Medical,2,Laboratory Technician,1,Travel_Rarely,78610,14,2.0,20.0,1.0,18,10,1.0,8.0,1.0,2,No,3,Low
2209,Priya Singh,27,Male,Married,4,Life Sciences,2,Human Resources,1,Travel_Rarely,37080,16,2.0,6.0,2.0,6,3,4.0,4.0,1.0,2,No,3,Medium
2210,Tanvi Kumar,27,Female,Single,5,Life Sciences,2,Research Scientist,1,Travel_Rarely,137700,18,1.0,8.0,3.0,8,4,7.0,7.0,1.0,2,Yes,3,Medium
2211,Varun Wilson,26,Male,Single,2,Other,2,Laboratory Technician,3,Travel_Rarely,53040,20,1.0,5.0,2.0,4,2,1.0,1.0,0.0,2,No,4,High
2212,Vikram Rao,42,Female,Married,3,Marketing,1,Research Scientist,3,Travel_Rarely,26420,13,1.0,21.0,3.0,18,10,0.0,9.0,0.0,23,No,3,Medium
2213,Karan Jones,52,Female,Married,2,Life Sciences,2,Healthcare Representative,1,Travel_Rarely,27590,18,1.0,12.0,4.5,5,3,0.0,4.0,8.5,5,No,3,Low
2214,Gaurav Reddy,37,Male,Single,5,Life Sciences,2,Manager,2,Travel_Rarely,68040,13,1.0,8.0,1.0,3,1,0.0,2.0,4.0,20,No,3,Medium
2215,Vivek Miller,35,Female,Single,4,Medical,2,Research Director,2,Travel_Frequently,61420,15,1.0,10.0,2.0,2,1,2.0,2.0,2.0,6,No,3,Medium
2216,David Kumar,25,Male,Married,4,Medical,2,Sales Executive,2,Travel_Rarely,25000,14,2.0,7.0,2.0,3,1,0.0,2.0,4.0,1,No,3,Low
2217,Sarah Kumar,26,Male,Single,4,Life Sciences,2,Research Scientist,1,Travel_Rarely,63890,22,0.0,8.0,2.0,7,4,0.0,7.0,0.0,29,No,4,High
2218,Sanjay Miller,29,Male,Single,3,Life Sciences,1,Laboratory Technician,1,Travel_Rarely,111030,12,0.0,10.0,4.5,10,6,0.0,9.0,1.0,9,No,3,Low
2219,Sneha Miller,49,Female,Single,5,Medical,1,Healthcare Representative,2,Travel_Frequently,23420,18,0.0,20.0,2.0,4,2,1.0,3.0,3.0,6,Yes,3,Low
2220,Kavya Joshi,29,Female,Single,2,Marketing,1,Laboratory Technician,2,Travel_Frequently,68110,15,1.0,9.0,2.0,8,4,7.0,7.0,0.0,3,Yes,3,Medium
2221,Kavya Malhotra,54,Female,Single,3,Medical,1,Manager,2,Travel_Rarely,22970,18,2.0,28.5,2.0,18,10,7.5,7.0,6.0,1,No,3,Medium
2222,Suresh Rao,58,Female,Married,3,Life Sciences,1,Laboratory Technician,2,Travel_Rarely,24500,12,1.0,28.5,2.0,9,5,1.0,5.0,3.0,22,No,3,Medium
2223,Varun Pillai,55,Female,Divorced,3,Life Sciences,2,Research Scientist,3,Travel_Rarely,50930,16,1.0,28.5,3.0,7,4,0.0,0.0,2.0,7,No,3,Medium
2224,Karan Patel,36,Male,Single,3,Medical,2,Sales Executive,2,Travel_Rarely,53090,13,0.0,15.0,4.5,5,3,0.0,1.0,3.0,1,No,3,Low
2225,Riya Garcia,31,Male,Single,3,Life Sciences,1,Manager,2,Travel_Frequently,30570,19,0.0,1.0,3.0,1,0,0.0,0.0,1.0,4,Yes,3,Medium
2226,Emily Gupta,30,Male,Divorced,3,Life Sciences,1,Sales Executive,3,Travel_Rarely,51210,13,0.0,8.0,4.0,3,1,0.0,2.0,7.0,3,No,3,Medium
2227,Priya Smith,31,Male,Single,3,Medical,2,Laboratory Technician,1,Travel_Rarely,165835,12,1.0,9.0,3.0,3,1,1.0,0.0,3.0,1,No,3,Low
2228,Sara Verma,34,Female,Divorced,1,Marketing,1,Manager,5,Travel_Frequently,26860,11,0.0,10.0,3.0,4,2,1.0,3.0,5.0,2,No,3,Medium
2229,Sanjay Sharma,31,Male,Single,3,Technical Degree,1,Research Scientist,1,Travel_Rarely,61800,14,1.0,1.0,2.0,1,0,0.0,0.0,1.0,20,Yes,3,Low
2230,Anjali Agarwal,27,Male,Married,4,Medical,3,Sales Executive,4,Travel_Rarely,66320,16,0.0,6.0,3.0,5,3,1.0,4.0,0.0,11,No,3,Medium
2231,Ananya Malhotra,36,Male,Single,3,Marketing,1,Research Scientist,2,Travel_Rarely,35050,12,2.0,10.0,2.0,10,6,1.0,8.0,1.0,1,No,3,Low
2232,Sanjay Agarwal,36,Female,Married,3,Other,2,Research Director,3,Travel_Rarely,63970,14,1.0,11.0,3.0,3,1,0.0,2.0,4.0,24,No,3,Low
2233,Pooja Kumar,47,Female,Married,4,Life Sciences,2,Sales Executive,2,Travel_Rarely,62740,14,2.0,17.0,0.5,6,3,1.0,2.0,7.0,23,No,3,Medium
2234,Zara Miller,25,Male,Married,4,Life Sciences,1,Research Scientist,2,Travel_Rarely,165835,19,0.0,6.0,3.0,3,1,2.0,2.0,3.0,16,Yes,3,Low
2235,Sarah Johnson,37,Male,Single,4,Medical,1,Healthcare Representative,1,Non-Travel,75870,22,1.0,7.0,4.5,6,3,1.0,3.0,0.0,8,No,4,High
2236,Neha Jones,56,Male,Married,4,Other,2,Sales Representative,2,Travel_Rarely,42580,16,0.0,5.0,2.0,3,1,1.0,0.0,2.0,10,No,3,Low
2237,Priya Singh,47,Male,Married,2,Medical,2,Laboratory Technician,2,Travel_Rarely,43640,11,1.0,26.0,3.0,18,10,5.0,6.0,3.0,3,No,3,Medium
2238,Emily Malhotra,24,Male,Married,1,Other,2,Manufacturing Director,1,Travel_Rarely,43350,15,1.0,5.0,4.5,5,3,0.0,3.0,1.0,5,No,3,Medium
2239,Emma Nair,32,Male,Married,3,Marketing,1,Research Scientist,1,Travel_Rarely,53260,14,1.0,7.0,2.0,4,2,0.0,3.0,4.0,4,No,3,Medium
2240,Michael Shah,34,Male,Married,2,Medical,2,Sales Executive,1,Travel_Rarely,32800,13,0.0,7.0,3.0,5,3,0.0,2.0,5.0,9,No,3,Medium
2241,Priya Joshi,41,Female,Married,3,Medical,2,Sales Executive,3,Travel_Rarely,54850,17,2.0,7.0,2.0,4,2,0.0,3.0,2.0,26,No,3,Medium
2242,James Verma,40,Male,Divorced,2,Life Sciences,1,Sales Executive,1,Non-Travel,43420,11,1.0,11.0,4.5,8,4,0.0,7.0,3.0,3,No,3,Medium
2243,Priya Nair,31,Male,Divorced,3,Medical,2,Human Resources,2,Travel_Rarely,27820,19,1.0,13.0,4.5,13,7,7.5,9.0,1.0,16,No,3,Medium
2244,Riya Gupta,46,Male,Divorced,1,Medical,2,Manufacturing Director,1,Travel_Rarely,59800,11,1.0,28.0,2.0,7,4,4.0,3.0,4.0,18,Yes,3,Medium
2245,Sneha Nair,39,Male,Single,4,Medical,2,Manufacturing Director,2,Non-Travel,43810,15,2.0,11.0,1.0,1,0,0.0,0.0,2.0,2,Yes,3,Low
2246,Deepika Patel,31,Male,Single,3,Medical,1,Sales Executive,2,Travel_Frequently,25720,13,2.5,10.0,3.0,10,6,4.0,7.0,1.0,2,Yes,3,Medium
2247,Suresh Gupta,45,Male,Divorced,2,Marketing,1,Sales Executive,1,Travel_Rarely,38330,14,0.0,24.0,1.0,7,4,0.0,7.0,2.0,10,No,3,Low
2248,Karan Trivedi,31,Male,Single,4,Life Sciences,2,Human Resources,3,Travel_Rarely,42440,13,0.0,8.0,3.0,3,1,0.0,2.0,8.5,16,No,3,Medium
2249,Kavya Nair,31,Male,Married,4,Life Sciences,2,Laboratory Technician,1,Travel_Frequently,65000,23,1.0,7.0,4.5,2,1,2.0,2.0,6.0,7,Yes,4,High
2250,Divya Malhotra,45,Female,Married,2,Life Sciences,2,Research Scientist,1,Travel_Rarely,165835,12,1.0,10.0,4.5,3,1,1.0,2.0,4.0,1,No,3,Medium
2251,Suresh Shah,48,Male,Divorced,3,Technical Degree,2,Research Scientist,2,Travel_Rarely,16010,12,0.0,15.0,3.0,2,1,2.0,2.0,4.0,24,No,3,Medium
2252,Olivia Williams,34,Male,Married,4,Medical,2,Research Scientist,2,Travel_Rarely,26940,16,1.0,2.0,3.0,2,1,2.0,2.0,1.0,7,Yes,3,Medium
2253,Aarav Nair,40,Female,Divorced,4,Other,2,Sales Executive,1,Non-Travel,31490,15,1.0,16.0,1.0,9,5,4.0,8.0,2.0,25,No,3,Medium
2254,Ishaan Thakur,28,Female,Single,2,Technical Degree,2,Research Scientist,1,Travel_Rarely,165835,13,1.0,6.0,0.5,5,3,1.0,3.0,0.0,1,No,3,Medium
2255,Gaurav Wilson,44,Male,Single,3,Life Sciences,2,Laboratory Technician,1,Non-Travel,23190,18,0.0,7.0,4.0,5,3,0.0,3.0,3.0,5,No,3,Medium
2256,Ishaan Shah,53,Male,Single,4,Technical Degree,2,Manager,2,Travel_Rarely,116910,20,0.0,28.5,2.0,9,5,7.5,8.0,4.0,2,No,4,High
2257,Anjali Garcia,49,Male,Married,3,Life Sciences,2,Laboratory Technician,3,Travel_Rarely,53240,19,0.0,20.0,2.0,3,1,1.0,2.0,2.0,7,No,3,Low
2258,David Williams,40,Male,Divorced,4,Life Sciences,2,Laboratory Technician,3,Travel_Rarely,165835,18,1.0,8.0,3.0,3,1,1.0,2.0,2.0,2,No,3,Medium
2259,Kunal Verma,44,Male,Single,1,Other,2,Research Scientist,3,Travel_Rarely,52280,13,0.0,6.0,2.0,5,3,1.0,3.0,1.0,5,No,3,Medium
2260,Tanvi Pillai,33,Female,Married,3,Medical,3,Sales Executive,2,Travel_Frequently,27000,14,2.5,5.0,2.0,4,2,0.0,3.0,0.0,10,No,3,Medium
2261,Olivia Smith,34,Female,Single,4,Life Sciences,2,Sales Representative,1,Travel_Rarely,165835,15,1.0,15.0,4.5,13,7,3.0,12.0,3.0,10,No,3,Medium
2262,Riya Wilson,30,Male,Married,2,Technical Degree,1,Laboratory Technician,1,Travel_Rarely,25060,22,0.0,4.0,3.0,2,1,2.0,2.0,8.0,1,No,4,High
2263,Zara Rao,42,Female,Single,4,Medical,2,Sales Executive,1,Travel_Frequently,60620,22,2.0,12.0,2.0,12,7,5.0,8.0,1.0,8,No,4,High
2264,Aarav Kumar,44,Female,Married,3,Life Sciences,2,Manufacturing Director,5,Travel_Frequently,43820,16,2.0,11.0,2.0,1,0,0.0,0.0,7.0,5,No,3,Low
2265,Pooja Thakur,30,Male,Divorced,3,Life Sciences,2,Manufacturing Director,1,Non-Travel,21430,17,1.0,1.0,2.0,1,0,0.0,0.0,1.0,8,No,3,Medium
2266,Aditya Singh,57,Male,Married,1,Life Sciences,1,Research Scientist,3,Travel_Rarely,61620,14,0.0,13.0,4.5,12,7,2.0,8.0,0.0,2,No,3,Low
2267,Tanvi Johnson,49,Female,Divorced,3,Technical Degree,2,Sales Executive,2,Travel_Rarely,50940,15,0.0,28.5,4.5,8,4,0.0,7.0,3.0,7,No,3,Medium
2268,Aditya Reddy,34,Female,Divorced,4,Medical,2,Sales Representative,2,Travel_Frequently,68770,20,0.0,16.0,3.0,14,8,6.0,9.0,7.0,2,No,4,High
2269,Amit Johnson,28,Male,Married,3,Medical,2,Research Scientist,1,Travel_Frequently,22740,20,1.0,5.0,4.5,3,1,1.0,2.0,3.0,2,Yes,4,High
2270,James Jones,29,Female,Single,3,Medical,2,Research Scientist,5,Travel_Frequently,44340,17,2.5,7.0,1.0,5,3,0.0,0.0,5.0,28,Yes,3,Low
2271,Sanjay Trivedi,34,Male,Single,1,Medical,2,Research Scientist,1,Travel_Rarely,62880,15,1.0,16.0,2.0,15,9,7.5,10.0,0.0,7,Yes,3,Medium
2272,David Trivedi,35,Female,Married,4,Other,1,Healthcare Representative,4,Travel_Rarely,25530,14,1.0,1.0,4.0,1,0,0.0,0.0,1.0,7,No,3,Medium
2273,Pooja Johnson,24,Male,Single,3,Life Sciences,1,Research Scientist,2,Travel_Frequently,76540,17,1.0,4.0,3.0,0,0,0.0,0.0,2.0,3,Yes,3,Low
2274,Sanjay Jones,24,Female,Married,3,Life Sciences,2,Manager,2,Non-Travel,51600,17,1.0,1.0,3.0,1,0,0.0,0.0,1.0,10,No,3,Medium
2275,Raj Jones,44,Female,Single,2,Medical,2,Research Scientist,2,Travel_Frequently,165835,22,1.0,16.0,1.0,2,1,2.0,2.0,5.0,5,No,4,High
2276,Aditya Sharma,29,Female,Divorced,2,Life Sciences,1,Sales Executive,1,Travel_Rarely,128080,13,0.0,10.0,4.5,10,6,0.0,4.0,1.0,10,No,3,Medium
2277,Ananya Shah,30,Male,Divorced,2,Life Sciences,2,Sales Executive,3,Travel_Rarely,102210,19,1.0,6.0,2.0,5,3,1.0,3.0,0.0,1,No,3,Medium
2278,Tanvi Mehta,55,Male,Married,3,Marketing,1,Research Scientist,2,Travel_Rarely,47790,14,1.0,4.0,4.5,3,1,1.0,2.0,0.0,20,No,3,Medium
2279,Arjun Jones,33,Male,Married,2,Life Sciences,2,Research Scientist,2,Travel_Rarely,37370,22,2.0,8.0,2.0,5,3,0.0,2.0,8.0,7,No,4,High
2280,Vikram Agarwal,47,Female,Married,4,Medical,2,Sales Representative,2,Travel_Rarely,23660,17,0.0,11.0,4.5,5,3,1.0,2.0,3.0,8,No,3,Medium
2281,Priya Pillai,28,Male,Single,3,Marketing,1,Laboratory Technician,2,Travel_Frequently,17060,12,0.0,8.0,3.0,0,0,0.0,0.0,7.0,1,Yes,3,Low
2282,Aarav Patel,28,Male,Divorced,4,Marketing,1,Laboratory Technician,1,Travel_Rarely,163070,16,0.0,1.0,3.0,1,0,0.0,0.0,1.0,8,No,3,Low
2283,Sarah Malhotra,28,Female,Single,3,Life Sciences,2,Sales Executive,2,Travel_Frequently,59330,11,0.0,5.0,3.0,4,2,1.0,3.0,0.0,9,No,3,Medium
2284,Tanvi Smith,49,Female,Married,4,Life Sciences,2,Research Scientist,1,Travel_Rarely,34240,11,0.0,10.0,3.0,3,1,1.0,2.0,4.0,5,No,3,Medium
2285,Karan Mehta,29,Male,Married,1,Medical,2,Research Scientist,1,Travel_Frequently,40370,14,0.0,4.0,2.0,3,1,0.0,2.0,0.0,8,No,3,Medium
2286,Suresh Kumar,28,Male,Married,1,Technical Degree,2,Laboratory Technician,2,Travel_Rarely,25590,11,0.0,8.0,3.0,8,4,1.0,7.0,1.0,5,No,3,Low
2287,Rahul Garcia,33,Female,Single,4,Life Sciences,2,Sales Executive,1,Travel_Rarely,62010,15,2.5,14.0,2.0,0,0,0.0,0.0,2.0,15,No,3,Medium
2288,Tanvi Williams,32,Female,Single,3,Life Sciences,2,Laboratory Technician,3,Travel_Rarely,44030,20,0.0,10.0,3.0,5,3,0.0,0.0,2.0,7,No,4,High
2289,Amit Patel,54,Female,Divorced,3,Life Sciences,1,Research Scientist,4,Travel_Frequently,37610,12,0.0,26.0,3.0,14,8,1.0,12.0,3.0,10,No,3,Medium
2290,Gaurav Joshi,29,Female,Single,3,Life Sciences,2,Research Scientist,2,Travel_Rarely,109340,17,2.0,11.0,2.0,9,5,0.0,7.0,6.0,5,Yes,3,Low
2291,Deepika Wilson,44,Male,Married,1,Marketing,1,Sales Representative,1,Travel_Rarely,107610,11,1.0,24.0,4.5,18,10,7.5,14.5,3.0,26,No,3,Medium
2292,Aryan Smith,39,Female,Single,1,Technical Degree,1,Laboratory Technician,2,Travel_Rarely,51750,17,1.0,9.0,2.0,2,1,2.0,2.0,4.0,6,No,3,Medium
2293,Sanjay Trivedi,46,Male,Married,2,Life Sciences,2,Manufacturing Director,3,Travel_Rarely,138260,11,0.0,23.0,1.0,13,7,5.0,1.0,8.0,4,No,3,Medium
2294,Dev Joshi,35,Male,Single,4,Life Sciences,2,Research Scientist,2,Travel_Rarely,63340,14,0.0,11.0,2.0,11,6,3.0,3.0,1.0,23,No,3,Medium
2295,Sara Joshi,23,Female,Single,4,Medical,2,Manager,2,Travel_Rarely,49360,19,1.0,5.0,2.0,4,2,1.0,2.0,0.0,2,No,3,Low
2296,Suresh Sharma,40,Male,Single,3,Medical,2,Research Director,2,Travel_Rarely,47750,15,1.0,15.0,3.0,5,3,1.0,0.0,3.0,2,Yes,3,Medium
2297,Amit Johnson,34,Male,Married,3,Human Resources,3,Manufacturing Director,2,Travel_Rarely,28180,13,1.0,10.0,2.0,10,6,7.5,6.0,1.0,2,No,3,Medium
2298,Sara Verma,31,Female,Single,3,Life Sciences,2,Healthcare Representative,2,Travel_Frequently,25150,14,0.0,7.0,3.0,7,4,7.0,7.0,1.0,29,Yes,3,Medium
2299,Sarah Sharma,50,Male,Single,3,Medical,2,Manager,1,Travel_Frequently,23420,12,1.0,28.5,2.0,18,10,7.5,9.0,1.0,6,No,3,Medium
2300,John Johnson,34,Female,Married,5,Marketing,1,Research Scientist,1,Travel_Rarely,41940,17,2.0,12.0,3.0,11,6,5.0,7.0,0.0,25,No,3,Medium
2301,Olivia Miller,42,Female,Married,3,Life Sciences,2,Manufacturing Director,1,Travel_Rarely,106850,11,2.5,4.0,2.0,1,0,0.0,0.0,4.0,1,No,3,Medium
2302,Karan Johnson,37,Male,Married,2,Medical,2,Research Scientist,1,Travel_Rarely,20220,12,0.0,10.0,1.0,10,6,3.0,7.0,1.0,2,No,3,Medium
2303,Dev Rao,29,Female,Married,3,Medical,2,Manager,1,Travel_Rarely,23140,13,0.0,9.0,4.5,7,4,0.0,7.0,3.0,1,No,3,Medium
2304,Divya Reddy,33,Male,Single,1,Life Sciences,2,Research Scientist,1,Travel_Rarely,42560,13,2.5,5.0,1.0,5,3,0.0,2.0,1.0,1,No,3,Medium
2305,Michael Pillai,45,Male,Married,3,Life Sciences,1,Laboratory Technician,3,Travel_Rarely,35800,20,1.0,8.0,1.0,5,3,0.0,3.0,4.0,3,No,4,High
2306,Amit Malhotra,42,Male,Married,4,Technical Degree,3,Manufacturing Director,2,Travel_Frequently,31620,17,2.0,24.0,1.0,18,10,7.5,9.0,2.0,1,No,3,Medium
2307,Vivek Shah,40,Female,Married,1,Life Sciences,1,Manufacturing Director,1,Travel_Rarely,65240,13,1.0,9.0,2.0,8,4,7.0,1.0,0.0,10,No,3,Medium
2308,Rohit Pillai,33,Female,Married,3,Medical,2,Manufacturing Director,2,Travel_Rarely,28990,17,0.0,15.0,3.0,15,9,5.0,7.0,1.0,9,No,3,Medium
2309,Ishaan Thakur,40,Male,Single,5,Life Sciences,1,Manufacturing Director,1,Travel_Rarely,52310,12,2.0,21.0,4.0,18,10,7.0,7.0,1.0,5,No,3,Medium
2310,Shivam Garcia,24,Male,Divorced,2,Marketing,1,Manufacturing Director,1,Travel_Rarely,23560,13,0.0,2.0,4.5,1,0,0.0,0.0,0.0,10,No,3,Medium
2311,Sara Wilson,40,Male,Divorced,3,Medical,2,Research Scientist,1,Non-Travel,28000,12,2.0,8.0,0.5,2,1,2.0,2.0,3.0,7,No,3,Medium
2312,James Verma,45,Female,Divorced,3,Medical,2,Laboratory Technician,3,Travel_Rarely,118360,22,0.0,10.0,2.0,10,6,7.0,7.0,1.0,4,No,4,High
2313,Meera Nair,35,Male,Married,1,Life Sciences,2,Healthcare Representative,1,Travel_Rarely,109030,11,0.0,6.0,3.0,5,3,4.0,2.0,0.0,10,No,3,Medium
2314,Aarav Patel,32,Male,Married,4,Medical,2,Sales Executive,1,Travel_Rarely,29730,22,0.0,12.0,0.5,7,4,2.0,5.0,3.0,22,No,4,High
2315,Vikram Malhotra,36,Female,Single,3,Marketing,1,Research Scientist,4,Travel_Rarely,142750,18,1.0,7.0,4.5,3,1,1.0,2.0,3.0,9,No,3,Medium
2316,Arjun Joshi,48,Male,Divorced,4,Medical,2,Laboratory Technician,1,Travel_Rarely,55620,13,1.0,18.0,2.0,8,4,7.0,7.0,8.0,12,No,3,Medium
2317,Gaurav Patel,29,Female,Married,4,Life Sciences,2,Healthcare Representative,2,Travel_Rarely,45370,18,1.0,5.0,4.5,1,0,0.0,0.0,6.0,23,No,3,Medium
2318,Ananya Williams,33,Male,Married,1,Medical,2,Healthcare Representative,1,Travel_Rarely,76420,20,1.0,8.0,2.0,2,1,2.0,2.0,2.0,9,No,4,High
2319,James Reddy,30,Male,Married,3,Other,2,Sales Executive,3,Travel_Rarely,165835,13,2.0,10.0,2.0,10,6,6.0,7.0,1.0,1,Yes,3,Low
2320,Sara Garcia,38,Male,Married,3,Marketing,1,Manufacturing Director,1,Travel_Frequently,52040,13,1.0,10.0,2.0,6,3,1.0,2.0,3.0,9,No,3,Medium
2321,Emily Sharma,35,Male,Single,2,Life Sciences,1,Sales Executive,1,Travel_Rarely,22770,12,1.0,3.0,2.0,3,1,1.0,2.0,1.0,7,No,3,Medium
2322,Emma Verma,30,Male,Married,3,Technical Degree,2,Research Director,5,Travel_Rarely,27950,13,0.0,9.0,4.0,4,2,1.0,3.0,3.0,14,No,3,Medium
2323,Aditya Pillai,35,Female,Divorced,3,Medical,2,Research Scientist,1,Travel_Rarely,25320,13,0.0,1.0,2.0,1,0,0.0,0.0,1.0,2,Yes,3,Low
2324,Vikram Kumar,53,Male,Married,3,Life Sciences,2,Manager,2,Travel_Rarely,25590,25,0.0,28.5,2.0,18,10,1.0,9.0,0.0,19,Yes,4,High
2325,Ishaan Gupta,38,Female,Married,3,Medical,2,Sales Executive,3,Travel_Rarely,49080,19,1.0,7.0,3.0,5,3,1.0,4.0,4.0,2,Yes,3,Medium
2326,Neha Wilson,32,Female,Married,4,Life Sciences,2,Research Scientist,5,Non-Travel,23800,13,0.0,9.0,4.5,6,3,1.0,2.0,4.0,10,No,3,Medium
2327,Kavya Mehta,48,Male,Married,5,Life Sciences,2,Sales Executive,1,Travel_Rarely,47650,12,1.0,10.0,4.0,8,4,7.0,6.0,8.0,2,No,3,Low
2328,Anjali Patel,34,Male,Single,3,Life Sciences,2,Sales Executive,2,Travel_Rarely,20440,11,0.0,1.0,2.0,1,0,0.0,0.0,1.0,3,No,3,Low
2329,Anjali Thakur,55,Female,Married,1,Medical,2,Laboratory Technician,1,Travel_Rarely,26930,18,0.0,28.5,4.5,18,10,2.0,13.0,1.0,11,No,3,Medium
2330,Nikhil Reddy,34,Male,Married,2,Life Sciences,2,Research Scientist,2,Travel_Rarely,65860,18,1.0,9.0,3.0,2,1,2.0,1.0,8.5,2,No,3,Medium
2331,James Thakur,26,Male,Married,3,Life Sciences,2,Research Director,1,Travel_Rarely,32940,11,0.0,1.0,4.5,1,0,0.0,0.0,1.0,4,No,3,Medium
2332,Arjun Nair,38,Female,Married,2,Marketing,1,Sales Executive,1,Travel_Rarely,41710,23,0.0,10.0,4.0,9,5,7.0,7.0,0.0,14,No,4,High
2333,Karan Brown,38,Female,Single,3,Life Sciences,2,Manufacturing Director,1,Travel_Rarely,27780,13,0.0,8.0,4.5,3,1,1.0,2.0,2.0,2,No,3,Medium
2334,Karan Singh,36,Male,Single,3,Human Resources,3,Research Scientist,1,Travel_Rarely,23770,13,2.0,15.0,3.0,1,0,0.0,0.0,6.0,1,No,3,Medium
2335,Varun Pillai,29,Male,Single,3,Life Sciences,2,Sales Representative,1,Travel_Rarely,24040,17,0.0,10.0,3.0,10,6,1.0,5.0,1.0,10,No,3,Low
2336,Ananya Smith,35,Female,Single,2,Life Sciences,1,Sales Executive,2,Travel_Rarely,23180,19,0.0,10.0,4.0,5,3,0.0,4.0,3.0,12,No,3,Medium
2337,Dev Jones,39,Female,Married,2,Medical,1,Sales Executive,1,Travel_Rarely,20080,12,0.0,11.0,3.0,7,4,7.0,6.0,2.0,2,No,3,Medium
2338,James Nair,29,Female,Divorced,1,Medical,2,Research Scientist,1,Travel_Frequently,62440,22,0.0,6.0,3.0,6,3,1.0,3.0,1.0,5,No,4,High
2339,Riya Thakur,50,Female,Married,2,Medical,2,Laboratory Technician,1,Travel_Rarely,27990,12,1.0,27.0,0.5,1,0,0.0,0.0,4.0,4,No,3,Medium
2340,Sneha Verma,23,Female,Married,2,Life Sciences,2,Manager,3,Travel_Rarely,105520,11,0.0,4.0,2.0,2,1,2.0,2.0,2.0,7,No,3,Medium
2341,Karan Patel,36,Male,Married,3,Life Sciences,1,Human Resources,2,Travel_Frequently,23290,15,0.0,9.0,2.0,3,1,0.0,2.0,3.0,21,No,3,Low
2342,Suresh Verma,42,Female,Single,2,Life Sciences,2,Manager,5,Travel_Rarely,40140,13,1.0,24.0,3.0,1,0,0.0,1.0,8.0,8,No,3,Medium
2343,Raj Johnson,35,Female,Married,3,Medical,1,Laboratory Technician,2,Travel_Rarely,74030,12,1.0,10.0,4.0,10,6,6.0,8.0,1.0,4,No,3,Medium
2344,Emma Joshi,34,Female,Married,1,Life Sciences,2,Manager,1,Travel_Frequently,22590,14,0.0,8.0,2.0,8,4,7.0,7.0,1.0,25,No,3,Medium
2345,Aarav Johnson,40,Male,Married,4,Life Sciences,2,Laboratory Technician,2,Travel_Rarely,69320,13,0.0,5.0,4.5,5,3,1.0,2.0,1.0,1,No,3,Medium
2346,Aarav Verma,43,Male,Divorced,1,Other,2,Manager,1,Travel_Rarely,46780,25,1.0,8.0,0.5,6,3,0.0,2.0,5.0,1,No,4,High
2347,Olivia Jones,35,Female,Married,3,Marketing,1,Sales Representative,3,Travel_Rarely,135820,17,1.0,1.0,3.0,1,0,0.0,1.0,1.0,6,No,3,Medium
2348,Tanvi Brown,46,Male,Single,4,Technical Degree,2,Laboratory Technician,1,Travel_Rarely,23320,11,0.0,27.0,2.0,18,10,0.0,12.0,1.0,12,No,3,Low
2349,Amit Kumar,28,Female,Married,3,Medical,3,Laboratory Technician,2,Travel_Rarely,24130,16,1.0,1.0,2.0,1,0,0.0,0.0,1.0,1,Yes,3,Medium
2350,Ishaan Sharma,22,Male,Married,2,Marketing,1,Sales Executive,3,Non-Travel,97050,18,2.0,4.0,3.0,4,2,1.0,3.0,1.0,17,No,3,Low
2351,Sarah Verma,50,Male,Married,3,Other,2,Research Scientist,2,Travel_Frequently,42940,20,0.0,28.5,2.0,18,10,7.5,13.0,2.0,3,No,4,High
2352,Riya Jones,32,Male,Married,2,Life Sciences,2,Research Scientist,3,Travel_Rarely,47210,14,1.0,6.0,3.0,3,1,0.0,2.0,3.0,3,No,3,Medium
2353,Varun Mehta,44,Male,Divorced,3,Technical Degree,2,Manager,3,Travel_Rarely,25190,21,2.0,23.0,2.0,18,10,1.0,10.0,0.0,10,No,4,High
2354,Priya Shah,30,Female,Married,3,Medical,2,Research Director,1,Travel_Rarely,21210,13,1.0,6.0,2.0,6,3,1.0,1.0,1.0,4,No,3,Low
2355,Vivek Pillai,45,Female,Single,2,Technical Degree,1,Research Scientist,2,Travel_Rarely,29730,12,0.0,10.0,2.0,10,6,1.0,4.0,1.0,29,No,3,Medium
2356,Ishaan Williams,45,Male,Married,4,Life Sciences,1,Manufacturing Director,2,Non-Travel,58550,14,1.0,10.0,3.0,10,6,4.0,5.0,1.0,2,No,3,Low
2357,Sarah Reddy,31,Male,Single,3,Medical,2,Research Scientist,2,Travel_Frequently,36170,21,1.0,10.0,4.5,5,3,0.0,3.0,7.0,7,No,4,High
2358,Aditya Reddy,36,Male,Married,1,Medical,2,Manufacturing Director,2,Travel_Rarely,67250,17,1.0,7.0,3.0,3,1,1.0,1.0,8.5,18,No,3,Medium
2359,Sarah Wilson,34,Male,Divorced,4,Marketing,1,Manufacturing Director,5,Travel_Frequently,103250,11,1.0,9.0,3.0,9,5,7.0,2.0,1.0,28,No,3,Medium
2360,Neha Singh,49,Male,Married,4,Life Sciences,2,Healthcare Representative,3,Travel_Rarely,69490,14,1.0,10.0,2.0,9,5,1.0,4.0,1.0,1,No,3,Low
2361,Rohit Brown,39,Male,Married,2,Life Sciences,2,Research Scientist,3,Travel_Rarely,106090,17,1.0,10.0,2.0,7,4,7.0,7.0,2.0,6,No,3,Low
2362,Emma Verma,27,Male,Divorced,1,Life Sciences,2,Research Scientist,4,Travel_Rarely,44470,13,0.0,7.0,4.0,7,4,0.0,7.0,1.0,2,No,3,Medium
2363,Ishaan Rao,35,Female,Married,3,Medical,2,Sales Executive,2,Travel_Rarely,21570,25,0.0,16.0,1.0,16,9,1.0,10.0,1.0,2,No,4,High
2364,Ananya Garcia,28,Male,Divorced,3,Life Sciences,2,Manufacturing Director,3,Travel_Rarely,46010,15,2.0,6.0,2.0,5,3,0.0,0.0,0.0,23,No,3,Low
2365,Ananya Agarwal,21,Female,Single,1,Life Sciences,2,Laboratory Technician,1,Travel_Rarely,165835,14,1.0,3.0,2.0,2,1,2.0,2.0,1.0,3,No,3,Medium
2366,David Smith,18,Male,Single,5,Medical,2,Research Director,1,Travel_Frequently,24790,12,1.0,0.0,2.0,0,0,0.0,0.0,2.0,3,Yes,3,Medium
2367,Vikram Gupta,47,Male,Married,4,Medical,2,Research Scientist,2,Travel_Rarely,148520,19,2.5,27.0,3.0,5,3,1.0,0.0,3.0,25,No,3,Medium
2368,James Pillai,39,Male,Divorced,4,Life Sciences,1,Laboratory Technician,1,Travel_Rarely,72640,17,0.0,10.0,4.5,10,6,0.0,7.0,0.0,2,No,3,Medium
2369,Akash Nair,40,Male,Married,1,Life Sciences,2,Laboratory Technician,1,Travel_Rarely,56660,14,1.0,18.0,2.0,18,10,7.5,12.0,1.0,22,No,3,Medium
2370,Kunal Shah,35,Female,Married,3,Medical,2,Sales Executive,2,Non-Travel,78230,13,1.0,15.0,3.0,14,8,2.0,9.0,1.0,29,No,3,Medium
2371,Gaurav Rao,37,Male,Married,4,Technical Degree,2,Laboratory Technician,1,Travel_Rarely,78800,12,1.0,9.0,2.0,4,2,0.0,2.0,3.0,29,No,3,Medium
2372,Nikhil Malhotra,39,Female,Single,3,Technical Degree,2,Manager,2,Travel_Frequently,131940,11,0.0,10.0,2.0,9,5,3.0,8.0,0.0,2,No,3,Low
2373,Suresh Joshi,45,Female,Divorced,3,Life Sciences,2,Laboratory Technician,2,Travel_Rarely,50670,11,2.0,10.0,3.0,10,6,3.0,9.0,1.0,28,No,3,Medium
2374,Vikram Gupta,38,Female,Married,4,Life Sciences,2,Sales Executive,3,Travel_Rarely,50790,11,0.0,10.0,3.0,5,3,0.0,2.0,3.0,2,No,3,Medium
2375,Michael Nair,35,Male,Married,3,Life Sciences,2,Healthcare Representative,3,Travel_Rarely,23210,12,1.0,15.0,0.5,13,7,6.0,0.0,8.5,2,Yes,3,Medium
2376,Aditya Singh,37,Female,Married,3,Life Sciences,2,Healthcare Representative,2,Travel_Rarely,165835,14,0.0,8.0,4.0,8,4,7.0,7.0,1.0,22,No,3,Low
2377,Zara Jones,40,Female,Single,3,Technical Degree,2,Healthcare Representative,2,Travel_Rarely,24040,17,0.0,18.0,2.0,4,2,3.0,3.0,6.0,8,No,3,Medium
2378,Dev Trivedi,44,Male,Married,2,Marketing,1,Laboratory Technician,1,Travel_Frequently,34520,11,1.0,14.0,2.0,10,6,0.0,2.0,4.0,2,No,3,Medium
2379,Rohit Singh,48,Female,Married,4,Marketing,1,Manager,3,Travel_Frequently,22700,14,2.5,23.0,2.0,2,1,2.0,2.0,2.0,10,No,3,Medium
2380,Pooja Smith,35,Male,Divorced,3,Life Sciences,2,Manager,2,Travel_Rarely,165835,12,0.0,7.0,3.0,2,1,2.0,2.0,6.0,9,Yes,3,Low
2381,John Jones,24,Male,Single,3,Life Sciences,2,Research Scientist,2,Travel_Frequently,54880,22,1.0,6.0,4.5,6,3,1.0,3.0,1.0,15,No,4,High
2382,Ananya Mehta,27,Male,Married,4,Life Sciences,1,Sales Executive,3,Travel_Rarely,165835,14,1.0,5.0,2.0,3,1,0.0,2.0,7.0,10,No,3,Low
2383,Nikhil Singh,27,Male,Single,3,Life Sciences,2,Research Scientist,1,Travel_Frequently,28110,20,0.0,6.0,3.0,4,2,1.0,2.0,2.0,7,No,4,High
2384,Rohit Sharma,40,Male,Single,4,Marketing,1,Research Director,1,Travel_Rarely,36330,16,2.0,10.0,0.5,4,2,0.0,3.0,3.0,16,Yes,3,Low
2385,Ananya Verma,29,Female,Single,1,Medical,2,Manager,2,Travel_Rarely,41630,15,1.0,8.0,4.0,5,3,1.0,4.0,8.5,20,No,3,Medium
2386,Ishaan Williams,36,Female,Married,3,Life Sciences,2,Sales Executive,3,Travel_Rarely,21320,20,0.0,9.0,1.0,3,1,0.0,2.0,4.0,23,No,4,High
2387,Aryan Wilson,25,Male,Divorced,1,Marketing,1,Manufacturing Director,4,Travel_Frequently,139730,14,0.0,7.0,3.0,7,4,0.0,7.0,1.0,5,No,3,Medium
2388,Gaurav Verma,39,Female,Married,3,Marketing,1,Research Director,2,Travel_Rarely,26840,12,0.0,7.0,2.0,5,3,1.0,0.0,4.0,10,No,3,Medium
2389,Kavya Johnson,49,Male,Married,2,Life Sciences,1,Research Director,2,Travel_Rarely,108450,24,0.0,27.0,4.0,4,2,1.0,2.0,3.0,4,No,4,High
2390,Ananya Verma,50,Male,Divorced,2,Medical,2,Sales Executive,3,Travel_Rarely,43770,12,1.0,19.0,2.0,14,8,1.0,11.0,5.0,2,No,3,Medium
2391,Emily Thakur,20,Female,Single,4,Medical,2,Sales Executive,2,Travel_Rarely,37430,13,1.0,2.0,2.0,2,1,2.0,2.0,1.0,18,No,3,Medium
2392,Kavya Johnson,34,Male,Divorced,3,Medical,2,Laboratory Technician,3,Travel_Rarely,41480,11,0.0,11.0,3.0,11,6,7.0,9.0,1.0,10,No,3,Medium
2393,Emily Malhotra,36,Female,Single,3,Life Sciences,2,Healthcare Representative,2,Travel_Rarely,10510,14,0.0,15.0,2.0,4,2,1.0,3.0,2.0,1,No,3,Low
2394,Rohit Sharma,49,Female,Married,2,Life Sciences,3,Research Scientist,2,Travel_Rarely,107390,11,2.5,28.5,3.0,15,9,2.0,12.0,2.0,6,No,3,Medium
2395,Karan Thakur,36,Male,Married,4,Life Sciences,2,Laboratory Technician,4,Non-Travel,103880,14,0.0,4.0,2.0,3,1,1.0,2.0,0.0,8,No,3,Medium
2396,Deepika Wilson,36,Female,Divorced,2,Medical,2,Healthcare Representative,2,Travel_Rarely,114160,16,0.0,13.0,2.0,5,3,0.0,4.0,6.0,2,No,3,Medium
2397,John Gupta,54,Male,Married,3,Marketing,1,Laboratory Technician,1,Travel_Rarely,26000,14,0.0,28.5,4.5,10,6,4.0,7.0,3.0,24,No,3,Medium
2398,Neha Patel,43,Female,Married,4,Life Sciences,2,Research Scientist,1,Travel_Rarely,24220,11,1.0,14.0,2.0,14,8,6.0,11.0,1.0,2,No,3,Medium
2399,Rahul Singh,35,Male,Single,4,Medical,2,Research Director,1,Travel_Frequently,54720,11,1.0,13.0,3.0,11,6,6.0,7.0,3.0,17,Yes,3,Medium
2400,Meera Shah,38,Male,Married,2,Life Sciences,2,Research Scientist,2,Travel_Frequently,24510,12,1.0,19.0,3.0,13,7,2.0,9.0,7.0,19,No,3,Medium
2401,Sara Thakur,29,Male,Divorced,2,Medical,2,Sales Representative,2,Travel_Rarely,42400,14,0.0,10.0,2.0,10,6,0.0,9.0,1.0,1,No,3,Low
2402,Dev Williams,33,Male,Divorced,3,Medical,2,Sales Executive,5,Travel_Rarely,109990,18,2.5,6.0,3.0,6,3,0.0,4.0,1.0,7,No,3,Medium
2403,Suresh Johnson,32,Male,Divorced,4,Technical Degree,2,Research Scientist,5,Travel_Rarely,50030,13,0.0,10.0,4.5,9,5,1.0,6.0,0.0,5,No,3,Medium
2404,Priya Garcia,31,Female,Married,4,Technical Degree,2,Sales Executive,2,Travel_Rarely,127420,11,0.0,10.0,4.0,10,6,0.0,2.0,1.0,28,No,3,Medium
2405,Meera Brown,49,Male,Divorced,4,Medical,2,Laboratory Technician,1,Travel_Rarely,42270,18,0.0,17.0,3.0,2,1,2.0,2.0,4.0,2,No,3,Low
2406,Deepika Gupta,38,Female,Single,2,Medical,1,Sales Executive,1,Travel_Frequently,39170,15,2.5,4.0,2.0,4,2,3.0,3.0,1.0,29,No,3,Medium
2407,Raj Shah,47,Male,Divorced,4,Medical,2,Laboratory Technician,3,Travel_Rarely,165835,22,1.0,28.5,2.0,3,1,1.0,2.0,6.0,1,No,4,High
2408,Vikram Joshi,49,Male,Single,3,Medical,2,Manufacturing Director,2,Travel_Rarely,23800,13,0.0,23.0,3.0,8,4,0.0,0.0,4.0,21,No,3,Medium
2409,Michael Malhotra,41,Female,Single,4,Life Sciences,2,Manager,4,Travel_Rarely,137260,12,0.0,21.0,4.5,2,1,0.0,2.0,3.0,24,No,3,Medium
2410,Raj Miller,20,Male,Single,3,Life Sciences,2,Sales Representative,1,Travel_Rarely,47770,18,1.0,2.0,3.0,2,1,0.0,2.0,1.0,1,No,3,Medium
2411,Riya Smith,33,Female,Divorced,2,Medical,2,Healthcare Representative,2,Non-Travel,63850,13,0.0,7.0,4.5,6,3,1.0,2.0,1.0,18,No,3,Medium
2412,David Wilson,36,Male,Married,2,Technical Degree,2,Sales Executive,3,Travel_Rarely,165835,12,0.0,10.0,2.0,3,1,0.0,2.0,6.0,2,No,3,Low
2413,Rahul Pillai,44,Female,Divorced,3,Technical Degree,2,Healthcare Representative,3,Travel_Rarely,68610,12,0.0,8.0,2.0,2,1,2.0,2.0,4.0,9,No,3,Medium
2414,Deepika Shah,23,Female,Single,3,Life Sciences,3,Laboratory Technician,3,Travel_Rarely,49690,12,0.0,5.0,3.0,5,3,1.0,2.0,1.0,6,Yes,3,Medium
2415,David Reddy,38,Male,Married,2,Life Sciences,2,Sales Executive,1,Travel_Rarely,165835,11,1.0,7.0,3.0,0,0,0.0,0.0,7.0,11,No,3,Medium
2416,Kavya Kumar,53,Male,Married,3,Life Sciences,2,Research Director,4,Travel_Rarely,133200,11,0.0,11.0,2.0,4,2,1.0,2.0,3.0,24,No,3,Medium
2417,Meera Mehta,48,Male,Married,2,Marketing,1,Healthcare Representative,1,Travel_Frequently,63470,12,1.0,19.0,3.0,9,5,7.0,7.0,2.0,10,Yes,3,Medium
2418,John Shah,32,Male,Single,3,Life Sciences,1,Research Scientist,2,Travel_Rarely,27430,19,1.0,1.0,2.0,1,0,0.0,0.0,1.0,1,Yes,3,Medium
2419,Anjali Verma,26,Male,Single,2,Medical,2,Human Resources,1,Non-Travel,108800,23,1.0,7.0,4.5,7,4,5.0,7.0,1.0,18,No,4,High
2420,Emily Miller,55,Male,Divorced,1,Life Sciences,2,Laboratory Technician,5,Travel_Rarely,23420,11,2.0,8.0,2.0,4,2,1.0,2.0,5.0,23,No,3,Low
2421,Vikram Singh,34,Female,Married,3,Life Sciences,1,Research Scientist,2,Travel_Rarely,165835,19,1.0,15.0,4.5,15,9,4.0,13.0,1.0,28,No,3,Medium
2422,Ananya Patel,60,Male,Divorced,4,Medical,1,Manager,1,Travel_Rarely,40250,13,1.0,19.0,4.5,1,0,0.0,0.0,3.0,17,No,3,Medium
2423,Vikram Williams,33,Male,Married,3,Life Sciences,1,Manager,3,Travel_Rarely,97250,11,0.0,14.0,0.5,14,8,2.0,13.0,1.0,3,No,3,Medium
2424,Emily Kumar,37,Male,Divorced,3,Life Sciences,2,Laboratory Technician,1,Travel_Frequently,119040,12,1.0,6.0,4.0,6,3,1.0,3.0,1.0,13,No,3,Medium
2425,Arjun Garcia,34,Male,Married,2,Life Sciences,2,Healthcare Representative,1,Travel_Rarely,21770,13,0.0,10.0,4.5,10,6,7.5,7.0,1.0,7,No,3,Medium
2426,David Johnson,23,Male,Divorced,2,Medical,2,Research Scientist,2,Travel_Rarely,75250,14,2.0,3.0,2.0,3,1,0.0,2.0,1.0,12,Yes,3,Medium
2427,Ananya Verma,44,Male,Married,3,Life Sciences,3,Research Scientist,1,Travel_Rarely,48340,14,0.0,9.0,1.0,8,4,6.0,7.0,1.0,1,No,3,Medium
2428,Akash Smith,35,Male,Single,3,Life Sciences,2,Sales Executive,3,Travel_Frequently,20420,16,0.0,6.0,2.0,5,3,1.0,4.0,0.0,13,No,3,Medium
2429,Emily Trivedi,43,Male,Married,4,Life Sciences,2,Sales Executive,2,Travel_Rarely,22200,11,0.0,10.0,2.0,10,6,7.5,8.0,1.0,25,No,3,Medium
2430,Gaurav Johnson,24,Male,Married,3,Life Sciences,2,Sales Executive,3,Travel_Rarely,10520,13,0.0,5.0,3.0,5,3,0.0,4.0,1.0,6,No,3,Medium
2431,Akash Brown,41,Male,Single,4,Marketing,1,Research Scientist,1,Travel_Rarely,28210,17,0.0,10.0,3.0,10,6,7.5,7.0,1.0,6,No,3,Medium
2432,Sarah Smith,29,Male,Married,2,Life Sciences,2,Research Scientist,2,Travel_Rarely,165835,11,1.0,9.0,2.0,5,3,1.0,2.0,8.5,2,No,3,Medium
2433,Michael Thakur,36,Female,Single,4,Life Sciences,3,Research Scientist,3,Travel_Rarely,41070,11,1.0,17.0,2.0,13,7,6.0,7.0,3.0,1,No,3,Medium
2434,Priya Malhotra,45,Female,Married,3,Life Sciences,1,Manufacturing Director,2,Non-Travel,83960,15,2.0,25.0,3.0,18,10,7.5,4.0,3.0,2,No,3,Medium
2435,David Smith,24,Female,Married,2,Medical,1,Manager,2,Travel_Rarely,20070,12,0.0,1.0,2.0,1,0,0.0,0.0,1.0,6,Yes,3,Medium
2436,Deepika Miller,47,Female,Married,3,Medical,2,Sales Executive,2,Travel_Frequently,165835,11,2.0,25.0,1.0,18,10,7.5,10.0,7.0,1,Yes,3,Medium
2437,Akash Thakur,26,Male,Married,1,Medical,2,Sales Executive,1,Travel_Rarely,106860,14,1.0,3.0,2.0,3,1,0.0,2.0,1.0,9,No,3,Medium
2438,Deepika Agarwal,45,Male,Single,4,Life Sciences,2,Research Director,1,Travel_Rarely,29420,22,1.0,21.0,4.0,18,10,7.5,6.0,1.0,1,No,4,High
2439,Neha Pillai,32,Male,Married,1,Marketing,1,Laboratory Technician,2,Travel_Frequently,88580,16,1.0,10.0,2.0,5,3,1.0,3.0,6.0,1,No,3,Low
2440,Sneha Johnson,31,Male,Married,2,Life Sciences,2,Sales Executive,1,Travel_Rarely,165835,11,2.0,6.0,4.5,5,3,0.0,3.0,1.0,14,No,3,Medium
2441,Meera Wilson,41,Male,Married,2,Medical,1,Research Scientist,2,Non-Travel,107980,14,2.0,10.0,4.5,3,1,1.0,2.0,6.0,2,No,3,Low
2442,Rahul Patel,40,Male,Married,2,Technical Degree,2,Healthcare Representative,1,Travel_Rarely,23230,16,1.0,18.0,2.0,1,0,0.0,0.0,2.0,22,No,3,Low
2443,Aarav Mehta,24,Female,Divorced,3,Life Sciences,2,Research Scientist,1,Travel_Rarely,14160,15,1.0,6.0,3.0,6,3,1.0,2.0,1.0,3,No,3,Low
2444,Suresh Shah,46,Male,Single,3,Medical,2,Sales Executive,4,Travel_Rarely,46150,12,0.0,19.0,3.0,10,6,0.0,9.0,6.0,6,No,3,Medium
2445,Kavya Reddy,35,Male,Married,4,Life Sciences,1,Laboratory Technician,1,Travel_Rarely,24610,20,1.0,17.0,4.0,7,4,0.0,7.0,2.0,8,No,4,High
2446,Emily Thakur,30,Male,Married,4,Marketing,1,Laboratory Technician,1,Travel_Rarely,87220,17,1.0,10.0,3.0,10,6,0.0,8.0,1.0,9,No,3,Medium
2447,Akash Verma,47,Female,Married,2,Life Sciences,2,Sales Executive,2,Non-Travel,39550,12,1.0,4.0,4.5,1,0,0.0,0.0,7.0,3,No,3,Low
2448,Priya Pillai,46,Female,Divorced,4,Technical Degree,2,Sales Executive,3,Travel_Rarely,99570,20,0.0,13.0,1.0,10,6,0.0,3.0,4.0,1,No,4,High
2449,Emily Thakur,36,Male,Divorced,3,Medical,2,Manufacturing Director,2,Travel_Rarely,33760,20,0.0,16.0,3.0,2,1,2.0,2.0,5.0,1,Yes,4,High
2450,Vikram Thakur,32,Female,Single,3,Medical,2,Research Director,2,Travel_Rarely,88230,13,2.0,10.0,3.0,0,0,0.0,0.0,6.0,26,Yes,3,Low
2451,Kavya Agarwal,23,Male,Single,4,Life Sciences,1,Manufacturing Director,3,Travel_Rarely,103220,14,2.0,3.0,2.0,3,1,1.0,2.0,1.0,6,No,3,Low
2452,Sara Johnson,31,Male,Single,3,Marketing,1,Sales Executive,2,Travel_Frequently,46210,18,1.0,9.0,3.0,5,3,1.0,4.0,2.0,3,No,3,Medium
2453,Deepika Agarwal,39,Female,Married,3,Life Sciences,2,Manufacturing Director,2,Non-Travel,109760,11,0.0,9.0,3.0,9,5,5.0,8.0,1.0,3,No,3,Medium
2454,Ishaan Williams,32,Male,Married,3,Technical Degree,2,Research Scientist,1,Travel_Rarely,36600,11,2.0,10.0,0.5,4,2,0.0,2.0,3.0,6,No,3,Medium
2455,Zara Trivedi,40,Male,Single,3,Life Sciences,1,Manufacturing Director,3,Travel_Rarely,104820,11,1.0,21.0,4.5,18,10,7.5,8.0,1.0,6,No,3,Low
2456,Emma Shah,45,Male,Married,4,Medical,2,Sales Representative,1,Travel_Rarely,71190,15,0.0,9.0,2.0,5,3,0.0,3.0,4.0,19,No,3,Medium
2457,Aditya Trivedi,30,Male,Single,3,Life Sciences,1,Research Director,1,Travel_Frequently,95820,12,1.0,10.0,2.0,9,5,0.0,7.0,0.0,9,No,3,Medium
2458,Vivek Kumar,24,Male,Married,4,Marketing,1,Sales Executive,1,Travel_Frequently,45080,11,1.0,3.0,4.5,2,1,2.0,1.0,0.0,3,No,3,Medium
2459,Ananya Gupta,30,Female,Divorced,3,Life Sciences,2,Human Resources,1,Travel_Frequently,22070,14,0.0,6.0,4.0,4,2,1.0,2.0,6.0,10,Yes,3,Medium
2460,Emily Shah,31,Male,Married,2,Life Sciences,2,Laboratory Technician,3,Travel_Rarely,77560,15,2.0,6.0,3.0,5,3,0.0,2.0,1.0,3,No,3,Medium
2461,John Jones,27,Male,Single,3,Life Sciences,1,Manager,1,Travel_Rarely,66940,13,1.0,6.0,2.0,6,3,1.0,4.0,1.0,3,No,3,Medium
2462,Riya Agarwal,29,Male,Single,3,Marketing,1,Research Scientist,5,Travel_Rarely,36910,13,0.0,2.0,3.0,2,1,2.0,2.0,1.0,4,Yes,3,Medium
2463,Kavya Kumar,29,Female,Single,4,Life Sciences,2,Sales Executive,1,Travel_Frequently,23770,21,1.0,10.0,2.0,3,1,0.0,2.0,8.0,8,No,4,High
2464,Neha Thakur,30,Male,Divorced,3,Life Sciences,1,Sales Executive,3,Travel_Rarely,23130,11,0.0,12.0,4.5,7,4,1.0,7.0,2.0,7,No,3,Medium
2465,Aryan Mehta,34,Female,Married,2,Medical,2,Healthcare Representative,2,Travel_Rarely,165835,11,0.0,6.0,4.5,5,3,1.0,2.0,0.0,1,No,3,Medium
2466,Aarav Johnson,33,Male,Single,4,Medical,2,Sales Representative,1,Non-Travel,25960,14,1.0,13.0,4.0,11,6,1.0,7.0,8.0,2,No,3,Medium
2467,Sarah Brown,49,Male,Single,4,Marketing,1,Sales Executive,1,Travel_Rarely,47280,11,1.0,8.0,4.0,5,3,0.0,4.0,3.0,3,No,3,Medium
2468,Meera Thakur,33,Male,Single,3,Life Sciences,2,Sales Executive,1,Travel_Rarely,43020,13,0.0,11.0,3.0,0,0,0.0,0.0,2.0,10,Yes,3,Low
2469,John Thakur,38,Male,Married,3,Medical,2,Healthcare Representative,1,Travel_Frequently,29790,12,1.0,9.0,3.0,6,3,0.0,5.0,4.0,28,No,3,Medium
2470,Ishaan Malhotra,31,Male,Married,4,Human Resources,3,Laboratory Technician,2,Travel_Rarely,165835,14,2.0,10.0,2.0,1,0,0.0,0.0,2.0,9,Yes,3,Medium
2471,Varun Rao,29,Female,Divorced,4,Other,2,Sales Representative,2,Travel_Rarely,55930,13,1.0,1.0,3.0,1,0,0.0,0.0,1.0,3,No,3,Medium
2472,Emily Jones,30,Male,Married,1,Medical,2,Sales Representative,1,Travel_Rarely,104450,18,1.0,10.0,3.0,7,4,1.0,7.0,3.0,2,No,3,Medium
2473,Aditya Johnson,32,Female,Single,4,Life Sciences,2,Laboratory Technician,1,Non-Travel,87400,11,1.0,12.0,2.0,7,4,0.0,7.0,2.0,10,No,3,Medium
2474,Kunal Reddy,38,Female,Married,2,Technical Degree,2,Manufacturing Director,1,Travel_Rarely,25140,11,0.0,15.0,2.0,1,0,1.0,0.0,3.0,8,No,3,Medium
2475,Gaurav Nair,43,Male,Married,4,Other,2,Sales Executive,3,Travel_Frequently,76550,12,1.0,6.0,3.0,1,0,0.0,0.0,8.5,1,Yes,3,Medium
2476,Kavya Verma,42,Female,Divorced,3,Other,3,Healthcare Representative,1,Travel_Rarely,165835,13,1.0,7.0,3.0,5,3,0.0,4.0,8.0,1,No,3,Low
2477,Vivek Singh,55,Female,Married,2,Life Sciences,2,Sales Executive,1,Travel_Rarely,73510,20,1.0,28.5,3.0,1,0,0.0,0.0,8.0,3,No,4,High
2478,Meera Patel,33,Male,Divorced,3,Other,2,Research Scientist,1,Non-Travel,108200,12,0.0,11.0,2.0,9,5,1.0,7.0,5.0,14,No,3,Medium
2479,Arjun Nair,41,Male,Divorced,3,Medical,2,Sales Representative,1,Travel_Rarely,121690,19,0.0,5.0,2.0,5,3,0.0,4.0,1.0,5,No,3,Low
2480,David Miller,34,Female,Divorced,4,Medical,2,Research Scientist,1,Non-Travel,165835,21,0.0,15.0,4.5,15,9,0.0,7.0,1.0,7,No,4,High
2481,Meera Reddy,53,Male,Married,4,Medical,2,Healthcare Representative,2,Non-Travel,20700,13,2.0,27.0,2.0,3,1,0.0,2.0,4.0,10,No,3,Medium
2482,Olivia Mehta,43,Female,Single,2,Marketing,1,Laboratory Technician,1,Travel_Rarely,67820,16,1.0,10.0,2.0,9,5,1.0,8.0,0.0,16,No,3,Medium
2483,Emma Kumar,34,Female,Single,2,Life Sciences,1,Sales Executive,5,Travel_Rarely,77790,12,1.0,6.0,2.0,2,1,2.0,2.0,5.0,10,No,3,Medium
2484,Dev Malhotra,21,Male,Single,2,Marketing,1,Healthcare Representative,5,Travel_Rarely,27910,14,0.0,1.0,3.0,1,0,1.0,0.0,1.0,1,Yes,3,Medium
2485,Aditya Brown,38,Female,Married,2,Life Sciences,2,Sales Executive,2,Travel_Rarely,32010,11,1.0,5.0,3.0,5,3,0.0,4.0,1.0,8,No,3,Medium
2486,Emily Nair,22,Male,Married,3,Other,2,Research Scientist,4,Travel_Rarely,49680,14,0.0,1.0,3.0,1,0,0.0,0.0,1.0,1,Yes,3,Medium
2487,James Williams,31,Male,Married,5,Life Sciences,2,Sales Executive,5,Travel_Rarely,131200,12,2.0,13.0,4.5,12,7,5.0,7.0,1.0,8,No,3,Medium
2488,Zara Brown,51,Female,Married,4,Life Sciences,2,Manager,1,Travel_Rarely,40330,14,0.0,15.0,2.0,2,1,2.0,2.0,2.0,1,No,3,Medium
2489,Rohit Kumar,37,Male,Married,1,Life Sciences,2,Sales Executive,2,Travel_Rarely,32910,16,2.5,5.0,2.0,5,3,0.0,3.0,1.0,24,No,3,Low
2490,David Trivedi,46,Female,Divorced,4,Marketing,1,Sales Representative,1,Travel_Rarely,42720,13,0.0,24.0,3.0,2,1,2.0,2.0,7.0,3,No,3,Medium
2491,Sarah Miller,36,Female,Married,3,Technical Degree,2,Research Scientist,4,Travel_Rarely,50560,12,0.0,15.0,2.0,12,7,5.0,7.0,7.0,27,No,3,Medium
2492,Deepika Pillai,44,Male,Divorced,4,Life Sciences,1,Research Scientist,1,Travel_Frequently,28440,12,0.0,6.0,2.0,5,3,2.0,3.0,1.0,10,Yes,3,Medium
2493,Deepika Verma,37,Male,Divorced,2,Technical Degree,2,Sales Executive,2,Travel_Rarely,27030,14,0.0,19.0,2.0,10,6,4.0,7.0,2.0,19,No,3,Medium
2494,John Miller,35,Male,Single,4,Life Sciences,2,Research Scientist,2,Travel_Rarely,19040,22,1.0,10.0,4.0,10,6,7.0,7.0,1.0,15,Yes,4,High
2495,Emma Garcia,33,Male,Married,5,Medical,2,Laboratory Technician,2,Travel_Rarely,82240,19,0.0,14.0,3.0,10,6,7.0,6.0,6.0,8,No,3,Medium
2496,Shivam Shah,28,Female,Married,3,Medical,1,Sales Executive,2,Travel_Rarely,47660,12,0.0,5.0,3.0,5,3,0.0,3.0,1.0,9,No,3,Medium
2497,Olivia Shah,39,Female,Single,4,Marketing,1,Laboratory Technician,2,Travel_Rarely,26100,12,0.0,9.0,2.0,4,2,2.0,2.0,7.0,3,No,3,Medium
2498,Shivam Mehta,46,Male,Single,2,Life Sciences,2,Manufacturing Director,2,Non-Travel,57310,17,0.0,6.0,2.0,2,1,2.0,2.0,8.0,9,No,3,Medium
2499,Vikram Brown,40,Male,Married,2,Medical,2,Research Director,1,Travel_Rarely,25390,12,1.0,7.0,3.0,4,2,0.0,2.0,4.0,2,No,3,Low
2500,Suresh Reddy,42,Female,Married,4,Other,2,Laboratory Technician,2,Travel_Rarely,57140,11,0.0,10.0,2.0,0,0,0.0,0.0,5.0,7,No,3,Low
2501,Deepika Sharma,35,Female,Divorced,1,Life Sciences,1,Research Director,2,Non-Travel,43230,18,2.5,15.0,3.0,7,4,1.0,7.0,2.0,10,No,3,Medium
2502,Sara Smith,38,Male,Divorced,4,Marketing,1,Sales Executive,3,Non-Travel,73360,11,0.0,13.0,3.0,11,6,3.0,8.0,5.0,6,No,3,Low
2503,Vivek Miller,34,Male,Married,1,Life Sciences,2,Manufacturing Director,1,Travel_Frequently,134990,23,2.0,11.0,2.0,7,4,0.0,7.0,4.0,2,Yes,4,High
2504,Rahul Brown,37,Male,Single,3,Life Sciences,2,Laboratory Technician,1,Travel_Rarely,137580,11,1.0,10.0,4.5,10,6,0.0,8.0,1.0,24,Yes,3,Low
2505,Tanvi Gupta,39,Male,Divorced,1,Medical,2,Healthcare Representative,2,Travel_Frequently,51550,18,1.0,7.0,3.0,2,1,2.0,2.0,2.0,2,No,3,Medium
2506,Emily Verma,43,Female,Single,5,Medical,3,Sales Executive,3,Non-Travel,22580,18,0.0,7.0,2.0,3,1,1.0,2.0,4.0,8,No,3,Low
2507,Sanjay Miller,41,Male,Single,3,Life Sciences,2,Research Scientist,3,Travel_Rarely,35970,13,1.0,11.0,2.0,3,1,1.0,2.0,3.0,3,No,3,Low
2508,Sneha Miller,41,Male,Divorced,1,Technical Degree,2,Laboratory Technician,3,Travel_Rarely,25150,18,0.0,23.0,2.0,18,10,7.5,5.0,0.0,1,No,3,Medium
2509,Akash Shah,30,Female,Single,3,Marketing,1,Manager,2,Travel_Rarely,44200,11,0.0,9.0,3.0,7,4,0.0,2.0,8.5,26,No,3,Medium
2510,Vivek Agarwal,26,Female,Married,1,Technical Degree,3,Sales Executive,3,Travel_Rarely,65780,15,2.0,6.0,3.0,5,3,1.0,4.0,0.0,2,Yes,3,Medium
2511,Michael Rao,46,Male,Married,3,Medical,2,Sales Executive,1,Travel_Rarely,44220,11,1.0,13.0,2.0,9,5,3.0,7.0,4.0,10,Yes,3,Medium
2512,Suresh Pillai,40,Female,Divorced,2,Medical,1,Sales Executive,3,Travel_Rarely,102740,18,0.0,12.0,3.0,5,3,0.0,3.0,4.0,27,No,3,Medium
2513,Michael Kumar,34,Male,Married,3,Life Sciences,2,Laboratory Technician,2,Travel_Rarely,53430,14,0.0,10.0,4.5,10,6,4.0,8.0,1.0,2,No,3,Medium
2514,Divya Kumar,58,Male,Divorced,4,Medical,2,Laboratory Technician,1,Non-Travel,23760,12,1.0,28.5,3.0,16,9,7.5,14.0,4.0,2,No,3,Low
2515,Tanvi Mehta,35,Female,Married,1,Technical Degree,2,Manufacturing Director,3,Travel_Rarely,53460,14,0.0,6.0,3.0,5,3,0.0,3.0,0.0,8,No,3,Medium
2516,Karan Brown,47,Female,Divorced,5,Medical,2,Research Scientist,2,Travel_Rarely,28270,14,1.0,28.0,3.0,18,10,7.5,10.0,8.0,19,No,3,Medium
2517,Kunal Singh,40,Male,Divorced,4,Life Sciences,2,Manager,2,Travel_Rarely,165835,13,1.0,15.0,3.0,7,4,7.0,7.0,2.0,1,No,3,Low
2518,Aarav Mehta,54,Male,Married,4,Medical,1,Research Scientist,1,Travel_Rarely,31310,14,0.0,14.0,3.0,7,4,1.0,7.0,4.0,27,No,3,Medium
2519,David Shah,31,Female,Married,4,Other,1,Manufacturing Director,3,Travel_Frequently,25520,18,0.0,9.0,2.0,3,1,2.0,2.0,2.0,8,No,3,Low
2520,Olivia Mehta,28,Male,Married,2,Life Sciences,1,Manager,3,Travel_Rarely,44770,15,0.0,3.0,4.5,3,1,1.0,2.0,1.0,1,No,3,Medium
2521,Kunal Patel,38,Female,Married,3,Medical,2,Manufacturing Director,2,Travel_Rarely,64740,13,2.0,20.0,3.0,4,2,0.0,3.0,2.0,19,No,3,Low
2522,Neha Thakur,26,Female,Single,3,Marketing,1,Healthcare Representative,1,Travel_Rarely,30330,12,0.0,5.0,2.0,5,3,1.0,2.0,1.0,8,No,3,Medium
2523,Zara Nair,58,Female,Married,4,Technical Degree,2,Sales Representative,1,Travel_Frequently,29360,13,1.0,23.0,3.0,2,1,2.0,2.0,2.0,10,No,3,Medium
2524,Vivek Trivedi,18,Male,Single,3,Life Sciences,2,Sales Representative,3,Non-Travel,165835,24,2.0,0.0,4.0,0,0,0.0,0.0,1.0,2,No,4,High
2525,Ishaan Garcia,31,Male,Married,3,Life Sciences,2,Laboratory Technician,3,Travel_Rarely,21680,14,1.0,2.0,2.0,1,0,0.0,0.0,0.0,2,Yes,3,Medium
2526,Nikhil Singh,29,Male,Divorced,2,Medical,2,Manager,1,Travel_Rarely,28530,14,1.0,4.0,4.5,2,1,2.0,0.0,4.0,8,Yes,3,Low
2527,John Garcia,45,Male,Married,4,Technical Degree,1,Research Scientist,1,Non-Travel,165835,15,0.0,10.0,3.0,8,4,5.0,7.0,4.0,1,No,3,Medium
2528,Akash Garcia,36,Female,Married,3,Technical Degree,1,Laboratory Technician,5,Travel_Rarely,22900,11,0.0,15.0,4.5,1,0,0.0,0.0,4.0,2,No,3,Medium
2529,Emma Brown,43,Male,Married,3,Medical,1,Research Director,1,Travel_Frequently,36000,23,0.0,7.0,2.0,7,4,7.0,7.0,1.0,8,No,4,High
2530,Divya Trivedi,27,Male,Single,4,Life Sciences,1,Research Scientist,5,Travel_Frequently,21070,13,0.0,6.0,2.0,5,3,0.0,2.0,0.0,8,No,3,Medium
2531,Riya Trivedi,29,Male,Married,2,Medical,2,Human Resources,1,Travel_Frequently,41150,11,0.0,11.0,1.0,11,6,3.0,10.0,1.0,6,No,3,Medium
2532,Sara Trivedi,32,Male,Single,4,Life Sciences,1,Sales Executive,4,Travel_Frequently,43270,13,0.0,4.0,4.0,0,0,0.0,0.0,8.0,9,No,3,Medium
2533,Raj Smith,42,Male,Married,3,Medical,2,Manager,1,Non-Travel,165835,18,0.0,10.0,2.0,6,3,3.0,3.0,3.0,11,No,3,Medium
2534,Raj Sharma,47,Female,Single,2,Life Sciences,1,Manager,5,Travel_Rarely,31960,14,1.0,7.0,3.0,2,1,2.0,0.0,4.0,2,No,3,Medium
2535,Aditya Miller,46,Female,Divorced,3,Life Sciences,3,Laboratory Technician,1,Travel_Rarely,165835,21,0.0,12.0,2.0,9,5,4.0,7.0,3.0,1,No,4,High
2536,David Thakur,28,Male,Divorced,3,Life Sciences,2,Sales Executive,1,Non-Travel,89660,16,1.0,3.0,3.0,3,1,2.0,2.0,1.0,7,No,3,Medium
2537,Aryan Williams,29,Female,Divorced,3,Medical,2,Manufacturing Director,1,Travel_Rarely,22100,11,1.0,11.0,4.0,7,4,1.0,6.0,8.0,16,No,3,Medium
2538,Arjun Nair,42,Female,Single,4,Medical,1,Research Director,2,Travel_Rarely,45390,17,1.0,8.0,4.5,0,0,0.0,0.0,4.0,2,No,3,Medium
2539,Kavya Sharma,32,Male,Single,1,Medical,2,Laboratory Technician,2,Travel_Rarely,27410,11,0.0,7.0,3.0,2,1,2.0,2.0,7.0,1,Yes,3,Medium
2540,Zara Reddy,46,Male,Divorced,1,Life Sciences,2,Laboratory Technician,2,Travel_Rarely,34910,14,0.0,25.0,0.5,18,10,2.0,8.0,2.0,23,No,3,Low
2541,Karan Reddy,27,Female,Married,3,Life Sciences,1,Research Scientist,5,Travel_Rarely,45410,14,2.0,9.0,4.0,9,5,5.0,8.0,1.0,2,No,3,Medium
2542,Aarav Pillai,29,Male,Married,2,Medical,2,Sales Executive,3,Travel_Rarely,26780,25,1.0,1.0,3.0,1,0,0.0,0.0,1.0,1,No,4,High
2543,Raj Malhotra,43,Male,Married,3,Life Sciences,2,Manufacturing Director,1,Travel_Rarely,73790,13,2.0,21.0,3.0,16,9,6.0,14.0,7.0,1,No,3,Low
2544,James Gupta,48,Female,Married,3,Life Sciences,2,Manager,2,Travel_Rarely,62720,14,0.0,28.5,3.0,18,10,7.5,9.0,4.0,2,No,3,Medium
2545,Anjali Shah,29,Female,Single,2,Life Sciences,2,Laboratory Technician,1,Travel_Frequently,52200,17,0.0,1.0,3.0,1,0,1.0,0.0,1.0,13,Yes,3,Medium
2546,Sarah Nair,46,Female,Married,4,Medical,2,Sales Representative,2,Travel_Rarely,27430,25,1.0,14.0,1.0,8,4,0.0,7.0,5.0,4,Yes,4,High
2547,Akash Wilson,27,Male,Married,4,Medical,2,Healthcare Representative,3,Travel_Frequently,49980,20,2.0,8.0,3.0,7,4,7.0,3.0,0.0,16,No,4,High
2548,Pooja Patel,39,Male,Divorced,3,Technical Degree,2,Healthcare Representative,3,Travel_Rarely,102520,13,1.0,7.0,3.0,2,1,2.0,2.0,8.0,2,No,3,Medium
2549,Sara Joshi,55,Female,Married,3,Life Sciences,2,Human Resources,1,Travel_Rarely,27810,13,1.0,19.0,2.0,5,3,0.0,4.0,8.0,2,No,3,Medium
2550,Emma Joshi,28,Male,Married,2,Life Sciences,2,Laboratory Technician,2,Travel_Rarely,68520,18,1.0,1.0,2.0,1,0,0.0,0.0,1.0,29,No,3,Medium
2551,Riya Shah,30,Female,Single,4,Life Sciences,1,Sales Executive,2,Travel_Rarely,49500,12,2.0,1.0,3.0,1,0,0.0,0.0,1.0,12,Yes,3,Medium
2552,Divya Reddy,22,Female,Single,2,Life Sciences,2,Laboratory Technician,2,Travel_Rarely,35790,19,2.5,1.0,3.0,1,0,0.0,0.0,1.0,16,Yes,3,Medium
2553,Ananya Agarwal,36,Male,Married,3,Life Sciences,2,Sales Executive,1,Travel_Rarely,131910,14,1.0,10.0,2.0,10,6,1.0,7.0,1.0,11,No,3,Medium
2554,Vikram Miller,31,Female,Divorced,4,Life Sciences,2,Manager,5,Travel_Rarely,103770,14,0.0,10.0,2.0,10,6,0.0,2.0,1.0,2,No,3,Medium
2555,Kavya Joshi,34,Female,Married,2,Technical Degree,1,Sales Executive,1,Travel_Rarely,22350,14,1.0,9.0,2.0,5,3,1.0,0.0,2.0,14,No,3,Medium
2556,Riya Smith,29,Female,Single,5,Life Sciences,2,Sales Executive,1,Travel_Rarely,105020,12,0.0,11.0,4.0,3,1,1.0,2.0,3.0,5,No,3,Medium
2557,Olivia Sharma,37,Male,Married,2,Medical,2,Manufacturing Director,1,Travel_Rarely,20110,13,0.0,16.0,4.0,5,3,0.0,4.0,5.0,7,No,3,Medium
2558,Divya Gupta,35,Male,Married,1,Technical Degree,1,Laboratory Technician,2,Travel_Rarely,18590,25,1.0,4.0,2.0,3,1,0.0,2.0,0.0,2,No,4,High
2559,Divya Rao,45,Female,Married,3,Medical,2,Sales Executive,2,Travel_Rarely,37600,14,1.0,10.0,2.0,9,5,3.0,8.0,0.0,3,No,3,Medium
2560,Michael Sharma,36,Female,Single,3,Medical,2,Manufacturing Director,4,Travel_Frequently,165835,17,1.0,10.0,4.5,10,6,0.0,8.0,1.0,5,No,3,Low
2561,James Trivedi,40,Male,Divorced,3,Other,2,Sales Executive,1,Travel_Rarely,68330,13,0.0,22.0,3.0,18,10,7.5,14.5,2.0,3,No,3,Low
2562,Sara Agarwal,26,Male,Married,2,Life Sciences,2,Human Resources,2,Travel_Rarely,68120,13,0.0,1.0,2.0,1,0,1.0,0.0,1.0,26,No,3,Low
2563,Ananya Johnson,27,Male,Single,3,Technical Degree,2,Manufacturing Director,2,Travel_Rarely,51710,20,1.0,9.0,1.0,8,4,0.0,7.0,0.0,4,No,4,High
2564,Divya Reddy,48,Male,Divorced,3,Life Sciences,2,Research Director,2,Travel_Frequently,165835,14,0.0,24.0,2.0,18,10,4.0,7.0,3.0,2,No,3,Medium
2565,Suresh Trivedi,44,Male,Married,2,Medical,1,Manager,4,Travel_Rarely,165835,12,1.0,10.0,0.5,2,1,2.0,2.0,2.0,1,No,3,Low
2566,Karan Nair,34,Female,Married,2,Life Sciences,2,Sales Representative,1,Non-Travel,36920,12,1.0,5.0,4.5,5,3,3.0,0.0,1.0,27,Yes,3,Medium
2567,Priya Verma,56,Female,Single,2,Medical,3,Sales Executive,5,Travel_Rarely,25590,21,0.0,5.0,3.0,4,2,1.0,0.0,1.0,1,Yes,4,High
2568,Varun Kumar,36,Female,Married,3,Technical Degree,2,Healthcare Representative,3,Travel_Rarely,25170,14,0.0,12.0,3.0,4,2,1.0,3.0,2.0,13,No,3,Low
2569,Pooja Agarwal,41,Female,Married,3,Life Sciences,2,Sales Executive,1,Travel_Rarely,66230,18,0.0,14.0,3.0,5,3,1.0,4.0,5.0,5,No,3,Medium
2570,Amit Wilson,42,Female,Married,3,Technical Degree,2,Sales Executive,2,Travel_Rarely,165835,12,1.0,18.0,4.0,13,7,5.0,7.0,8.5,7,No,3,Medium
2571,Meera Sharma,31,Female,Divorced,4,Life Sciences,1,Sales Executive,1,Travel_Rarely,161240,23,1.0,8.0,2.0,5,3,1.0,4.0,2.0,9,No,4,High
2572,Sneha Shah,34,Female,Married,1,Life Sciences,2,Laboratory Technician,3,Travel_Rarely,25850,12,0.0,9.0,4.5,4,2,0.0,1.0,3.0,8,No,3,Medium
2573,Shivam Johnson,31,Female,Divorced,2,Life Sciences,1,Manufacturing Director,3,Travel_Rarely,165835,21,2.0,4.0,3.0,2,1,2.0,2.0,8.0,25,No,4,High
2574,Priya Brown,26,Male,Married,2,Life Sciences,1,Healthcare Representative,2,Travel_Frequently,83800,14,0.0,8.0,3.0,7,4,7.0,7.0,0.0,16,No,3,Medium
2575,Kunal Shah,45,Female,Single,4,Life Sciences,2,Manager,2,Travel_Frequently,29940,18,1.0,12.0,2.0,4,2,0.0,3.0,4.0,8,No,3,Medium
2576,Arjun Trivedi,33,Female,Single,3,Life Sciences,1,Sales Executive,5,Travel_Rarely,12230,13,1.0,10.0,3.0,10,6,0.0,9.0,1.0,1,No,3,Medium
2577,Gaurav Smith,28,Male,Married,3,Life Sciences,1,Research Scientist,4,Travel_Frequently,11180,11,0.0,7.0,3.0,7,4,0.0,7.0,1.0,8,No,3,Medium
2578,Zara Jones,29,Male,Single,4,Human Resources,3,Sales Executive,2,Travel_Frequently,28750,11,0.0,1.0,3.0,1,0,0.0,0.0,1.0,2,Yes,3,Medium
2579,David Singh,39,Female,Married,5,Medical,2,Sales Representative,2,Non-Travel,165835,19,1.0,10.0,4.0,3,1,1.0,2.0,6.0,8,No,3,Medium
2580,Anjali Miller,27,Male,Married,2,Technical Degree,1,Healthcare Representative,2,Travel_Rarely,135770,12,1.0,6.0,2.0,5,3,1.0,2.0,1.0,3,No,3,Low
2581,Meera Sharma,34,Female,Married,4,Life Sciences,2,Manufacturing Director,2,Travel_Frequently,26250,12,2.5,16.0,4.0,15,9,6.0,11.0,1.0,9,No,3,Medium
2582,Ishaan Brown,28,Male,Single,3,Technical Degree,2,Research Director,1,Travel_Rarely,165835,16,1.0,6.0,4.0,2,1,2.0,2.0,3.0,25,Yes,3,Medium
2583,Kunal Verma,47,Male,Married,4,Medical,2,Research Scientist,1,Non-Travel,45380,11,0.0,16.0,3.0,8,4,1.0,7.0,8.0,1,No,3,Medium
2584,Varun Patel,56,Female,Married,3,Technical Degree,2,Sales Executive,2,Travel_Rarely,165835,14,0.0,6.0,4.5,0,0,0.0,0.0,4.0,4,No,3,Medium
2585,Kunal Sharma,39,Female,Married,3,Other,2,Laboratory Technician,1,Travel_Rarely,105120,12,1.0,10.0,2.0,10,6,7.0,9.0,1.0,1,No,3,Low
2586,Sanjay Rao,38,Female,Divorced,2,Medical,2,Manager,1,Travel_Frequently,44440,13,0.0,20.0,2.0,18,10,0.0,7.0,1.0,4,No,3,Medium
2587,Michael Malhotra,58,Male,Married,3,Marketing,1,Sales Representative,5,Travel_Rarely,21540,21,1.0,28.5,3.0,1,0,0.0,0.0,4.0,5,No,4,High
2588,Deepika Patel,32,Male,Single,3,Life Sciences,2,Laboratory Technician,2,Travel_Frequently,165835,17,1.0,8.0,2.0,4,2,0.0,3.0,3.0,9,Yes,3,Medium
2589,Deepika Rao,38,Female,Divorced,4,Life Sciences,2,Sales Representative,1,Travel_Rarely,44900,21,1.0,10.0,1.0,5,3,0.0,3.0,2.0,3,No,4,High
2590,Amit Pillai,49,Male,Married,4,Life Sciences,1,Research Scientist,2,Travel_Frequently,35060,11,1.0,28.0,4.0,5,3,4.0,3.0,3.0,11,No,3,Medium
2591,Emily Williams,42,Female,Divorced,3,Life Sciences,1,Sales Executive,1,Travel_Rarely,23720,12,1.0,14.0,3.0,0,0,0.0,0.0,3.0,1,No,3,Medium
2592,Shivam Garcia,27,Male,Married,1,Life Sciences,1,Laboratory Technician,4,Travel_Frequently,102310,13,1.0,1.0,2.0,1,0,0.0,0.0,1.0,8,Yes,3,Low
2593,Vivek Agarwal,35,Male,Married,1,Medical,2,Sales Executive,1,Travel_Rarely,54100,18,0.0,6.0,4.0,5,3,0.0,4.0,0.0,25,No,3,Low
2594,Michael Singh,28,Male,Single,1,Medical,2,Research Scientist,3,Non-Travel,79780,16,2.0,5.0,2.0,5,3,1.0,4.0,1.0,21,No,3,Medium
2595,James Joshi,31,Male,Divorced,1,Medical,1,Sales Executive,1,Non-Travel,38670,11,1.0,4.0,4.0,4,2,2.0,3.0,1.0,23,No,3,Medium
2596,Varun Garcia,36,Male,Married,3,Life Sciences,2,Research Scientist,2,Non-Travel,28380,19,2.0,5.0,4.5,5,3,0.0,2.0,1.0,1,No,3,Low
2597,Rahul Kumar,34,Male,Single,3,Marketing,1,Healthcare Representative,4,Travel_Rarely,46950,16,1.0,14.0,2.0,14,8,2.0,1.0,1.0,2,No,3,Medium
2598,Kunal Pillai,34,Female,Divorced,3,Technical Degree,2,Research Director,1,Travel_Rarely,33390,16,0.0,9.0,2.0,8,4,1.0,1.0,1.0,19,No,3,Medium
2599,Emma Miller,26,Male,Single,2,Life Sciences,2,Research Scientist,2,Travel_Rarely,20800,13,0.0,8.0,4.5,7,4,7.0,6.0,0.0,2,No,3,Medium
2600,Rohit Miller,29,Male,Married,4,Other,2,Laboratory Technician,2,Travel_Rarely,20960,22,0.0,6.0,2.0,5,3,0.0,2.0,0.0,2,No,4,High
2601,Nikhil Pillai,32,Male,Divorced,1,Life Sciences,2,Manager,3,Non-Travel,62090,17,1.0,9.0,4.5,5,3,1.0,2.0,5.0,3,No,3,Medium
2602,James Agarwal,31,Female,Married,5,Technical Degree,2,Human Resources,2,Travel_Frequently,165835,14,1.0,10.0,2.0,10,6,7.5,7.0,1.0,25,No,3,Medium
2603,Raj Rao,28,Female,Divorced,5,Life Sciences,1,Sales Representative,2,Travel_Rarely,165835,15,1.0,6.0,2.0,4,2,0.0,3.0,5.0,7,Yes,3,Medium
2604,Tanvi Johnson,38,Male,Single,2,Technical Degree,2,Sales Representative,3,Travel_Rarely,23720,12,0.0,20.0,3.0,1,0,0.0,0.0,4.0,9,No,3,Low
2605,Rahul Sharma,35,Male,Married,3,Life Sciences,2,Sales Representative,2,Travel_Rarely,48830,18,1.0,10.0,1.0,10,6,0.0,9.0,1.0,5,No,3,Medium
2606,Ananya Singh,27,Female,Single,3,Life Sciences,1,Manager,1,Travel_Rarely,39040,15,0.0,7.0,2.0,7,4,0.0,7.0,1.0,2,No,3,Medium
2607,Pooja Trivedi,32,Female,Single,1,Medical,2,Research Scientist,2,Travel_Rarely,46270,17,1.0,8.0,2.0,1,0,0.0,0.0,8.0,8,No,3,Medium
2608,Zara Mehta,31,Male,Married,1,Other,2,Sales Executive,3,Travel_Frequently,70940,14,1.0,10.0,2.0,10,6,0.0,8.0,1.0,2,Yes,3,Medium
2609,Vivek Agarwal,53,Male,Single,3,Medical,2,Research Scientist,1,Travel_Rarely,34230,15,1.0,15.0,4.0,2,1,2.0,2.0,6.0,18,Yes,3,Low
2610,Akash Malhotra,54,Male,Married,3,Other,2,Research Scientist,3,Travel_Rarely,66740,17,1.0,9.0,2.0,4,2,2.0,3.0,3.0,14,No,3,Low
2611,Karan Garcia,33,Female,Divorced,4,Medical,2,Sales Executive,4,Travel_Frequently,165835,14,2.5,9.0,2.0,9,5,2.0,8.0,1.0,2,No,3,Medium
2612,David Brown,43,Male,Married,3,Medical,2,Research Scientist,1,Travel_Rarely,90940,12,1.0,10.0,0.5,10,6,0.0,9.0,1.0,3,No,3,Medium
2613,Raj Reddy,38,Female,Married,5,Medical,2,Sales Executive,4,Travel_Frequently,84460,14,0.0,7.0,3.0,6,3,1.0,2.0,0.0,2,No,3,Medium
2614,Karan Williams,55,Male,Married,3,Marketing,1,Laboratory Technician,2,Travel_Rarely,119160,15,1.0,28.5,3.0,10,6,1.0,4.0,4.0,9,No,3,Medium
2615,Amit Gupta,31,Male,Divorced,3,Other,1,Manufacturing Director,1,Travel_Rarely,45340,13,0.0,1.0,2.0,1,0,0.0,0.0,1.0,6,No,3,Medium
2616,Anjali Reddy,39,Male,Single,3,Life Sciences,2,Sales Executive,2,Travel_Rarely,98520,12,1.0,21.0,4.5,18,10,7.5,10.0,0.0,4,No,3,Low
2617,Ishaan Patel,42,Female,Single,4,Life Sciences,2,Research Scientist,2,Non-Travel,61510,13,1.0,20.0,3.0,18,10,3.0,7.0,1.0,10,No,3,Medium
2618,Meera Jones,31,Male,Married,2,Life Sciences,2,Healthcare Representative,2,Non-Travel,23020,14,0.0,13.0,3.0,11,6,4.0,8.0,4.0,14,No,3,Medium
2619,Riya Brown,54,Female,Single,3,Medical,2,Human Resources,2,Travel_Rarely,23620,13,1.0,9.0,2.0,5,3,1.0,4.0,6.0,1,No,3,Medium
2620,David Garcia,24,Male,Single,4,Other,2,Manufacturing Director,1,Travel_Rarely,165835,11,2.0,4.0,4.5,4,2,1.0,2.0,1.0,5,No,3,Low
2621,Kunal Jones,23,Male,Single,3,Life Sciences,2,Research Scientist,2,Travel_Rarely,165835,11,1.0,5.0,2.0,5,3,1.0,4.0,1.0,7,No,3,Medium
2622,David Miller,40,Female,Married,3,Medical,2,Research Scientist,3,Travel_Frequently,165835,21,0.0,10.0,1.0,10,6,7.5,4.0,1.0,21,No,4,High
2623,Kunal Mehta,40,Female,Married,1,Medical,2,Research Scientist,5,Travel_Rarely,35440,18,2.5,15.0,3.0,11,6,5.0,10.0,3.0,8,No,3,Low
2624,Sanjay Miller,25,Female,Married,5,Medical,1,Laboratory Technician,2,Travel_Rarely,85000,12,0.0,6.0,2.0,2,1,1.0,2.0,4.0,20,No,3,Medium
2625,Sarah Thakur,30,Male,Married,4,Life Sciences,3,Research Scientist,2,Travel_Rarely,46610,11,0.0,12.0,3.0,12,7,1.0,7.0,1.0,20,No,3,Medium
2626,Arjun Pillai,25,Male,Divorced,2,Medical,2,Sales Executive,5,Travel_Rarely,41030,15,1.0,7.0,2.0,2,1,0.0,2.0,6.0,7,No,3,Medium
2627,Tanvi Thakur,47,Male,Single,4,Life Sciences,2,Sales Executive,2,Travel_Rarely,42490,13,1.0,25.0,2.0,17,10,7.5,11.0,2.0,1,No,3,Low
2628,Kavya Malhotra,33,Male,Divorced,3,Life Sciences,2,Research Scientist,2,Non-Travel,140260,12,0.0,1.0,4.0,1,0,0.0,0.0,1.0,1,No,3,Medium
2629,Akash Joshi,38,Female,Married,3,Life Sciences,2,Sales Executive,2,Travel_Rarely,68930,17,0.0,16.0,3.0,15,9,5.0,8.0,0.0,19,No,3,Medium
2630,Sneha Gupta,31,Female,Married,4,Medical,2,Sales Executive,3,Travel_Rarely,61250,13,1.0,3.0,3.0,2,1,1.0,2.0,0.0,10,No,3,Medium
2631,Olivia Kumar,38,Male,Married,4,Other,2,Research Scientist,2,Travel_Frequently,36690,19,0.0,10.0,2.0,8,4,7.0,7.0,2.0,1,No,3,Medium
2632,Sanjay Reddy,42,Male,Divorced,3,Medical,2,Laboratory Technician,2,Travel_Rarely,100080,19,1.0,9.0,3.0,4,2,1.0,2.0,6.0,6,No,3,Low
2633,James Garcia,41,Male,Married,2,Medical,1,Healthcare Representative,1,Travel_Rarely,23870,17,1.0,12.0,1.0,5,3,1.0,0.0,3.0,2,No,3,Medium
2634,Riya Trivedi,47,Male,Married,2,Medical,2,Sales Executive,1,Non-Travel,46390,11,1.0,14.0,2.0,13,7,5.0,12.0,0.0,21,No,3,Low
2635,Tanvi Shah,35,Male,Married,3,Life Sciences,2,Healthcare Representative,2,Travel_Rarely,78980,15,0.0,5.0,2.0,2,1,2.0,2.0,7.0,4,No,3,Medium
2636,Aryan Pillai,22,Male,Single,1,Human Resources,3,Sales Executive,2,Travel_Rarely,25340,11,0.0,4.0,1.0,3,1,1.0,2.0,0.0,12,No,3,Medium
2637,Divya Rao,35,Female,Single,3,Medical,2,Sales Executive,2,Travel_Rarely,131420,25,2.0,10.0,4.0,10,6,0.0,8.0,1.0,9,No,4,High
2638,Sara Mehta,33,Male,Married,4,Medical,1,Healthcare Representative,3,Travel_Rarely,16110,14,0.0,10.0,2.0,9,5,7.5,1.0,0.0,3,No,3,Medium
2639,Divya Brown,32,Male,Single,2,Technical Degree,2,Manufacturing Director,3,Travel_Rarely,53630,13,0.0,6.0,4.0,6,3,4.0,1.0,1.0,3,No,3,Medium
2640,Meera Patel,40,Male,Married,4,Medical,2,Research Director,2,Travel_Rarely,50710,17,1.0,8.0,3.0,1,0,0.0,0.0,8.0,1,No,3,Low
2641,Tanvi Smith,32,Male,Married,2,Medical,2,Sales Executive,3,Travel_Rarely,136950,13,0.0,3.0,3.0,2,1,2.0,2.0,0.0,1,No,3,Medium
2642,James Johnson,39,Male,Single,4,Life Sciences,2,Sales Executive,1,Travel_Rarely,134020,14,1.0,18.0,1.0,7,4,1.0,7.0,7.0,4,No,3,Medium
2643,Olivia Thakur,38,Female,Married,4,Medical,1,Research Director,2,Travel_Rarely,20290,11,1.0,20.0,3.0,18,10,1.0,11.0,3.0,20,No,3,Medium
2644,Ishaan Jones,32,Male,Married,3,Life Sciences,2,Manager,2,Travel_Rarely,63770,12,2.0,14.0,3.0,14,8,5.0,7.0,1.0,18,No,3,Medium
2645,Gaurav Joshi,37,Female,Married,3,Life Sciences,2,Sales Executive,4,Travel_Rarely,54290,17,1.0,16.0,3.0,16,9,6.0,8.0,1.0,1,No,3,Medium
2646,James Garcia,25,Female,Divorced,4,Medical,2,Manufacturing Director,2,Travel_Rarely,27850,21,0.0,6.0,2.0,5,3,0.0,4.0,0.0,2,No,4,High
2647,Kavya Johnson,52,Male,Divorced,4,Other,2,Manager,1,Non-Travel,46140,16,1.0,16.0,3.0,9,5,0.0,0.0,2.0,2,No,3,Medium
2648,David Williams,44,Female,Single,1,Life Sciences,2,Sales Representative,1,Travel_Rarely,26100,15,0.0,6.0,2.0,4,2,1.0,2.0,6.0,8,No,3,Medium
2649,Aarav Agarwal,21,Male,Single,5,Medical,1,Research Scientist,3,Travel_Rarely,66870,19,2.5,2.0,0.5,2,1,1.0,2.0,1.0,10,No,3,Medium
2650,Aryan Jones,39,Female,Single,4,Life Sciences,2,Research Director,2,Non-Travel,47240,12,1.0,21.0,4.0,6,3,1.0,3.0,2.0,3,No,3,Medium
2651,Akash Wilson,23,Female,Married,4,Life Sciences,2,Manufacturing Director,2,Travel_Frequently,61790,11,0.0,1.0,3.0,1,0,1.0,0.0,1.0,2,Yes,3,Medium
2652,Aryan Pillai,36,Female,Married,3,Life Sciences,2,Laboratory Technician,2,Travel_Rarely,61200,19,0.0,10.0,2.0,9,5,3.0,4.0,0.0,24,No,3,Medium
2653,Divya Brown,36,Male,Divorced,1,Medical,2,Sales Executive,2,Travel_Frequently,105960,15,0.0,18.0,3.0,4,2,0.0,2.0,7.0,16,No,3,Medium
2654,Meera Johnson,56,Male,Divorced,1,Life Sciences,2,Sales Executive,1,Non-Travel,54670,20,0.0,13.0,4.5,13,7,1.0,9.0,1.0,8,No,4,High
2655,Akash Rao,29,Male,Married,4,Medical,2,Sales Representative,2,Travel_Rarely,29960,25,0.0,4.0,4.0,2,1,2.0,2.0,8.5,9,Yes,4,High
2656,David Miller,42,Male,Married,1,Life Sciences,2,Research Scientist,3,Travel_Rarely,99980,24,2.0,24.0,3.0,18,10,4.0,14.0,5.0,17,No,4,High
2657,Deepika Nair,56,Male,Married,4,Other,1,Sales Executive,2,Travel_Rarely,40780,24,1.0,14.0,3.0,10,6,7.5,8.0,8.0,10,Yes,4,High
2658,Neha Thakur,41,Female,Married,4,Life Sciences,2,Healthcare Representative,1,Travel_Rarely,109200,15,1.0,21.0,3.0,18,10,0.0,10.0,0.0,13,No,3,Medium
2659,Riya Kumar,34,Female,Married,3,Medical,1,Laboratory Technician,1,Travel_Rarely,62320,13,1.0,8.0,3.0,8,4,1.0,7.0,1.0,1,No,3,Medium
2660,Vikram Mehta,36,Female,Divorced,1,Medical,1,Human Resources,1,Non-Travel,132470,14,0.0,15.0,3.0,15,9,7.5,11.0,1.0,1,No,3,Medium
2661,Karan Jones,41,Male,Divorced,5,Medical,2,Healthcare Representative,1,Travel_Rarely,40810,13,0.0,14.0,3.0,5,3,0.0,4.0,2.0,1,No,3,Medium
2662,Suresh Nair,32,Female,Single,4,Life Sciences,1,Research Scientist,2,Travel_Rarely,57690,11,0.0,4.0,3.0,4,2,1.0,2.0,1.0,9,No,3,Medium
2663,David Nair,35,Female,Single,3,Medical,2,Healthcare Representative,2,Travel_Rarely,23940,16,1.0,9.0,3.0,9,5,1.0,7.0,1.0,16,No,3,Medium
2664,Rohit Gupta,38,Male,Married,3,Medical,2,Sales Representative,3,Travel_Rarely,39040,22,0.0,10.0,3.0,10,6,1.0,9.0,1.0,23,No,4,High
2665,Aryan Reddy,50,Female,Divorced,2,Life Sciences,1,Laboratory Technician,2,Travel_Frequently,165835,14,1.0,12.0,2.0,6,3,0.0,1.0,7.0,4,Yes,3,Medium
2666,Rohit Brown,36,Male,Married,4,Life Sciences,2,Healthcare Representative,1,Travel_Rarely,29500,14,0.0,8.0,1.0,6,3,0.0,0.0,4.0,22,No,3,Medium
2667,Meera Garcia,45,Male,Single,3,Life Sciences,1,Laboratory Technician,1,Travel_Rarely,36290,16,1.0,8.0,2.0,5,3,0.0,1.0,8.0,24,No,3,Medium
2668,Sara Verma,40,Male,Single,4,Life Sciences,1,Research Scientist,1,Travel_Rarely,93620,11,1.0,8.0,4.5,2,1,2.0,2.0,2.0,10,No,3,Medium
2669,Varun Thakur,35,Male,Married,2,Life Sciences,1,Manufacturing Director,2,Travel_Frequently,32290,25,0.0,10.0,2.0,10,6,0.0,2.0,1.0,7,No,4,High
2670,Meera Rao,40,Male,Married,4,Life Sciences,2,Manager,1,Travel_Rarely,35780,14,1.0,20.0,2.0,5,3,0.0,2.0,2.0,17,No,3,Medium
2671,Ishaan Trivedi,35,Male,Married,1,Life Sciences,3,Research Scientist,2,Travel_Rarely,79880,18,0.0,4.0,3.0,4,2,1.0,1.0,1.0,14,No,3,Medium
2672,Rohit Rao,29,Male,Married,3,Medical,2,Sales Executive,3,Travel_Rarely,42840,11,0.0,10.0,4.5,4,2,0.0,3.0,4.0,1,No,3,Medium
2673,Ishaan Nair,29,Male,Single,3,Medical,2,Sales Representative,2,Travel_Rarely,75530,19,0.0,5.0,3.0,5,3,0.0,4.0,1.0,5,No,3,Low
2674,Rahul Rao,50,Male,Divorced,3,Medical,2,Research Scientist,1,Travel_Rarely,165835,15,2.0,20.0,1.0,3,1,2.0,0.0,4.0,17,Yes,3,Medium
2675,Karan Thakur,39,Male,Married,3,Medical,1,Sales Executive,2,Travel_Rarely,165835,11,0.0,21.0,3.0,18,10,7.5,6.0,0.0,25,No,3,Medium
2676,Dev Reddy,31,Female,Single,4,Life Sciences,2,Sales Executive,4,Non-Travel,147320,12,0.0,10.0,3.0,9,5,1.0,7.0,0.0,8,No,3,Low
2677,Anjali Rao,26,Male,Single,4,Medical,2,Manager,2,Travel_Rarely,92780,20,0.0,5.0,3.0,4,2,0.0,0.0,0.0,11,No,4,High
2678,Vivek Brown,36,Male,Married,1,Technical Degree,2,Sales Executive,1,Travel_Frequently,13590,12,0.0,17.0,2.0,5,3,0.0,3.0,4.0,5,No,3,Medium
2679,Suresh Johnson,39,Female,Married,1,Medical,2,Research Scientist,1,Travel_Rarely,47790,14,2.0,9.0,3.0,7,4,1.0,7.0,4.0,2,No,3,Medium
2680,Akash Malhotra,27,Male,Married,2,Medical,2,Laboratory Technician,1,Travel_Rarely,164220,20,1.0,6.0,3.0,6,3,0.0,3.0,1.0,8,No,4,High
2681,Sneha Brown,49,Male,Married,1,Medical,2,Healthcare Representative,3,Travel_Frequently,29960,18,1.0,17.0,2.0,9,5,0.0,8.0,2.0,6,No,3,Medium
2682,Sanjay Jones,34,Female,Married,3,Medical,1,Sales Executive,1,Travel_Rarely,12610,14,1.0,6.0,4.5,4,2,1.0,2.0,2.0,4,No,3,Medium
2683,Gaurav Singh,41,Female,Single,2,Life Sciences,2,Research Scientist,1,Travel_Rarely,20990,12,1.0,8.0,2.0,6,3,0.0,5.0,8.0,7,Yes,3,Medium
2684,Amit Thakur,49,Female,Married,4,Life Sciences,1,Manufacturing Director,2,Travel_Frequently,58100,21,1.0,10.0,2.0,10,6,1.0,7.0,1.0,1,No,4,High
2685,Sneha Joshi,37,Male,Single,3,Life Sciences,2,Sales Executive,1,Travel_Rarely,56470,19,0.0,7.0,2.0,0,0,0.0,0.0,6.0,2,Yes,3,Medium
2686,Vivek Johnson,33,Male,Married,2,Medical,2,Research Scientist,2,Travel_Frequently,34200,14,0.0,8.0,3.0,8,4,3.0,0.0,1.0,10,No,3,Medium
2687,Kunal Mehta,27,Female,Married,4,Medical,1,Manufacturing Director,4,Travel_Rarely,44000,17,1.0,6.0,3.0,2,1,2.0,2.0,8.5,5,No,3,Low
2688,Varun Agarwal,32,Female,Single,2,Medical,2,Research Scientist,2,Travel_Frequently,35000,16,1.0,8.0,2.0,7,4,3.0,6.0,0.0,9,No,3,Medium
2689,Aryan Gupta,59,Female,Married,2,Marketing,1,Sales Representative,5,Travel_Rarely,20660,12,1.0,12.0,3.0,1,0,0.0,0.0,4.0,2,No,3,Low
2690,Priya Reddy,30,Male,Divorced,4,Medical,2,Laboratory Technician,2,Travel_Rarely,165835,17,2.0,1.0,2.0,1,0,0.0,0.0,1.0,11,No,3,Medium
2691,Aryan Miller,38,Male,Single,4,Life Sciences,1,Healthcare Representative,2,Travel_Frequently,41620,15,1.0,10.0,1.0,9,5,1.0,8.0,0.0,18,No,3,Medium
2692,Meera Nair,36,Male,Married,3,Life Sciences,2,Sales Executive,1,Travel_Rarely,92040,23,1.0,17.0,2.0,7,4,7.0,7.0,6.0,7,No,4,High
2693,Akash Jones,35,Male,Married,4,Human Resources,3,Manager,2,Travel_Rarely,32940,11,0.0,6.0,2.0,5,3,0.0,3.0,0.0,3,No,3,Low
2694,Divya Wilson,29,Male,Single,4,Life Sciences,1,Laboratory Technician,2,Travel_Rarely,21270,11,1.0,10.0,3.0,9,5,0.0,8.0,0.0,29,No,3,Medium
2695,Rahul Jones,31,Male,Divorced,2,Medical,2,Laboratory Technician,2,Travel_Rarely,39750,15,1.0,5.0,3.0,5,3,4.0,3.0,1.0,2,No,3,Low
2696,Aryan Patel,34,Male,Divorced,3,Technical Degree,2,Laboratory Technician,1,Travel_Rarely,107930,11,2.5,3.0,1.0,2,1,1.0,2.0,0.0,28,No,3,Medium
2697,Zara Brown,28,Male,Single,4,Life Sciences,2,Research Director,5,Travel_Rarely,100960,13,0.0,6.0,2.0,4,2,0.0,3.0,2.0,1,Yes,3,Medium
2698,Riya Sharma,29,Female,Divorced,2,Life Sciences,2,Laboratory Technician,4,Travel_Rarely,36460,14,0.0,10.0,3.0,10,6,7.5,8.0,1.0,16,No,3,Medium
2699,Emma Nair,32,Female,Divorced,3,Human Resources,3,Research Director,2,Travel_Rarely,74460,19,0.0,7.0,3.0,6,3,0.0,5.0,0.0,22,No,3,Low
2700,Emma Jones,22,Female,Divorced,3,Life Sciences,2,Sales Executive,3,Non-Travel,108510,16,1.0,1.0,2.0,1,0,0.0,0.0,1.0,8,No,3,Medium
2701,Emily Smith,53,Male,Married,3,Medical,2,Manager,2,Travel_Rarely,21090,13,0.0,28.5,3.0,18,10,3.0,7.0,2.0,11,No,3,Medium
2702,Sneha Shah,38,Female,Single,3,Life Sciences,2,Manufacturing Director,1,Travel_Rarely,37220,14,0.0,6.0,0.5,3,1,1.0,2.0,5.0,29,No,3,Medium
2703,Aditya Nair,24,Male,Divorced,5,Life Sciences,2,Research Scientist,3,Non-Travel,93800,16,0.0,5.0,2.0,4,2,1.0,3.0,0.0,1,No,3,Low
2704,Varun Brown,36,Male,Single,3,Life Sciences,2,Research Director,1,Travel_Rarely,54860,12,1.0,10.0,2.0,5,3,0.0,3.0,7.0,1,Yes,3,Medium
2705,Rohit Smith,34,Male,Single,3,Marketing,1,Research Scientist,4,Travel_Rarely,27420,11,1.0,13.0,2.0,12,7,2.0,11.0,0.0,24,No,3,Low
2706,Aarav Rao,21,Male,Single,3,Life Sciences,1,Manufacturing Director,2,Travel_Rarely,137570,12,1.0,0.0,3.0,0,0,0.0,0.0,1.0,2,No,3,Medium
2707,Rahul Garcia,34,Female,Single,2,Marketing,1,Research Scientist,2,Travel_Rarely,84630,13,0.0,8.0,2.0,4,2,1.0,3.0,2.0,15,Yes,3,Low
2708,Karan Mehta,53,Male,Divorced,1,Life Sciences,1,Human Resources,5,Travel_Rarely,31620,15,0.0,26.0,4.0,14,8,4.0,8.0,4.0,2,No,3,Medium
2709,Kunal Patel,32,Female,Single,3,Medical,2,Manufacturing Director,2,Travel_Frequently,165835,13,0.0,10.0,2.0,10,6,6.0,7.0,1.0,10,Yes,3,Low
2710,Rohit Agarwal,42,Male,Married,3,Technical Degree,2,Laboratory Technician,2,Travel_Rarely,66510,20,0.0,10.0,4.5,9,5,4.0,2.0,0.0,10,No,4,High
2711,Zara Wilson,44,Female,Married,1,Life Sciences,2,Manufacturing Director,1,Travel_Rarely,23450,15,2.0,24.0,0.5,18,10,5.0,14.5,3.0,3,No,3,Medium
2712,Amit Gupta,46,Female,Single,3,Life Sciences,1,Research Scientist,1,Travel_Rarely,34200,13,2.0,22.0,3.0,2,1,2.0,1.0,3.0,2,No,3,Low
2713,Ishaan Gupta,33,Male,Single,3,Medical,1,Manufacturing Director,1,Travel_Rarely,43730,14,0.0,7.0,3.0,1,0,0.0,0.0,4.0,3,No,3,Medium
2714,James Singh,44,Male,Married,3,Life Sciences,3,Healthcare Representative,5,Travel_Rarely,47590,21,0.0,9.0,2.0,4,2,1.0,3.0,2.0,26,No,4,High
2715,Aditya Jones,30,Female,Single,4,Technical Degree,2,Research Scientist,1,Travel_Rarely,53010,16,1.0,10.0,3.0,10,6,1.0,8.0,1.0,1,No,3,Medium
2716,John Mehta,39,Male,Married,4,Medical,3,Sales Executive,1,Travel_Rarely,36730,14,1.0,19.0,3.0,1,0,0.0,0.0,3.0,1,Yes,3,Medium
2717,Kavya Reddy,24,Male,Married,5,Human Resources,3,Sales Executive,3,Travel_Rarely,47680,11,1.0,6.0,2.0,2,1,2.0,0.0,2.0,2,Yes,3,Medium
2718,Raj Wilson,43,Female,Divorced,5,Technical Degree,1,Research Director,1,Travel_Rarely,12740,19,0.0,6.0,3.0,5,3,1.0,4.0,1.0,9,No,3,Medium
2719,Neha Sharma,50,Male,Married,4,Medical,2,Research Director,1,Travel_Rarely,49000,11,0.0,3.0,3.0,3,1,0.0,2.0,1.0,12,Yes,3,Low
2720,Nikhil Shah,35,Male,Married,4,Marketing,1,Manufacturing Director,3,Travel_Rarely,104660,13,0.0,2.0,1.0,2,1,2.0,2.0,1.0,2,No,3,Medium
2721,Raj Reddy,36,Female,Married,1,Life Sciences,2,Sales Executive,4,Travel_Rarely,165835,12,1.0,6.0,2.0,1,0,0.0,0.0,8.5,25,No,3,Low
2722,David Brown,33,Male,Married,2,Marketing,1,Human Resources,4,Travel_Frequently,29090,11,0.0,10.0,2.0,5,3,1.0,3.0,2.0,9,No,3,Low
2723,Divya Malhotra,35,Male,Divorced,1,Medical,2,Research Scientist,1,Travel_Rarely,57650,14,1.0,1.0,2.0,1,0,0.0,0.0,1.0,10,No,3,Medium
2724,Sneha Pillai,27,Female,Divorced,2,Marketing,1,Research Scientist,3,Travel_Rarely,45990,15,1.0,1.0,3.0,1,0,0.0,0.0,1.0,8,No,3,Medium
2725,Nikhil Patel,26,Male,Single,3,Marketing,1,Manager,2,Travel_Rarely,24040,12,0.0,1.0,4.5,1,0,0.0,1.0,1.0,4,Yes,3,Low
2726,Divya Johnson,27,Male,Single,3,Life Sciences,1,Healthcare Representative,4,Travel_Frequently,31720,20,1.0,9.0,1.0,9,5,1.0,7.0,1.0,24,No,4,High
2727,Emily Williams,30,Male,Single,4,Medical,2,Research Scientist,1,Travel_Frequently,20330,14,1.0,12.0,3.0,12,7,3.0,7.0,1.0,1,No,3,Medium
2728,Karan Singh,41,Male,Married,4,Marketing,1,Sales Executive,2,Travel_Rarely,102090,13,1.0,23.0,2.0,18,10,7.5,8.0,1.0,20,Yes,3,Medium
2729,Arjun Nair,34,Female,Single,2,Technical Degree,2,Research Scientist,1,Non-Travel,86200,13,1.0,10.0,2.0,9,5,7.5,7.0,0.0,7,No,3,Medium
2730,Raj Garcia,37,Female,Married,3,Life Sciences,2,Sales Executive,3,Travel_Rarely,20640,16,0.0,8.0,3.0,1,0,0.0,0.0,4.0,17,No,3,Low
2731,Sarah Sharma,46,Male,Single,3,Technical Degree,2,Sales Executive,3,Travel_Frequently,40350,14,1.0,14.0,2.0,9,5,0.0,8.0,4.0,20,No,3,Medium
2732,Tanvi Joshi,35,Female,Married,4,Medical,2,Research Scientist,3,Travel_Rarely,38380,16,1.0,1.0,2.0,1,0,0.0,1.0,1.0,8,No,3,Medium
2733,Deepika Shah,48,Female,Single,4,Technical Degree,2,Sales Executive,1,Travel_Rarely,45910,16,0.0,23.0,4.5,1,0,0.0,0.0,8.5,2,Yes,3,Low
2734,Aditya Malhotra,28,Male,Single,1,Medical,2,Sales Executive,1,Travel_Rarely,25610,22,1.0,2.0,3.0,2,1,2.0,2.0,1.0,10,Yes,4,High
2735,Riya Gupta,44,Female,Divorced,1,Medical,2,Research Scientist,3,Travel_Rarely,15630,12,2.0,9.0,3.0,4,2,1.0,3.0,5.0,1,No,3,Low
2736,Sanjay Rao,35,Female,Married,4,Technical Degree,2,Manufacturing Director,3,Non-Travel,48980,15,2.0,10.0,2.0,4,2,2.0,3.0,2.0,5,No,3,Medium
2737,Zara Patel,26,Female,Married,4,Life Sciences,2,Sales Executive,3,Travel_Rarely,47890,20,1.0,5.0,2.0,2,1,0.0,0.0,7.0,4,No,4,High
2738,Akash Shah,33,Female,Single,4,Life Sciences,1,Human Resources,1,Travel_Frequently,31800,14,1.0,15.0,2.0,15,9,7.5,12.0,1.0,29,No,3,Medium
2739,Gaurav Smith,35,Male,Married,3,Medical,2,Manufacturing Director,3,Travel_Frequently,65490,20,0.0,9.0,3.0,9,5,1.0,8.0,1.0,15,No,4,High
2740,Ananya Thakur,35,Female,Married,2,Life Sciences,3,Laboratory Technician,1,Travel_Rarely,63880,13,0.0,4.0,4.5,2,1,2.0,2.0,3.0,3,No,3,Low
2741,Olivia Kumar,31,Female,Divorced,2,Life Sciences,1,Research Scientist,2,Travel_Rarely,112440,12,1.0,10.0,3.0,7,4,1.0,7.0,3.0,10,No,3,Medium
2742,Ishaan Jones,37,Male,Divorced,3,Marketing,1,Human Resources,4,Travel_Rarely,160320,13,0.0,7.0,2.0,7,4,0.0,7.0,1.0,4,No,3,Medium
2743,Raj Patel,32,Male,Married,3,Other,2,Sales Executive,2,Travel_Rarely,23620,11,0.0,9.0,2.0,9,5,7.0,8.0,1.0,21,No,3,Medium
2744,Dev Williams,38,Male,Single,3,Medical,2,Manufacturing Director,2,Travel_Frequently,163280,17,2.5,10.0,2.0,10,6,7.5,9.0,1.0,25,No,3,Medium
2745,Michael Nair,50,Female,Divorced,4,Marketing,1,Research Scientist,4,Travel_Rarely,83760,14,2.5,28.5,2.0,18,10,7.5,8.0,5.0,2,No,3,Medium
2746,Priya Williams,59,Male,Single,3,Technical Degree,2,Laboratory Technician,1,Travel_Rarely,165835,11,0.0,28.0,4.5,18,10,7.0,9.0,7.0,1,No,3,Low
2747,Aryan Mehta,36,Female,Divorced,2,Marketing,1,Sales Executive,2,Travel_Rarely,86060,14,2.0,17.0,3.0,17,10,7.5,8.0,1.0,1,No,3,Medium
2748,Vivek Patel,55,Male,Divorced,3,Medical,2,Research Scientist,3,Travel_Rarely,22720,17,1.0,21.0,2.0,5,3,0.0,2.0,2.0,7,No,3,Medium
2749,Vivek Reddy,36,Female,Single,3,Life Sciences,2,Laboratory Technician,2,Travel_Frequently,20180,13,0.0,6.0,4.5,6,3,0.0,3.0,1.0,3,No,3,Medium
2750,Olivia Sharma,45,Female,Divorced,2,Medical,2,Sales Executive,1,Travel_Rarely,70830,12,1.0,25.0,4.5,1,0,0.0,0.0,2.0,1,No,3,Low
2751,Emma Mehta,35,Female,Married,3,Other,3,Sales Representative,2,Travel_Frequently,40840,13,1.0,5.0,3.0,3,1,1.0,2.0,4.0,9,No,3,Low
2752,Aditya Johnson,36,Male,Married,2,Life Sciences,1,Laboratory Technician,4,Travel_Rarely,144110,18,2.5,2.0,2.0,1,0,0.0,0.0,0.0,7,Yes,3,Medium
2753,Raj Brown,59,Male,Single,4,Life Sciences,2,Research Scientist,3,Travel_Frequently,23080,19,1.0,20.0,4.0,4,2,1.0,3.0,7.0,10,No,3,Low
2754,Ananya Kumar,29,Female,Married,4,Life Sciences,2,Sales Representative,1,Travel_Rarely,48410,11,0.0,6.0,3.0,5,3,0.0,4.0,0.0,28,No,3,Medium
2755,Rohit Garcia,31,Female,Single,2,Medical,2,Sales Executive,3,Travel_Rarely,42850,21,1.0,1.0,2.0,1,0,1.0,0.0,1.0,3,No,4,High
2756,Neha Williams,32,Male,Married,4,Life Sciences,1,Manufacturing Director,2,Travel_Rarely,97150,15,1.0,10.0,1.0,10,6,0.0,9.0,1.0,3,No,3,Low
2757,Sarah Jones,36,Male,Married,3,Life Sciences,2,Sales Representative,2,Travel_Rarely,43200,17,0.0,5.0,2.0,1,0,0.0,0.0,3.0,2,No,3,Medium
2758,Rahul Smith,31,Female,Single,3,Medical,2,Research Director,2,Travel_Rarely,21320,18,0.0,11.0,3.0,11,6,1.0,8.0,1.0,27,No,3,Medium
2759,Raj Agarwal,35,Male,Single,4,Medical,2,Healthcare Representative,2,Travel_Rarely,101240,14,1.0,16.0,2.0,15,9,2.0,8.0,0.0,2,No,3,Medium
2760,Rohit Shah,45,Female,Married,3,Human Resources,3,Sales Executive,1,Travel_Rarely,54730,13,0.0,17.0,3.0,0,0,0.0,0.0,4.0,14,No,3,Medium
2761,Nikhil Agarwal,37,Female,Single,3,Life Sciences,2,Sales Executive,3,Travel_Rarely,52070,17,2.5,16.0,3.0,5,3,0.0,2.0,4.0,1,No,3,Medium
2762,Vikram Garcia,46,Male,Divorced,3,Medical,2,Manager,3,Travel_Rarely,164370,15,1.0,16.0,0.5,4,2,0.0,2.0,8.0,9,No,3,Medium
2763,Sara Kumar,30,Male,Married,3,Life Sciences,1,Human Resources,4,Travel_Rarely,22960,18,1.0,10.0,2.0,10,6,3.0,0.0,1.0,18,No,3,Medium
2764,Sanjay Joshi,35,Female,Single,4,Life Sciences,2,Human Resources,3,Travel_Rarely,40690,13,0.0,6.0,4.5,6,3,0.0,4.0,1.0,20,No,3,Medium
2765,Aditya Verma,55,Female,Married,3,Life Sciences,2,Laboratory Technician,2,Travel_Rarely,74410,12,1.0,24.0,4.0,1,0,1.0,0.0,3.0,2,No,3,Medium
2766,Sanjay Miller,38,Male,Divorced,1,Marketing,1,Laboratory Technician,2,Non-Travel,24300,13,2.0,17.0,2.0,13,7,1.0,9.0,7.0,11,No,3,Medium
2767,Rahul Rao,34,Male,Married,2,Medical,2,Research Scientist,1,Travel_Rarely,58780,14,0.0,5.0,1.0,5,3,1.0,3.0,1.0,8,No,3,Low
2768,Amit Agarwal,56,Male,Single,1,Medical,3,Sales Executive,2,Travel_Rarely,26440,11,1.0,28.5,2.0,6,3,0.0,2.0,4.0,2,No,3,Medium
2769,Akash Jones,23,Male,Divorced,3,Medical,2,Laboratory Technician,2,Travel_Rarely,64390,22,2.5,3.0,2.0,0,0,0.0,0.0,3.0,10,No,4,High
2770,James Wilson,51,Female,Married,4,Life Sciences,2,Manufacturing Director,5,Travel_Rarely,24510,17,0.0,10.0,2.0,4,2,0.0,3.0,3.0,29,No,3,Medium
2771,Ishaan Patel,30,Male,Married,2,Technical Degree,1,Sales Representative,1,Travel_Rarely,63920,21,1.0,11.0,2.0,11,6,7.5,8.0,1.0,8,No,4,High
2772,Ishaan Williams,46,Female,Single,2,Medical,1,Research Scientist,2,Travel_Rarely,97140,22,0.0,9.0,0.5,9,5,4.0,7.0,1.0,1,Yes,4,High
2773,Dev Garcia,40,Male,Married,3,Medical,2,Healthcare Representative,1,Travel_Frequently,60770,16,2.0,22.0,2.0,18,10,7.5,11.0,1.0,6,No,3,Low
2774,Arjun Verma,51,Female,Single,4,Life Sciences,2,Sales Representative,5,Travel_Rarely,24500,12,1.0,11.0,2.0,10,6,1.0,0.0,0.0,8,No,3,Medium
2775,Dev Johnson,30,Male,Divorced,3,Life Sciences,2,Manufacturing Director,1,Travel_Rarely,92500,12,2.5,11.0,0.5,11,6,2.0,7.0,1.0,9,No,3,Medium
2776,Sanjay Malhotra,46,Male,Married,1,Medical,2,Laboratory Technician,1,Travel_Frequently,20740,15,1.0,21.0,3.0,10,6,7.5,5.0,2.0,12,No,3,Low
2777,Sneha Agarwal,32,Male,Single,3,Marketing,1,Research Scientist,1,Travel_Rarely,101690,14,0.0,12.0,4.5,11,6,5.0,7.0,1.0,15,No,3,Medium
2778,Riya Reddy,54,Female,Married,1,Medical,2,Laboratory Technician,1,Travel_Rarely,48550,25,1.0,16.0,2.0,4,2,0.0,3.0,8.5,25,No,4,High
2779,Ananya Gupta,24,Male,Married,2,Marketing,1,Research Scientist,2,Travel_Rarely,40870,20,2.5,4.0,1.0,3,1,0.0,2.0,0.0,6,No,4,High
2780,Raj Singh,28,Male,Married,4,Medical,1,Laboratory Technician,2,Non-Travel,23670,13,0.0,5.0,2.0,5,3,0.0,4.0,1.0,9,No,3,Medium
2781,Priya Kumar,58,Male,Single,4,Life Sciences,2,Sales Executive,2,Travel_Rarely,29720,14,0.0,28.5,2.0,18,10,1.0,8.0,0.0,8,No,3,Medium
2782,Vivek Kumar,44,Female,Married,2,Medical,2,Research Scientist,1,Non-Travel,165835,16,0.0,17.0,3.0,3,1,1.0,2.0,4.0,23,No,3,Medium
2783,Amit Trivedi,37,Male,Divorced,3,Human Resources,3,Healthcare Representative,2,Travel_Rarely,54840,17,0.0,7.0,4.0,3,1,0.0,2.0,4.0,9,Yes,3,Medium
2784,Dev Malhotra,32,Female,Single,2,Human Resources,3,Sales Representative,1,Travel_Rarely,20610,15,1.0,1.0,2.0,1,0,0.0,0.0,1.0,12,No,3,Medium
2785,Karan Mehta,20,Female,Single,4,Life Sciences,1,Healthcare Representative,2,Travel_Frequently,99240,22,0.0,1.0,3.0,1,0,1.0,0.0,1.0,4,Yes,4,High
2786,Vikram Smith,34,Male,Single,4,Other,2,Laboratory Technician,4,Travel_Rarely,41980,22,1.0,16.0,2.0,16,9,2.0,10.0,1.0,1,No,4,High
2787,Divya Smith,37,Male,Divorced,2,Life Sciences,1,Research Scientist,1,Non-Travel,68150,20,1.0,17.0,3.0,1,0,0.0,0.0,5.0,24,No,4,High
2788,Tanvi Shah,59,Male,Married,2,Life Sciences,2,Sales Executive,2,Non-Travel,47230,14,0.0,28.5,0.5,3,1,2.0,2.0,8.5,12,No,3,Medium
2789,Rohit Miller,50,Male,Married,4,Medical,2,Research Scientist,4,Travel_Frequently,61420,13,2.0,28.0,3.0,8,4,0.0,7.0,3.0,3,No,3,Low
2790,Pooja Nair,25,Male,Single,1,Marketing,1,Research Director,2,Travel_Rarely,82370,13,0.0,6.0,4.5,6,3,0.0,3.0,1.0,10,Yes,3,Medium
2791,Riya Brown,25,Male,Married,3,Technical Degree,2,Laboratory Technician,1,Travel_Rarely,88530,22,1.0,2.0,3.0,2,1,2.0,1.0,1.0,26,No,4,High
2792,Tanvi Verma,22,Male,Single,1,Life Sciences,2,Sales Representative,1,Travel_Rarely,165835,12,1.0,1.0,2.0,0,0,0.0,0.0,1.0,2,No,3,Medium
2793,Pooja Johnson,51,Female,Single,3,Life Sciences,2,Sales Executive,1,Travel_Frequently,20730,14,1.0,23.0,4.0,13,7,7.5,8.0,3.0,1,No,3,Low
2794,Dev Wilson,34,Female,Single,4,Life Sciences,3,Sales Executive,5,Travel_Frequently,55620,15,0.0,9.0,3.0,9,5,0.0,6.0,1.0,4,Yes,3,Medium
2795,Zara Jones,54,Male,Single,3,Life Sciences,2,Laboratory Technician,1,Non-Travel,165835,17,0.0,23.0,4.5,5,3,4.0,4.0,2.0,9,No,3,Medium
2796,Amit Thakur,24,Male,Married,1,Life Sciences,2,Laboratory Technician,2,Travel_Rarely,34070,13,1.0,6.0,4.0,5,3,1.0,2.0,0.0,2,No,3,Medium
2797,Raj Trivedi,34,Female,Divorced,3,Marketing,1,Sales Representative,2,Travel_Rarely,50630,12,1.0,12.0,2.0,1,0,0.0,0.0,6.0,4,No,3,Medium
2798,Emily Malhotra,37,Male,Single,1,Technical Degree,1,Laboratory Technician,1,Travel_Rarely,46390,12,2.0,12.0,3.0,5,3,1.0,3.0,2.0,6,No,3,Medium
2799,Raj Agarwal,34,Male,Single,2,Medical,1,Healthcare Representative,2,Travel_Rarely,48760,21,1.0,14.0,3.0,11,6,5.0,8.0,2.0,9,No,4,High
2800,Vikram Williams,36,Male,Married,3,Medical,3,Research Scientist,1,Travel_Frequently,26900,11,0.0,10.0,1.0,9,5,2.0,8.0,0.0,7,No,3,Medium
2801,Kavya Wilson,36,Female,Divorced,3,Medical,2,Manufacturing Director,2,Travel_Rarely,165835,13,0.0,7.0,4.5,1,0,0.0,0.0,5.0,1,No,3,Medium
2802,Aarav Reddy,43,Male,Married,4,Life Sciences,2,Sales Executive,1,Travel_Frequently,24080,12,1.0,25.0,3.0,18,10,4.0,12.0,1.0,3,No,3,Medium
2803,Sara Verma,30,Female,Divorced,3,Life Sciences,2,Healthcare Representative,3,Travel_Frequently,28140,24,0.0,10.0,2.0,10,6,0.0,9.0,1.0,10,No,4,High
2804,Pooja Thakur,33,Male,Married,3,Life Sciences,1,Sales Executive,2,Non-Travel,112450,21,0.0,8.0,3.0,7,4,0.0,7.0,0.0,7,No,4,High
2805,Sara Kumar,56,Male,Married,3,Life Sciences,2,Laboratory Technician,2,Travel_Rarely,33120,19,0.0,7.0,1.0,5,3,4.0,3.0,8.5,15,Yes,3,Low
2806,Gaurav Gupta,51,Female,Single,2,Other,2,Sales Representative,2,Travel_Rarely,165835,14,1.0,23.0,2.0,18,10,7.5,14.5,7.0,3,No,3,Medium
2807,Shivam Malhotra,31,Female,Married,4,Technical Degree,2,Sales Executive,3,Travel_Rarely,21410,20,0.0,12.0,2.0,7,4,7.0,7.0,4.0,2,Yes,4,High
2808,Rohit Johnson,26,Female,Married,3,Medical,1,Manager,2,Travel_Rarely,57690,19,0.0,5.0,4.0,5,3,4.0,3.0,1.0,17,No,3,Low
2809,Zara Patel,58,Female,Married,2,Medical,1,Research Scientist,1,Travel_Rarely,43850,13,1.0,28.5,2.0,18,10,7.5,6.0,1.0,2,Yes,3,Medium
2810,Sarah Patel,19,Male,Single,2,Life Sciences,2,Manager,1,Travel_Rarely,53320,23,1.0,0.0,2.0,0,0,0.0,0.0,1.0,5,Yes,4,High
2811,Aarav Verma,22,Male,Married,4,Technical Degree,1,Sales Executive,1,Travel_Rarely,46630,13,1.0,3.0,1.0,2,1,2.0,1.0,0.0,29,No,3,Medium
2812,Deepika Jones,49,Female,Married,3,Life Sciences,2,Sales Executive,1,Travel_Rarely,47240,11,1.0,16.0,3.0,15,9,5.0,11.0,1.0,2,No,3,Low
2813,Deepika Smith,43,Male,Single,2,Life Sciences,1,Sales Executive,1,Travel_Frequently,32110,13,0.0,18.0,2.0,3,1,1.0,2.0,4.0,2,No,3,Medium
2814,Neha Sharma,50,Male,Single,4,Life Sciences,2,Sales Executive,2,Travel_Frequently,53770,14,1.0,16.0,3.0,2,1,2.0,1.0,4.0,19,No,3,Medium
2815,Pooja Sharma,31,Female,Married,1,Medical,2,Sales Executive,2,Travel_Rarely,40660,22,0.0,4.0,2.0,2,1,2.0,2.0,3.0,15,Yes,4,High
2816,Priya Shah,41,Male,Divorced,2,Other,2,Manufacturing Director,1,Travel_Rarely,52080,11,2.5,12.0,2.0,9,5,0.0,7.0,3.0,17,No,3,Medium
2817,Raj Joshi,26,Male,Married,4,Life Sciences,2,Sales Executive,2,Travel_Rarely,48770,13,1.0,8.0,4.5,8,4,5.0,7.0,1.0,17,No,3,Medium
2818,Vikram Thakur,36,Male,Divorced,1,Human Resources,3,Research Scientist,2,Travel_Rarely,31170,21,1.0,7.0,2.0,3,1,0.0,1.0,6.0,25,No,4,High
2819,Divya Pillai,51,Female,Single,3,Life Sciences,2,Manager,1,Travel_Frequently,15690,11,0.0,18.0,2.0,4,2,0.0,3.0,2.0,6,Yes,3,Medium
2820,Ananya Miller,39,Female,Married,3,Life Sciences,2,Research Scientist,1,Travel_Rarely,165835,13,1.0,17.0,3.0,15,9,5.0,9.0,4.0,7,No,3,Medium
2821,Vikram Joshi,25,Female,Married,1,Medical,1,Research Scientist,3,Travel_Rarely,30690,14,1.0,6.0,3.0,2,1,2.0,2.0,2.0,29,No,3,Low
2822,Suresh Agarwal,30,Male,Married,1,Medical,2,Laboratory Technician,2,Travel_Rarely,104350,11,0.0,12.0,4.5,11,6,4.0,7.0,0.0,21,No,3,Medium
2823,Sara Verma,32,Female,Single,4,Life Sciences,2,Research Director,2,Travel_Rarely,41480,15,0.0,10.0,0.5,5,3,0.0,4.0,7.0,2,Yes,3,Low
2824,Michael Miller,45,Female,Single,1,Technical Degree,2,Healthcare Representative,2,Travel_Rarely,57680,23,1.0,9.0,4.0,6,3,0.0,3.0,5.0,2,No,4,High
2825,John Wilson,38,Female,Single,4,Life Sciences,2,Research Director,2,Travel_Rarely,50420,16,1.0,19.0,4.0,3,1,2.0,2.0,3.0,7,No,3,Medium
2826,David Johnson,30,Female,Single,3,Marketing,1,Laboratory Technician,2,Travel_Rarely,57700,16,1.0,5.0,2.0,5,3,0.0,4.0,1.0,13,No,3,Medium
2827,Akash Rao,32,Male,Divorced,3,Marketing,1,Laboratory Technician,3,Travel_Frequently,77560,21,0.0,9.0,3.0,8,4,0.0,7.0,0.0,2,No,4,High
2828,Divya Mehta,30,Female,Divorced,3,Medical,2,Sales Executive,3,Travel_Rarely,103060,13,0.0,8.0,4.5,3,1,2.0,2.0,5.0,1,No,3,Medium
2829,James Brown,30,Male,Single,3,Medical,1,Research Scientist,2,Travel_Rarely,39360,11,1.0,6.0,3.0,5,3,1.0,2.0,0.0,9,No,3,Medium
2830,Raj Johnson,41,Female,Divorced,2,Medical,1,Manufacturing Director,3,Travel_Frequently,79450,12,1.0,21.0,4.5,7,4,7.0,7.0,4.0,10,No,3,Low
2831,Anjali Mehta,41,Male,Married,4,Medical,2,Research Scientist,4,Travel_Rarely,57430,12,2.5,7.0,2.0,5,3,1.0,4.0,2.0,10,No,3,Medium
2832,Michael Rao,19,Female,Single,3,Other,2,Manufacturing Director,5,Travel_Rarely,152020,18,2.5,1.0,2.0,1,0,0.0,0.0,1.0,1,No,3,Low
2833,Riya Rao,40,Male,Divorced,4,Medical,2,Manufacturing Director,2,Travel_Frequently,54400,12,1.0,20.0,2.0,18,10,2.0,13.0,1.0,26,No,3,Medium
2834,Deepika Brown,35,Female,Married,1,Marketing,1,Laboratory Technician,3,Travel_Rarely,37600,14,2.5,10.0,2.0,10,6,0.0,6.0,1.0,8,No,3,Medium
2835,Vikram Smith,53,Female,Married,2,Life Sciences,1,Manufacturing Director,5,Travel_Rarely,35170,12,1.0,13.0,1.0,7,4,4.0,5.0,2.0,14,No,3,Low
2836,Kunal Agarwal,45,Male,Divorced,4,Technical Degree,1,Research Scientist,1,Travel_Rarely,25800,17,2.5,20.0,3.0,17,10,0.0,14.5,8.0,1,No,3,Low
2837,Emma Agarwal,32,Female,Single,2,Life Sciences,1,Manufacturing Director,1,Travel_Frequently,21660,19,1.0,9.0,4.0,9,5,3.0,7.0,1.0,2,No,3,Medium
2838,Rahul Gupta,29,Male,Married,4,Technical Degree,2,Healthcare Representative,3,Non-Travel,58690,11,1.0,10.0,4.5,10,6,0.0,9.0,1.0,10,No,3,Medium
2839,Raj Nair,51,Female,Married,3,Other,2,Research Director,3,Travel_Rarely,80080,15,1.0,10.0,4.0,1,0,0.0,0.0,2.0,1,No,3,Medium
2840,Sara Verma,58,Female,Married,3,Marketing,1,Research Scientist,1,Travel_Rarely,52060,11,2.5,9.0,4.0,1,0,0.0,0.0,4.0,3,No,3,Low
2841,Deepika Williams,40,Male,Married,2,Technical Degree,2,Laboratory Technician,4,Travel_Rarely,52950,18,0.0,15.0,4.0,12,7,2.0,11.0,7.0,11,No,3,Medium
2842,Meera Pillai,34,Male,Married,4,Marketing,1,Manufacturing Director,2,Travel_Frequently,164130,16,0.0,6.0,1.0,4,2,1.0,2.0,6.0,24,No,3,Medium
2843,Riya Pillai,22,Male,Married,3,Medical,2,Laboratory Technician,1,Travel_Rarely,132690,25,1.0,2.0,2.0,2,1,2.0,2.0,1.0,3,No,4,High
2844,Vikram Gupta,27,Male,Divorced,3,Medical,2,Healthcare Representative,1,Non-Travel,27830,16,1.0,6.0,2.0,2,1,2.0,2.0,6.0,3,No,3,Medium
2845,Vikram Mehta,28,Male,Married,4,Life Sciences,1,Healthcare Representative,2,Travel_Rarely,54330,13,1.0,5.0,4.0,5,3,0.0,2.0,1.0,4,No,3,Medium
2846,Kunal Thakur,57,Male,Divorced,3,Life Sciences,2,Manufacturing Director,2,Travel_Rarely,20130,14,1.0,12.0,4.5,5,3,1.0,4.0,3.0,3,No,3,Medium
2847,Sarah Mehta,27,Male,Divorced,3,Life Sciences,2,Manufacturing Director,1,Non-Travel,139660,19,0.0,1.0,1.0,1,0,0.0,1.0,1.0,2,No,3,Medium
2848,Sanjay Verma,50,Female,Single,3,Life Sciences,2,Manufacturing Director,2,Travel_Rarely,43740,15,1.0,21.0,4.5,5,3,4.0,4.0,3.0,4,No,3,Medium
2849,Amit Williams,41,Male,Divorced,4,Marketing,1,Laboratory Technician,4,Travel_Rarely,68420,12,1.0,13.0,3.0,9,5,1.0,8.0,4.0,7,No,3,Medium
2850,Tanvi Nair,30,Female,Married,4,Human Resources,3,Manager,1,Travel_Rarely,165835,12,1.0,12.0,0.5,10,6,7.0,4.0,2.0,1,No,3,Medium
2851,Sara Nair,38,Male,Single,1,Medical,1,Laboratory Technician,2,Travel_Rarely,165835,16,0.0,12.0,0.5,8,4,0.0,7.0,4.0,1,No,3,Medium
2852,Gaurav Pillai,32,Female,Single,3,Medical,2,Manufacturing Director,1,Travel_Rarely,45810,14,1.0,8.0,3.0,5,3,1.0,4.0,3.0,20,No,3,Medium
2853,Karan Brown,27,Male,Married,4,Medical,2,Healthcare Representative,2,Travel_Rarely,47350,13,0.0,6.0,2.0,5,3,1.0,1.0,0.0,5,No,3,Medium
2854,Neha Malhotra,19,Male,Single,2,Life Sciences,2,Healthcare Representative,2,Travel_Frequently,41870,22,1.0,1.0,4.0,0,0,0.0,0.0,0.0,10,Yes,4,High
2855,Riya Johnson,36,Female,Single,3,Marketing,1,Research Director,2,Travel_Frequently,55050,21,2.0,13.0,3.0,8,4,7.0,2.0,4.0,25,No,4,High
2856,Gaurav Miller,30,Female,Divorced,3,Medical,1,Sales Executive,1,Non-Travel,54700,18,1.0,12.0,2.0,12,7,6.0,10.0,1.0,1,No,3,Medium
2857,Pooja Agarwal,45,Male,Divorced,2,Medical,2,Sales Executive,2,Travel_Rarely,54760,13,1.0,9.0,3.0,5,3,0.0,3.0,4.0,24,No,3,Medium
2858,John Pillai,56,Male,Divorced,3,Life Sciences,2,Manager,4,Travel_Rarely,25870,12,0.0,19.0,2.0,2,1,2.0,2.0,4.0,4,No,3,Low
2859,Deepika Johnson,33,Male,Single,2,Medical,2,Sales Executive,1,Travel_Rarely,24400,18,2.5,4.0,4.0,3,1,0.0,2.0,0.0,2,No,3,Medium
2860,Aarav Rao,19,Male,Single,2,Life Sciences,2,Sales Executive,2,Travel_Rarely,159720,21,0.0,1.0,2.0,1,0,1.0,0.0,1.0,8,Yes,4,High
2861,Olivia Pillai,46,Female,Divorced,3,Technical Degree,2,Laboratory Technician,2,Travel_Rarely,153790,12,0.0,24.0,1.0,18,10,7.5,7.0,1.0,10,No,3,Low
2862,Suresh Shah,38,Male,Single,4,Life Sciences,1,Manufacturing Director,1,Travel_Rarely,70820,14,0.0,2.0,3.0,2,1,2.0,1.0,1.0,4,No,3,Medium
2863,Dev Joshi,31,Male,Married,5,Life Sciences,1,Sales Representative,2,Travel_Rarely,27280,11,0.0,7.0,3.0,4,2,0.0,2.0,8.0,2,No,3,Medium
2864,Raj Kumar,34,Female,Single,3,Marketing,1,Manager,2,Travel_Rarely,53680,14,1.0,9.0,2.0,3,1,1.0,2.0,2.0,9,No,3,Medium
2865,Neha Pillai,41,Male,Single,4,Life Sciences,2,Laboratory Technician,5,Travel_Rarely,53470,24,1.0,4.0,1.0,4,2,0.0,2.0,1.0,18,Yes,4,High
2866,James Singh,50,Male,Married,4,Marketing,1,Sales Executive,3,Travel_Rarely,31950,11,0.0,5.0,4.0,3,1,0.0,2.0,2.0,19,No,3,Medium
2867,Emily Pillai,53,Male,Divorced,2,Life Sciences,1,Manager,1,Travel_Rarely,39890,13,0.0,5.0,2.0,4,2,1.0,3.0,1.0,1,No,3,Medium
2868,Sneha Shah,33,Male,Married,3,Life Sciences,2,Human Resources,1,Travel_Rarely,33060,11,2.5,8.0,4.5,8,4,1.0,6.0,1.0,4,No,3,Medium
2869,Ishaan Miller,40,Female,Married,3,Life Sciences,2,Sales Executive,2,Travel_Rarely,70050,20,2.0,21.0,2.0,18,10,7.5,9.0,1.0,11,No,4,High
2870,Dev Sharma,55,Female,Single,1,Life Sciences,2,Laboratory Technician,2,Travel_Rarely,26550,17,0.0,28.5,0.5,18,10,2.0,14.5,8.0,6,No,3,Medium
2871,Vikram Trivedi,34,Female,Married,4,Other,3,Research Scientist,1,Travel_Frequently,13930,11,2.0,10.0,4.0,10,6,1.0,9.0,1.0,7,No,3,Medium
2872,Sarah Rao,51,Male,Single,2,Human Resources,3,Sales Representative,2,Travel_Rarely,25700,18,0.0,21.0,2.0,7,4,1.0,0.0,3.0,4,No,3,Medium
2873,Aarav Sharma,52,Female,Married,4,Medical,2,Sales Representative,2,Travel_Rarely,35370,11,1.0,28.5,3.0,18,10,7.5,9.0,0.0,2,No,3,Medium
2874,Nikhil Gupta,27,Male,Single,3,Marketing,1,Research Scientist,1,Travel_Rarely,39860,12,2.0,7.0,3.0,7,4,0.0,3.0,1.0,15,No,3,Medium
2875,David Kumar,35,Female,Married,4,Life Sciences,2,Research Director,2,Travel_Rarely,108830,12,0.0,8.0,3.0,1,0,0.0,1.0,3.0,2,Yes,3,Medium
2876,Michael Mehta,43,Male,Divorced,2,Medical,2,Healthcare Representative,1,Non-Travel,20280,20,1.0,7.0,2.0,5,3,2.0,2.0,4.0,6,No,4,High
2877,Anjali Gupta,45,Female,Married,2,Medical,2,Sales Executive,1,Non-Travel,95250,19,0.0,22.0,3.0,18,10,7.5,8.0,8.5,9,No,3,Medium
2878,Arjun Pillai,37,Female,Married,3,Life Sciences,2,Research Scientist,1,Travel_Rarely,29290,12,0.0,8.0,2.0,8,4,1.0,7.0,1.0,7,No,3,Low
2879,Kavya Shah,35,Male,Single,3,Other,2,Research Director,2,Travel_Frequently,22750,13,0.0,10.0,2.0,6,3,1.0,2.0,5.0,1,No,3,Medium
2880,Riya Sharma,42,Male,Divorced,1,Technical Degree,2,Sales Executive,2,Non-Travel,78790,11,1.0,11.0,2.0,5,3,0.0,2.0,2.0,1,No,3,Medium
2881,Anjali Patel,38,Male,Married,2,Marketing,1,Research Scientist,5,Travel_Rarely,49300,14,0.0,14.0,0.5,1,0,0.0,0.0,8.5,8,No,3,Medium
2882,Deepika Kumar,38,Female,Married,1,Human Resources,3,Manufacturing Director,1,Travel_Rarely,78470,14,1.0,9.0,3.0,7,4,1.0,7.0,3.0,25,No,3,Medium
2883,Karan Shah,27,Male,Married,4,Medical,2,Manager,1,Travel_Frequently,44010,13,0.0,6.0,4.0,2,1,2.0,0.0,5.0,13,No,3,Low
2884,Karan Malhotra,49,Female,Divorced,1,Other,2,Sales Executive,2,Non-Travel,92410,19,1.0,7.0,4.5,7,4,1.0,7.0,1.0,23,No,3,Medium
2885,Priya Shah,34,Male,Divorced,2,Medical,2,Sales Representative,4,Travel_Frequently,29740,23,0.0,5.0,2.0,5,3,2.0,0.0,1.0,7,No,4,High
2886,Kavya Mehta,40,Female,Married,3,Medical,2,Laboratory Technician,1,Travel_Rarely,45020,12,2.0,15.0,0.5,7,4,3.0,7.0,8.0,23,No,3,Medium
2887,Neha Sharma,38,Female,Married,4,Life Sciences,1,Research Scientist,3,Travel_Rarely,107480,15,0.0,17.0,3.0,1,0,0.0,0.0,7.0,6,Yes,3,Low
2888,Rahul Miller,29,Female,Married,2,Life Sciences,1,Research Scientist,2,Travel_Rarely,15550,19,2.0,10.0,2.0,10,6,1.0,9.0,1.0,10,Yes,3,Medium
2889,Neha Kumar,22,Female,Divorced,3,Life Sciences,2,Healthcare Representative,4,Travel_Rarely,129360,11,2.0,4.0,3.0,4,2,2.0,2.0,1.0,1,No,3,Medium
2890,Tanvi Singh,36,Female,Single,3,Life Sciences,2,Laboratory Technician,2,Travel_Frequently,23050,17,0.0,8.0,3.0,8,4,1.0,7.0,1.0,1,No,3,Medium
2891,Deepika Singh,40,Male,Married,2,Life Sciences,2,Manufacturing Director,1,Non-Travel,165835,22,0.0,5.0,2.0,3,1,0.0,2.0,8.5,28,No,4,High
2892,Michael Wilson,46,Male,Divorced,1,Medical,2,Research Scientist,5,Travel_Rarely,34330,18,0.0,17.0,3.0,4,2,0.0,3.0,7.0,25,No,3,Medium
2893,Rohit Trivedi,32,Male,Married,3,Medical,2,Healthcare Representative,1,Travel_Rarely,34770,11,0.0,14.0,2.0,14,8,7.5,8.0,1.0,5,Yes,3,Medium
2894,Shivam Trivedi,30,Male,Single,4,Life Sciences,2,Healthcare Representative,2,Non-Travel,64300,12,1.0,12.0,2.0,11,6,5.0,8.0,1.0,17,No,3,Medium
2895,Riya Wilson,27,Female,Single,2,Medical,2,Laboratory Technician,1,Travel_Frequently,65160,19,1.0,7.0,4.0,7,4,0.0,7.0,1.0,18,No,3,Medium
2896,Varun Kumar,51,Female,Married,1,Medical,2,Manufacturing Director,1,Travel_Rarely,39070,13,0.0,16.0,2.0,10,6,4.0,7.0,5.0,2,No,3,Low
2897,Meera Wilson,30,Female,Single,4,Life Sciences,2,Research Scientist,2,Travel_Rarely,55620,13,0.0,8.0,3.0,5,3,0.0,4.0,5.0,10,Yes,3,Medium
2898,Neha Mehta,41,Male,Single,3,Life Sciences,2,Human Resources,2,Travel_Rarely,68830,19,2.0,16.0,3.0,1,0,0.0,0.0,3.0,1,No,3,Medium
2899,Michael Trivedi,30,Male,Single,2,Medical,1,Healthcare Representative,2,Travel_Frequently,28620,14,0.0,9.0,2.0,6,3,0.0,1.0,5.0,3,Yes,3,Low
2900,Rohit Pillai,29,Male,Single,3,Life Sciences,2,Sales Executive,1,Travel_Rarely,49780,13,0.0,7.0,3.0,6,3,1.0,5.0,0.0,2,Yes,3,Medium
2901,Anjali Nair,45,Female,Single,3,Medical,2,Research Scientist,2,Non-Travel,103680,12,2.0,23.0,2.0,18,10,7.5,8.0,6.0,2,No,3,Medium
2902,Nikhil Miller,54,Female,Married,2,Marketing,1,Laboratory Technician,2,Travel_Rarely,61340,19,0.0,16.0,2.0,6,3,0.0,5.0,2.0,8,No,3,Medium
2903,Karan Singh,36,Male,Single,4,Life Sciences,2,Healthcare Representative,1,Travel_Rarely,67350,25,2.0,16.0,3.0,13,7,3.0,7.0,8.0,16,No,4,High
2904,Nikhil Wilson,33,Female,Married,1,Other,1,Sales Executive,3,Travel_Rarely,32950,22,2.0,7.0,2.0,3,1,1.0,1.0,6.0,9,No,4,High
2905,Priya Nair,37,Male,Divorced,4,Life Sciences,1,Laboratory Technician,2,Travel_Frequently,52380,15,1.0,10.0,4.5,10,6,0.0,7.0,1.0,2,No,3,Medium
2906,Sneha Agarwal,38,Male,Divorced,2,Medical,2,Laboratory Technician,4,Travel_Rarely,64720,12,0.0,17.0,4.0,16,9,5.0,13.0,0.0,1,No,3,Low
2907,Ishaan Wilson,31,Female,Married,1,Medical,1,Research Scientist,3,Non-Travel,96100,11,1.0,6.0,2.0,5,3,1.0,4.0,0.0,4,No,3,Medium
2908,Sanjay Verma,59,Female,Married,3,Life Sciences,2,Manager,3,Travel_Rarely,165835,13,0.0,7.0,2.0,1,0,0.0,0.0,3.0,5,No,3,Medium
2909,Neha Miller,37,Female,Divorced,3,Marketing,1,Laboratory Technician,2,Travel_Frequently,97560,19,0.0,13.0,2.0,9,5,5.0,8.0,4.0,2,No,3,Medium
2910,Meera Thakur,29,Female,Married,4,Medical,1,Sales Executive,1,Travel_Frequently,49680,19,2.5,11.0,4.0,11,6,4.0,1.0,1.0,15,No,3,Medium
2911,Sara Smith,35,Female,Single,3,Life Sciences,2,Sales Executive,1,Travel_Frequently,21450,13,0.0,10.0,4.5,10,6,0.0,8.0,1.0,19,No,3,Medium
2912,Michael Singh,29,Female,Single,1,Life Sciences,2,Research Scientist,1,Travel_Rarely,21800,21,0.0,4.0,2.0,4,2,0.0,1.0,1.0,7,Yes,4,High
2913,Raj Shah,52,Female,Single,2,Medical,2,Manager,4,Travel_Rarely,83460,14,0.0,6.0,4.5,2,1,2.0,2.0,7.0,1,No,3,Medium
2914,Arjun Agarwal,42,Female,Married,4,Life Sciences,2,Sales Executive,2,Travel_Rarely,34450,11,2.0,22.0,2.0,18,10,7.5,14.5,1.0,7,No,3,Medium
2915,Anjali Rao,59,Male,Married,4,Technical Degree,2,Healthcare Representative,1,Travel_Rarely,27600,11,0.0,7.0,3.0,2,1,2.0,2.0,8.0,4,No,3,Medium
2916,Kavya Singh,50,Male,Divorced,2,Life Sciences,2,Sales Executive,2,Travel_Rarely,62940,23,1.0,28.5,2.0,7,4,0.0,6.0,3.0,11,No,4,High
2917,James Gupta,33,Male,Married,4,Marketing,1,Research Scientist,1,Travel_Rarely,71400,21,0.0,8.0,2.0,5,3,0.0,4.0,5.0,11,Yes,4,High
2918,Divya Jones,43,Female,Married,3,Marketing,1,Manufacturing Director,2,Travel_Rarely,29320,24,0.0,22.0,3.0,17,10,1.0,9.0,5.0,1,No,4,High
2919,Michael Sharma,33,Male,Married,3,Life Sciences,1,Manager,2,Travel_Rarely,51470,11,0.0,13.0,2.0,9,5,1.0,7.0,7.0,1,Yes,3,Low
2920,Gaurav Smith,52,Male,Single,3,Technical Degree,2,Sales Executive,1,Non-Travel,45070,14,0.0,28.5,3.0,18,10,7.5,12.0,1.0,2,No,3,Medium
2921,Vivek Wilson,32,Female,Married,4,Life Sciences,3,Manufacturing Director,3,Travel_Rarely,85640,16,1.0,6.0,2.0,4,2,1.0,2.0,2.0,13,No,3,Medium
2922,Riya Sharma,32,Male,Single,1,Life Sciences,1,Healthcare Representative,3,Travel_Rarely,24680,11,0.0,4.0,2.0,3,1,1.0,2.0,0.0,23,Yes,3,Medium
2923,Michael Patel,39,Male,Divorced,4,Life Sciences,1,Research Director,2,Travel_Rarely,81610,12,1.0,7.0,2.0,3,1,1.0,2.0,7.0,26,No,3,Medium
2924,Anjali Agarwal,32,Male,Married,4,Marketing,1,Research Scientist,4,Non-Travel,21090,13,1.0,4.0,3.0,3,1,2.0,2.0,0.0,2,No,3,Medium
2925,Sanjay Verma,41,Female,Divorced,3,Life Sciences,1,Laboratory Technician,2,Travel_Rarely,52940,15,0.0,17.0,3.0,1,0,0.0,0.0,2.0,29,No,3,Low
2926,Aryan Thakur,40,Male,Divorced,3,Life Sciences,2,Manufacturing Director,1,Travel_Rarely,27180,14,1.0,9.0,4.0,9,5,4.0,7.0,1.0,2,No,3,Medium
2927,Divya Smith,45,Female,Married,1,Life Sciences,2,Sales Representative,2,Travel_Rarely,58110,14,0.0,25.0,4.0,18,10,1.0,7.0,0.0,18,No,3,Medium
2928,Neha Thakur,31,Male,Divorced,4,Medical,2,Research Scientist,1,Travel_Frequently,24370,14,1.0,9.0,3.0,2,1,2.0,2.0,8.5,7,No,3,Medium
2929,Priya Nair,33,Female,Married,4,Life Sciences,2,Sales Executive,1,Travel_Rarely,27660,12,1.0,2.0,2.0,2,1,0.0,2.0,1.0,2,No,3,Medium
2930,Kavya Smith,34,Female,Married,3,Other,2,Sales Executive,1,Travel_Rarely,165835,13,0.0,13.0,3.0,11,6,5.0,9.0,6.0,26,No,3,Medium
2931,Raj Thakur,37,Female,Married,5,Medical,2,Manufacturing Director,2,Travel_Rarely,30550,14,2.5,17.0,3.0,3,1,0.0,2.0,2.0,22,No,3,Low
2932,Rohit Mehta,45,Male,Married,1,Marketing,1,Research Scientist,3,Travel_Frequently,22890,13,0.0,9.0,3.0,3,1,0.0,2.0,4.0,21,No,3,Low
2933,David Thakur,37,Male,Divorced,3,Marketing,1,Laboratory Technician,1,Travel_Frequently,40010,11,1.0,17.0,2.0,1,0,0.0,0.0,6.0,2,Yes,3,Medium
2934,Tanvi Garcia,39,Female,Single,3,Medical,2,Manufacturing Director,1,Travel_Frequently,129650,19,1.0,20.0,2.0,18,10,7.5,8.0,0.0,22,No,3,Medium
2935,David Agarwal,29,Female,Single,3,Other,1,Human Resources,2,Travel_Rarely,35390,18,0.0,6.0,2.0,6,3,1.0,5.0,1.0,4,No,3,Medium
2936,Vivek Rao,42,Female,Single,4,Medical,2,Research Scientist,1,Travel_Rarely,60290,17,1.0,10.0,4.5,3,1,0.0,2.0,3.0,5,No,3,Medium
2937,Varun Malhotra,29,Male,Divorced,4,Medical,2,Laboratory Technician,1,Travel_Rarely,26790,15,0.0,10.0,2.0,3,1,0.0,2.0,2.0,2,No,3,Medium
2938,Tanvi Kumar,25,Male,Married,2,Life Sciences,2,Sales Executive,2,Travel_Rarely,37020,20,0.0,5.0,4.0,4,2,1.0,2.0,0.0,25,No,4,High
2939,David Gupta,42,Male,Divorced,2,Medical,1,Laboratory Technician,1,Travel_Rarely,23980,14,1.0,10.0,2.0,9,5,7.0,8.0,0.0,18,No,3,Medium
2940,Sneha Sharma,40,Male,Divorced,3,Medical,2,Laboratory Technician,2,Travel_Rarely,54680,12,0.0,22.0,4.5,18,10,3.0,9.0,0.0,28,No,3,Medium
2941,Arjun Wilson,51,Female,Married,2,Life Sciences,1,Healthcare Representative,1,Travel_Rarely,131160,11,0.0,1.0,4.5,1,0,0.0,0.0,1.0,6,No,3,Medium
2942,James Mehta,31,Female,Single,1,Life Sciences,2,Research Scientist,1,Travel_Frequently,41890,23,1.0,6.0,3.0,5,3,1.0,4.0,0.0,10,Yes,4,High
2943,Anjali Brown,32,Male,Married,4,Other,2,Sales Executive,4,Travel_Frequently,165835,15,2.5,5.0,2.0,5,3,0.0,3.0,1.0,17,No,3,Low
2944,Olivia Patel,38,Male,Married,5,Life Sciences,2,Human Resources,3,Non-Travel,83210,11,2.5,13.0,4.5,8,4,7.0,5.0,3.0,2,No,3,Medium
2945,Sneha Joshi,32,Male,Single,1,Medical,2,Sales Executive,1,Travel_Rarely,23420,12,2.0,9.0,2.0,6,3,0.0,4.0,4.0,10,No,3,Medium
2946,Vikram Pillai,46,Female,Married,3,Life Sciences,2,Research Director,4,Travel_Rarely,40710,13,0.0,28.0,4.5,7,4,7.0,7.0,3.0,8,No,3,Medium
2947,Anjali Malhotra,28,Male,Single,2,Medical,2,Sales Executive,2,Travel_Rarely,58130,20,1.0,5.0,2.0,0,0,0.0,0.0,2.0,11,Yes,4,High
2948,Riya Williams,29,Male,Married,3,Life Sciences,2,Sales Executive,2,Travel_Rarely,31430,22,2.5,10.0,2.0,0,0,0.0,0.0,2.0,18,No,4,High
2949,Aarav Miller,31,Male,Married,3,Life Sciences,2,Laboratory Technician,3,Travel_Rarely,20440,21,0.0,10.0,2.0,9,5,7.0,8.0,0.0,1,No,4,High
2950,Shivam Jones,25,Female,Divorced,4,Medical,2,Laboratory Technician,4,Non-Travel,134640,13,1.0,6.0,2.0,6,3,1.0,5.0,1.0,7,No,3,Low
2951,David Singh,45,Male,Married,2,Medical,2,Laboratory Technician,2,Travel_Rarely,79910,13,2.0,21.0,2.0,18,10,4.0,10.0,0.0,17,No,3,Medium
2952,Ananya Williams,36,Male,Married,1,Life Sciences,2,Laboratory Technician,1,Travel_Rarely,33770,12,2.0,16.0,2.0,15,9,7.5,11.0,0.0,28,No,3,Medium
2953,Deepika Singh,55,Female,Single,4,Life Sciences,2,Sales Executive,1,Travel_Rarely,55380,17,0.0,28.5,2.0,18,10,4.0,13.0,0.0,14,No,3,Medium
2954,Priya Garcia,47,Male,Married,1,Medical,2,Research Scientist,1,Non-Travel,57620,11,2.0,10.0,4.0,10,6,7.5,9.0,1.0,1,Yes,3,Low
2955,Zara Reddy,28,Male,Married,3,Life Sciences,2,Manufacturing Director,1,Travel_Rarely,25920,14,0.0,5.0,2.0,5,3,0.0,4.0,1.0,1,No,3,Medium
2956,Deepika Malhotra,37,Male,Married,3,Life Sciences,2,Healthcare Representative,2,Travel_Rarely,53460,11,0.0,7.0,2.0,5,3,0.0,1.0,4.0,1,No,3,Medium
2957,Suresh Singh,21,Male,Single,2,Life Sciences,2,Laboratory Technician,1,Travel_Rarely,42130,12,2.5,3.0,3.0,3,1,1.0,0.0,1.0,3,No,3,Medium
2958,Raj Sharma,37,Male,Divorced,3,Medical,2,Sales Executive,2,Non-Travel,41270,13,1.0,15.0,2.0,5,3,0.0,2.0,2.0,1,No,3,Medium
2959,Karan Gupta,35,Male,Divorced,4,Life Sciences,1,Sales Representative,1,Travel_Rarely,24380,16,0.0,10.0,4.5,7,4,6.0,2.0,7.0,7,No,3,Low
2960,Suresh Garcia,38,Female,Divorced,3,Life Sciences,2,Manager,1,Travel_Rarely,68700,11,1.0,8.0,4.5,8,4,7.0,7.0,1.0,8,No,3,Low
2961,Arjun Williams,26,Male,Divorced,4,Other,2,Laboratory Technician,2,Travel_Frequently,104470,18,0.0,6.0,3.0,6,3,1.0,4.0,1.0,1,No,3,Low
2962,Sneha Wilson,50,Male,Divorced,4,Life Sciences,1,Research Scientist,1,Travel_Rarely,96670,23,0.0,28.0,2.0,10,6,1.0,6.0,3.0,8,No,4,High
2963,David Kumar,53,Female,Married,4,Life Sciences,2,Research Scientist,2,Travel_Rarely,21480,11,0.0,21.0,2.0,5,3,1.0,3.0,3.0,11,No,3,Medium
2964,Varun Thakur,42,Male,Married,4,Life Sciences,2,Manufacturing Director,1,Travel_Rarely,89260,14,0.0,20.0,4.0,18,10,7.5,6.0,1.0,4,No,3,Low
2965,Ananya Gupta,29,Male,Single,4,Medical,2,Laboratory Technician,1,Travel_Frequently,65130,11,1.0,10.0,2.0,10,6,0.0,9.0,1.0,16,No,3,Medium
2966,David Shah,55,Female,Married,4,Other,2,Research Scientist,1,Travel_Rarely,67990,11,0.0,12.0,2.0,10,6,0.0,8.0,3.0,1,No,3,Medium
2967,Kavya Malhotra,26,Female,Married,3,Life Sciences,2,Manager,1,Travel_Frequently,162910,22,0.0,5.0,3.0,5,3,3.0,3.0,1.0,9,No,4,High
2968,Emily Joshi,37,Male,Single,1,Marketing,1,Research Scientist,1,Travel_Rarely,27050,11,0.0,17.0,2.0,17,10,5.0,7.0,1.0,5,No,3,Medium
2969,Arjun Thakur,44,Male,Divorced,2,Medical,2,Research Scientist,2,Travel_Frequently,103330,14,1.0,19.0,2.0,1,0,0.0,0.0,3.0,1,Yes,3,Medium
2970,Olivia Patel,38,Female,Divorced,3,Marketing,1,Manager,1,Travel_Rarely,44480,12,0.0,10.0,3.0,2,1,1.0,2.0,8.5,2,No,3,Medium
2971,Divya Rao,26,Male,Divorced,3,Medical,2,Research Scientist,3,Travel_Rarely,68540,11,0.0,5.0,4.5,3,1,0.0,2.0,2.0,4,Yes,3,Low
2972,Deepika Agarwal,28,Male,Single,3,Other,2,Human Resources,1,Travel_Rarely,96370,13,0.0,5.0,4.5,5,3,0.0,2.0,1.0,7,No,3,Medium
2973,Divya Singh,49,Female,Single,1,Medical,2,Research Scientist,2,Travel_Frequently,35910,13,0.0,22.0,2.0,3,1,1.0,2.0,8.5,1,No,3,Medium
2974,Gaurav Miller,36,Male,Single,3,Technical Degree,1,Sales Executive,3,Travel_Rarely,54050,14,0.0,10.0,2.0,8,4,7.0,7.0,4.0,5,No,3,Medium
2975,Emma Reddy,31,Male,Divorced,4,Medical,2,Sales Executive,1,Travel_Frequently,46840,16,1.0,2.0,4.0,2,1,2.0,2.0,1.0,9,No,3,Medium
2976,Neha Brown,26,Male,Single,3,Medical,2,Manager,2,Travel_Rarely,157870,12,2.0,8.0,4.5,8,4,7.0,4.0,1.0,8,Yes,3,Medium
2977,Deepika Agarwal,37,Male,Married,1,Marketing,1,Laboratory Technician,1,Travel_Frequently,15140,14,0.0,4.0,3.0,4,2,1.0,2.0,1.0,9,No,3,Medium
2978,Suresh Smith,42,Male,Married,2,Marketing,1,Research Director,3,Travel_Frequently,29560,13,0.0,23.0,2.0,18,10,4.0,8.0,5.0,2,No,3,Medium
2979,Dev Smith,18,Male,Single,4,Life Sciences,2,Sales Executive,1,Travel_Rarely,23350,14,2.0,0.0,3.0,0,0,0.0,0.0,1.0,1,Yes,3,Medium
2980,Sara Jones,35,Male,Married,2,Life Sciences,1,Laboratory Technician,1,Travel_Rarely,51540,19,0.0,12.0,2.0,11,6,6.0,9.0,0.0,20,No,3,Low
2981,Aryan Trivedi,36,Female,Married,3,Other,2,Sales Executive,3,Travel_Frequently,69620,12,2.0,4.0,2.0,1,0,0.0,0.0,4.0,8,No,3,Medium
2982,James Gupta,51,Male,Divorced,3,Life Sciences,2,Laboratory Technician,2,Travel_Rarely,56750,13,0.0,13.0,2.0,4,2,1.0,2.0,5.0,2,No,3,Medium
2983,Varun Kumar,41,Male,Single,1,Life Sciences,2,Laboratory Technician,1,Travel_Rarely,23790,12,0.0,22.0,4.5,18,10,0.0,4.0,1.0,29,No,3,Medium
2984,Tanvi Trivedi,18,Male,Single,3,Life Sciences,1,Research Scientist,1,Travel_Rarely,38120,15,0.0,0.0,3.0,0,0,0.0,0.0,1.0,7,No,3,Medium
2985,Deepika Verma,28,Male,Single,3,Medical,2,Sales Representative,1,Travel_Rarely,46480,23,2.0,9.0,2.0,8,4,0.0,7.0,0.0,9,No,4,High
2986,Vikram Gupta,31,Male,Married,1,Technical Degree,2,Manufacturing Director,1,Travel_Rarely,29360,12,1.0,10.0,2.0,8,4,7.0,7.0,4.0,8,No,3,Medium
2987,Rahul Verma,39,Female,Divorced,4,Marketing,1,Human Resources,2,Travel_Rarely,21050,20,0.0,19.0,3.0,18,10,3.0,7.0,0.0,5,No,4,High
2988,John Shah,36,Male,Married,4,Life Sciences,2,Sales Executive,1,Non-Travel,85780,21,0.0,11.0,4.0,9,5,0.0,8.0,7.0,5,No,4,High
2989,Emma Patel,32,Male,Married,3,Marketing,1,Laboratory Technician,2,Travel_Rarely,27060,21,1.0,13.0,4.0,13,7,4.0,8.0,1.0,2,No,4,High
2990,Deepika Trivedi,38,Female,Married,2,Life Sciences,2,Research Scientist,3,Travel_Rarely,63840,19,2.0,19.0,4.0,10,6,0.0,1.0,3.0,5,No,3,Low
2991,Sanjay Williams,58,Male,Divorced,3,Life Sciences,2,Manufacturing Director,2,Non-Travel,39680,13,2.0,12.0,3.0,5,3,1.0,2.0,2.0,2,No,3,Medium
2992,David Brown,31,Female,Married,1,Technical Degree,2,Research Scientist,3,Travel_Rarely,99070,13,1.0,6.0,3.0,5,3,0.0,3.0,0.0,20,No,3,Medium
2993,Arjun Joshi,31,Male,Married,4,Marketing,1,Sales Executive,2,Travel_Rarely,132250,21,1.0,9.0,2.0,2,1,1.0,0.0,3.0,7,No,4,High
2994,David Shah,45,Female,Divorced,1,Medical,2,Sales Executive,1,Travel_Frequently,35400,13,0.0,24.0,4.5,18,10,7.5,11.0,1.0,3,No,3,Low
2995,Michael Thakur,31,Female,Divorced,4,Marketing,1,Research Scientist,2,Travel_Rarely,28040,19,2.0,3.0,0.5,2,1,2.0,2.0,0.0,16,No,3,Medium
2996,Akash Rao,33,Male,Married,3,Life Sciences,2,Research Director,4,Travel_Frequently,165835,12,1.0,12.0,3.0,10,6,7.5,8.0,6.0,9,No,3,Medium
2997,James Agarwal,39,Male,Married,4,Life Sciences,1,Sales Executive,1,Travel_Rarely,165835,22,1.0,21.0,4.5,18,10,7.5,10.0,1.0,1,No,4,High
2998,Anjali Mehta,43,Male,Single,4,Medical,2,Research Scientist,4,Travel_Frequently,24390,15,0.0,9.0,2.0,8,4,1.0,7.0,0.0,7,No,3,Medium
2999,Emily Wilson,49,Male,Single,3,Life Sciences,2,Manufacturing Director,3,Travel_Rarely,73140,22,0.0,25.0,2.0,7,4,0.0,7.0,7.0,1,No,4,High
3000,Vikram Kumar,52,Female,Married,1,Life Sciences,2,Research Scientist,2,Travel_Rarely,47740,18,1.0,11.0,2.0,8,4,7.0,7.0,2.0,7,Yes,3,Medium
3001,Sara Brown,27,Male,Single,4,Medical,2,Research Scientist,3,Travel_Rarely,39020,22,0.0,4.0,2.0,4,2,1.0,2.0,1.0,15,No,4,High
3002,Shivam Thakur,32,Male,Married,3,Life Sciences,2,Research Scientist,3,Travel_Rarely,26620,11,1.0,13.0,4.5,13,7,7.5,9.0,1.0,1,No,3,Medium
3003,Priya Gupta,27,Female,Single,2,Medical,2,Research Director,4,Travel_Rarely,28560,12,2.0,5.0,4.5,5,3,0.0,4.0,1.0,13,No,3,Medium
3004,Ishaan Johnson,31,Male,Divorced,3,Life Sciences,1,Healthcare Representative,2,Travel_Rarely,10810,11,2.5,13.0,4.0,7,4,1.0,7.0,4.0,24,No,3,Medium
3005,Amit Kumar,32,Male,Single,3,Technical Degree,2,Healthcare Representative,2,Travel_Rarely,24720,13,0.0,10.0,2.0,7,4,0.0,7.0,7.0,7,No,3,Medium
3006,Neha Williams,28,Male,Married,4,Medical,2,Sales Executive,1,Travel_Rarely,56730,14,1.0,5.0,4.0,3,1,2.0,2.0,5.0,9,Yes,3,Low
3007,Sneha Thakur,30,Female,Married,3,Life Sciences,2,Research Director,4,Travel_Rarely,41970,13,0.0,11.0,3.0,10,6,1.0,9.0,1.0,13,No,3,Medium
3008,Raj Kumar,31,Female,Married,1,Life Sciences,2,Manager,1,Travel_Frequently,97130,17,0.0,10.0,4.5,10,6,7.5,9.0,1.0,2,No,3,Medium
3009,Kavya Verma,39,Female,Married,4,Medical,2,Research Scientist,1,Travel_Frequently,20620,13,0.0,21.0,4.0,18,10,7.5,3.0,1.0,19,No,3,Medium
3010,Vikram Johnson,39,Female,Married,1,Medical,2,Laboratory Technician,1,Travel_Rarely,42840,17,1.0,12.0,0.5,1,0,0.0,0.0,4.0,1,Yes,3,Medium
3011,Gaurav Joshi,33,Male,Single,2,Life Sciences,1,Research Scientist,4,Travel_Frequently,47880,11,1.0,9.0,0.5,7,4,0.0,1.0,3.0,4,No,3,Medium
3012,Karan Garcia,47,Female,Married,3,Life Sciences,2,Healthcare Representative,2,Travel_Rarely,59060,23,0.0,21.0,4.0,3,1,1.0,1.0,4.0,4,No,4,High
3013,Rahul Williams,43,Female,Divorced,3,Medical,2,Research Director,5,Travel_Frequently,38860,17,2.0,9.0,2.0,9,5,0.0,0.0,1.0,14,No,3,Medium
3014,Pooja Smith,27,Male,Married,3,Life Sciences,2,Research Director,1,Non-Travel,165835,17,0.0,6.0,3.0,5,3,1.0,4.0,0.0,2,No,3,Medium
3015,Raj Gupta,54,Male,Single,4,Life Sciences,2,Research Scientist,2,Travel_Frequently,29330,12,2.0,20.0,2.0,4,2,0.0,3.0,3.0,1,No,3,Medium
3016,Michael Smith,43,Female,Married,2,Life Sciences,2,Manager,2,Travel_Rarely,65000,23,0.0,10.0,3.0,1,0,0.0,0.0,8.0,7,No,4,High
3017,Vivek Miller,45,Female,Married,1,Marketing,1,Sales Executive,1,Travel_Rarely,165835,14,1.0,12.0,4.5,10,6,7.5,8.0,8.5,3,No,3,Medium
3018,Divya Kumar,40,Male,Married,4,Other,2,Research Scientist,4,Travel_Rarely,50330,14,2.0,6.0,4.5,4,2,0.0,2.0,2.0,2,No,3,Medium
3019,Sanjay Malhotra,29,Female,Married,3,Medical,2,Research Scientist,1,Travel_Rarely,23070,13,1.0,7.0,0.5,7,4,0.0,7.0,1.0,29,Yes,3,Low
3020,Nikhil Mehta,29,Male,Single,3,Medical,3,Sales Representative,3,Travel_Rarely,25870,22,2.0,4.0,3.0,3,1,2.0,2.0,0.0,8,No,4,High
3021,Neha Nair,30,Male,Divorced,3,Life Sciences,2,Research Scientist,2,Travel_Rarely,55070,12,2.0,10.0,2.0,10,6,1.0,2.0,1.0,10,No,3,Medium
3022,Kunal Johnson,27,Male,Married,2,Medical,2,Manager,1,Travel_Rarely,43930,18,1.0,8.0,2.0,8,4,0.0,7.0,1.0,11,No,3,Low
3023,Sanjay Rao,37,Male,Divorced,4,Life Sciences,1,Healthcare Representative,2,Travel_Rarely,133480,14,0.0,8.0,4.0,6,3,0.0,4.0,7.0,1,No,3,Medium
3024,Ananya Thakur,38,Male,Divorced,4,Medical,2,Laboratory Technician,1,Travel_Rarely,65830,12,0.0,12.0,1.0,11,6,2.0,9.0,0.0,28,No,3,Medium
3025,Aryan Joshi,31,Female,Single,3,Medical,2,Manager,3,Travel_Rarely,81030,15,1.0,11.0,4.5,11,6,4.0,10.0,1.0,6,No,3,Medium
3026,Neha Singh,29,Male,Divorced,4,Life Sciences,2,Sales Executive,3,Travel_Rarely,39780,11,0.0,7.0,0.5,7,4,1.0,7.0,1.0,3,No,3,Medium
3027,Meera Gupta,35,Male,Single,2,Technical Degree,1,Manager,3,Travel_Rarely,25440,13,1.0,17.0,3.0,16,9,0.0,13.0,0.0,16,No,3,Medium
3028,Emily Jones,23,Male,Divorced,4,Life Sciences,2,Manufacturing Director,1,Travel_Rarely,53990,23,0.0,4.0,2.0,4,2,0.0,2.0,1.0,20,No,4,High
3029,Aarav Trivedi,41,Female,Single,2,Life Sciences,2,Laboratory Technician,1,Travel_Rarely,54870,19,2.0,8.0,0.5,5,3,1.0,2.0,6.0,9,No,3,Medium
3030,Shivam Nair,47,Female,Single,3,Medical,1,Laboratory Technician,2,Travel_Frequently,68340,16,1.0,5.0,2.0,0,0,0.0,0.0,3.0,1,No,3,Medium
3031,Priya Williams,42,Male,Single,4,Life Sciences,2,Manager,1,Travel_Rarely,10910,22,0.0,16.0,0.5,1,0,0.0,0.0,2.0,3,No,4,High
3032,Meera Verma,29,Male,Married,4,Marketing,1,Human Resources,2,Non-Travel,57360,22,0.0,4.0,1.0,4,2,0.0,2.0,1.0,22,No,4,High
3033,Meera Gupta,42,Male,Divorced,4,Medical,1,Research Scientist,3,Travel_Rarely,22260,12,1.0,4.0,3.0,3,1,1.0,0.0,0.0,7,No,3,Medium
3034,Meera Mehta,32,Male,Married,3,Medical,2,Research Scientist,2,Travel_Rarely,57470,13,0.0,8.0,0.5,8,4,0.0,7.0,1.0,2,No,3,Medium
3035,Arjun Wilson,48,Male,Married,4,Medical,1,Sales Executive,4,Travel_Rarely,98540,16,1.0,15.0,2.0,0,0,0.0,0.0,3.0,13,No,3,Low
3036,Anjali Smith,37,Male,Divorced,5,Technical Degree,2,Manufacturing Director,2,Travel_Rarely,54670,12,0.0,13.0,2.0,7,4,6.0,7.0,4.0,8,No,3,Medium
3037,Tanvi Trivedi,30,Male,Married,4,Other,1,Healthcare Representative,1,Non-Travel,53800,21,1.0,4.0,0.5,2,1,2.0,2.0,7.0,25,No,4,High
3038,David Sharma,26,Female,Married,3,Medical,1,Laboratory Technician,5,Travel_Rarely,51510,15,2.5,8.0,3.0,8,4,7.0,7.0,1.0,28,No,3,Medium
3039,Ishaan Patel,42,Female,Single,2,Medical,1,Laboratory Technician,1,Travel_Rarely,21330,13,2.0,14.0,2.0,1,0,0.0,0.0,3.0,2,No,3,Medium
3040,Rohit Trivedi,21,Female,Single,3,Medical,2,Manufacturing Director,4,Travel_Frequently,165835,12,0.0,3.0,4.5,3,1,1.0,2.0,1.0,9,Yes,3,Low
3041,Sarah Nair,36,Male,Single,3,Human Resources,3,Laboratory Technician,2,Non-Travel,24320,22,0.0,7.0,4.0,1,0,0.0,0.0,4.0,28,No,4,High
3042,Divya Miller,36,Female,Married,3,Life Sciences,2,Research Scientist,2,Travel_Frequently,47710,13,1.0,16.0,2.0,13,7,1.0,12.0,4.0,6,No,3,Medium
3043,Sneha Williams,57,Male,Married,4,Life Sciences,2,Research Scientist,5,Travel_Rarely,165835,18,0.0,15.0,2.0,3,1,1.0,2.0,2.0,21,No,3,Medium
3044,Pooja Rao,40,Male,Married,3,Other,2,Sales Executive,2,Travel_Rarely,50870,14,1.0,10.0,3.0,7,4,1.0,7.0,3.0,8,No,3,Medium
3045,Meera Johnson,21,Female,Single,5,Life Sciences,2,Manager,2,Non-Travel,28630,14,0.0,3.0,2.0,3,1,2.0,2.0,1.0,1,No,3,Low
3046,Dev Wilson,33,Female,Single,2,Human Resources,3,Manager,5,Travel_Rarely,55610,21,1.0,1.0,3.0,1,0,0.0,0.0,1.0,28,Yes,4,High
3047,Aryan Rao,37,Male,Married,3,Life Sciences,2,Research Scientist,4,Travel_Rarely,21440,19,0.0,17.0,3.0,5,3,0.0,3.0,6.0,5,No,3,Medium
3048,Karan Agarwal,46,Female,Married,4,Marketing,1,Laboratory Technician,2,Non-Travel,30650,11,0.0,7.0,3.0,1,0,0.0,0.0,2.0,2,No,3,Medium
3049,Suresh Garcia,41,Female,Single,1,Medical,2,Research Scientist,1,Travel_Frequently,28100,11,0.0,8.0,3.0,8,4,7.0,7.0,1.0,16,Yes,3,Medium
3050,Vivek Gupta,50,Female,Single,3,Medical,2,Laboratory Technician,3,Travel_Rarely,98880,15,0.0,20.0,2.0,4,2,1.0,3.0,6.0,9,No,3,Medium
3051,Deepika Garcia,40,Female,Married,3,Medical,2,Healthcare Representative,1,Travel_Rarely,86280,20,0.0,8.0,2.0,6,3,1.0,0.0,2.0,8,Yes,4,High
3052,Priya Kumar,31,Male,Single,3,Life Sciences,2,Human Resources,4,Travel_Rarely,28670,24,0.0,3.0,4.5,2,1,2.0,2.0,0.0,1,No,4,High
3053,James Agarwal,21,Male,Single,2,Human Resources,3,Laboratory Technician,1,Travel_Rarely,53730,12,1.0,1.0,2.0,1,0,0.0,0.0,1.0,10,Yes,3,Medium
3054,Aditya Williams,29,Female,Single,3,Life Sciences,2,Research Director,2,Travel_Rarely,66670,12,1.0,6.0,4.5,3,1,1.0,2.0,8.5,1,No,3,Medium
3055,Sara Trivedi,35,Female,Single,3,Life Sciences,2,Sales Executive,3,Travel_Rarely,50030,15,0.0,10.0,2.0,1,0,0.0,0.0,8.5,29,No,3,Medium
3056,Michael Reddy,27,Male,Divorced,3,Life Sciences,1,Sales Executive,1,Travel_Rarely,23670,12,1.0,5.0,2.0,5,3,0.0,4.0,1.0,2,No,3,Medium
3057,Pooja Trivedi,28,Male,Single,2,Medical,2,Manager,3,Travel_Rarely,28580,12,0.0,7.0,2.0,7,4,0.0,7.0,1.0,2,No,3,Medium
3058,Deepika Singh,49,Male,Single,3,Technical Degree,1,Manufacturing Director,2,Travel_Rarely,52040,14,1.0,26.0,3.0,5,3,0.0,0.0,8.0,2,No,3,Medium
3059,Emily Mehta,51,Male,Married,2,Life Sciences,2,Sales Executive,1,Travel_Rarely,41050,22,1.0,18.0,2.0,7,4,0.0,7.0,4.0,1,No,4,High
3060,Rahul Gupta,36,Male,Married,2,Life Sciences,1,Sales Executive,1,Travel_Rarely,96790,12,0.0,6.0,1.0,2,1,2.0,2.0,4.0,15,No,3,Medium
3061,Dev Thakur,34,Male,Single,3,Life Sciences,2,Sales Representative,1,Non-Travel,56170,25,1.0,9.0,3.0,5,3,0.0,4.0,8.0,7,Yes,4,High
3062,Zara Rao,55,Male,Single,3,Marketing,1,Laboratory Technician,1,Travel_Rarely,104480,13,0.0,28.5,3.0,5,3,1.0,2.0,2.0,26,No,3,Medium
3063,Anjali Gupta,24,Female,Divorced,3,Life Sciences,2,Manager,5,Travel_Rarely,28970,18,2.5,5.0,4.0,5,3,0.0,3.0,1.0,1,No,3,Medium
3064,Aryan Garcia,30,Female,Married,3,Life Sciences,2,Manager,2,Travel_Rarely,59680,13,0.0,1.0,3.0,1,0,0.0,0.0,2.0,3,No,3,Medium
3065,Karan Nair,26,Male,Single,3,Life Sciences,1,Manager,2,Travel_Frequently,75100,18,2.5,7.0,3.0,6,3,0.0,4.0,0.0,14,Yes,3,Medium
3066,Amit Rao,22,Male,Married,5,Other,2,Research Scientist,1,Travel_Rarely,29910,19,2.0,2.0,3.0,2,1,1.0,2.0,1.0,16,No,3,Low
3067,David Pillai,36,Female,Married,3,Medical,2,Healthcare Representative,5,Travel_Rarely,165835,12,1.0,10.0,3.0,10,6,7.5,0.0,1.0,1,No,3,Medium
3068,Sneha Patel,30,Male,Single,2,Marketing,1,Research Scientist,3,Travel_Frequently,11290,19,0.0,3.0,2.0,1,0,0.0,0.0,8.5,3,Yes,3,Medium
3069,Arjun Johnson,37,Male,Divorced,1,Technical Degree,2,Sales Executive,1,Travel_Rarely,133410,14,1.0,18.0,3.0,18,10,7.5,14.5,1.0,10,No,3,Medium
3070,Akash Rao,40,Male,Divorced,2,Medical,2,Research Scientist,3,Travel_Rarely,43320,14,2.0,8.0,3.0,5,3,1.0,3.0,7.0,6,No,3,Medium
3071,Karan Sharma,42,Female,Divorced,3,Medical,2,Manager,4,Travel_Rarely,110310,12,1.0,8.0,2.0,5,3,1.0,2.0,3.0,2,No,3,Low
3072,Raj Wilson,37,Male,Single,1,Marketing,1,Sales Executive,3,Travel_Rarely,44400,11,1.0,18.0,3.0,1,0,0.0,1.0,2.0,9,No,3,Low
3073,Akash Brown,43,Female,Divorced,2,Life Sciences,1,Sales Executive,1,Travel_Rarely,46170,11,0.0,25.0,2.0,18,10,3.0,9.0,1.0,10,No,3,Low
3074,Riya Johnson,40,Female,Married,2,Life Sciences,1,Laboratory Technician,1,Travel_Rarely,26470,13,0.0,20.0,2.0,1,0,0.0,0.0,6.0,6,No,3,Medium
3075,Ananya Jones,54,Female,Married,3,Life Sciences,3,Manufacturing Director,2,Travel_Rarely,63230,23,1.0,24.0,2.0,4,2,1.0,2.0,4.0,9,No,4,High
3076,Aarav Garcia,34,Male,Married,3,Medical,2,Laboratory Technician,1,Non-Travel,56770,20,1.0,6.0,3.0,3,1,1.0,2.0,8.5,28,No,4,High
3077,Sneha Malhotra,31,Male,Married,4,Life Sciences,2,Sales Executive,3,Travel_Rarely,21870,15,1.0,13.0,2.0,13,7,3.0,12.0,1.0,10,No,3,Low
3078,Aarav Trivedi,43,Female,Married,3,Life Sciences,1,Manufacturing Director,1,Travel_Frequently,37480,14,2.0,8.0,3.0,3,1,1.0,2.0,7.0,14,No,3,Medium
3079,Amit Trivedi,43,Male,Divorced,4,Life Sciences,1,Sales Representative,2,Travel_Rarely,39770,18,1.0,8.0,3.0,5,3,0.0,2.0,4.0,27,No,3,Medium
3080,Vivek Gupta,25,Male,Single,2,Human Resources,3,Manufacturing Director,1,Travel_Rarely,86330,19,1.0,5.0,2.0,5,3,1.0,3.0,1.0,7,No,3,Medium
3081,Divya Mehta,37,Male,Married,3,Medical,2,Laboratory Technician,3,Non-Travel,20080,22,0.0,15.0,4.5,13,7,7.5,7.0,3.0,1,No,4,High
3082,Dev Kumar,31,Male,Married,1,Medical,2,Laboratory Technician,3,Travel_Rarely,44400,13,1.0,4.0,2.0,4,2,3.0,2.0,1.0,24,No,3,Medium
3083,Divya Agarwal,39,Female,Divorced,4,Technical Degree,2,Sales Executive,1,Travel_Frequently,30670,20,1.0,21.0,4.5,18,10,1.0,6.0,1.0,26,No,4,High
3084,Karan Williams,56,Female,Married,4,Life Sciences,2,Sales Executive,3,Travel_Frequently,53210,14,0.0,28.5,1.0,7,4,7.0,7.0,8.5,20,No,3,Low
3085,James Williams,30,Female,Single,4,Medical,1,Manufacturing Director,2,Travel_Rarely,54100,17,1.0,6.0,2.0,5,3,4.0,4.0,0.0,5,No,3,Medium
3086,Riya Joshi,41,Female,Married,3,Technical Degree,2,Research Scientist,3,Travel_Rarely,27820,14,0.0,10.0,2.0,10,6,0.0,7.0,1.0,7,No,3,Low
3087,David Mehta,28,Male,Divorced,3,Medical,2,Healthcare Representative,3,Travel_Rarely,119570,13,0.0,10.0,2.0,10,6,1.0,8.0,1.0,7,No,3,Low
3088,Pooja Rao,25,Female,Married,2,Life Sciences,2,Laboratory Technician,3,Travel_Rarely,26600,13,0.0,6.0,3.0,2,1,0.0,2.0,5.0,5,Yes,3,Low
3089,Vikram Shah,52,Female,Married,2,Life Sciences,2,Sales Representative,2,Travel_Rarely,33750,21,0.0,28.0,2.0,5,3,0.0,4.0,2.0,26,No,4,High
3090,Zara Garcia,45,Female,Married,3,Medical,2,Sales Executive,1,Travel_Rarely,50980,14,1.0,8.0,4.0,2,1,0.0,2.0,3.0,2,No,3,Medium
3091,Meera Jones,52,Male,Married,3,Medical,2,Research Scientist,2,Travel_Rarely,48780,11,1.0,28.5,3.0,5,3,1.0,4.0,2.0,12,No,3,Medium
3092,Aryan Garcia,42,Female,Divorced,3,Marketing,1,Healthcare Representative,2,Travel_Frequently,28370,13,1.0,19.0,0.5,5,3,0.0,2.0,2.0,10,No,3,Low
3093,Aryan Jones,30,Male,Single,3,Marketing,1,Sales Executive,1,Travel_Rarely,24060,20,1.0,11.0,4.5,5,3,0.0,2.0,2.0,25,No,4,High
3094,Meera Wilson,60,Female,Married,3,Life Sciences,2,Manufacturing Director,1,Travel_Rarely,22690,18,1.0,28.5,4.0,18,10,7.5,10.0,5.0,10,No,3,Low
3095,Anjali Rao,46,Female,Divorced,4,Marketing,1,Sales Executive,1,Travel_Rarely,41080,14,0.0,19.0,4.5,10,6,0.0,8.0,2.0,19,No,3,Medium
3096,Sarah Verma,42,Male,Married,4,Technical Degree,2,Sales Executive,4,Travel_Frequently,132060,13,2.0,7.0,2.0,6,3,0.0,4.0,0.0,18,No,3,Medium
3097,Gaurav Kumar,24,Male,Single,2,Medical,2,Research Scientist,1,Travel_Rarely,104220,17,1.0,6.0,0.5,5,3,1.0,4.0,1.0,27,Yes,3,Low
3098,Karan Nair,34,Male,Divorced,3,Medical,2,Research Scientist,2,Travel_Frequently,137440,20,1.0,3.0,3.0,2,1,1.0,0.0,0.0,5,Yes,4,High
3099,Sara Gupta,38,Female,Married,3,Marketing,1,Sales Executive,2,Travel_Frequently,49070,11,1.0,1.0,3.0,1,0,0.0,0.0,1.0,3,No,3,Medium
3100,Arjun Patel,40,Female,Married,4,Marketing,1,Sales Executive,1,Travel_Rarely,34820,18,1.0,21.0,2.0,18,10,1.0,12.0,0.0,26,No,3,Medium
3101,Emma Miller,26,Female,Divorced,2,Medical,2,Healthcare Representative,4,Travel_Rarely,24360,24,0.0,3.0,2.0,3,1,0.0,2.0,1.0,3,No,4,High
3102,Dev Patel,30,Female,Married,3,Medical,2,Sales Executive,2,Non-Travel,23800,18,2.5,9.0,2.0,5,3,1.0,4.0,4.0,15,No,3,Medium
3103,Akash Miller,29,Female,Married,3,Medical,2,Manufacturing Director,3,Travel_Rarely,165835,11,0.0,10.0,3.0,10,6,0.0,7.0,1.0,8,No,3,Medium
3104,Tanvi Williams,29,Male,Married,4,Life Sciences,2,Research Scientist,3,Travel_Rarely,17900,16,1.0,6.0,4.0,2,1,1.0,1.0,5.0,19,Yes,3,Medium
3105,Ishaan Agarwal,19,Male,Single,3,Medical,2,Sales Executive,1,Travel_Rarely,76440,15,2.0,1.0,2.0,1,0,0.0,0.0,1.0,4,Yes,3,Medium
3106,Akash Agarwal,30,Female,Married,4,Life Sciences,2,Research Scientist,3,Non-Travel,51310,15,1.0,10.0,2.0,9,5,7.0,8.0,0.0,2,No,3,Medium
3107,Rohit Malhotra,57,Male,Divorced,2,Life Sciences,2,Research Scientist,4,Travel_Rarely,63060,12,1.0,28.5,3.0,1,0,0.0,0.0,3.0,2,No,3,Medium
3108,Tanvi Agarwal,50,Female,Married,4,Life Sciences,1,Manager,3,Travel_Rarely,47870,12,0.0,28.0,3.0,18,10,7.5,7.0,0.0,10,No,3,Medium
3109,Nikhil Patel,30,Male,Single,2,Life Sciences,1,Laboratory Technician,3,Non-Travel,165835,22,1.0,12.0,3.0,11,6,6.0,7.0,0.0,10,No,4,High
3110,Aditya Miller,60,Female,Married,3,Life Sciences,2,Laboratory Technician,4,Travel_Frequently,23390,20,0.0,22.0,4.0,18,10,7.5,11.0,4.0,16,No,4,High
3111,Ishaan Joshi,47,Male,Divorced,3,Technical Degree,2,Manufacturing Director,5,Travel_Rarely,135700,16,2.0,20.0,2.0,5,3,0.0,4.0,5.0,1,No,3,Medium
3112,Suresh Gupta,46,Male,Married,1,Technical Degree,1,Laboratory Technician,1,Travel_Rarely,67120,21,1.0,26.0,3.0,3,1,0.0,1.0,6.0,4,No,4,High
3113,Meera Smith,35,Female,Single,2,Medical,2,Laboratory Technician,2,Travel_Rarely,54060,12,1.0,6.0,2.0,5,3,4.0,3.0,0.0,15,No,3,Medium
3114,Sanjay Agarwal,54,Male,Single,4,Medical,2,Human Resources,2,Travel_Rarely,89380,11,2.5,19.0,2.0,1,0,0.0,0.0,7.0,2,No,3,Medium
3115,Aarav Rao,34,Male,Divorced,2,Life Sciences,1,Laboratory Technician,1,Travel_Rarely,24390,11,2.0,14.0,2.0,7,4,5.0,7.0,3.0,8,No,3,Medium
3116,Priya Trivedi,46,Male,Married,3,Life Sciences,2,Healthcare Representative,1,Travel_Rarely,88370,18,0.0,15.0,3.0,3,1,1.0,2.0,2.0,2,No,3,Medium
3117,Arjun Singh,31,Male,Divorced,3,Life Sciences,2,Research Director,2,Travel_Rarely,53430,14,1.0,13.0,3.0,13,7,0.0,8.0,1.0,7,No,3,Medium
3118,Vikram Agarwal,33,Female,Married,3,Life Sciences,2,Research Director,4,Travel_Rarely,67280,22,0.0,15.0,2.0,7,4,7.0,7.0,7.0,10,Yes,4,High
3119,Zara Gupta,33,Male,Divorced,4,Marketing,1,Research Director,2,Travel_Rarely,66520,25,0.0,8.0,4.5,4,2,1.0,3.0,7.0,5,Yes,4,High
3120,Olivia Gupta,30,Male,Single,3,Life Sciences,2,Sales Executive,1,Travel_Rarely,48500,12,1.0,4.0,4.0,3,1,1.0,2.0,0.0,2,No,3,Medium
3121,Shivam Patel,35,Female,Married,2,Medical,2,Sales Representative,2,Travel_Rarely,28090,23,1.0,10.0,2.0,8,4,0.0,0.0,4.0,12,No,4,High
3122,David Malhotra,31,Female,Married,2,Medical,2,Sales Executive,2,Travel_Frequently,56890,15,2.0,12.0,2.0,1,0,0.0,0.0,3.0,22,Yes,3,Low
3123,Zara Malhotra,34,Male,Divorced,1,Marketing,1,Research Director,1,Travel_Frequently,20010,22,1.0,11.0,4.5,3,1,0.0,2.0,8.5,17,Yes,4,High
3124,Zara Rao,42,Female,Married,4,Medical,2,Research Scientist,1,Travel_Frequently,29770,15,2.5,8.0,3.0,2,1,2.0,0.0,4.0,2,No,3,Medium
3125,Akash Patel,36,Male,Single,4,Medical,2,Research Scientist,1,Non-Travel,40250,11,0.0,10.0,3.0,10,6,7.5,7.0,1.0,3,No,3,Medium
3126,Suresh Patel,22,Female,Single,3,Medical,2,Laboratory Technician,2,Travel_Frequently,37850,13,2.0,4.0,2.0,2,1,1.0,2.0,5.0,7,Yes,3,Medium
3127,Gaurav Shah,48,Male,Married,3,Medical,2,Laboratory Technician,1,Travel_Rarely,108540,14,1.0,14.0,4.5,9,5,6.0,7.0,2.0,6,No,3,Medium
3128,Divya Singh,55,Female,Single,3,Medical,2,Sales Executive,1,Travel_Rarely,120310,11,0.0,28.5,4.5,10,6,7.0,7.0,3.0,1,No,3,Low
3129,Sara Smith,41,Female,Single,2,Life Sciences,2,Research Scientist,2,Non-Travel,99360,17,1.0,16.0,2.0,14,8,1.0,10.0,7.0,3,No,3,Medium
3130,Varun Miller,35,Female,Married,3,Medical,2,Sales Representative,1,Travel_Rarely,29660,18,0.0,15.0,2.0,11,6,6.0,9.0,8.5,22,No,3,Medium
3131,Anjali Pillai,40,Female,Single,3,Life Sciences,2,Laboratory Technician,2,Travel_Rarely,25710,14,0.0,22.0,1.0,18,10,5.0,13.0,7.0,15,No,3,Medium
3132,Divya Garcia,39,Male,Married,1,Medical,2,Research Scientist,1,Travel_Frequently,99910,16,1.0,8.0,3.0,8,4,0.0,7.0,1.0,12,No,3,Medium
3133,Riya Kumar,31,Male,Single,4,Life Sciences,2,Research Director,3,Travel_Rarely,61420,13,2.0,10.0,2.0,6,3,0.0,5.0,4.0,1,No,3,Medium
3134,Suresh Verma,42,Male,Married,3,Medical,2,Sales Executive,3,Travel_Rarely,53900,14,0.0,10.0,3.0,10,6,5.0,8.0,1.0,5,No,3,Medium
3135,Gaurav Johnson,45,Female,Married,1,Medical,2,Sales Executive,4,Travel_Rarely,44040,23,0.0,9.0,2.0,8,4,3.0,7.0,0.0,2,No,4,High
3136,Rahul Williams,26,Female,Divorced,1,Life Sciences,2,Laboratory Technician,2,Travel_Frequently,59930,12,0.0,8.0,3.0,7,4,1.0,0.0,0.0,2,Yes,3,Medium
3137,Rohit Jones,29,Male,Divorced,3,Medical,2,Research Scientist,1,Travel_Rarely,51300,11,0.0,8.0,3.0,3,1,1.0,2.0,4.0,5,No,3,Medium
3138,Rohit Verma,33,Female,Divorced,3,Medical,2,Laboratory Technician,1,Travel_Rarely,20900,16,0.0,10.0,2.0,6,3,0.0,5.0,4.0,16,No,3,Medium
3139,Amit Williams,31,Female,Divorced,4,Life Sciences,2,Sales Executive,1,Travel_Rarely,29090,14,2.0,10.0,2.0,5,3,0.0,1.0,8.5,2,No,3,Medium
3140,Aditya Nair,18,Male,Single,3,Technical Degree,2,Sales Executive,1,Travel_Frequently,34680,18,2.0,0.0,4.0,0,0,0.0,0.0,1.0,2,Yes,3,Medium
3141,Aarav Joshi,40,Female,Divorced,4,Technical Degree,2,Laboratory Technician,2,Non-Travel,30680,19,0.0,20.0,3.0,1,0,0.0,1.0,3.0,1,No,3,Low
3142,Sanjay Patel,41,Male,Single,3,Life Sciences,2,Manufacturing Director,2,Non-Travel,26700,15,2.0,10.0,2.0,8,4,0.0,7.0,2.0,23,No,3,Low
3143,Priya Wilson,26,Male,Divorced,4,Medical,2,Healthcare Representative,3,Travel_Rarely,26930,17,2.5,8.0,3.0,0,0,0.0,0.0,5.0,9,No,3,Low
3144,Amit Verma,35,Male,Single,4,Medical,2,Human Resources,2,Travel_Rarely,95260,15,0.0,5.0,2.0,5,3,0.0,3.0,1.0,16,No,3,Low
3145,Gaurav Brown,34,Male,Single,3,Medical,2,Laboratory Technician,1,Travel_Rarely,52370,19,1.0,10.0,3.0,10,6,5.0,7.0,1.0,26,No,3,Medium
3146,Neha Trivedi,26,Female,Single,3,Marketing,1,Manufacturing Director,2,Travel_Rarely,24260,22,0.0,1.0,3.0,1,0,0.0,0.0,1.0,1,Yes,4,High
3147,Aditya Johnson,37,Male,Single,1,Life Sciences,2,Sales Executive,1,Travel_Rarely,41930,16,1.0,12.0,4.5,6,3,1.0,2.0,4.0,8,No,3,Medium
3148,Akash Smith,46,Male,Married,1,Medical,2,Human Resources,5,Travel_Frequently,29110,13,0.0,28.0,3.0,2,1,1.0,2.0,5.0,4,No,3,Low
3149,Arjun Jones,41,Male,Married,1,Life Sciences,2,Research Director,1,Travel_Rarely,26610,14,1.0,22.0,2.0,18,10,7.5,8.0,7.0,24,No,3,Low
3150,Ishaan Patel,37,Male,Divorced,2,Medical,2,Sales Executive,1,Non-Travel,20280,16,1.0,9.0,3.0,9,5,7.0,7.0,1.0,7,No,3,Low
3151,Kavya Sharma,52,Male,Divorced,1,Medical,1,Laboratory Technician,1,Travel_Rarely,99800,11,1.0,18.0,2.0,10,6,6.0,9.0,3.0,2,No,3,Medium
3152,Aryan Thakur,32,Female,Married,2,Life Sciences,2,Research Director,2,Non-Travel,32980,22,0.0,6.0,4.0,4,2,1.0,2.0,8.0,7,Yes,4,High
3153,Ishaan Malhotra,24,Female,Married,3,Life Sciences,1,Healthcare Representative,1,Travel_Frequently,29350,14,2.0,3.0,4.5,2,1,2.0,1.0,0.0,22,No,3,Medium
3154,Zara Singh,38,Female,Married,3,Life Sciences,2,Research Scientist,1,Travel_Rarely,154270,16,1.0,18.0,2.0,1,0,0.0,0.0,3.0,5,No,3,Medium
3155,Neha Patel,37,Female,Married,4,Technical Degree,2,Research Scientist,5,Travel_Rarely,39440,11,2.0,8.0,3.0,6,3,4.0,3.0,6.0,1,No,3,Low
3156,Priya Malhotra,49,Male,Divorced,1,Life Sciences,1,Sales Executive,1,Travel_Rarely,40110,18,2.0,28.5,2.0,18,10,0.0,9.0,1.0,21,No,3,Medium
3157,Aditya Verma,24,Female,Married,3,Marketing,1,Sales Executive,1,Travel_Rarely,34070,15,2.0,6.0,2.0,6,3,1.0,4.0,1.0,1,No,3,Medium
3158,Emily Verma,26,Female,Married,4,Technical Degree,2,Sales Executive,4,Travel_Rarely,119940,14,1.0,6.0,4.5,5,3,1.0,4.0,1.0,19,No,3,Medium
3159,Vivek Garcia,24,Female,Married,3,Medical,1,Laboratory Technician,1,Travel_Rarely,12320,12,0.0,1.0,4.0,1,0,0.0,0.0,1.0,7,No,3,Medium
3160,Priya Joshi,50,Male,Married,2,Marketing,1,Sales Executive,1,Travel_Frequently,29600,14,2.5,28.5,2.0,18,10,7.5,7.0,1.0,2,No,3,Low
3161,Vivek Wilson,25,Male,Married,3,Life Sciences,2,Research Scientist,1,Travel_Rarely,165835,16,0.0,7.0,3.0,7,4,0.0,6.0,1.0,2,No,3,Medium
3162,Anjali Wilson,24,Male,Married,3,Medical,2,Research Scientist,2,Travel_Frequently,39190,21,0.0,6.0,3.0,6,3,1.0,2.0,1.0,2,Yes,4,High
3163,Emma Singh,30,Male,Married,3,Other,2,Healthcare Representative,2,Travel_Frequently,68250,14,0.0,1.0,2.0,1,0,0.0,0.0,1.0,9,Yes,3,Medium
3164,Akash Smith,34,Male,Married,2,Life Sciences,1,Research Director,4,Travel_Rarely,102480,12,1.0,6.0,4.0,6,3,1.0,3.0,1.0,6,No,3,Medium
3165,Amit Trivedi,31,Female,Divorced,1,Medical,2,Sales Representative,1,Travel_Rarely,165835,12,2.0,9.0,2.0,3,1,1.0,2.0,2.0,9,Yes,3,Low
3166,Akash Smith,35,Female,Single,3,Life Sciences,2,Sales Executive,5,Travel_Rarely,24960,17,2.5,9.0,3.0,3,1,0.0,2.0,4.0,2,No,3,Medium
3167,Dev Kumar,31,Female,Divorced,3,Marketing,1,Sales Executive,2,Travel_Rarely,64650,17,0.0,13.0,3.0,7,4,5.0,7.0,4.0,1,No,3,Medium
3168,Akash Patel,27,Male,Divorced,4,Medical,1,Sales Representative,1,Travel_Rarely,22060,14,1.0,6.0,4.0,5,3,0.0,3.0,0.0,22,No,3,Low
3169,Riya Verma,37,Female,Married,4,Marketing,1,Laboratory Technician,2,Travel_Rarely,20860,14,0.0,17.0,3.0,3,1,1.0,0.0,4.0,9,No,3,Medium
3170,Zara Trivedi,20,Female,Single,4,Medical,2,Sales Representative,1,Travel_Rarely,22930,13,2.0,1.0,3.0,1,0,0.0,0.0,1.0,17,No,3,Medium
3171,Ishaan Wilson,42,Female,Married,4,Life Sciences,2,Manufacturing Director,2,Travel_Rarely,26450,15,0.0,10.0,4.5,10,6,2.0,2.0,1.0,28,No,3,Medium
3172,Sneha Agarwal,43,Female,Divorced,5,Technical Degree,2,Sales Executive,2,Travel_Rarely,26830,11,0.0,21.0,3.0,1,0,0.0,0.0,4.0,10,No,3,Medium
3173,Aryan Smith,38,Male,Single,4,Medical,3,Human Resources,1,Travel_Rarely,20140,17,1.0,8.0,4.5,0,0,0.0,0.0,3.0,2,No,3,Medium
3174,Rohit Wilson,43,Female,Divorced,3,Medical,1,Healthcare Representative,2,Travel_Frequently,34190,11,1.0,10.0,4.5,8,4,4.0,7.0,3.0,4,No,3,Medium
3175,Priya Agarwal,48,Male,Married,1,Medical,2,Laboratory Technician,2,Travel_Rarely,53760,13,1.0,21.0,3.0,3,1,0.0,2.0,7.0,8,No,3,Medium
3176,Kavya Verma,44,Male,Single,4,Marketing,1,Sales Executive,2,Travel_Rarely,19510,22,2.5,10.0,4.0,2,1,0.0,2.0,4.0,29,No,4,High
3177,Anjali Jones,34,Female,Divorced,4,Life Sciences,2,Laboratory Technician,1,Travel_Rarely,23410,20,2.0,8.0,3.0,8,4,0.0,6.0,1.0,13,No,4,High
3178,Varun Nair,27,Male,Divorced,3,Life Sciences,1,Research Scientist,2,Travel_Rarely,22930,18,0.0,5.0,0.5,4,2,0.0,2.0,0.0,27,Yes,3,Medium
3179,Tanvi Sharma,21,Male,Single,2,Life Sciences,1,Sales Executive,3,Travel_Rarely,87260,11,1.0,3.0,2.0,3,1,1.0,2.0,1.0,16,No,3,Medium
3180,Aditya Reddy,44,Male,Married,2,Life Sciences,2,Laboratory Technician,1,Travel_Rarely,40110,14,1.0,26.0,2.0,2,1,0.0,1.0,4.0,2,No,3,Medium
3181,Sara Miller,22,Female,Married,2,Medical,2,Laboratory Technician,2,Travel_Rarely,165835,14,0.0,3.0,3.0,2,1,2.0,2.0,0.0,2,No,3,Low
3182,Vikram Gupta,33,Female,Divorced,4,Marketing,1,Manufacturing Director,2,Travel_Rarely,45680,18,1.0,6.0,2.0,5,3,1.0,2.0,0.0,13,No,3,Medium
3183,James Reddy,32,Female,Married,1,Life Sciences,2,Healthcare Representative,1,Travel_Rarely,30220,16,1.0,6.0,3.0,6,3,0.0,5.0,1.0,1,No,3,Medium
3184,James Patel,30,Male,Divorced,5,Technical Degree,2,Manager,3,Travel_Frequently,57720,17,0.0,1.0,3.0,1,0,0.0,0.0,1.0,4,No,3,Medium
3185,Aditya Verma,53,Female,Single,3,Other,2,Manager,3,Travel_Rarely,22690,11,1.0,18.0,2.0,14,8,7.5,10.0,7.0,24,No,3,Medium
3186,Olivia Kumar,34,Male,Married,5,Medical,2,Research Scientist,1,Travel_Rarely,53810,12,0.0,10.0,0.5,10,6,7.5,8.0,1.0,1,No,3,Medium
3187,Emma Johnson,45,Male,Married,4,Life Sciences,2,Research Director,3,Travel_Frequently,34410,13,1.0,5.0,4.5,1,0,0.0,0.0,2.0,19,Yes,3,Low
3188,Arjun Jones,26,Male,Married,2,Life Sciences,2,Manufacturing Director,1,Travel_Rarely,54540,13,1.0,3.0,4.5,3,1,0.0,2.0,1.0,7,No,3,Medium
3189,Arjun Singh,37,Male,Married,3,Medical,2,Manager,1,Travel_Rarely,98840,14,0.0,10.0,3.0,10,6,7.0,8.0,1.0,4,No,3,Medium
3190,Rohit Joshi,29,Female,Married,3,Life Sciences,2,Healthcare Representative,1,Travel_Rarely,41570,17,2.5,6.0,2.0,6,3,1.0,2.0,1.0,2,No,3,Medium
3191,Ishaan Patel,35,Female,Single,5,Medical,2,Laboratory Technician,4,Travel_Rarely,134580,11,0.0,17.0,3.0,17,10,7.5,8.0,1.0,10,No,3,Medium
3192,Sara Sharma,33,Male,Divorced,3,Technical Degree,2,Laboratory Technician,2,Travel_Frequently,90690,25,1.0,15.0,3.0,13,7,4.0,7.0,3.0,8,No,4,High
3193,Divya Shah,54,Female,Married,2,Life Sciences,2,Sales Executive,2,Travel_Rarely,40140,19,1.0,16.0,4.0,9,5,7.0,1.0,2.0,5,No,3,Medium
3194,Priya Smith,36,Male,Divorced,3,Life Sciences,2,Research Scientist,2,Travel_Rarely,59150,13,1.0,13.0,3.0,3,1,0.0,2.0,2.0,8,No,3,Low
3195,Dev Agarwal,27,Male,Single,3,Marketing,1,Research Director,5,Travel_Rarely,59930,14,1.0,5.0,3.0,4,2,1.0,1.0,0.0,9,No,3,Low
3196,Vikram Nair,20,Male,Single,3,Life Sciences,2,Sales Representative,5,Travel_Rarely,61620,12,2.5,1.0,2.0,1,0,1.0,1.0,1.0,1,Yes,3,Medium
3197,Gaurav Shah,33,Female,Single,4,Medical,2,Laboratory Technician,1,Travel_Frequently,24060,11,0.0,10.0,3.0,10,6,7.5,7.0,1.0,15,Yes,3,Low
3198,Rohit Kumar,35,Male,Married,1,Medical,2,Research Scientist,1,Non-Travel,165835,19,1.0,1.0,2.0,1,0,0.0,0.0,1.0,2,No,3,Medium
3199,Rohit Singh,23,Male,Married,3,Life Sciences,2,Healthcare Representative,1,Travel_Rarely,76370,11,1.0,5.0,3.0,3,1,0.0,2.0,2.0,2,No,3,Low
3200,Rohit Miller,25,Male,Married,3,Medical,2,Manufacturing Director,2,Travel_Rarely,100960,11,1.0,4.0,3.0,3,1,1.0,2.0,0.0,11,No,3,Medium
3201,Riya Williams,38,Male,Single,3,Life Sciences,2,Research Scientist,5,Travel_Rarely,147560,20,1.0,8.0,3.0,7,4,0.0,5.0,0.0,16,No,4,High
3202,Karan Miller,29,Male,Divorced,4,Life Sciences,1,Healthcare Representative,4,Travel_Frequently,64990,18,2.5,10.0,3.0,10,6,2.0,8.0,1.0,2,No,3,Medium
3203,Zara Garcia,48,Male,Married,3,Technical Degree,2,Sales Executive,1,Travel_Rarely,97240,13,0.0,12.0,2.0,2,1,2.0,2.0,3.0,16,No,3,Medium
3204,Varun Agarwal,27,Male,Divorced,3,Technical Degree,1,Laboratory Technician,5,Travel_Frequently,21940,12,0.0,6.0,4.5,6,3,0.0,4.0,1.0,4,No,3,Medium
3205,Raj Miller,37,Male,Single,3,Life Sciences,2,Manager,3,Travel_Rarely,33880,11,0.0,4.0,2.0,1,0,0.0,0.0,3.0,16,No,3,Medium
3206,Emily Pillai,50,Male,Married,3,Medical,1,Laboratory Technician,1,Travel_Rarely,54730,19,1.0,20.0,2.0,18,10,3.0,8.0,1.0,5,No,3,Medium
3207,Amit Sharma,34,Male,Single,1,Medical,2,Healthcare Representative,1,Travel_Rarely,27030,21,1.0,9.0,2.0,8,4,7.0,7.0,1.0,18,No,4,High
3208,Divya Verma,24,Female,Single,2,Life Sciences,2,Healthcare Representative,1,Travel_Rarely,25010,12,0.0,4.0,3.0,2,1,2.0,0.0,8.5,17,Yes,3,Low
3209,Dev Kumar,39,Female,Single,5,Medical,2,Sales Representative,1,Travel_Rarely,62200,14,2.0,20.0,2.0,18,10,7.5,10.0,1.0,12,No,3,Medium
3210,Olivia Kumar,32,Male,Single,3,Life Sciences,2,Research Scientist,5,Travel_Rarely,30380,11,0.0,10.0,4.5,10,6,0.0,8.0,1.0,2,No,3,Medium
3211,Sara Malhotra,50,Male,Married,2,Medical,2,Sales Representative,4,Travel_Frequently,44240,14,1.0,18.0,2.0,4,2,1.0,3.0,3.0,4,Yes,3,Medium
3212,Aryan Smith,38,Male,Single,4,Life Sciences,2,Sales Executive,1,Travel_Rarely,43120,12,1.0,10.0,2.0,9,5,1.0,8.0,0.0,9,No,3,Medium
3213,John Williams,27,Male,Married,3,Medical,2,Research Scientist,5,Travel_Rarely,132450,23,1.0,9.0,3.0,9,5,0.0,7.0,1.0,10,No,4,High
3214,John Thakur,32,Male,Single,3,Medical,1,Sales Executive,2,Travel_Rarely,136640,14,0.0,10.0,4.5,7,4,7.0,7.0,3.0,1,No,3,Medium
3215,Sneha Singh,47,Female,Single,3,Medical,2,Sales Executive,5,Travel_Rarely,50210,17,0.0,20.0,3.0,7,4,1.0,7.0,2.0,2,No,3,Medium
3216,Emily Johnson,40,Female,Married,4,Medical,2,Human Resources,3,Travel_Frequently,51260,18,0.0,20.0,2.0,18,10,1.0,12.0,5.0,3,No,3,Medium
3217,Divya Malhotra,53,Male,Married,1,Life Sciences,2,Laboratory Technician,2,Travel_Rarely,28590,18,1.0,28.5,2.0,5,3,1.0,3.0,3.0,7,No,3,Medium
3218,Sara Sharma,41,Male,Divorced,3,Medical,1,Sales Executive,1,Travel_Rarely,102390,24,2.5,23.0,3.0,18,10,7.5,6.0,3.0,6,No,4,High
3219,James Joshi,60,Female,Single,2,Life Sciences,2,Laboratory Technician,5,Travel_Rarely,53290,20,0.0,10.0,3.0,2,1,2.0,2.0,8.0,8,No,4,High
3220,Amit Malhotra,27,Male,Divorced,1,Life Sciences,2,Manufacturing Director,2,Travel_Frequently,43250,14,0.0,9.0,2.0,9,5,1.0,7.0,1.0,29,No,3,Low
3221,James Gupta,41,Male,Married,3,Medical,2,Manufacturing Director,1,Travel_Rarely,72600,16,0.0,22.0,2.0,18,10,2.0,10.0,1.0,3,No,3,Medium
3222,Riya Brown,50,Male,Married,3,Life Sciences,1,Research Scientist,2,Travel_Rarely,23220,25,1.0,4.0,0.5,2,1,2.0,2.0,7.0,9,No,4,High
3223,Aditya Johnson,28,Male,Single,4,Life Sciences,1,Research Scientist,3,Travel_Rarely,20750,18,2.5,10.0,0.5,7,4,3.0,7.0,7.0,2,Yes,3,Low
3224,Ishaan Smith,36,Female,Married,4,Technical Degree,2,Research Scientist,2,Non-Travel,41520,19,1.0,10.0,3.0,8,4,0.0,5.0,8.5,10,No,3,Low
3225,Deepika Singh,38,Female,Single,3,Medical,2,Manager,3,Travel_Rarely,96190,13,1.0,10.0,2.0,1,0,0.0,0.0,4.0,1,No,3,Medium
3226,Vivek Brown,44,Male,Single,2,Life Sciences,2,Research Scientist,1,Non-Travel,135030,12,0.0,9.0,4.5,5,3,1.0,4.0,2.0,8,No,3,Low
3227,Olivia Agarwal,47,Male,Divorced,3,Life Sciences,2,Research Scientist,1,Travel_Frequently,54410,22,1.0,28.0,4.5,18,10,7.5,13.0,8.5,27,No,4,High
3228,Priya Patel,30,Male,Divorced,3,Life Sciences,2,Sales Executive,2,Travel_Rarely,52090,14,1.0,10.0,3.0,8,4,7.0,7.0,7.0,8,No,3,Medium
3229,Ishaan Agarwal,29,Female,Single,2,Medical,2,Sales Executive,1,Travel_Rarely,106730,13,2.5,1.0,2.0,1,0,0.0,0.0,1.0,1,No,3,Medium
3230,Kavya Reddy,42,Female,Divorced,1,Life Sciences,2,Sales Executive,1,Travel_Frequently,50100,21,2.5,7.0,3.0,2,1,2.0,2.0,6.0,10,Yes,4,High
3231,Aryan Pillai,43,Male,Married,1,Life Sciences,2,Laboratory Technician,1,Travel_Frequently,135490,11,2.0,7.0,3.0,2,1,2.0,2.0,3.0,26,No,3,Medium
3232,Divya Kumar,34,Male,Single,5,Technical Degree,2,Healthcare Representative,2,Travel_Rarely,49990,12,2.0,10.0,2.0,5,3,4.0,3.0,3.0,2,No,3,Medium
3233,Anjali Reddy,23,Male,Married,3,Marketing,1,Sales Executive,5,Travel_Rarely,42210,11,1.0,5.0,4.0,4,2,0.0,2.0,1.0,13,No,3,Medium
3234,Kunal Kumar,39,Female,Married,4,Marketing,1,Healthcare Representative,4,Travel_Rarely,138720,12,2.5,12.0,3.0,8,4,3.0,6.0,8.5,2,No,3,Low
3235,Raj Patel,56,Male,Married,4,Medical,2,Manager,1,Travel_Rarely,20420,12,0.0,28.5,4.5,10,6,1.0,1.0,7.0,2,No,3,Medium
3236,Aarav Singh,40,Male,Single,3,Marketing,1,Research Scientist,2,Travel_Rarely,20730,14,0.0,5.0,3.0,4,2,2.0,3.0,0.0,9,No,3,Medium
3237,Pooja Miller,27,Female,Single,3,Life Sciences,2,Laboratory Technician,1,Travel_Rarely,29560,13,0.0,9.0,4.5,7,4,0.0,7.0,8.0,10,No,3,Low
3238,Divya Joshi,29,Female,Divorced,3,Marketing,1,Manager,2,Travel_Rarely,29260,15,1.0,2.0,3.0,2,1,2.0,2.0,1.0,20,No,3,Medium
3239,Divya Malhotra,53,Female,Single,3,Life Sciences,2,Laboratory Technician,3,Travel_Rarely,48090,18,0.0,19.0,2.0,2,1,2.0,2.0,2.0,9,No,3,Medium
3240,Tanvi Malhotra,35,Male,Divorced,1,Medical,2,Healthcare Representative,1,Non-Travel,51630,18,2.0,16.0,4.0,1,0,0.0,0.0,2.0,5,No,3,Medium
3241,Sneha Garcia,32,Male,Married,4,Life Sciences,1,Sales Executive,2,Travel_Frequently,165835,19,0.0,10.0,3.0,10,6,4.0,7.0,1.0,4,No,3,Low
3242,Emma Thakur,38,Male,Married,3,Medical,1,Laboratory Technician,4,Travel_Rarely,165835,12,2.0,6.0,4.5,1,0,0.0,1.0,6.0,10,No,3,Medium
3243,Tanvi Garcia,34,Female,Divorced,3,Medical,2,Laboratory Technician,3,Travel_Rarely,57440,19,1.0,7.0,4.0,0,0,0.0,0.0,3.0,20,No,3,Low
3244,Vivek Joshi,52,Male,Married,5,Technical Degree,1,Manager,3,Travel_Rarely,28890,11,1.0,28.5,2.0,18,10,1.0,14.5,1.0,21,No,3,Medium
3245,Anjali Kumar,33,Male,Single,2,Medical,2,Laboratory Technician,3,Travel_Rarely,28710,17,2.5,10.0,2.0,10,6,7.0,8.0,1.0,1,Yes,3,Medium
3246,Michael Shah,25,Male,Single,3,Life Sciences,2,Research Scientist,2,Travel_Rarely,74840,15,0.0,6.0,3.0,6,3,1.0,4.0,1.0,8,No,3,Medium
3247,Ishaan Malhotra,45,Male,Single,3,Life Sciences,1,Healthcare Representative,3,Travel_Rarely,60740,14,0.0,9.0,2.0,8,4,3.0,1.0,0.0,2,No,3,Medium
3248,Ishaan Brown,23,Female,Single,1,Life Sciences,2,Research Scientist,2,Travel_Rarely,165835,17,1.0,2.0,2.0,2,1,0.0,2.0,1.0,23,No,3,Low
3249,Sara Jones,47,Male,Single,3,Life Sciences,2,Research Director,1,Travel_Frequently,27740,13,1.0,8.0,2.0,5,3,1.0,3.0,4.0,4,Yes,3,Medium
3250,Ishaan Rao,34,Male,Single,3,Technical Degree,2,Research Scientist,1,Travel_Rarely,45050,12,0.0,6.0,3.0,6,3,1.0,4.0,1.0,12,No,3,Medium
3251,Anjali Wilson,55,Male,Married,3,Human Resources,3,Laboratory Technician,4,Travel_Rarely,74280,12,0.0,24.0,2.0,5,3,1.0,4.0,5.0,7,Yes,3,Medium
3252,Raj Shah,36,Male,Single,2,Life Sciences,2,Sales Executive,5,Non-Travel,116310,18,1.0,10.0,2.0,10,6,0.0,9.0,1.0,7,No,3,Low
3253,Neha Gupta,52,Male,Married,4,Life Sciences,2,Sales Executive,5,Non-Travel,97380,18,2.0,5.0,2.0,4,2,1.0,2.0,0.0,1,No,3,Medium
3254,Emma Reddy,26,Male,Divorced,2,Life Sciences,2,Manufacturing Director,1,Travel_Frequently,28350,11,1.0,5.0,2.0,2,1,2.0,0.0,3.0,2,No,3,Medium
3255,Suresh Sharma,29,Male,Married,2,Medical,2,Manufacturing Director,3,Travel_Rarely,165835,14,2.5,11.0,4.5,8,4,1.0,1.0,4.0,10,No,3,Medium
3256,Gaurav Brown,26,Male,Single,2,Life Sciences,2,Laboratory Technician,2,Travel_Rarely,26130,19,1.0,6.0,2.0,4,2,1.0,2.0,6.0,15,Yes,3,Medium
3257,Amit Kumar,34,Male,Single,4,Technical Degree,2,Manufacturing Director,2,Travel_Rarely,61460,12,0.0,10.0,3.0,4,2,1.0,3.0,2.0,14,No,3,Medium
3258,Zara Joshi,54,Female,Divorced,4,Medical,2,Laboratory Technician,2,Travel_Rarely,49630,15,1.0,9.0,2.0,5,3,1.0,4.0,8.5,18,No,3,Medium
3259,Gaurav Thakur,27,Female,Married,2,Life Sciences,2,Research Scientist,4,Travel_Frequently,165835,12,0.0,5.0,4.5,4,2,1.0,1.0,0.0,13,No,3,Medium
3260,Deepika Verma,37,Male,Divorced,4,Technical Degree,1,Manufacturing Director,2,Travel_Rarely,61720,11,0.0,6.0,1.0,5,3,4.0,3.0,0.0,2,No,3,Medium
3261,Aarav Verma,38,Female,Single,4,Life Sciences,1,Research Scientist,2,Travel_Frequently,23680,11,1.0,17.0,3.0,15,9,4.0,12.0,6.0,2,No,3,Low
3262,Arjun Smith,34,Male,Single,3,Marketing,1,Sales Representative,1,Travel_Rarely,103120,12,0.0,6.0,2.0,6,3,1.0,3.0,1.0,2,No,3,Low
3263,Ishaan Verma,35,Male,Married,4,Medical,2,Manager,3,Travel_Rarely,16750,16,0.0,3.0,4.5,3,1,0.0,2.0,1.0,5,No,3,Low
3264,Aarav Rao,30,Male,Married,3,Medical,2,Laboratory Technician,1,Travel_Rarely,25230,13,1.0,7.0,2.0,2,1,0.0,2.0,3.0,20,No,3,Medium
3265,Emily Malhotra,40,Male,Married,4,Medical,2,Manufacturing Director,2,Travel_Frequently,65670,13,1.0,8.0,3.0,8,4,3.0,7.0,1.0,10,No,3,Medium
3266,Akash Mehta,34,Male,Married,3,Life Sciences,2,Healthcare Representative,3,Travel_Rarely,47390,24,2.0,6.0,2.0,3,1,1.0,2.0,5.0,10,No,4,High
3267,Rahul Patel,42,Male,Divorced,4,Medical,2,Manufacturing Director,1,Travel_Frequently,92080,15,1.0,24.0,2.0,18,10,7.5,9.0,1.0,9,No,3,Medium
3268,Olivia Williams,23,Female,Married,3,Medical,1,Manufacturing Director,4,Travel_Rarely,45590,18,1.0,1.0,2.0,0,0,0.0,0.0,1.0,2,Yes,3,Low
3269,Kavya Miller,24,Female,Divorced,5,Marketing,1,Manufacturing Director,1,Non-Travel,81890,14,1.0,1.0,3.0,1,0,0.0,0.0,1.0,1,No,3,Medium
3270,Karan Singh,52,Male,Married,3,Life Sciences,2,Manufacturing Director,2,Travel_Rarely,29420,11,1.0,9.0,1.0,5,3,1.0,4.0,8.0,29,No,3,Medium
3271,Emma Miller,50,Male,Married,4,Life Sciences,2,Sales Executive,2,Travel_Rarely,49410,11,1.0,28.5,3.0,4,2,0.0,3.0,5.0,8,No,3,Medium
3272,Karan Thakur,29,Female,Married,4,Marketing,1,Research Scientist,4,Travel_Rarely,106500,13,2.0,1.0,2.0,1,0,0.0,0.0,1.0,2,Yes,3,Medium
3273,Aryan Agarwal,33,Male,Married,4,Life Sciences,2,Manufacturing Director,4,Travel_Rarely,59020,12,1.0,14.0,2.0,13,7,3.0,7.0,0.0,3,No,3,Medium
3274,Suresh Smith,33,Male,Single,5,Life Sciences,2,Human Resources,1,Travel_Rarely,86390,16,2.0,6.0,3.0,3,1,0.0,2.0,5.0,23,Yes,3,Low
3275,Rohit Smith,47,Male,Married,4,Other,2,Manager,2,Travel_Rarely,63470,14,0.0,26.0,2.0,18,10,3.0,0.0,1.0,6,No,3,Medium
3276,Riya Brown,36,Female,Married,3,Medical,1,Sales Executive,2,Travel_Rarely,42000,22,0.0,10.0,3.0,9,5,0.0,5.0,0.0,6,No,4,High
3277,Aryan Reddy,29,Male,Married,3,Other,2,Research Scientist,1,Travel_Rarely,34520,11,0.0,10.0,3.0,10,6,0.0,7.0,1.0,10,No,3,Medium
3278,Neha Shah,58,Female,Single,3,Other,2,Research Scientist,2,Travel_Rarely,43170,17,0.0,28.5,2.0,18,10,7.5,8.0,7.0,24,Yes,3,Medium
3279,Arjun Malhotra,35,Female,Single,4,Marketing,1,Research Scientist,1,Travel_Rarely,26320,13,2.5,7.0,3.0,2,1,2.0,2.0,3.0,10,No,3,Medium
3280,John Kumar,42,Male,Married,1,Marketing,1,Laboratory Technician,2,Travel_Rarely,46680,18,2.0,8.0,2.0,4,2,0.0,2.0,8.5,15,No,3,Medium
3281,Shivam Agarwal,28,Female,Single,4,Medical,2,Sales Executive,2,Travel_Rarely,32040,16,1.0,5.0,4.0,2,1,2.0,1.0,6.0,19,Yes,3,Medium
3282,Priya Sharma,36,Male,Married,3,Life Sciences,2,Healthcare Representative,2,Travel_Rarely,27200,14,1.0,8.0,3.0,5,3,0.0,4.0,4.0,2,No,3,Medium
3283,Aditya Gupta,32,Male,Married,1,Medical,2,Manufacturing Director,2,Travel_Rarely,165835,14,0.0,14.0,2.0,14,8,6.0,8.0,1.0,3,No,3,Medium
3284,Ananya Kumar,40,Male,Single,3,Marketing,1,Manufacturing Director,3,Travel_Frequently,22380,14,0.0,10.0,3.0,1,0,0.0,0.0,6.0,9,No,3,Medium
3285,Arjun Patel,30,Male,Single,3,Technical Degree,2,Research Director,2,Travel_Rarely,14830,13,0.0,12.0,3.0,0,0,0.0,0.0,5.0,7,No,3,Medium
3286,Emily Trivedi,45,Male,Single,4,Life Sciences,2,Research Director,1,Travel_Rarely,56050,12,2.0,1.0,2.0,1,0,0.0,0.0,1.0,10,No,3,Medium
3287,Aditya Trivedi,42,Male,Married,2,Medical,2,Sales Representative,2,Travel_Rarely,72950,15,0.0,10.0,3.0,9,5,7.0,8.0,1.0,20,No,3,Low
3288,Anjali Pillai,38,Male,Divorced,3,Medical,1,Research Scientist,2,Travel_Frequently,23060,19,1.0,13.0,4.5,4,2,1.0,2.0,2.0,4,No,3,Low
3289,Aditya Kumar,34,Male,Single,4,Life Sciences,2,Laboratory Technician,3,Travel_Frequently,23480,14,1.0,6.0,3.0,5,3,1.0,3.0,1.0,7,No,3,Medium
3290,Anjali Pillai,49,Female,Married,2,Life Sciences,1,Healthcare Representative,2,Travel_Rarely,89980,14,2.0,9.0,2.0,9,5,7.0,7.0,1.0,7,Yes,3,Medium
3291,Pooja Malhotra,55,Male,Single,3,Technical Degree,3,Manufacturing Director,4,Travel_Rarely,43190,11,0.0,12.0,3.0,9,5,7.0,3.0,4.0,16,Yes,3,Medium
3292,Sara Johnson,43,Male,Married,2,Medical,2,Healthcare Representative,2,Travel_Rarely,61320,13,0.0,22.0,3.0,4,2,1.0,0.0,6.0,25,No,3,Low
3293,Varun Thakur,27,Male,Divorced,4,Medical,1,Manager,2,Travel_Rarely,33460,21,1.0,9.0,2.0,9,5,0.0,8.0,1.0,2,No,4,High
3294,Riya Reddy,35,Male,Single,3,Medical,2,Research Director,1,Travel_Rarely,108550,13,1.0,17.0,2.0,8,4,1.0,6.0,3.0,1,No,3,Medium
3295,Divya Reddy,28,Female,Married,2,Technical Degree,1,Sales Executive,1,Travel_Rarely,22310,12,0.0,8.0,3.0,8,4,7.0,5.0,1.0,1,No,3,Low
3296,Aarav Wilson,34,Male,Married,5,Life Sciences,1,Research Scientist,4,Travel_Rarely,23230,17,0.0,4.0,2.0,3,1,0.0,2.0,0.0,2,No,3,Low
3297,Kunal Johnson,26,Female,Married,4,Other,2,Sales Executive,1,Travel_Frequently,20240,23,0.0,8.0,2.0,8,4,1.0,7.0,1.0,22,Yes,4,High
3298,John Reddy,27,Female,Married,3,Technical Degree,1,Sales Executive,1,Non-Travel,27130,11,0.0,0.0,2.0,0,0,0.0,0.0,1.0,1,No,3,Medium
3299,Michael Rao,51,Male,Married,3,Medical,1,Research Scientist,3,Travel_Rarely,94390,15,2.5,28.5,0.5,18,10,4.0,14.5,2.0,16,No,3,Low
3300,Anjali Sharma,44,Female,Single,5,Medical,1,Sales Executive,1,Travel_Rarely,25660,11,1.0,10.0,3.0,5,3,2.0,3.0,8.5,24,No,3,Medium
3301,Anjali Miller,25,Male,Single,3,Medical,2,Laboratory Technician,1,Travel_Rarely,165835,11,2.5,6.0,4.5,4,2,0.0,1.0,7.0,17,No,3,Low
3302,Priya Joshi,33,Male,Divorced,4,Life Sciences,2,Laboratory Technician,3,Travel_Rarely,24510,13,1.0,9.0,3.0,9,5,0.0,8.0,1.0,8,No,3,Low
3303,Pooja Gupta,35,Female,Single,4,Medical,1,Manager,2,Travel_Rarely,94190,24,1.0,6.0,4.5,6,3,1.0,1.0,1.0,6,No,4,High
3304,Michael Wilson,36,Male,Married,4,Marketing,1,Manager,3,Travel_Rarely,86860,13,0.0,18.0,2.0,18,10,4.0,11.0,1.0,10,No,3,Medium
3305,Amit Smith,32,Female,Divorced,4,Medical,2,Sales Executive,4,Travel_Rarely,30380,20,0.0,8.0,3.0,5,3,0.0,3.0,2.0,3,No,4,High
3306,Kavya Verma,30,Male,Divorced,5,Medical,2,Sales Representative,5,Travel_Frequently,30580,14,1.0,10.0,2.0,5,3,0.0,3.0,8.5,4,No,3,Medium
3307,David Verma,53,Male,Married,3,Marketing,1,Sales Executive,4,Travel_Rarely,23250,18,1.0,28.5,1.0,5,3,0.0,4.0,7.0,6,No,3,Medium
3308,Deepika Sharma,45,Male,Divorced,5,Technical Degree,2,Healthcare Representative,2,Travel_Rarely,20880,15,2.5,18.0,2.0,5,3,0.0,2.0,4.0,1,No,3,Medium
3309,Priya Thakur,32,Female,Married,3,Marketing,1,Human Resources,1,Travel_Rarely,30720,12,0.0,9.0,4.0,5,3,1.0,3.0,5.0,10,No,3,Low
3310,Karan Verma,52,Male,Married,1,Life Sciences,2,Laboratory Technician,2,Travel_Frequently,50060,16,1.0,28.5,2.0,9,5,0.0,0.0,3.0,1,No,3,Medium
3311,Ananya Miller,37,Female,Divorced,2,Life Sciences,1,Laboratory Technician,4,Travel_Rarely,42570,15,0.0,9.0,2.0,1,0,0.0,0.0,4.0,24,No,3,Medium
3312,Zara Miller,28,Female,Divorced,4,Life Sciences,2,Healthcare Representative,1,Travel_Rarely,25000,16,2.0,6.0,3.0,5,3,0.0,4.0,1.0,21,No,3,Medium
3313,Raj Shah,22,Male,Married,2,Life Sciences,2,Sales Representative,1,Travel_Rarely,11020,19,0.0,4.0,3.0,2,1,2.0,2.0,6.0,2,No,3,Medium
3314,Vivek Trivedi,44,Female,Married,3,Medical,2,Laboratory Technician,1,Travel_Rarely,104530,11,1.0,10.0,2.0,3,1,0.0,2.0,2.0,22,No,3,Medium
3315,Nikhil Joshi,42,Female,Single,4,Life Sciences,1,Laboratory Technician,2,Travel_Frequently,22880,16,1.0,8.0,4.0,2,1,2.0,2.0,5.0,13,No,3,Medium
3316,Priya Verma,36,Male,Married,3,Other,2,Research Scientist,2,Travel_Rarely,39290,24,0.0,6.0,4.5,5,3,0.0,3.0,0.0,14,No,4,High
3317,Deepika Johnson,25,Female,Married,3,Life Sciences,1,Laboratory Technician,1,Travel_Rarely,23110,11,1.0,5.0,2.0,5,3,0.0,3.0,1.0,11,No,3,Medium
3318,Michael Kumar,35,Female,Married,2,Life Sciences,2,Healthcare Representative,1,Travel_Rarely,31400,13,1.0,17.0,2.0,17,10,5.0,14.5,1.0,9,No,3,Medium
3319,Ananya Kumar,35,Female,Divorced,2,Marketing,1,Laboratory Technician,1,Travel_Frequently,36900,13,1.0,10.0,2.0,10,6,7.0,8.0,1.0,8,Yes,3,Medium
3320,Zara Joshi,32,Male,Divorced,3,Life Sciences,2,Sales Executive,1,Non-Travel,44500,13,0.0,4.0,3.0,3,1,0.0,2.0,0.0,21,No,3,Medium
3321,Kavya Sharma,25,Female,Married,3,Marketing,1,Research Scientist,4,Travel_Rarely,27560,12,2.0,5.0,2.0,5,3,0.0,3.0,1.0,5,No,3,Medium
3322,John Pillai,49,Female,Married,3,Technical Degree,1,Sales Representative,2,Travel_Rarely,165835,18,1.0,7.0,4.5,4,2,0.0,2.0,2.0,9,No,3,Medium
3323,Zara Smith,24,Male,Married,5,Technical Degree,2,Healthcare Representative,2,Non-Travel,165835,22,1.0,6.0,3.0,5,3,3.0,4.0,0.0,2,No,4,High
3324,Arjun Brown,32,Male,Married,5,Medical,2,Research Scientist,1,Travel_Frequently,95470,13,1.0,10.0,3.0,10,6,5.0,3.0,1.0,12,No,3,Low
3325,Riya Trivedi,38,Male,Married,2,Medical,1,Sales Executive,1,Travel_Rarely,137340,13,0.0,3.0,3.0,2,1,1.0,2.0,0.0,22,No,3,Medium
3326,Deepika Jones,42,Female,Married,1,Technical Degree,2,Research Scientist,2,Travel_Rarely,165835,23,1.0,17.0,4.5,5,3,1.0,3.0,2.0,18,No,4,High
3327,Emma Pillai,31,Female,Married,3,Life Sciences,2,Sales Executive,3,Travel_Rarely,22790,12,1.0,8.0,3.0,6,3,0.0,2.0,3.0,16,No,3,Medium
3328,Amit Jones,29,Male,Divorced,3,Marketing,1,Laboratory Technician,3,Travel_Rarely,59160,12,0.0,5.0,2.0,3,1,0.0,2.0,6.0,3,Yes,3,Medium
3329,Sarah Reddy,53,Male,Married,3,Life Sciences,2,Sales Representative,1,Travel_Rarely,20890,16,0.0,28.0,2.0,2,1,2.0,2.0,5.0,9,No,3,Medium
3330,Rohit Mehta,35,Male,Married,3,Life Sciences,2,Healthcare Representative,3,Travel_Rarely,165835,12,1.0,16.0,3.0,13,7,4.0,8.0,3.0,1,No,3,Medium
3331,Akash Miller,37,Female,Married,4,Life Sciences,2,Human Resources,3,Travel_Frequently,35640,11,0.0,10.0,1.0,5,3,0.0,0.0,5.0,13,No,3,Medium
3332,Priya Gupta,53,Male,Single,1,Medical,2,Sales Executive,1,Travel_Rarely,44250,22,1.0,28.5,2.0,12,7,3.0,8.0,6.0,1,No,4,High
3333,Suresh Sharma,43,Male,Married,3,Medical,2,Laboratory Technician,1,Travel_Frequently,52650,11,1.0,12.0,4.0,5,3,2.0,2.0,4.0,1,No,3,Medium
3334,Amit Gupta,47,Female,Married,4,Marketing,1,Research Director,3,Travel_Rarely,65530,15,0.0,8.0,2.0,7,4,7.0,7.0,0.0,15,No,3,Medium
3335,Pooja Nair,37,Female,Single,5,Medical,2,Research Scientist,2,Non-Travel,62610,12,0.0,10.0,1.0,10,6,0.0,9.0,1.0,1,No,3,Low
3336,Deepika Malhotra,50,Female,Divorced,3,Medical,2,Laboratory Technician,1,Non-Travel,42980,20,1.0,28.5,4.5,18,10,7.5,7.0,1.0,17,No,4,High
3337,Kavya Shah,39,Female,Married,3,Other,2,Human Resources,3,Travel_Rarely,68040,14,1.0,13.0,3.0,5,3,0.0,4.0,8.0,1,No,3,Medium
3338,Rohit Garcia,33,Male,Divorced,3,Life Sciences,1,Manufacturing Director,2,Travel_Rarely,38150,11,1.0,7.0,3.0,4,2,0.0,3.0,3.0,7,No,3,Medium
3339,Zara Joshi,32,Female,Single,1,Medical,2,Laboratory Technician,1,Travel_Rarely,27410,15,1.0,1.0,4.5,1,0,0.0,1.0,1.0,9,Yes,3,Low
3340,Sarah Shah,29,Female,Divorced,4,Life Sciences,2,Healthcare Representative,4,Travel_Rarely,66730,12,1.0,8.0,2.0,4,2,0.0,3.0,6.0,5,No,3,Medium
3341,Deepika Malhotra,44,Male,Married,2,Life Sciences,2,Manufacturing Director,2,Travel_Rarely,76390,14,0.0,8.0,4.5,8,4,7.0,1.0,1.0,26,No,3,Low
3342,Varun Brown,28,Female,Single,5,Life Sciences,1,Research Scientist,1,Travel_Rarely,23280,11,2.0,4.0,3.0,4,2,0.0,2.0,1.0,24,No,3,Medium
3343,Meera Singh,58,Male,Divorced,2,Technical Degree,1,Sales Executive,1,Travel_Frequently,21530,11,0.0,3.0,3.0,1,0,0.0,0.0,8.5,9,Yes,3,Medium
3344,Deepika Kumar,43,Male,Divorced,4,Marketing,1,Sales Executive,2,Travel_Rarely,48760,16,2.0,4.0,4.0,1,0,0.0,0.0,4.0,7,No,3,Medium
3345,Tanvi Reddy,20,Male,Single,3,Medical,2,Sales Executive,2,Travel_Rarely,93960,12,0.0,2.0,4.5,2,1,0.0,2.0,1.0,11,Yes,3,Low
3346,Pooja Agarwal,21,Male,Single,3,Medical,2,Sales Executive,2,Travel_Rarely,104000,13,1.0,1.0,2.0,1,0,0.0,0.0,1.0,1,Yes,3,Medium
3347,James Williams,36,Male,Married,4,Medical,2,Laboratory Technician,1,Travel_Rarely,84740,14,0.0,17.0,3.0,16,9,4.0,11.0,0.0,26,No,3,Medium
3348,Anjali Thakur,47,Male,Single,3,Life Sciences,2,Manufacturing Director,2,Travel_Rarely,99810,21,1.0,3.0,3.0,3,1,1.0,2.0,1.0,2,No,4,High
3349,Michael Williams,22,Female,Married,4,Life Sciences,2,Laboratory Technician,1,Travel_Rarely,124900,13,0.0,4.0,3.0,3,1,0.0,2.0,0.0,15,Yes,3,Medium
3350,Kavya Nair,41,Female,Divorced,3,Life Sciences,2,Sales Executive,2,Travel_Rarely,26570,11,0.0,10.0,3.0,7,4,1.0,0.0,4.0,23,Yes,3,Medium
3351,Sarah Sharma,28,Female,Divorced,3,Life Sciences,2,Manager,3,Travel_Rarely,135910,20,1.0,6.0,2.0,2,1,2.0,2.0,5.0,10,No,4,High
3352,Raj Kumar,39,Female,Married,4,Life Sciences,2,Human Resources,4,Travel_Rarely,66960,11,0.0,8.0,3.0,2,1,2.0,2.0,7.0,10,Yes,3,Low
3353,Sarah Sharma,27,Male,Single,3,Medical,2,Research Scientist,1,Travel_Rarely,20580,14,1.0,1.0,4.5,1,0,0.0,0.0,1.0,1,No,3,Medium
3354,Aditya Malhotra,34,Male,Divorced,2,Technical Degree,2,Human Resources,2,Travel_Rarely,88650,11,1.0,1.0,0.5,1,0,1.0,0.0,1.0,12,No,3,Medium
3355,Deepika Reddy,42,Male,Single,1,Technical Degree,1,Human Resources,2,Travel_Rarely,59400,16,0.0,10.0,2.0,5,3,0.0,3.0,7.0,11,No,3,Medium
3356,Ishaan Malhotra,33,Female,Single,3,Marketing,1,Sales Executive,1,Travel_Rarely,59140,16,1.0,6.0,4.0,3,1,0.0,2.0,3.0,2,No,3,Medium
3357,Rohit Thakur,58,Male,Divorced,4,Life Sciences,2,Research Scientist,1,Travel_Rarely,26220,23,0.0,24.0,3.0,6,3,0.0,4.0,2.0,2,No,4,High
3358,Emma Reddy,31,Female,Married,3,Life Sciences,1,Sales Representative,1,Travel_Rarely,121850,14,0.0,13.0,2.0,7,4,5.0,2.0,3.0,1,No,3,Medium
3359,Rohit Agarwal,35,Male,Married,1,Life Sciences,2,Healthcare Representative,3,Travel_Rarely,106090,22,0.0,10.0,3.0,10,6,0.0,7.0,1.0,2,No,4,High
3360,Aryan Agarwal,49,Female,Married,2,Life Sciences,2,Sales Executive,2,Travel_Rarely,43450,15,0.0,28.5,3.0,18,10,1.0,7.0,4.0,25,No,3,Low
3361,Michael Joshi,48,Male,Married,4,Medical,2,Research Scientist,1,Travel_Rarely,21770,18,0.0,13.0,4.0,0,0,0.0,0.0,4.0,1,No,3,Medium
3362,Aryan Malhotra,31,Female,Married,2,Technical Degree,2,Sales Executive,2,Non-Travel,27930,16,0.0,9.0,4.0,9,5,0.0,0.0,1.0,1,No,3,Medium
3363,Gaurav Thakur,36,Male,Single,4,Technical Degree,3,Sales Executive,1,Travel_Rarely,79180,12,2.0,8.0,3.0,6,3,0.0,1.0,2.0,2,No,3,Medium
3364,Michael Thakur,38,Male,Married,3,Other,1,Sales Executive,2,Travel_Rarely,87890,11,2.5,15.0,4.0,15,9,5.0,11.0,1.0,6,No,3,Medium
3365,Anjali Joshi,32,Male,Married,3,Marketing,1,Laboratory Technician,1,Non-Travel,23890,12,1.0,5.0,4.0,3,1,0.0,2.0,6.0,18,No,3,Medium
3366,Suresh Malhotra,25,Male,Married,2,Life Sciences,2,Sales Executive,1,Travel_Rarely,32120,15,1.0,1.0,3.0,1,0,0.0,0.0,1.0,1,Yes,3,Medium
3367,Sanjay Smith,40,Male,Divorced,4,Medical,2,Research Scientist,2,Travel_Rarely,165835,14,1.0,11.0,3.0,1,0,0.0,0.0,2.0,1,No,3,Low
3368,Kavya Agarwal,26,Male,Single,3,Marketing,1,Healthcare Representative,2,Travel_Frequently,22670,19,2.5,7.0,2.0,7,4,0.0,7.0,1.0,11,No,3,Low
3369,Neha Singh,41,Male,Single,4,Medical,2,Research Scientist,1,Travel_Rarely,165835,13,0.0,20.0,4.5,18,10,2.0,14.5,2.0,1,No,3,Medium
3370,Meera Rao,36,Female,Single,3,Life Sciences,2,Healthcare Representative,2,Travel_Rarely,24360,13,0.0,16.0,3.0,11,6,3.0,9.0,4.0,9,No,3,Medium
3371,Aarav Garcia,19,Male,Single,3,Life Sciences,2,Research Scientist,2,Travel_Rarely,160640,15,1.0,1.0,3.0,1,0,0.0,0.0,1.0,15,Yes,3,Medium
3372,Raj Sharma,20,Female,Single,3,Life Sciences,2,Laboratory Technician,3,Travel_Rarely,27070,11,0.0,1.0,2.0,1,0,0.0,0.0,1.0,29,Yes,3,Low
3373,Michael Jones,31,Male,Married,4,Life Sciences,2,Research Director,4,Travel_Rarely,165835,12,0.0,10.0,1.0,9,5,7.5,5.0,0.0,1,No,3,Medium
3374,Aarav Patel,40,Male,Divorced,3,Marketing,1,Research Scientist,1,Travel_Frequently,39310,19,0.0,3.0,2.0,1,0,0.0,0.0,8.0,1,No,3,Medium
3375,Kunal Reddy,32,Male,Married,3,Life Sciences,2,Laboratory Technician,4,Travel_Rarely,37300,25,1.0,8.0,4.0,8,4,6.0,3.0,1.0,24,No,4,High
3376,Varun Pillai,36,Male,Married,3,Medical,2,Sales Executive,3,Travel_Rarely,22320,12,1.0,16.0,2.0,16,9,3.0,7.0,1.0,10,Yes,3,Medium
3377,Sara Sharma,33,Female,Single,4,Medical,2,Manufacturing Director,4,Travel_Rarely,44650,13,0.0,6.0,3.0,5,3,1.0,4.0,0.0,1,No,3,Medium
3378,Sneha Garcia,37,Female,Married,4,Marketing,1,Human Resources,3,Travel_Rarely,30720,14,0.0,17.0,3.0,14,8,7.5,7.0,5.0,10,Yes,3,Low
3379,Raj Rao,45,Male,Married,1,Life Sciences,2,Sales Executive,2,Non-Travel,33190,12,1.0,9.0,3.0,9,5,0.0,8.0,1.0,8,No,3,Medium
3380,Ishaan Miller,29,Male,Married,1,Life Sciences,2,Sales Representative,1,Travel_Frequently,165835,12,0.0,3.0,4.5,3,1,0.0,2.0,1.0,29,No,3,Medium
3381,Aditya Joshi,35,Male,Married,3,Human Resources,3,Laboratory Technician,3,Travel_Rarely,136750,15,2.5,5.0,4.5,5,3,1.0,0.0,1.0,1,No,3,Medium
3382,Anjali Jones,52,Male,Married,4,Other,2,Laboratory Technician,1,Travel_Rarely,29110,17,2.0,26.0,3.0,9,5,7.0,8.0,2.0,5,No,3,Medium
3383,Priya Miller,58,Female,Single,2,Medical,1,Sales Executive,4,Travel_Rarely,59570,14,1.0,7.0,2.0,1,0,0.0,0.0,4.0,9,Yes,3,Medium
3384,Sneha Shah,53,Male,Divorced,3,Technical Degree,2,Manager,1,Travel_Rarely,39200,16,1.0,22.0,3.0,17,10,7.5,2.0,6.0,9,No,3,Medium
3385,Raj Mehta,30,Male,Divorced,4,Marketing,1,Sales Executive,1,Travel_Rarely,64340,14,1.0,10.0,3.0,8,4,7.0,7.0,5.0,3,No,3,Medium
3386,Rohit Smith,38,Male,Single,3,Life Sciences,1,Research Director,2,Non-Travel,100480,23,1.0,6.0,2.0,5,3,1.0,3.0,1.0,4,No,4,High
3387,John Shah,35,Female,Divorced,2,Life Sciences,1,Healthcare Representative,2,Travel_Rarely,109380,14,2.0,12.0,2.0,10,6,0.0,8.0,6.0,1,No,3,Medium
3388,Emma Miller,39,Male,Single,1,Marketing,1,Research Scientist,2,Travel_Rarely,23400,11,1.0,9.0,2.0,8,4,0.0,7.0,0.0,1,No,3,Medium
3389,Raj Pillai,40,Male,Single,4,Life Sciences,2,Human Resources,1,Non-Travel,65450,15,0.0,22.0,2.0,1,0,0.0,0.0,4.0,2,Yes,3,Low
3390,Arjun Gupta,47,Male,Divorced,4,Life Sciences,2,Sales Executive,3,Travel_Frequently,69310,11,0.0,20.0,3.0,18,10,2.0,7.0,1.0,7,No,3,Medium
3391,Michael Singh,36,Male,Divorced,1,Life Sciences,1,Research Scientist,2,Non-Travel,48980,13,1.0,12.0,3.0,7,4,0.0,7.0,4.0,28,No,3,Medium
3392,Neha Smith,31,Male,Single,4,Medical,2,Research Scientist,2,Non-Travel,25930,21,0.0,4.0,2.0,3,1,1.0,2.0,0.0,28,Yes,4,High
3393,Divya Wilson,33,Male,Single,3,Other,1,Research Director,4,Non-Travel,165835,19,2.0,10.0,4.0,10,6,6.0,0.0,1.0,15,No,3,Medium
3394,Shivam Sharma,29,Male,Single,5,Life Sciences,3,Sales Executive,1,Travel_Rarely,27230,11,1.0,3.0,2.0,0,0,0.0,0.0,6.0,3,Yes,3,Medium
3395,Divya Johnson,33,Male,Single,2,Technical Degree,2,Laboratory Technician,2,Travel_Rarely,34790,12,0.0,5.0,3.0,3,1,0.0,2.0,3.0,2,No,3,Medium
3396,Michael Miller,45,Female,Divorced,1,Medical,2,Healthcare Representative,3,Travel_Rarely,27940,19,1.0,8.0,2.0,5,3,0.0,2.0,3.0,26,No,3,Medium
3397,Emily Verma,50,Female,Divorced,1,Life Sciences,1,Manufacturing Director,1,Travel_Rarely,52490,21,2.0,28.5,2.0,5,3,1.0,3.0,8.5,10,No,4,High
3398,Varun Kumar,33,Male,Married,3,Marketing,1,Human Resources,2,Travel_Frequently,21760,14,1.0,6.0,2.0,6,3,1.0,2.0,1.0,1,No,3,Medium
3399,Amit Smith,41,Male,Divorced,3,Other,1,Laboratory Technician,1,Travel_Frequently,165835,15,1.0,21.0,2.0,18,10,0.0,11.0,2.0,11,No,3,Medium
3400,Priya Agarwal,27,Male,Married,4,Other,2,Manufacturing Director,2,Travel_Rarely,34850,17,2.0,4.0,2.0,2,1,2.0,2.0,8.5,20,No,3,Medium
3401,Emily Verma,45,Female,Married,3,Medical,1,Sales Executive,1,Non-Travel,66440,12,0.0,9.0,3.0,9,5,0.0,8.0,1.0,2,No,3,Medium
3402,Raj Brown,47,Female,Single,4,Medical,1,Research Scientist,2,Travel_Rarely,55820,16,0.0,9.0,3.0,9,5,0.0,7.0,1.0,18,No,3,Medium
3403,Nikhil Shah,30,Male,Married,3,Life Sciences,1,Healthcare Representative,2,Travel_Rarely,40000,12,0.0,7.0,4.5,5,3,0.0,1.0,4.0,2,Yes,3,Low
3404,Rahul Garcia,50,Female,Married,3,Technical Degree,2,Sales Executive,2,Travel_Rarely,134960,18,1.0,22.0,3.0,12,7,1.0,5.0,3.0,1,No,3,Medium
3405,Akash Jones,38,Male,Married,3,Technical Degree,2,Manufacturing Director,1,Travel_Frequently,32100,17,2.0,3.0,4.5,2,1,0.0,2.0,0.0,13,No,3,Medium
3406,James Brown,46,Female,Divorced,3,Medical,2,Human Resources,3,Travel_Rarely,165835,11,2.5,13.0,2.0,8,4,0.0,7.0,6.0,28,No,3,Medium
3407,Neha Reddy,24,Female,Divorced,3,Life Sciences,1,Healthcare Representative,1,Travel_Rarely,118490,16,1.0,5.0,3.0,4,2,3.0,2.0,1.0,28,No,3,Medium
3408,Kunal Gupta,35,Male,Divorced,3,Medical,1,Healthcare Representative,3,Travel_Rarely,20700,13,2.5,5.0,1.0,4,2,0.0,2.0,1.0,24,Yes,3,Low
3409,Michael Reddy,31,Male,Married,2,Technical Degree,2,Sales Executive,2,Travel_Frequently,65020,12,0.0,4.0,3.0,4,2,0.0,3.0,1.0,5,No,3,Medium
3410,Varun Kumar,18,Male,Single,4,Other,1,Manager,2,Non-Travel,32300,12,1.0,0.0,3.0,0,0,0.0,0.0,1.0,5,No,3,Medium
3411,Vivek Agarwal,54,Female,Married,3,Medical,1,Laboratory Technician,1,Travel_Rarely,136030,13,1.0,22.0,2.0,10,6,0.0,8.0,8.0,23,No,3,Medium
3412,Olivia Singh,35,Female,Divorced,4,Medical,2,Manufacturing Director,1,Travel_Rarely,119960,19,2.0,16.0,3.0,16,9,7.5,1.0,1.0,6,No,3,Medium
3413,Riya Reddy,30,Female,Married,3,Life Sciences,2,Healthcare Representative,5,Travel_Rarely,56050,12,1.0,9.0,0.5,8,4,1.0,7.0,0.0,4,No,3,Low
3414,Riya Verma,20,Female,Single,2,Life Sciences,2,Research Scientist,2,Travel_Rarely,63970,17,1.0,1.0,3.0,1,0,0.0,0.0,1.0,2,Yes,3,Medium
3415,Priya Joshi,30,Male,Single,4,Medical,2,Sales Executive,1,Travel_Frequently,165835,11,0.0,4.0,3.0,3,1,1.0,2.0,0.0,8,Yes,3,Medium
3416,Sara Mehta,26,Female,Married,3,Marketing,1,Research Scientist,2,Travel_Rarely,165835,20,0.0,8.0,2.0,8,4,1.0,3.0,1.0,1,No,4,High
3417,Nikhil Trivedi,22,Male,Married,3,Other,2,Sales Representative,2,Travel_Rarely,49070,21,1.0,4.0,2.0,4,2,1.0,1.0,1.0,8,No,4,High
3418,Akash Williams,48,Male,Single,4,Medical,3,Sales Executive,2,Travel_Rarely,45540,11,2.0,19.0,3.0,2,1,2.0,2.0,2.0,2,No,3,Medium
3419,Tanvi Verma,48,Male,Single,3,Medical,1,Research Director,1,Travel_Rarely,54150,11,1.0,27.0,1.0,15,9,4.0,8.0,7.0,3,No,3,Medium
3420,Akash Jones,41,Male,Single,3,Life Sciences,2,Research Scientist,2,Travel_Rarely,47410,16,0.0,8.0,3.0,2,1,2.0,1.0,6.0,2,No,3,Medium
3421,Ishaan Jones,39,Male,Married,3,Life Sciences,1,Human Resources,3,Travel_Rarely,21150,18,0.0,21.0,3.0,18,10,7.5,8.0,1.0,2,No,3,Medium
3422,Rahul Malhotra,27,Male,Married,3,Life Sciences,2,Human Resources,2,Travel_Rarely,31610,13,2.0,4.0,0.5,3,1,2.0,2.0,0.0,3,No,3,Medium
3423,Gaurav Agarwal,35,Male,Divorced,3,Medical,1,Sales Executive,5,Travel_Rarely,57450,17,2.5,3.0,4.0,3,1,1.0,2.0,1.0,24,No,3,Medium
3424,Ananya Pillai,42,Male,Married,4,Other,2,Research Scientist,1,Travel_Rarely,23730,14,1.0,21.0,3.0,1,0,0.0,0.0,6.0,23,No,3,Medium
3425,Kavya Singh,50,Male,Married,3,Medical,1,Sales Executive,2,Travel_Rarely,33100,22,1.0,8.0,3.0,1,0,0.0,0.0,4.0,27,No,4,High
3426,Kunal Shah,59,Female,Single,4,Medical,2,Laboratory Technician,5,Travel_Rarely,165835,12,0.0,28.5,3.0,5,3,4.0,3.0,3.0,16,No,3,Medium
3427,Suresh Kumar,37,Male,Married,3,Marketing,1,Laboratory Technician,2,Travel_Rarely,44850,11,1.0,15.0,2.0,1,0,0.0,0.0,5.0,15,Yes,3,Low
3428,Michael Jones,55,Female,Married,2,Life Sciences,2,Sales Executive,2,Travel_Frequently,27890,13,1.0,17.0,2.0,8,4,6.0,7.0,3.0,26,No,3,Medium
3429,Suresh Miller,41,Male,Divorced,1,Life Sciences,2,Research Scientist,2,Non-Travel,58280,13,0.0,21.0,0.5,18,10,5.0,10.0,1.0,19,No,3,Medium
3430,Nikhil Brown,38,Female,Single,2,Other,2,Laboratory Technician,1,Travel_Rarely,23260,14,0.0,19.0,3.0,1,0,0.0,0.0,8.0,24,No,3,Medium
3431,Varun Thakur,26,Female,Single,1,Life Sciences,2,Manufacturing Director,1,Non-Travel,135250,17,1.0,7.0,4.0,2,1,2.0,2.0,8.0,21,Yes,3,Low
3432,Aryan Shah,52,Female,Married,4,Medical,2,Human Resources,4,Travel_Rarely,14200,13,1.0,28.5,2.0,18,10,6.0,9.0,1.0,5,Yes,3,Medium
3433,Sarah Wilson,44,Female,Married,3,Life Sciences,2,Healthcare Representative,1,Travel_Rarely,80200,11,1.0,23.0,2.0,12,7,7.5,11.0,3.0,16,No,3,Medium
3434,Pooja Gupta,50,Male,Married,2,Life Sciences,3,Laboratory Technician,1,Non-Travel,36880,11,0.0,19.0,3.0,18,10,0.0,13.0,0.0,2,No,3,Medium
3435,Vikram Verma,36,Male,Single,4,Technical Degree,1,Sales Executive,4,Travel_Rarely,54820,18,0.0,18.0,3.0,17,10,7.5,14.0,1.0,2,Yes,3,Medium
3436,Arjun Thakur,39,Male,Single,3,Marketing,1,Sales Executive,1,Travel_Frequently,160150,11,0.0,21.0,3.0,18,10,2.0,8.0,1.0,11,No,3,Medium
3437,Olivia Malhotra,33,Male,Single,2,Technical Degree,1,Sales Representative,5,Non-Travel,12000,11,1.0,3.0,3.0,2,1,2.0,2.0,0.0,9,No,3,Medium
3438,Pooja Malhotra,45,Male,Married,2,Other,2,Human Resources,1,Travel_Rarely,56610,12,0.0,26.0,2.0,9,5,1.0,1.0,3.0,7,No,3,Medium
3439,Nikhil Sharma,32,Male,Single,3,Medical,2,Manager,2,Non-Travel,69290,20,0.0,10.0,4.5,8,4,7.0,7.0,8.5,15,No,4,High
3440,Sanjay Thakur,34,Male,Divorced,4,Marketing,1,Research Director,2,Travel_Rarely,96130,12,1.0,16.0,4.5,15,9,0.0,9.0,0.0,6,No,3,Medium
3441,Karan Gupta,59,Male,Married,3,Life Sciences,2,Research Scientist,2,Travel_Rarely,56740,12,0.0,14.0,4.5,6,3,0.0,4.0,3.0,5,No,3,Medium
3442,Vikram Patel,45,Male,Single,1,Medical,2,Sales Executive,2,Travel_Rarely,54840,20,2.5,6.0,4.5,6,3,0.0,4.0,1.0,16,No,4,High
3443,Akash Verma,53,Male,Married,2,Medical,1,Research Scientist,2,Travel_Frequently,120610,20,1.0,28.5,2.0,15,9,6.0,12.0,2.0,8,No,4,High
3444,Michael Nair,36,Female,Divorced,2,Life Sciences,2,Research Scientist,1,Travel_Rarely,56600,12,0.0,9.0,3.0,1,0,0.0,0.0,7.0,7,Yes,3,Low
3445,Ananya Jones,26,Male,Married,3,Life Sciences,1,Research Scientist,2,Travel_Frequently,48210,14,2.0,6.0,2.0,3,1,1.0,2.0,6.0,2,Yes,3,Low
3446,Arjun Malhotra,34,Male,Married,2,Life Sciences,2,Sales Representative,1,Travel_Rarely,64100,13,1.0,1.0,4.5,1,0,0.0,0.0,1.0,2,No,3,Medium
3447,Aarav Agarwal,28,Male,Married,3,Other,2,Sales Representative,2,Travel_Rarely,52100,15,0.0,1.0,1.0,1,0,0.0,0.0,1.0,10,No,3,Medium
3448,Tanvi Johnson,38,Male,Married,4,Medical,1,Research Scientist,2,Travel_Frequently,26950,14,1.0,8.0,4.0,2,1,2.0,2.0,3.0,9,No,3,Medium
3449,Gaurav Malhotra,50,Male,Married,4,Life Sciences,2,Sales Executive,1,Travel_Rarely,118780,13,1.0,28.5,2.0,8,4,7.0,7.0,2.0,5,No,3,Medium
3450,Emma Brown,37,Male,Single,3,Life Sciences,2,Laboratory Technician,1,Travel_Rarely,165835,23,0.0,8.0,4.5,4,2,0.0,1.0,3.0,1,No,4,High
3451,Aditya Smith,40,Male,Married,3,Medical,3,Sales Executive,5,Travel_Rarely,24550,15,1.0,8.0,2.0,7,4,7.0,5.0,1.0,2,No,3,Low
3452,Zara Shah,26,Male,Divorced,3,Medical,2,Laboratory Technician,2,Travel_Frequently,139640,11,2.0,5.0,1.0,5,3,1.0,3.0,1.0,3,No,3,Low
3453,Shivam Sharma,46,Female,Divorced,1,Medical,2,Research Scientist,3,Travel_Rarely,49410,13,2.0,23.0,2.0,2,1,2.0,2.0,8.5,2,No,3,Medium
3454,Aditya Sharma,54,Female,Married,3,Medical,2,Manufacturing Director,2,Travel_Rarely,24780,11,0.0,13.0,0.5,9,5,7.0,0.0,6.0,5,No,3,Medium
3455,Arjun Wilson,56,Female,Married,2,Life Sciences,2,Manufacturing Director,2,Travel_Frequently,52280,11,0.0,18.0,4.0,5,3,0.0,3.0,2.0,1,No,3,Medium
3456,Shivam Williams,36,Female,Single,2,Life Sciences,2,Human Resources,2,Travel_Rarely,44780,18,1.0,15.0,3.0,14,8,7.0,8.0,0.0,4,No,3,Medium
3457,Ishaan Miller,55,Female,Single,3,Medical,2,Manager,2,Non-Travel,75470,16,0.0,28.5,2.0,9,5,6.0,2.0,7.0,2,No,3,Medium
3458,Deepika Garcia,43,Male,Divorced,2,Life Sciences,1,Research Scientist,3,Travel_Rarely,50550,22,0.0,18.0,2.0,1,0,0.0,0.0,5.0,25,No,4,High
3459,Aditya Sharma,20,Male,Single,3,Marketing,1,Sales Executive,3,Travel_Frequently,34640,20,0.0,2.0,3.0,2,1,0.0,2.0,1.0,8,Yes,4,High
3460,Amit Williams,21,Male,Single,4,Life Sciences,2,Manager,1,Travel_Rarely,57750,18,0.0,1.0,2.0,1,0,1.0,0.0,1.0,1,Yes,3,Low
3461,Gaurav Rao,46,Female,Divorced,3,Marketing,1,Healthcare Representative,3,Travel_Rarely,89430,12,1.0,19.0,4.5,16,9,1.0,7.0,8.0,12,No,3,Medium
3462,Priya Williams,51,Female,Married,3,Medical,1,Research Scientist,2,Travel_Rarely,165835,20,0.0,18.0,2.0,10,6,2.0,7.0,8.5,23,Yes,4,High
3463,Kavya Sharma,28,Female,Single,4,Life Sciences,2,Laboratory Technician,4,Non-Travel,52380,17,1.0,10.0,4.0,10,6,1.0,9.0,1.0,19,Yes,3,Low
3464,Meera Joshi,26,Female,Married,4,Medical,2,Sales Executive,2,Travel_Rarely,46820,11,1.0,6.0,3.0,5,3,1.0,3.0,1.0,5,No,3,Low
3465,Varun Johnson,30,Female,Married,3,Medical,2,Sales Executive,1,Travel_Rarely,165835,14,0.0,7.0,4.5,6,3,0.0,2.0,0.0,8,No,3,Low
3466,Amit Williams,41,Female,Married,4,Life Sciences,1,Research Director,1,Travel_Rarely,52570,14,0.0,10.0,2.0,10,6,0.0,8.0,1.0,1,No,3,Medium
3467,Amit Trivedi,38,Male,Married,3,Technical Degree,2,Sales Executive,1,Travel_Rarely,63490,11,0.0,20.0,3.0,18,10,1.0,9.0,0.0,5,No,3,Medium
3468,Meera Joshi,40,Male,Married,4,Marketing,1,Sales Executive,1,Travel_Rarely,48690,12,0.0,14.0,2.0,11,6,7.5,1.0,4.0,1,No,3,Medium
3469,Priya Joshi,27,Female,Married,3,Technical Degree,1,Laboratory Technician,2,Non-Travel,99850,14,1.0,3.0,3.0,3,1,1.0,2.0,1.0,11,No,3,Low
3470,Zara Wilson,55,Male,Married,5,Life Sciences,2,Laboratory Technician,3,Travel_Frequently,36970,13,1.0,23.0,1.0,3,1,1.0,2.0,3.0,23,No,3,Medium
3471,James Pillai,28,Male,Single,3,Life Sciences,2,Healthcare Representative,2,Travel_Rarely,74570,11,2.0,10.0,1.0,8,4,1.0,7.0,3.0,1,No,3,Medium
3472,Rahul Rao,44,Female,Married,4,Life Sciences,2,Sales Executive,2,Travel_Rarely,21190,15,0.0,24.0,3.0,18,10,3.0,6.0,8.5,18,Yes,3,Low
3473,Zara Shah,33,Female,Divorced,4,Marketing,1,Sales Executive,4,Travel_Rarely,39830,12,0.0,9.0,3.0,3,1,1.0,2.0,4.0,23,No,3,Medium
3474,Priya Pillai,35,Male,Single,4,Life Sciences,1,Sales Representative,3,Travel_Rarely,61180,21,1.0,9.0,3.0,8,4,4.0,7.0,0.0,7,Yes,4,High
3475,Meera Shah,33,Female,Single,2,Life Sciences,2,Sales Executive,1,Travel_Frequently,62140,19,2.0,14.0,3.0,13,7,3.0,8.0,1.0,1,Yes,3,Medium
3476,Suresh Pillai,28,Male,Divorced,1,Human Resources,3,Research Scientist,2,Travel_Rarely,63470,15,1.0,4.0,2.0,4,2,2.0,2.0,1.0,1,No,3,Low
3477,Zara Brown,34,Male,Single,4,Marketing,1,Research Scientist,1,Travel_Frequently,115100,14,1.0,7.0,4.5,6,3,0.0,4.0,0.0,29,No,3,Medium
3478,Nikhil Garcia,37,Male,Divorced,4,Life Sciences,2,Sales Executive,4,Travel_Rarely,71430,21,0.0,8.0,4.5,1,0,0.0,0.0,2.0,7,No,4,High
3479,Aryan Miller,25,Female,Married,4,Human Resources,3,Research Scientist,2,Travel_Rarely,82680,12,0.0,7.0,3.0,7,4,5.0,6.0,1.0,25,Yes,3,Medium
3480,Ishaan Thakur,26,Male,Divorced,2,Marketing,1,Sales Executive,2,Travel_Rarely,80950,15,0.0,1.0,3.0,1,0,0.0,0.0,1.0,8,Yes,3,Medium
3481,Ishaan Rao,33,Male,Single,2,Life Sciences,2,Manufacturing Director,4,Travel_Rarely,29040,13,0.0,5.0,2.0,2,1,2.0,2.0,4.0,8,Yes,3,Low
3482,Kavya Smith,42,Male,Married,1,Life Sciences,2,Research Scientist,4,Travel_Rarely,60320,14,0.0,23.0,2.0,18,10,7.5,7.0,0.0,11,No,3,Medium
3483,Amit Brown,28,Male,Divorced,3,Life Sciences,2,Manager,2,Travel_Frequently,29760,14,0.0,1.0,3.0,1,0,0.0,0.0,1.0,7,Yes,3,Low
3484,Sarah Thakur,50,Male,Single,4,Medical,2,Research Scientist,2,Travel_Frequently,159920,14,0.0,5.0,3.0,0,0,0.0,0.0,3.0,1,Yes,3,Medium
3485,Riya Smith,33,Female,Married,3,Medical,1,Research Scientist,2,Travel_Frequently,46490,12,0.0,4.0,2.0,3,1,0.0,2.0,0.0,9,No,3,Medium
3486,Deepika Johnson,34,Female,Married,1,Marketing,1,Research Director,2,Non-Travel,26960,23,0.0,6.0,3.0,0,0,0.0,0.0,3.0,1,No,4,High
3487,Dev Agarwal,48,Male,Single,1,Life Sciences,1,Sales Executive,2,Non-Travel,23700,11,0.0,27.0,3.0,5,3,2.0,1.0,2.0,2,No,3,Medium
3488,Karan Johnson,45,Female,Married,3,Medical,2,Human Resources,2,Non-Travel,125040,12,1.0,15.0,2.0,15,9,4.0,12.0,1.0,1,No,3,Medium
3489,Zara Mehta,52,Male,Single,3,Life Sciences,1,Sales Executive,1,Travel_Rarely,59740,18,1.0,18.0,4.5,8,4,4.0,0.0,7.0,1,No,3,Medium
3490,Sara Reddy,38,Male,Divorced,2,Medical,2,Research Scientist,1,Travel_Rarely,47360,11,1.0,9.0,3.0,8,4,2.0,7.0,0.0,6,No,3,Medium
3491,Ishaan Thakur,29,Female,Divorced,3,Medical,2,Research Scientist,4,Travel_Rarely,52960,14,0.0,11.0,3.0,7,4,1.0,7.0,4.0,8,No,3,Medium
3492,Olivia Sharma,28,Female,Divorced,3,Human Resources,3,Laboratory Technician,4,Travel_Rarely,67810,15,1.0,10.0,2.0,9,5,1.0,7.0,0.0,1,No,3,Medium
3493,John Jones,46,Male,Married,4,Medical,2,Sales Executive,3,Travel_Rarely,21740,11,1.0,23.0,3.0,12,7,4.0,9.0,3.0,6,No,3,Medium
3494,Raj Trivedi,38,Male,Single,4,Medical,2,Sales Executive,1,Travel_Rarely,66530,20,1.0,10.0,2.0,1,0,0.0,0.0,7.0,7,No,4,High
3495,Kunal Singh,43,Female,Married,3,Medical,2,Laboratory Technician,2,Travel_Frequently,96990,19,1.0,18.0,3.0,8,4,0.0,1.0,8.0,5,No,3,Medium
3496,Rohit Brown,39,Male,Divorced,3,Marketing,1,Healthcare Representative,2,Travel_Frequently,67550,14,1.0,21.0,2.0,18,10,7.5,5.0,7.0,1,Yes,3,Medium
3497,Dev Smith,40,Male,Single,1,Life Sciences,2,Healthcare Representative,1,Travel_Rarely,22130,17,0.0,21.0,4.0,18,10,4.0,9.0,1.0,1,No,3,Medium
3498,Vikram Johnson,21,Female,Single,4,Life Sciences,2,Research Scientist,1,Travel_Rarely,26100,11,1.0,2.0,3.0,2,1,2.0,2.0,1.0,1,No,3,Medium
3499,Kavya Nair,39,Male,Single,3,Life Sciences,2,Laboratory Technician,1,Non-Travel,28510,15,0.0,9.0,2.0,5,3,0.0,3.0,8.5,6,No,3,Medium
3500,Neha Jones,36,Male,Single,3,Medical,2,Sales Representative,3,Non-Travel,34520,13,2.5,18.0,4.0,11,6,0.0,9.0,2.0,1,No,3,Medium
3501,Sarah Pillai,31,Male,Married,3,Life Sciences,2,Sales Executive,1,Travel_Frequently,52580,14,2.5,3.0,4.5,2,1,2.0,2.0,0.0,7,No,3,Medium
3502,John Thakur,28,Male,Married,4,Marketing,1,Sales Executive,1,Travel_Rarely,93550,11,0.0,6.0,4.0,5,3,0.0,4.0,0.0,2,No,3,Low
3503,Meera Sharma,35,Female,Divorced,2,Other,2,Manufacturing Director,1,Travel_Frequently,104960,13,1.0,5.0,2.0,5,3,0.0,2.0,1.0,9,No,3,Medium
3504,Sara Agarwal,49,Female,Married,2,Medical,1,Sales Executive,1,Travel_Rarely,63800,23,1.0,22.0,1.0,9,5,2.0,3.0,6.0,2,No,4,High
3505,John Smith,34,Male,Single,1,Technical Degree,1,Sales Executive,2,Travel_Frequently,26570,13,1.0,5.0,3.0,3,1,0.0,2.0,2.0,9,No,3,Medium
3506,Aditya Thakur,29,Male,Divorced,4,Medical,2,Research Scientist,3,Travel_Frequently,27160,18,0.0,8.0,2.0,7,4,1.0,1.0,0.0,1,No,3,Low
3507,Varun Reddy,42,Female,Single,2,Life Sciences,1,Healthcare Representative,1,Travel_Rarely,22010,12,1.0,16.0,3.0,1,0,0.0,0.0,4.0,21,No,3,Medium
3508,Nikhil Brown,29,Female,Married,2,Other,1,Healthcare Representative,2,Travel_Rarely,65400,22,0.0,10.0,2.0,10,6,1.0,2.0,1.0,4,No,4,High
3509,Sara Smith,38,Female,Married,3,Medical,2,Human Resources,1,Travel_Rarely,38160,13,2.0,7.0,2.0,7,4,5.0,0.0,1.0,1,No,3,Medium
3510,Pooja Gupta,28,Male,Divorced,4,Life Sciences,1,Manager,1,Travel_Frequently,52530,15,0.0,3.0,2.0,3,1,0.0,2.0,1.0,6,No,3,Medium
3511,Raj Miller,18,Male,Single,4,Medical,2,Laboratory Technician,3,Non-Travel,109650,18,0.0,0.0,4.5,0,0,0.0,0.0,1.0,2,Yes,3,Medium
3512,Sanjay Smith,33,Male,Single,2,Life Sciences,2,Sales Executive,1,Travel_Rarely,49360,14,0.0,6.0,2.0,5,3,0.0,3.0,0.0,3,Yes,3,Low
3513,Anjali Wilson,41,Male,Married,2,Medical,2,Research Scientist,2,Travel_Rarely,25430,12,0.0,6.0,3.0,1,0,0.0,0.0,3.0,4,No,3,Medium
3514,Divya Wilson,31,Female,Married,3,Technical Degree,1,Research Director,1,Travel_Frequently,53040,17,0.0,2.0,3.0,2,1,2.0,2.0,1.0,10,Yes,3,Medium
3515,Pooja Garcia,37,Male,Divorced,3,Life Sciences,2,Manufacturing Director,3,Travel_Rarely,165835,16,1.0,9.0,2.0,6,3,1.0,3.0,7.0,23,No,3,Medium
3516,Sarah Johnson,27,Female,Married,2,Medical,2,Healthcare Representative,1,Travel_Rarely,42600,11,2.0,4.0,2.0,4,2,2.0,2.0,1.0,6,No,3,Medium
3517,David Trivedi,34,Female,Married,1,Marketing,1,Laboratory Technician,2,Travel_Rarely,24760,19,0.0,6.0,2.0,6,3,1.0,3.0,1.0,1,No,3,Medium
3518,Emily Patel,35,Female,Single,3,Life Sciences,2,Laboratory Technician,3,Travel_Rarely,31020,13,1.0,6.0,3.0,5,3,1.0,4.0,1.0,6,No,3,Low
3519,Amit Shah,29,Male,Married,3,Life Sciences,2,Sales Executive,1,Travel_Rarely,22440,12,2.5,11.0,4.5,11,6,3.0,10.0,1.0,6,Yes,3,Low
3520,Zara Williams,40,Male,Single,4,Medical,2,Human Resources,4,Travel_Frequently,75960,11,0.0,20.0,0.5,18,10,2.0,13.0,8.5,2,No,3,Low
3521,Raj Shah,42,Male,Single,4,Life Sciences,1,Laboratory Technician,1,Travel_Frequently,22850,16,0.0,22.0,3.0,18,10,7.5,14.0,0.0,2,Yes,3,Low
3522,Sara Jones,42,Male,Single,2,Life Sciences,2,Laboratory Technician,4,Travel_Rarely,30340,21,1.0,9.0,3.0,6,3,1.0,5.0,7.0,1,No,4,High
3523,Emily Kumar,35,Male,Married,3,Medical,2,Healthcare Representative,1,Travel_Rarely,57150,24,2.0,10.0,0.5,8,4,1.0,7.0,6.0,5,No,4,High
3524,Sanjay Nair,24,Female,Single,4,Life Sciences,1,Laboratory Technician,1,Travel_Rarely,25760,17,2.5,6.0,3.0,4,2,1.0,2.0,8.0,7,No,3,Medium
3525,Zara Reddy,28,Male,Married,4,Life Sciences,2,Sales Executive,2,Travel_Rarely,41970,13,0.0,1.0,3.0,1,0,0.0,0.0,1.0,15,Yes,3,Medium
3526,Olivia Pillai,26,Male,Married,4,Life Sciences,2,Sales Representative,2,Travel_Rarely,143360,21,1.0,8.0,3.0,8,4,0.0,7.0,1.0,1,No,4,High
3527,Suresh Kumar,30,Female,Married,2,Life Sciences,2,Manufacturing Director,1,Travel_Rarely,34480,11,0.0,10.0,3.0,10,6,1.0,4.0,1.0,7,No,3,Medium
3528,Emma Singh,40,Male,Married,4,Life Sciences,2,Research Scientist,2,Travel_Frequently,165835,20,2.5,16.0,2.0,1,0,0.0,0.0,3.0,26,No,4,High
3529,Meera Brown,35,Female,Divorced,5,Medical,2,Research Scientist,2,Travel_Rarely,65380,16,1.0,15.0,3.0,7,4,6.0,4.0,2.0,18,No,3,Medium
3530,John Reddy,34,Male,Single,2,Life Sciences,2,Research Director,1,Travel_Frequently,43060,11,0.0,14.0,2.0,13,7,4.0,9.0,0.0,6,No,3,Medium
3531,Priya Verma,35,Female,Married,3,Medical,2,Laboratory Technician,2,Travel_Frequently,22580,11,1.0,2.0,2.0,2,1,2.0,2.0,1.0,3,No,3,Medium
3532,Olivia Sharma,43,Female,Single,3,Marketing,1,Research Scientist,3,Travel_Rarely,45220,15,1.0,7.0,3.0,4,2,1.0,3.0,8.0,5,Yes,3,Low
3533,Aditya Rao,32,Female,Divorced,2,Other,2,Research Scientist,2,Non-Travel,44870,11,0.0,1.0,4.5,1,0,0.0,0.0,1.0,11,No,3,Low
3534,Aarav Patel,56,Male,Divorced,2,Other,2,Healthcare Representative,2,Travel_Rarely,44490,15,0.0,28.0,3.0,5,3,4.0,2.0,2.0,3,No,3,Low
3535,Sara Smith,29,Male,Married,1,Life Sciences,2,Laboratory Technician,1,Travel_Rarely,22180,24,1.0,10.0,1.0,10,6,0.0,8.0,1.0,26,No,4,High
3536,Ishaan Williams,19,Male,Single,4,Life Sciences,2,Laboratory Technician,2,Travel_Rarely,165835,12,0.0,1.0,2.0,1,0,0.0,0.0,1.0,23,No,3,Medium
3537,Sara Mehta,45,Female,Married,3,Life Sciences,2,Sales Representative,2,Travel_Rarely,132120,13,0.0,7.0,4.0,3,1,0.0,2.0,4.0,22,No,3,Low
3538,Tanvi Thakur,37,Male,Married,4,Life Sciences,2,Research Scientist,3,Travel_Rarely,65770,13,0.0,14.0,1.0,14,8,3.0,11.0,1.0,14,No,3,Medium
3539,Zara Singh,20,Male,Single,3,Medical,2,Research Director,5,Travel_Rarely,83920,17,0.0,2.0,4.5,2,1,1.0,2.0,1.0,6,No,3,Low
3540,Dev Joshi,44,Male,Single,2,Human Resources,3,Sales Executive,3,Travel_Rarely,45580,13,1.0,6.0,2.0,6,3,0.0,2.0,1.0,6,Yes,3,Medium
3541,Kavya Garcia,53,Male,Divorced,4,Life Sciences,2,Research Director,1,Travel_Rarely,40310,12,1.0,26.0,3.0,7,4,4.0,7.0,3.0,6,No,3,Medium
3542,Varun Shah,29,Male,Married,3,Medical,2,Sales Executive,1,Travel_Rarely,79690,14,0.0,6.0,3.0,5,3,1.0,3.0,0.0,23,No,3,Medium
3543,Riya Garcia,22,Male,Married,4,Medical,2,Sales Representative,1,Travel_Frequently,26540,24,0.0,1.0,4.5,0,0,0.0,0.0,0.0,22,Yes,4,High
3544,Pooja Mehta,46,Male,Married,3,Life Sciences,2,Research Scientist,2,Travel_Rarely,165550,14,2.0,28.0,4.0,18,10,7.5,9.0,8.0,2,No,3,Medium
3545,Anjali Malhotra,44,Male,Single,3,Life Sciences,2,Sales Representative,1,Non-Travel,45560,13,0.0,6.0,4.0,0,0,0.0,0.0,2.0,20,No,3,Medium
3546,Sneha Rao,33,Female,Married,4,Life Sciences,2,Manager,1,Travel_Rarely,60910,15,0.0,5.0,4.5,5,3,1.0,4.0,1.0,28,No,3,Low
3547,Nikhil Reddy,41,Male,Divorced,3,Life Sciences,2,Sales Representative,2,Non-Travel,165835,16,0.0,5.0,2.0,1,0,0.0,0.0,6.0,12,Yes,3,Low
3548,John Wilson,30,Male,Divorced,3,Marketing,1,Sales Executive,3,Travel_Rarely,48100,18,0.0,8.0,3.0,4,2,0.0,3.0,8.0,20,No,3,Low
3549,Arjun Kumar,40,Male,Married,3,Medical,1,Manufacturing Director,1,Travel_Frequently,45230,16,1.0,5.0,4.5,0,0,0.0,0.0,5.0,9,No,3,Medium
3550,Divya Jones,50,Female,Married,4,Life Sciences,2,Healthcare Representative,2,Travel_Frequently,32020,24,1.0,28.5,2.0,2,1,2.0,2.0,2.0,25,No,4,High
3551,Pooja Jones,28,Male,Married,3,Technical Degree,2,Research Scientist,2,Travel_Rarely,23510,16,0.0,6.0,4.0,6,3,3.0,3.0,1.0,6,No,3,Medium
3552,Shivam Shah,46,Male,Married,4,Other,2,Manager,3,Travel_Rarely,17020,21,0.0,25.0,2.0,4,2,0.0,3.0,5.0,8,No,4,High
3553,Ishaan Malhotra,35,Male,Married,4,Marketing,1,Laboratory Technician,1,Travel_Rarely,165835,20,1.0,15.0,3.0,7,4,1.0,7.0,3.0,4,No,4,High
3554,Arjun Reddy,24,Male,Married,4,Human Resources,3,Manufacturing Director,3,Travel_Rarely,28860,19,1.0,1.0,4.5,1,0,0.0,0.0,1.0,28,Yes,3,Medium
3555,Ishaan Joshi,33,Female,Married,2,Medical,2,Sales Executive,1,Travel_Frequently,20970,14,2.0,10.0,4.5,10,6,0.0,1.0,1.0,9,No,3,Low
3556,Aditya Williams,36,Male,Divorced,2,Medical,2,Sales Executive,2,Travel_Rarely,119350,11,2.5,7.0,4.5,7,4,1.0,7.0,1.0,9,No,3,Medium
3557,Emma Reddy,30,Male,Divorced,3,Marketing,1,Sales Executive,1,Travel_Rarely,25460,14,1.0,10.0,2.0,10,6,7.5,9.0,1.0,29,No,3,Medium
3558,Riya Miller,44,Male,Single,4,Medical,2,Research Scientist,2,Travel_Rarely,25640,12,2.5,20.0,3.0,18,10,7.5,14.5,1.0,3,No,3,Medium
3559,Rahul Trivedi,20,Male,Single,4,Medical,2,Human Resources,1,Travel_Rarely,84120,13,0.0,2.0,2.0,2,1,2.0,2.0,1.0,18,No,3,Medium
3560,Nikhil Reddy,46,Female,Divorced,1,Medical,1,Sales Executive,1,Travel_Rarely,141180,22,0.0,12.0,3.0,6,3,1.0,4.0,2.0,9,No,4,High
3561,Raj Smith,42,Male,Married,4,Medical,2,Sales Executive,5,Non-Travel,165835,11,0.0,10.0,3.0,4,2,0.0,3.0,7.0,5,No,3,Medium
3562,Sanjay Reddy,60,Male,Divorced,2,Life Sciences,1,Sales Executive,2,Travel_Rarely,25640,14,1.0,12.0,3.0,11,6,1.0,9.0,0.0,2,No,3,Medium
3563,Amit Garcia,32,Female,Married,3,Life Sciences,1,Sales Executive,1,Travel_Frequently,102660,11,0.0,2.0,3.0,2,1,2.0,2.0,1.0,10,No,3,Medium
3564,Sarah Patel,32,Female,Single,3,Life Sciences,2,Research Scientist,2,Travel_Frequently,50700,12,1.0,10.0,4.5,8,4,0.0,7.0,4.0,9,No,3,Medium
3565,Ishaan Wilson,36,Male,Divorced,2,Marketing,1,Healthcare Representative,4,Travel_Rarely,165835,18,0.0,17.0,2.0,7,4,7.0,7.0,2.0,3,No,3,Low
3566,Karan Brown,33,Male,Married,2,Marketing,1,Research Scientist,1,Travel_Rarely,42300,12,0.0,15.0,0.5,14,8,4.0,10.0,0.0,26,No,3,Medium
3567,Vivek Jones,40,Female,Divorced,3,Medical,2,Research Scientist,2,Travel_Rarely,37800,12,0.0,7.0,2.0,5,3,1.0,3.0,7.0,1,No,3,Low
3568,Aarav Reddy,25,Female,Single,2,Medical,2,Laboratory Technician,1,Travel_Rarely,27680,22,1.0,5.0,0.5,4,2,1.0,1.0,0.0,6,No,4,High
3569,Rohit Brown,30,Female,Married,3,Marketing,1,Research Scientist,1,Travel_Rarely,90710,19,1.0,12.0,2.0,11,6,5.0,7.0,0.0,9,No,3,Medium
3570,Dev Joshi,42,Male,Married,2,Medical,3,Sales Executive,1,Travel_Frequently,106480,13,1.0,20.0,1.0,1,0,0.0,0.0,3.0,8,No,3,Low
3571,Aryan Williams,35,Male,Married,1,Life Sciences,2,Sales Executive,2,Non-Travel,136100,22,2.0,16.0,4.0,13,7,4.0,12.0,4.0,1,No,4,High
3572,Olivia Singh,27,Male,Married,3,Life Sciences,2,Manufacturing Director,3,Travel_Rarely,34080,24,0.0,9.0,2.0,9,5,6.0,8.0,1.0,7,No,4,High
3573,Divya Joshi,54,Male,Divorced,2,Medical,2,Sales Representative,2,Travel_Frequently,29830,14,1.0,28.5,2.0,5,3,1.0,4.0,7.0,9,No,3,Medium
3574,Sarah Rao,44,Male,Married,4,Life Sciences,3,Laboratory Technician,5,Travel_Rarely,76320,21,0.0,10.0,3.0,10,6,7.0,7.0,1.0,4,No,4,High
3575,Ishaan Malhotra,19,Male,Single,2,Other,1,Healthcare Representative,3,Non-Travel,98240,18,0.0,1.0,2.0,1,0,0.0,0.0,1.0,2,Yes,3,Medium
3576,Sanjay Nair,29,Male,Divorced,4,Life Sciences,2,Manufacturing Director,1,Travel_Rarely,99500,20,0.0,3.0,3.0,3,1,1.0,2.0,1.0,19,No,4,High
3577,Arjun Brown,54,Male,Married,4,Life Sciences,2,Sales Executive,2,Travel_Rarely,20930,19,0.0,28.5,2.0,10,6,0.0,9.0,3.0,9,No,3,Medium
3578,Nikhil Gupta,31,Male,Married,3,Life Sciences,2,Laboratory Technician,2,Travel_Rarely,99800,12,0.0,6.0,1.0,6,3,0.0,1.0,1.0,21,No,3,Low
3579,Varun Johnson,31,Female,Single,1,Marketing,1,Sales Executive,1,Travel_Rarely,38940,12,0.0,10.0,3.0,10,6,1.0,8.0,1.0,24,No,3,Medium
3580,Arjun Verma,59,Male,Single,4,Technical Degree,2,Research Scientist,1,Travel_Rarely,40510,16,2.5,13.0,3.0,6,3,0.0,5.0,5.0,3,No,3,Medium
3581,Aditya Williams,43,Male,Married,2,Life Sciences,2,Laboratory Technician,3,Travel_Rarely,165835,17,1.0,25.0,3.0,8,4,0.0,7.0,3.0,11,No,3,Medium
3582,Sara Williams,49,Male,Married,4,Life Sciences,1,Research Scientist,2,Travel_Rarely,62300,14,0.0,23.0,2.0,1,0,0.0,0.0,2.0,14,No,3,Medium
3583,Sara Pillai,36,Female,Married,2,Marketing,1,Laboratory Technician,1,Travel_Frequently,47170,19,1.0,12.0,3.0,11,6,0.0,7.0,1.0,5,No,3,Medium
3584,Sanjay Johnson,48,Female,Single,4,Life Sciences,2,Laboratory Technician,2,Travel_Rarely,132370,13,1.0,7.0,2.0,1,0,0.0,0.0,5.0,1,No,3,Medium
3585,Neha Garcia,27,Male,Divorced,4,Life Sciences,2,Laboratory Technician,2,Travel_Rarely,37550,19,0.0,5.0,2.0,5,3,0.0,3.0,1.0,6,No,3,Medium
3586,Sarah Brown,29,Male,Divorced,4,Medical,1,Laboratory Technician,1,Travel_Rarely,65820,19,1.0,6.0,3.0,6,3,1.0,0.0,1.0,17,No,3,Medium
3587,Olivia Nair,48,Male,Single,1,Marketing,1,Manufacturing Director,2,Travel_Rarely,74060,14,2.0,25.0,2.0,1,0,0.0,0.0,6.0,1,No,3,Medium
3588,Ananya Reddy,29,Female,Divorced,3,Technical Degree,2,Healthcare Representative,2,Travel_Rarely,48050,16,1.0,9.0,2.0,7,4,1.0,7.0,3.0,3,No,3,Medium
3589,Vikram Williams,34,Female,Married,4,Medical,1,Laboratory Technician,2,Travel_Rarely,27410,15,1.0,2.0,3.0,1,0,0.0,0.0,0.0,9,No,3,Medium
3590,Meera Joshi,44,Female,Married,3,Life Sciences,2,Laboratory Technician,1,Travel_Rarely,42620,18,0.0,26.0,2.0,18,10,3.0,10.0,7.0,4,No,3,Medium
3591,Pooja Brown,33,Female,Divorced,2,Life Sciences,2,Research Scientist,2,Travel_Rarely,161840,13,1.0,10.0,2.0,9,5,0.0,8.0,0.0,8,No,3,Medium
3592,Akash Malhotra,19,Male,Single,4,Marketing,1,Laboratory Technician,3,Travel_Rarely,115570,22,0.0,1.0,0.5,1,0,0.0,1.0,1.0,2,No,4,High
3593,Dev Brown,23,Male,Married,3,Medical,1,Laboratory Technician,3,Travel_Rarely,18780,13,1.0,1.0,2.0,1,0,0.0,1.0,1.0,2,No,3,Medium
3594,Priya Kumar,25,Male,Single,1,Life Sciences,2,Manufacturing Director,1,Travel_Frequently,109320,11,1.0,1.0,3.0,1,0,1.0,0.0,1.0,1,Yes,3,Medium
3595,Gaurav Verma,26,Male,Single,3,Life Sciences,3,Research Scientist,2,Travel_Rarely,68110,11,1.0,8.0,4.0,8,4,2.0,2.0,1.0,9,No,3,Medium
3596,Priya Wilson,45,Male,Single,3,Human Resources,3,Laboratory Technician,2,Travel_Rarely,43060,11,2.0,26.0,3.0,18,10,1.0,11.0,2.0,12,Yes,3,Low
3597,Rohit Jones,55,Female,Divorced,3,Life Sciences,2,Manager,2,Non-Travel,48590,24,1.0,28.5,3.0,18,10,7.5,0.0,1.0,27,No,4,High
3598,Varun Garcia,21,Female,Single,2,Medical,2,Research Scientist,4,Travel_Frequently,53370,14,1.0,2.0,2.0,2,1,2.0,2.0,1.0,20,Yes,3,Low
3599,Karan Miller,46,Male,Married,4,Life Sciences,2,Manufacturing Director,1,Travel_Rarely,23400,13,1.0,26.0,2.0,11,6,0.0,8.0,2.0,1,No,3,Medium
3600,Divya Pillai,34,Male,Single,4,Medical,1,Sales Representative,3,Travel_Rarely,74910,14,1.0,4.0,3.0,3,1,0.0,2.0,0.0,13,No,3,Low
3601,Suresh Joshi,51,Male,Divorced,3,Life Sciences,2,Research Director,2,Travel_Frequently,105270,14,0.0,28.5,3.0,18,10,7.5,10.0,4.0,14,No,3,Medium
3602,Gaurav Singh,59,Male,Single,2,Life Sciences,2,Research Scientist,2,Travel_Rarely,165835,21,1.0,25.0,2.0,9,5,5.0,4.0,6.0,4,No,4,High
3603,Aarav Reddy,34,Female,Divorced,4,Medical,1,Research Scientist,3,Travel_Frequently,88340,13,1.0,15.0,1.0,11,6,5.0,10.0,4.0,14,No,3,Medium
3604,Olivia Mehta,28,Female,Single,3,Other,2,Manager,1,Travel_Frequently,55770,19,0.0,5.0,3.0,4,2,0.0,2.0,0.0,2,No,3,Medium
3605,Nikhil Miller,44,Male,Divorced,4,Life Sciences,2,Research Scientist,2,Travel_Rarely,47070,17,0.0,26.0,4.0,18,10,7.5,13.0,1.0,3,No,3,Low
3606,Vivek Sharma,34,Male,Married,3,Life Sciences,1,Sales Executive,2,Travel_Frequently,24000,18,1.0,14.0,3.0,10,6,1.0,8.0,4.0,1,No,3,Medium
3607,Rahul Singh,35,Male,Married,3,Life Sciences,2,Healthcare Representative,4,Travel_Rarely,98240,19,0.0,4.0,2.0,3,1,2.0,2.0,0.0,9,No,3,Medium
3608,Divya Gupta,42,Female,Married,4,Life Sciences,2,Manager,1,Travel_Rarely,64470,13,0.0,18.0,3.0,1,0,0.0,0.0,6.0,23,No,3,Medium
3609,Sara Patel,43,Female,Single,2,Medical,2,Laboratory Technician,1,Travel_Rarely,165835,18,2.0,23.0,3.0,18,10,7.5,14.5,3.0,7,No,3,Medium
3610,Divya Mehta,36,Male,Single,4,Medical,2,Healthcare Representative,1,Travel_Rarely,27250,21,1.0,18.0,4.0,16,9,5.0,12.0,8.5,2,No,4,High
3611,Kunal Agarwal,44,Female,Married,4,Life Sciences,2,Laboratory Technician,2,Travel_Rarely,62720,19,1.0,10.0,3.0,10,6,0.0,5.0,1.0,21,Yes,3,Medium
3612,Neha Malhotra,28,Female,Married,3,Life Sciences,2,Sales Representative,2,Travel_Frequently,21270,14,0.0,2.0,3.0,2,1,2.0,2.0,1.0,2,No,3,Medium
3613,Raj Trivedi,51,Male,Single,4,Medical,1,Research Scientist,2,Travel_Frequently,165835,17,0.0,8.0,3.0,7,4,7.0,7.0,0.0,21,No,3,Medium
3614,Aarav Garcia,30,Male,Single,4,Other,2,Research Scientist,1,Non-Travel,20960,11,2.5,10.0,2.0,8,4,1.0,7.0,7.0,2,No,3,Medium
3615,David Trivedi,29,Female,Divorced,4,Technical Degree,2,Sales Representative,1,Travel_Rarely,28860,13,0.0,10.0,4.0,7,4,7.0,7.0,3.0,29,Yes,3,Medium
3616,Rohit Smith,28,Female,Single,4,Life Sciences,1,Sales Representative,2,Travel_Rarely,20330,15,1.0,5.0,4.5,3,1,1.0,2.0,2.0,1,No,3,Medium
3617,Nikhil Nair,25,Male,Single,2,Life Sciences,2,Research Scientist,1,Travel_Rarely,36220,25,0.0,2.0,0.5,2,1,2.0,1.0,1.0,18,No,4,High
3618,Kunal Singh,32,Female,Married,4,Other,2,Sales Executive,1,Travel_Rarely,42330,11,0.0,10.0,4.5,10,6,0.0,8.0,1.0,10,No,3,Medium
3619,Emily Malhotra,45,Male,Single,3,Medical,2,Laboratory Technician,3,Travel_Frequently,36810,17,1.0,22.0,2.0,0,0,0.0,0.0,3.0,19,No,3,Medium
3620,Ishaan Wilson,39,Female,Divorced,1,Marketing,1,Laboratory Technician,1,Travel_Rarely,54600,13,2.0,21.0,3.0,18,10,7.5,2.0,6.0,29,No,3,Medium
3621,Rahul Trivedi,58,Male,Divorced,3,Other,2,Laboratory Technician,2,Travel_Rarely,21870,18,1.0,2.0,1.0,2,1,2.0,2.0,1.0,27,No,3,Low
3622,Divya Gupta,32,Female,Married,3,Technical Degree,2,Sales Executive,1,Travel_Rarely,96020,13,1.0,10.0,3.0,10,6,1.0,1.0,1.0,5,Yes,3,Medium
3623,Varun Rao,39,Male,Single,2,Life Sciences,2,Laboratory Technician,2,Travel_Rarely,28360,20,0.0,6.0,3.0,5,3,0.0,3.0,0.0,18,Yes,4,High
3624,Arjun Brown,30,Male,Married,1,Marketing,1,Research Director,4,Travel_Rarely,40890,18,0.0,10.0,2.0,9,5,6.0,7.0,0.0,9,No,3,Medium
3625,Neha Agarwal,36,Male,Married,3,Marketing,1,Sales Executive,2,Travel_Rarely,165835,12,0.0,10.0,4.5,7,4,1.0,7.0,3.0,1,No,3,Medium
3626,Kavya Thakur,46,Male,Single,3,Medical,1,Research Scientist,1,Travel_Rarely,26190,12,1.0,10.0,3.0,7,4,5.0,7.0,6.0,4,No,3,Medium
3627,Vivek Garcia,28,Male,Married,3,Medical,2,Sales Executive,5,Non-Travel,56790,13,0.0,10.0,2.0,9,5,7.0,5.0,0.0,1,No,3,Medium
3628,Deepika Agarwal,50,Female,Married,2,Medical,2,Laboratory Technician,5,Travel_Rarely,154020,21,0.0,25.0,3.0,3,1,1.0,2.0,4.0,20,No,4,High
3629,David Agarwal,40,Male,Single,1,Other,1,Laboratory Technician,1,Travel_Rarely,59850,13,2.5,9.0,1.0,5,3,1.0,0.0,2.0,8,Yes,3,Medium
3630,Arjun Patel,52,Male,Single,2,Technical Degree,2,Laboratory Technician,3,Travel_Rarely,25790,19,1.0,10.0,1.0,8,4,7.0,7.0,8.5,3,Yes,3,Low
3631,Deepika Kumar,30,Female,Married,4,Medical,2,Sales Executive,1,Travel_Rarely,30410,11,1.0,9.0,2.0,9,5,0.0,8.0,1.0,6,No,3,Low
3632,Vikram Wilson,39,Male,Single,1,Medical,2,Healthcare Representative,2,Travel_Rarely,34470,14,0.0,9.0,4.5,8,4,1.0,7.0,0.0,26,No,3,Medium
3633,Raj Thakur,31,Male,Divorced,2,Medical,2,Sales Executive,1,Non-Travel,165835,12,1.0,10.0,1.0,10,6,7.5,6.0,1.0,1,No,3,Medium
3634,Vivek Pillai,41,Female,Single,3,Life Sciences,1,Research Director,1,Non-Travel,27730,11,0.0,19.0,3.0,18,10,7.5,9.0,1.0,6,No,3,Medium
3635,Priya Thakur,31,Male,Single,1,Life Sciences,2,Sales Executive,1,Travel_Frequently,71040,14,1.0,3.0,3.0,3,1,2.0,2.0,1.0,3,Yes,3,Medium
3636,Karan Verma,44,Male,Married,3,Life Sciences,1,Laboratory Technician,1,Travel_Rarely,63220,11,1.0,10.0,2.0,3,1,1.0,2.0,4.0,5,Yes,3,Low
3637,Rohit Brown,42,Male,Married,3,Life Sciences,2,Laboratory Technician,2,Non-Travel,20830,12,2.0,21.0,3.0,18,10,2.0,10.0,0.0,4,No,3,Medium
3638,Amit Mehta,55,Male,Married,3,Technical Degree,1,Manufacturing Director,2,Travel_Rarely,83810,15,1.0,23.0,3.0,18,10,7.5,11.0,4.0,11,No,3,Medium
3639,Gaurav Brown,56,Female,Single,2,Medical,1,Manufacturing Director,3,Travel_Rarely,26910,16,1.0,28.5,4.5,7,4,7.0,7.0,6.0,3,No,3,Medium
3640,Rahul Shah,40,Male,Divorced,1,Life Sciences,2,Laboratory Technician,1,Non-Travel,42860,15,0.0,6.0,4.5,4,2,0.0,0.0,8.5,1,No,3,Medium
3641,Shivam Gupta,34,Male,Divorced,2,Technical Degree,2,Research Director,2,Travel_Rarely,26590,24,2.5,10.0,2.0,9,5,1.0,6.0,0.0,3,No,4,High
3642,Tanvi Sharma,40,Male,Single,3,Medical,1,Sales Executive,2,Travel_Rarely,94340,13,1.0,9.0,3.0,9,5,7.5,8.0,1.0,4,No,3,Medium
3643,Ananya Brown,41,Female,Divorced,4,Other,1,Healthcare Representative,2,Travel_Frequently,55610,11,0.0,10.0,2.0,9,5,1.0,7.0,0.0,1,No,3,Low
3644,Sneha Patel,35,Male,Single,2,Technical Degree,1,Manager,2,Travel_Frequently,66460,13,1.0,9.0,2.0,9,5,1.0,1.0,1.0,1,No,3,Medium
3645,Nikhil Verma,51,Male,Divorced,2,Life Sciences,1,Manufacturing Director,4,Travel_Rarely,77250,13,1.0,28.5,2.0,18,10,0.0,10.0,1.0,18,No,3,Medium
3646,Sneha Johnson,38,Female,Divorced,4,Life Sciences,1,Research Scientist,1,Travel_Rarely,107250,18,0.0,11.0,4.5,7,4,1.0,7.0,3.0,2,No,3,Low
3647,Gaurav Malhotra,34,Male,Single,3,Life Sciences,1,Research Scientist,2,Travel_Rarely,88470,16,0.0,10.0,3.0,10,6,7.5,6.0,1.0,4,No,3,Medium
3648,Divya Nair,25,Female,Married,2,Medical,2,Research Scientist,4,Travel_Rarely,20450,19,0.0,7.0,3.0,3,1,1.0,2.0,3.0,6,No,3,Medium
3649,Gaurav Gupta,58,Male,Married,4,Technical Degree,1,Sales Executive,2,Travel_Rarely,10090,13,2.0,28.5,3.0,10,6,5.0,9.0,7.0,1,Yes,3,Medium
3650,Nikhil Jones,40,Female,Married,4,Medical,2,Research Scientist,1,Travel_Rarely,33480,22,0.0,7.0,2.0,4,2,0.0,3.0,3.0,14,No,4,High
3651,Vikram Joshi,36,Male,Married,2,Life Sciences,1,Research Scientist,1,Travel_Frequently,12810,11,0.0,17.0,2.0,15,9,6.0,13.0,2.0,16,No,3,Low
3652,Emma Mehta,48,Male,Single,1,Life Sciences,2,Research Scientist,2,Travel_Rarely,28190,20,0.0,11.0,2.0,10,6,0.0,8.0,1.0,2,No,4,High
3653,David Joshi,27,Female,Married,3,Life Sciences,2,Laboratory Technician,2,Travel_Rarely,48510,18,0.0,5.0,2.0,1,0,0.0,0.0,8.0,2,No,3,Medium
3654,Riya Mehta,51,Female,Single,1,Medical,2,Manufacturing Director,3,Travel_Rarely,40280,14,0.0,28.5,3.0,5,3,0.0,3.0,3.0,4,No,3,Medium
3655,Vikram Joshi,18,Male,Single,4,Medical,2,Sales Executive,2,Non-Travel,27200,22,1.0,0.0,2.0,0,0,0.0,0.0,1.0,1,No,4,High
3656,Michael Kumar,35,Female,Married,4,Other,2,Research Director,2,Travel_Rarely,81200,13,0.0,10.0,2.0,9,5,0.0,0.0,0.0,1,No,3,Medium
3657,Rahul Singh,27,Female,Single,4,Medical,2,Research Director,1,Travel_Frequently,46470,17,0.0,8.0,3.0,6,3,0.0,0.0,3.0,26,No,3,Medium
3658,Sarah Pillai,55,Male,Single,3,Technical Degree,2,Human Resources,1,Travel_Rarely,46800,14,2.5,24.0,0.5,18,10,3.0,8.0,6.0,19,Yes,3,Medium
3659,Suresh Jones,56,Male,Married,4,Life Sciences,2,Laboratory Technician,2,Travel_Rarely,32210,15,2.0,28.5,2.0,18,10,7.5,9.0,4.0,24,No,3,Medium
3660,Riya Verma,34,Male,Divorced,2,Life Sciences,1,Research Scientist,2,Non-Travel,86210,17,1.0,5.0,1.0,5,3,0.0,0.0,1.0,1,No,3,Medium
3661,Dev Mehta,40,Male,Divorced,3,Life Sciences,2,Sales Executive,2,Travel_Rarely,45770,11,1.0,15.0,3.0,12,7,7.5,8.0,5.0,3,No,3,Medium
3662,David Garcia,34,Male,Married,3,Life Sciences,2,Research Scientist,1,Travel_Rarely,45530,18,1.0,10.0,2.0,8,4,7.0,7.0,4.0,5,No,3,Medium
3663,Priya Garcia,31,Female,Single,2,Medical,2,Manufacturing Director,2,Travel_Frequently,53960,17,1.0,3.0,2.0,1,0,0.0,0.0,7.0,2,Yes,3,Medium
3664,Divya Agarwal,35,Male,Married,2,Medical,2,Manufacturing Director,1,Travel_Frequently,67960,13,0.0,5.0,2.0,4,2,3.0,2.0,0.0,1,Yes,3,Medium
3665,Meera Gupta,38,Female,Divorced,3,Medical,2,Sales Representative,2,Travel_Frequently,76250,15,0.0,4.0,2.0,4,2,0.0,3.0,1.0,7,No,3,Medium
3666,Divya Pillai,34,Female,Single,4,Other,2,Laboratory Technician,2,Travel_Rarely,74120,24,0.0,14.0,4.0,14,8,4.0,11.0,1.0,10,No,4,High
3667,Kavya Mehta,28,Female,Married,3,Life Sciences,2,Healthcare Representative,2,Travel_Rarely,111590,12,0.0,5.0,2.0,5,3,0.0,4.0,1.0,2,No,3,Medium
3668,Kavya Singh,31,Male,Married,2,Life Sciences,2,Sales Executive,2,Travel_Rarely,49600,15,0.0,10.0,3.0,10,6,6.0,7.0,1.0,15,Yes,3,Medium
3669,John Nair,39,Female,Married,4,Technical Degree,2,Healthcare Representative,2,Travel_Rarely,104750,11,1.0,8.0,3.0,5,3,1.0,4.0,3.0,17,No,3,Medium
3670,Ananya Thakur,51,Male,Married,3,Medical,2,Sales Executive,2,Travel_Frequently,148140,11,1.0,14.0,2.0,4,2,3.0,2.0,2.0,20,No,3,Low
3671,Michael Malhotra,41,Male,Divorced,3,Life Sciences,2,Sales Executive,4,Travel_Frequently,165835,12,1.0,12.0,2.0,6,3,3.0,3.0,3.0,1,No,3,Medium
3672,Emily Trivedi,37,Female,Married,2,Medical,2,Healthcare Representative,1,Travel_Rarely,54050,15,0.0,8.0,3.0,6,3,1.0,3.0,7.0,2,No,3,Medium
3673,Varun Joshi,33,Female,Married,3,Medical,2,Sales Executive,1,Travel_Frequently,87930,17,0.0,8.0,2.0,5,3,1.0,2.0,6.0,2,No,3,Medium
3674,Aditya Malhotra,32,Male,Married,4,Medical,2,Research Director,5,Travel_Rarely,165835,12,1.0,4.0,3.0,3,1,1.0,2.0,0.0,1,No,3,Medium
3675,David Williams,39,Male,Married,2,Life Sciences,2,Sales Executive,2,Non-Travel,38750,15,0.0,13.0,3.0,6,3,0.0,5.0,3.0,29,No,3,Medium
3676,Vivek Jones,25,Male,Married,4,Life Sciences,2,Sales Executive,1,Travel_Rarely,22160,13,2.5,6.0,2.0,3,1,1.0,2.0,2.0,7,No,3,Low
3677,Meera Malhotra,52,Male,Married,1,Life Sciences,2,Sales Executive,2,Travel_Frequently,117130,14,0.0,24.0,2.0,5,3,0.0,2.0,2.0,2,No,3,Medium
3678,David Thakur,43,Male,Single,2,Medical,2,Laboratory Technician,1,Travel_Rarely,78610,14,2.0,20.0,1.0,18,10,1.0,8.0,1.0,2,No,3,Low
3679,Ishaan Gupta,27,Male,Married,4,Life Sciences,2,Human Resources,1,Travel_Rarely,37080,16,2.0,6.0,2.0,6,3,4.0,4.0,1.0,2,No,3,Medium
3680,Michael Verma,27,Female,Single,5,Life Sciences,2,Research Scientist,1,Travel_Rarely,137700,18,1.0,8.0,3.0,8,4,7.0,7.0,1.0,2,Yes,3,Medium
3681,Akash Johnson,26,Male,Single,2,Other,2,Laboratory Technician,3,Travel_Rarely,53040,20,1.0,5.0,2.0,4,2,1.0,1.0,0.0,2,No,4,High
3682,Aarav Patel,42,Female,Married,3,Marketing,1,Research Scientist,3,Travel_Rarely,26420,13,1.0,21.0,3.0,18,10,0.0,9.0,0.0,23,No,3,Low
3683,Olivia Pillai,52,Female,Married,2,Life Sciences,2,Healthcare Representative,1,Travel_Rarely,27590,18,1.0,12.0,4.5,5,3,0.0,4.0,8.5,5,No,3,Low
3684,Varun Reddy,37,Male,Single,5,Life Sciences,2,Manager,2,Travel_Rarely,68040,13,1.0,8.0,1.0,3,1,0.0,2.0,4.0,20,No,3,Medium
3685,Amit Patel,35,Female,Single,4,Medical,2,Research Director,2,Travel_Frequently,61420,15,1.0,10.0,2.0,2,1,2.0,2.0,2.0,6,No,3,Medium
3686,Vikram Kumar,25,Male,Married,4,Medical,2,Sales Executive,2,Travel_Rarely,25000,14,2.0,7.0,2.0,3,1,0.0,2.0,4.0,1,No,3,Low
3687,Sanjay Malhotra,26,Male,Single,4,Life Sciences,2,Research Scientist,1,Travel_Rarely,63890,22,0.0,8.0,2.0,7,4,0.0,7.0,0.0,29,No,4,High
3688,Kunal Miller,29,Male,Single,3,Life Sciences,1,Laboratory Technician,1,Travel_Rarely,111030,12,0.0,10.0,4.5,10,6,0.0,9.0,1.0,9,No,3,Low
3689,Sara Trivedi,49,Female,Single,5,Medical,1,Healthcare Representative,2,Travel_Frequently,23420,18,0.0,20.0,2.0,4,2,1.0,3.0,3.0,6,Yes,3,Low
3690,Kunal Nair,29,Female,Single,2,Marketing,1,Laboratory Technician,2,Travel_Frequently,68110,15,1.0,9.0,2.0,8,4,7.0,7.0,0.0,3,Yes,3,Medium
3691,Suresh Sharma,54,Female,Single,3,Medical,1,Manager,2,Travel_Rarely,22970,18,2.0,28.5,2.0,18,10,7.5,7.0,6.0,1,No,3,Medium
3692,Divya Trivedi,58,Female,Married,3,Life Sciences,1,Laboratory Technician,2,Travel_Rarely,24500,12,1.0,28.5,2.0,9,5,1.0,5.0,3.0,22,No,3,Medium
3693,Sara Kumar,55,Female,Divorced,3,Life Sciences,2,Research Scientist,3,Travel_Rarely,50930,16,1.0,28.5,3.0,7,4,0.0,0.0,2.0,7,No,3,Medium
3694,Vivek Shah,36,Male,Single,3,Medical,2,Sales Executive,2,Travel_Rarely,53090,13,0.0,15.0,4.5,5,3,0.0,1.0,3.0,1,No,3,Low
3695,Divya Johnson,31,Male,Single,3,Life Sciences,1,Manager,2,Travel_Frequently,30570,19,0.0,1.0,3.0,1,0,0.0,0.0,1.0,4,Yes,3,Medium
3696,Olivia Pillai,30,Male,Divorced,3,Life Sciences,1,Sales Executive,3,Travel_Rarely,51210,13,0.0,8.0,4.0,3,1,0.0,2.0,7.0,3,No,3,Medium
3697,Ishaan Joshi,31,Male,Single,3,Medical,2,Laboratory Technician,1,Travel_Rarely,165835,12,1.0,9.0,3.0,3,1,1.0,0.0,3.0,1,No,3,Medium
3698,Sanjay Verma,34,Female,Divorced,1,Marketing,1,Manager,5,Travel_Frequently,26860,11,0.0,10.0,3.0,4,2,1.0,3.0,5.0,2,No,3,Medium
3699,Priya Sharma,31,Male,Single,3,Technical Degree,1,Research Scientist,1,Travel_Rarely,61800,14,1.0,1.0,2.0,1,0,0.0,0.0,1.0,20,Yes,3,Low
3700,Aditya Pillai,27,Male,Married,4,Medical,3,Sales Executive,4,Travel_Rarely,66320,16,0.0,6.0,3.0,5,3,1.0,4.0,0.0,11,No,3,Medium
3701,Vikram Garcia,36,Male,Single,3,Marketing,1,Research Scientist,2,Travel_Rarely,35050,12,2.0,10.0,2.0,10,6,1.0,8.0,1.0,1,No,3,Low
3702,Amit Gupta,36,Female,Married,3,Other,2,Research Director,3,Travel_Rarely,63970,14,1.0,11.0,3.0,3,1,0.0,2.0,4.0,24,No,3,Low
3703,Nikhil Thakur,47,Female,Married,4,Life Sciences,2,Sales Executive,2,Travel_Rarely,62740,14,2.0,17.0,0.5,6,3,1.0,2.0,7.0,23,No,3,Medium
3704,Olivia Smith,25,Male,Married,4,Life Sciences,1,Research Scientist,2,Travel_Rarely,165835,19,0.0,6.0,3.0,3,1,2.0,2.0,3.0,16,Yes,3,Low
3705,Riya Verma,37,Male,Single,4,Medical,1,Healthcare Representative,1,Non-Travel,75870,22,1.0,7.0,4.5,6,3,1.0,3.0,0.0,8,No,4,High
3706,Amit Singh,56,Male,Married,4,Other,2,Sales Representative,2,Travel_Rarely,42580,16,0.0,5.0,2.0,3,1,1.0,0.0,2.0,10,No,3,Low
3707,Sneha Malhotra,47,Male,Married,2,Medical,2,Laboratory Technician,2,Travel_Rarely,43640,11,1.0,26.0,3.0,18,10,5.0,6.0,3.0,3,No,3,Medium
3708,Divya Agarwal,24,Male,Married,1,Other,2,Manufacturing Director,1,Travel_Rarely,43350,15,1.0,5.0,4.5,5,3,0.0,3.0,1.0,5,No,3,Medium
3709,James Pillai,32,Male,Married,3,Marketing,1,Research Scientist,1,Travel_Rarely,53260,14,1.0,7.0,2.0,4,2,0.0,3.0,4.0,4,No,3,Medium
3710,Michael Johnson,34,Male,Married,2,Medical,2,Sales Executive,1,Travel_Rarely,32800,13,0.0,7.0,3.0,5,3,0.0,2.0,5.0,9,No,3,Medium
3711,Tanvi Jones,41,Female,Married,3,Medical,2,Sales Executive,3,Travel_Rarely,54850,17,2.0,7.0,2.0,4,2,0.0,3.0,2.0,26,No,3,Medium
3712,Aryan Johnson,40,Male,Divorced,2,Life Sciences,1,Sales Executive,1,Non-Travel,43420,11,1.0,11.0,4.5,8,4,0.0,7.0,3.0,3,No,3,Medium
3713,John Wilson,31,Male,Divorced,3,Medical,2,Human Resources,2,Travel_Rarely,27820,19,1.0,13.0,4.5,13,7,7.5,9.0,1.0,16,No,3,Medium
3714,Rohit Johnson,46,Male,Divorced,1,Medical,2,Manufacturing Director,1,Travel_Rarely,59800,11,1.0,28.0,2.0,7,4,4.0,3.0,4.0,18,Yes,3,Medium
3715,Sarah Jones,39,Male,Single,4,Medical,2,Manufacturing Director,2,Non-Travel,43810,15,2.0,11.0,1.0,1,0,0.0,0.0,2.0,2,Yes,3,Low
3716,Sarah Brown,31,Male,Single,3,Medical,1,Sales Executive,2,Travel_Frequently,25720,13,2.5,10.0,3.0,10,6,4.0,7.0,1.0,2,Yes,3,Medium
3717,Meera Johnson,45,Male,Divorced,2,Marketing,1,Sales Executive,1,Travel_Rarely,38330,14,0.0,24.0,1.0,7,4,0.0,7.0,2.0,10,No,3,Low
3718,Neha Brown,31,Male,Single,4,Life Sciences,2,Human Resources,3,Travel_Rarely,42440,13,0.0,8.0,3.0,3,1,0.0,2.0,8.5,16,No,3,Medium
3719,Zara Miller,31,Male,Married,4,Life Sciences,2,Laboratory Technician,1,Travel_Frequently,65000,23,1.0,7.0,4.5,2,1,2.0,2.0,6.0,7,Yes,4,High
3720,Sanjay Rao,45,Female,Married,2,Life Sciences,2,Research Scientist,1,Travel_Rarely,165835,12,1.0,10.0,4.5,3,1,1.0,2.0,4.0,1,No,3,Medium
3721,Aryan Trivedi,48,Male,Divorced,3,Technical Degree,2,Research Scientist,2,Travel_Rarely,16010,12,0.0,15.0,3.0,2,1,2.0,2.0,4.0,24,No,3,Medium
3722,Rohit Reddy,34,Male,Married,4,Medical,2,Research Scientist,2,Travel_Rarely,26940,16,1.0,2.0,3.0,2,1,2.0,2.0,1.0,7,Yes,3,Medium
3723,Suresh Jones,40,Female,Divorced,4,Other,2,Sales Executive,1,Non-Travel,31490,15,1.0,16.0,1.0,9,5,4.0,8.0,2.0,25,No,3,Medium
3724,Arjun Pillai,28,Female,Single,2,Technical Degree,2,Research Scientist,1,Travel_Rarely,165835,13,1.0,6.0,0.5,5,3,1.0,3.0,0.0,1,No,3,Medium
3725,Varun Brown,44,Male,Single,3,Life Sciences,2,Laboratory Technician,1,Non-Travel,23190,18,0.0,7.0,4.0,5,3,0.0,3.0,3.0,5,No,3,Medium
3726,Vivek Williams,53,Male,Single,4,Technical Degree,2,Manager,2,Travel_Rarely,116910,20,0.0,28.5,2.0,9,5,7.5,8.0,4.0,2,No,4,High
3727,Emily Wilson,49,Male,Married,3,Life Sciences,2,Laboratory Technician,3,Travel_Rarely,53240,19,0.0,20.0,2.0,3,1,1.0,2.0,2.0,7,No,3,Low
3728,Sara Gupta,40,Male,Divorced,4,Life Sciences,2,Laboratory Technician,3,Travel_Rarely,165835,18,1.0,8.0,3.0,3,1,1.0,2.0,2.0,2,No,3,Medium
3729,Rohit Smith,44,Male,Single,1,Other,2,Research Scientist,3,Travel_Rarely,52280,13,0.0,6.0,2.0,5,3,1.0,3.0,1.0,5,No,3,Medium
3730,Ananya Johnson,33,Female,Married,3,Medical,3,Sales Executive,2,Travel_Frequently,27000,14,2.5,5.0,2.0,4,2,0.0,3.0,0.0,10,No,3,Medium
3731,Riya Miller,34,Female,Single,4,Life Sciences,2,Sales Representative,1,Travel_Rarely,165835,15,1.0,15.0,4.5,13,7,3.0,12.0,3.0,10,No,3,Medium
3732,Dev Garcia,30,Male,Married,2,Technical Degree,1,Laboratory Technician,1,Travel_Rarely,25060,22,0.0,4.0,3.0,2,1,2.0,2.0,8.0,1,No,4,High
3733,Pooja Thakur,42,Female,Single,4,Medical,2,Sales Executive,1,Travel_Frequently,60620,22,2.0,12.0,2.0,12,7,5.0,8.0,1.0,8,No,4,High
3734,Sneha Thakur,44,Female,Married,3,Life Sciences,2,Manufacturing Director,5,Travel_Frequently,43820,16,2.0,11.0,2.0,1,0,0.0,0.0,7.0,5,No,3,Low
3735,Sarah Patel,30,Male,Divorced,3,Life Sciences,2,Manufacturing Director,1,Non-Travel,21430,17,1.0,1.0,2.0,1,0,0.0,0.0,1.0,8,No,3,Medium
3736,Varun Wilson,57,Male,Married,1,Life Sciences,1,Research Scientist,3,Travel_Rarely,61620,14,0.0,13.0,4.5,12,7,2.0,8.0,0.0,2,No,3,Low
3737,Dev Gupta,49,Female,Divorced,3,Technical Degree,2,Sales Executive,2,Travel_Rarely,50940,15,0.0,28.5,4.5,8,4,0.0,7.0,3.0,7,No,3,Medium
3738,Priya Johnson,34,Female,Divorced,4,Medical,2,Sales Representative,2,Travel_Frequently,68770,20,0.0,16.0,3.0,14,8,6.0,9.0,7.0,2,No,4,High
3739,John Williams,28,Male,Married,3,Medical,2,Research Scientist,1,Travel_Frequently,22740,20,1.0,5.0,4.5,3,1,1.0,2.0,3.0,2,Yes,4,High
3740,Zara Rao,29,Female,Single,3,Medical,2,Research Scientist,5,Travel_Frequently,44340,17,2.5,7.0,1.0,5,3,0.0,0.0,5.0,28,Yes,3,Low
3741,Shivam Mehta,34,Male,Single,1,Medical,2,Research Scientist,1,Travel_Rarely,62880,15,1.0,16.0,2.0,15,9,7.5,10.0,0.0,7,Yes,3,Medium
3742,Pooja Patel,35,Female,Married,4,Other,1,Healthcare Representative,4,Travel_Rarely,25530,14,1.0,1.0,4.0,1,0,0.0,0.0,1.0,7,No,3,Medium
3743,Aditya Jones,24,Male,Single,3,Life Sciences,1,Research Scientist,2,Travel_Frequently,76540,17,1.0,4.0,3.0,0,0,0.0,0.0,2.0,3,Yes,3,Low
3744,Zara Reddy,24,Female,Married,3,Life Sciences,2,Manager,2,Non-Travel,51600,17,1.0,1.0,3.0,1,0,0.0,0.0,1.0,10,No,3,Medium
3745,Aarav Kumar,44,Female,Single,2,Medical,2,Research Scientist,2,Travel_Frequently,165835,22,1.0,16.0,1.0,2,1,2.0,2.0,5.0,5,No,4,High
3746,Ananya Smith,29,Female,Divorced,2,Life Sciences,1,Sales Executive,1,Travel_Rarely,128080,13,0.0,10.0,4.5,10,6,0.0,4.0,1.0,10,No,3,Medium
3747,Deepika Gupta,30,Male,Divorced,2,Life Sciences,2,Sales Executive,3,Travel_Rarely,102210,19,1.0,6.0,2.0,5,3,1.0,3.0,0.0,1,No,3,Medium
3748,Michael Jones,55,Male,Married,3,Marketing,1,Research Scientist,2,Travel_Rarely,47790,14,1.0,4.0,4.5,3,1,1.0,2.0,0.0,20,No,3,Medium
3749,Vikram Joshi,33,Male,Married,2,Life Sciences,2,Research Scientist,2,Travel_Rarely,37370,22,2.0,8.0,2.0,5,3,0.0,2.0,8.0,7,No,4,High
3750,Rohit Mehta,47,Female,Married,4,Medical,2,Sales Representative,2,Travel_Rarely,23660,17,0.0,11.0,4.5,5,3,1.0,2.0,3.0,8,No,3,Medium
3751,Emily Kumar,28,Male,Single,3,Marketing,1,Laboratory Technician,2,Travel_Frequently,17060,12,0.0,8.0,3.0,0,0,0.0,0.0,7.0,1,Yes,3,Low
3752,Vikram Reddy,28,Male,Divorced,4,Marketing,1,Laboratory Technician,1,Travel_Rarely,163070,16,0.0,1.0,3.0,1,0,0.0,0.0,1.0,8,No,3,Low
3753,Vikram Rao,28,Female,Single,3,Life Sciences,2,Sales Executive,2,Travel_Frequently,59330,11,0.0,5.0,3.0,4,2,1.0,3.0,0.0,9,No,3,Medium
3754,Arjun Johnson,49,Female,Married,4,Life Sciences,2,Research Scientist,1,Travel_Rarely,34240,11,0.0,10.0,3.0,3,1,1.0,2.0,4.0,5,No,3,Medium
3755,Shivam Rao,29,Male,Married,1,Medical,2,Research Scientist,1,Travel_Frequently,40370,14,0.0,4.0,2.0,3,1,0.0,2.0,0.0,8,No,3,Medium
3756,Meera Malhotra,28,Male,Married,1,Technical Degree,2,Laboratory Technician,2,Travel_Rarely,25590,11,0.0,8.0,3.0,8,4,1.0,7.0,1.0,5,No,3,Low
3757,Priya Gupta,33,Female,Single,4,Life Sciences,2,Sales Executive,1,Travel_Rarely,62010,15,2.5,14.0,2.0,0,0,0.0,0.0,2.0,15,No,3,Medium
3758,Ishaan Gupta,32,Female,Single,3,Life Sciences,2,Laboratory Technician,3,Travel_Rarely,44030,20,0.0,10.0,3.0,5,3,0.0,0.0,2.0,7,No,4,High
3759,Aarav Miller,54,Female,Divorced,3,Life Sciences,1,Research Scientist,4,Travel_Frequently,37610,12,0.0,26.0,3.0,14,8,1.0,12.0,3.0,10,No,3,Medium
3760,Divya Patel,29,Female,Single,3,Life Sciences,2,Research Scientist,2,Travel_Rarely,109340,17,2.0,11.0,2.0,9,5,0.0,7.0,6.0,5,Yes,3,Low
3761,Arjun Wilson,44,Male,Married,1,Marketing,1,Sales Representative,1,Travel_Rarely,107610,11,1.0,24.0,4.5,18,10,7.5,14.5,3.0,26,No,3,Medium
3762,Priya Malhotra,39,Female,Single,1,Technical Degree,1,Laboratory Technician,2,Travel_Rarely,51750,17,1.0,9.0,2.0,2,1,2.0,2.0,4.0,6,No,3,Medium
3763,Neha Kumar,46,Male,Married,2,Life Sciences,2,Manufacturing Director,3,Travel_Rarely,138260,11,0.0,23.0,1.0,13,7,5.0,1.0,8.0,4,No,3,Medium
3764,Karan Gupta,35,Male,Single,4,Life Sciences,2,Research Scientist,2,Travel_Rarely,63340,14,0.0,11.0,2.0,11,6,3.0,3.0,1.0,23,No,3,Medium
3765,Zara Verma,23,Female,Single,4,Medical,2,Manager,2,Travel_Rarely,49360,19,1.0,5.0,2.0,4,2,1.0,2.0,0.0,2,No,3,Low
3766,Nikhil Williams,40,Male,Single,3,Medical,2,Research Director,2,Travel_Rarely,47750,15,1.0,15.0,3.0,5,3,1.0,0.0,3.0,2,Yes,3,Medium
3767,James Reddy,34,Male,Married,3,Human Resources,3,Manufacturing Director,2,Travel_Rarely,28180,13,1.0,10.0,2.0,10,6,7.5,6.0,1.0,2,No,3,Medium
3768,Dev Malhotra,31,Female,Single,3,Life Sciences,2,Healthcare Representative,2,Travel_Frequently,25150,14,0.0,7.0,3.0,7,4,7.0,7.0,1.0,29,Yes,3,Medium
3769,Dev Agarwal,50,Male,Single,3,Medical,2,Manager,1,Travel_Frequently,23420,12,1.0,28.5,2.0,18,10,7.5,9.0,1.0,6,No,3,Medium
3770,Ishaan Trivedi,34,Female,Married,5,Marketing,1,Research Scientist,1,Travel_Rarely,41940,17,2.0,12.0,3.0,11,6,5.0,7.0,0.0,25,No,3,Medium
3771,Sneha Miller,42,Female,Married,3,Life Sciences,2,Manufacturing Director,1,Travel_Rarely,106850,11,2.5,4.0,2.0,1,0,0.0,0.0,4.0,1,No,3,Medium
3772,Kunal Wilson,37,Male,Married,2,Medical,2,Research Scientist,1,Travel_Rarely,20220,12,0.0,10.0,1.0,10,6,3.0,7.0,1.0,2,No,3,Medium
3773,Neha Smith,29,Female,Married,3,Medical,2,Manager,1,Travel_Rarely,23140,13,0.0,9.0,4.5,7,4,0.0,7.0,3.0,1,No,3,Medium
3774,Sneha Brown,33,Male,Single,1,Life Sciences,2,Research Scientist,1,Travel_Rarely,42560,13,2.5,5.0,1.0,5,3,0.0,2.0,1.0,1,No,3,Medium
3775,Priya Williams,45,Male,Married,3,Life Sciences,1,Laboratory Technician,3,Travel_Rarely,35800,20,1.0,8.0,1.0,5,3,0.0,3.0,4.0,3,No,4,High
3776,Kunal Reddy,42,Male,Married,4,Technical Degree,3,Manufacturing Director,2,Travel_Frequently,31620,17,2.0,24.0,1.0,18,10,7.5,9.0,2.0,1,No,3,Medium
3777,Rahul Smith,40,Female,Married,1,Life Sciences,1,Manufacturing Director,1,Travel_Rarely,65240,13,1.0,9.0,2.0,8,4,7.0,1.0,0.0,10,No,3,Medium
3778,Sara Verma,33,Female,Married,3,Medical,2,Manufacturing Director,2,Travel_Rarely,28990,17,0.0,15.0,3.0,15,9,5.0,7.0,1.0,9,No,3,Medium
3779,Zara Johnson,40,Male,Single,5,Life Sciences,1,Manufacturing Director,1,Travel_Rarely,52310,12,2.0,21.0,4.0,18,10,7.0,7.0,1.0,5,No,3,Medium
3780,Ananya Wilson,24,Male,Divorced,2,Marketing,1,Manufacturing Director,1,Travel_Rarely,23560,13,0.0,2.0,4.5,1,0,0.0,0.0,0.0,10,No,3,Medium
3781,Sneha Kumar,40,Male,Divorced,3,Medical,2,Research Scientist,1,Non-Travel,28000,12,2.0,8.0,0.5,2,1,2.0,2.0,3.0,7,No,3,Medium
3782,Rahul Brown,45,Female,Divorced,3,Medical,2,Laboratory Technician,3,Travel_Rarely,118360,22,0.0,10.0,2.0,10,6,7.0,7.0,1.0,4,No,4,High
3783,Ishaan Miller,35,Male,Married,1,Life Sciences,2,Healthcare Representative,1,Travel_Rarely,109030,11,0.0,6.0,3.0,5,3,4.0,2.0,0.0,10,No,3,Medium
3784,Neha Mehta,32,Male,Married,4,Medical,2,Sales Executive,1,Travel_Rarely,29730,22,0.0,12.0,0.5,7,4,2.0,5.0,3.0,22,No,4,High
3785,Kunal Shah,36,Female,Single,3,Marketing,1,Research Scientist,4,Travel_Rarely,142750,18,1.0,7.0,4.5,3,1,1.0,2.0,3.0,9,No,3,Medium
3786,Suresh Miller,48,Male,Divorced,4,Medical,2,Laboratory Technician,1,Travel_Rarely,55620,13,1.0,18.0,2.0,8,4,7.0,7.0,8.0,12,No,3,Medium
3787,Deepika Wilson,29,Female,Married,4,Life Sciences,2,Healthcare Representative,2,Travel_Rarely,45370,18,1.0,5.0,4.5,1,0,0.0,0.0,6.0,23,No,3,Medium
3788,Raj Singh,33,Male,Married,1,Medical,2,Healthcare Representative,1,Travel_Rarely,76420,20,1.0,8.0,2.0,2,1,2.0,2.0,2.0,9,No,4,High
3789,David Malhotra,30,Male,Married,3,Other,2,Sales Executive,3,Travel_Rarely,165835,13,2.0,10.0,2.0,10,6,6.0,7.0,1.0,1,Yes,3,Low
3790,Sara Smith,38,Male,Married,3,Marketing,1,Manufacturing Director,1,Travel_Frequently,52040,13,1.0,10.0,2.0,6,3,1.0,2.0,3.0,9,No,3,Medium
3791,Aarav Mehta,35,Male,Single,2,Life Sciences,1,Sales Executive,1,Travel_Rarely,22770,12,1.0,3.0,2.0,3,1,1.0,2.0,1.0,7,No,3,Medium
3792,Suresh Malhotra,30,Male,Married,3,Technical Degree,2,Research Director,5,Travel_Rarely,27950,13,0.0,9.0,4.0,4,2,1.0,3.0,3.0,14,No,3,Medium
3793,Aarav Sharma,35,Female,Divorced,3,Medical,2,Research Scientist,1,Travel_Rarely,25320,13,0.0,1.0,2.0,1,0,0.0,0.0,1.0,2,Yes,3,Low
3794,James Singh,53,Male,Married,3,Life Sciences,2,Manager,2,Travel_Rarely,25590,25,0.0,28.5,2.0,18,10,1.0,9.0,0.0,19,Yes,4,High
3795,Ananya Thakur,38,Female,Married,3,Medical,2,Sales Executive,3,Travel_Rarely,49080,19,1.0,7.0,3.0,5,3,1.0,4.0,4.0,2,Yes,3,Medium
3796,Anjali Agarwal,32,Female,Married,4,Life Sciences,2,Research Scientist,5,Non-Travel,23800,13,0.0,9.0,4.5,6,3,1.0,2.0,4.0,10,No,3,Medium
3797,Riya Agarwal,48,Male,Married,5,Life Sciences,2,Sales Executive,1,Travel_Rarely,47650,12,1.0,10.0,4.0,8,4,7.0,6.0,8.0,2,No,3,Low
3798,Rahul Williams,34,Male,Single,3,Life Sciences,2,Sales Executive,2,Travel_Rarely,20440,11,0.0,1.0,2.0,1,0,0.0,0.0,1.0,3,No,3,Low
3799,Shivam Pillai,55,Female,Married,1,Medical,2,Laboratory Technician,1,Travel_Rarely,26930,18,0.0,28.5,4.5,18,10,2.0,13.0,1.0,11,No,3,Medium
3800,Aarav Gupta,34,Male,Married,2,Life Sciences,2,Research Scientist,2,Travel_Rarely,65860,18,1.0,9.0,3.0,2,1,2.0,1.0,8.5,2,No,3,Medium
3801,Anjali Sharma,26,Male,Married,3,Life Sciences,2,Research Director,1,Travel_Rarely,32940,11,0.0,1.0,4.5,1,0,0.0,0.0,1.0,4,No,3,Medium
3802,Gaurav Mehta,38,Female,Married,2,Marketing,1,Sales Executive,1,Travel_Rarely,41710,23,0.0,10.0,4.0,9,5,7.0,7.0,0.0,14,No,4,High
3803,Amit Joshi,38,Female,Single,3,Life Sciences,2,Manufacturing Director,1,Travel_Rarely,27780,13,0.0,8.0,4.5,3,1,1.0,2.0,2.0,2,No,3,Medium
3804,Rahul Patel,36,Male,Single,3,Human Resources,3,Research Scientist,1,Travel_Rarely,23770,13,2.0,15.0,3.0,1,0,0.0,0.0,6.0,1,No,3,Medium
3805,Gaurav Sharma,29,Male,Single,3,Life Sciences,2,Sales Representative,1,Travel_Rarely,24040,17,0.0,10.0,3.0,10,6,1.0,5.0,1.0,10,No,3,Low
3806,Akash Singh,35,Female,Single,2,Life Sciences,1,Sales Executive,2,Travel_Rarely,23180,19,0.0,10.0,4.0,5,3,0.0,4.0,3.0,12,No,3,Medium
3807,Pooja Agarwal,39,Female,Married,2,Medical,1,Sales Executive,1,Travel_Rarely,20080,12,0.0,11.0,3.0,7,4,7.0,6.0,2.0,2,No,3,Medium
3808,Vivek Trivedi,29,Female,Divorced,1,Medical,2,Research Scientist,1,Travel_Frequently,62440,22,0.0,6.0,3.0,6,3,1.0,3.0,1.0,5,No,4,High
3809,Sara Miller,50,Female,Married,2,Medical,2,Laboratory Technician,1,Travel_Rarely,27990,12,1.0,27.0,0.5,1,0,0.0,0.0,4.0,4,No,3,Medium
3810,Divya Williams,23,Female,Married,2,Life Sciences,2,Manager,3,Travel_Rarely,105520,11,0.0,4.0,2.0,2,1,2.0,2.0,2.0,7,No,3,Medium
3811,Emma Thakur,36,Male,Married,3,Life Sciences,1,Human Resources,2,Travel_Frequently,23290,15,0.0,9.0,2.0,3,1,0.0,2.0,3.0,21,No,3,Low
3812,Emily Singh,42,Female,Single,2,Life Sciences,2,Manager,5,Travel_Rarely,40140,13,1.0,24.0,3.0,1,0,0.0,1.0,8.0,8,No,3,Medium
3813,Michael Thakur,35,Female,Married,3,Medical,1,Laboratory Technician,2,Travel_Rarely,74030,12,1.0,10.0,4.0,10,6,6.0,8.0,1.0,4,No,3,Medium
3814,Dev Verma,34,Female,Married,1,Life Sciences,2,Manager,1,Travel_Frequently,22590,14,0.0,8.0,2.0,8,4,7.0,7.0,1.0,25,No,3,Medium
3815,Tanvi Pillai,40,Male,Married,4,Life Sciences,2,Laboratory Technician,2,Travel_Rarely,69320,13,0.0,5.0,4.5,5,3,1.0,2.0,1.0,1,No,3,Medium
3816,Karan Nair,43,Male,Divorced,1,Other,2,Manager,1,Travel_Rarely,46780,25,1.0,8.0,0.5,6,3,0.0,2.0,5.0,1,No,4,High
3817,Olivia Pillai,35,Female,Married,3,Marketing,1,Sales Representative,3,Travel_Rarely,135820,17,1.0,1.0,3.0,1,0,0.0,1.0,1.0,6,No,3,Medium
3818,Amit Gupta,46,Male,Single,4,Technical Degree,2,Laboratory Technician,1,Travel_Rarely,23320,11,0.0,27.0,2.0,18,10,0.0,12.0,1.0,12,No,3,Low
3819,Arjun Smith,28,Female,Married,3,Medical,3,Laboratory Technician,2,Travel_Rarely,24130,16,1.0,10.0,2.0,1,0,0.0,0.0,1.0,1,Yes,3,Medium
3820,Zara Jones,22,Male,Married,2,Marketing,1,Sales Executive,3,Non-Travel,97050,18,2.0,4.0,3.0,4,2,1.0,3.0,1.0,17,No,3,Low
3821,Shivam Williams,50,Male,Married,3,Other,2,Research Scientist,2,Travel_Frequently,42940,20,0.0,28.5,2.0,18,10,7.5,13.0,2.0,3,No,4,High
3822,Neha Trivedi,32,Male,Married,2,Life Sciences,2,Research Scientist,3,Travel_Rarely,47210,14,1.0,6.0,3.0,3,1,0.0,2.0,3.0,3,No,3,Medium
3823,Ananya Shah,44,Male,Divorced,3,Technical Degree,2,Manager,3,Travel_Rarely,25190,21,2.0,23.0,2.0,18,10,1.0,10.0,0.0,10,No,4,High
3824,Riya Sharma,30,Female,Married,3,Medical,2,Research Director,1,Travel_Rarely,21210,13,1.0,6.0,2.0,6,3,1.0,1.0,1.0,4,No,3,Low
3825,Riya Johnson,45,Female,Single,2,Technical Degree,1,Research Scientist,2,Travel_Rarely,29730,12,0.0,10.0,2.0,10,6,1.0,4.0,1.0,29,No,3,Medium
3826,Kunal Shah,45,Male,Married,4,Life Sciences,1,Manufacturing Director,2,Non-Travel,58550,14,1.0,10.0,3.0,10,6,4.0,5.0,1.0,2,No,3,Low
3827,Ishaan Gupta,31,Male,Single,3,Medical,2,Research Scientist,2,Travel_Frequently,36170,21,1.0,10.0,4.5,5,3,0.0,3.0,7.0,7,No,4,High
3828,Anjali Malhotra,36,Male,Married,1,Medical,2,Manufacturing Director,2,Travel_Rarely,67250,17,1.0,7.0,3.0,3,1,1.0,1.0,8.5,18,No,3,Medium
3829,Zara Miller,34,Male,Divorced,4,Marketing,1,Manufacturing Director,5,Travel_Frequently,103250,11,1.0,9.0,3.0,9,5,7.0,2.0,1.0,28,No,3,Medium
3830,Shivam Trivedi,49,Male,Married,4,Life Sciences,2,Healthcare Representative,3,Travel_Rarely,69490,14,1.0,10.0,2.0,9,5,1.0,4.0,1.0,1,No,3,Low
3831,Sara Rao,39,Male,Married,2,Life Sciences,2,Research Scientist,3,Travel_Rarely,106090,17,1.0,10.0,2.0,7,4,7.0,7.0,2.0,6,No,3,Low
3832,Nikhil Trivedi,27,Male,Divorced,1,Life Sciences,2,Research Scientist,4,Travel_Rarely,44470,13,0.0,7.0,4.0,7,4,0.0,7.0,1.0,2,No,3,Medium
3833,Vivek Pillai,35,Female,Married,3,Medical,2,Sales Executive,2,Travel_Rarely,21570,25,0.0,16.0,1.0,16,9,1.0,10.0,1.0,2,No,4,High
3834,Rohit Rao,28,Male,Divorced,3,Life Sciences,2,Manufacturing Director,3,Travel_Rarely,46010,15,2.0,6.0,2.0,5,3,0.0,0.0,0.0,23,No,3,Low
3835,Ishaan Joshi,21,Female,Single,1,Life Sciences,2,Laboratory Technician,1,Travel_Rarely,165835,14,1.0,3.0,2.0,2,1,2.0,2.0,1.0,3,No,3,Medium
3836,Amit Pillai,18,Male,Single,5,Medical,2,Research Director,1,Travel_Frequently,24790,12,1.0,0.0,2.0,0,0,0.0,0.0,1.0,3,Yes,3,Medium
3837,Tanvi Smith,47,Male,Married,4,Medical,2,Research Scientist,2,Travel_Rarely,148520,19,2.5,27.0,3.0,5,3,1.0,0.0,3.0,25,No,3,Medium
3838,Olivia Sharma,39,Male,Divorced,4,Life Sciences,1,Laboratory Technician,1,Travel_Rarely,72640,17,0.0,11.0,4.5,10,6,0.0,7.0,0.0,2,No,3,Medium
3839,Vikram Williams,40,Male,Married,1,Life Sciences,2,Laboratory Technician,1,Travel_Rarely,56660,14,1.0,18.0,2.0,18,10,7.5,12.0,1.0,22,No,3,Medium
3840,Nikhil Joshi,35,Female,Married,3,Medical,2,Sales Executive,2,Non-Travel,78230,13,1.0,15.0,3.0,14,8,2.0,9.0,1.0,29,No,3,Medium
3841,Kunal Smith,37,Male,Married,4,Technical Degree,2,Laboratory Technician,1,Travel_Rarely,78800,12,1.0,9.0,2.0,4,2,0.0,2.0,3.0,29,No,3,Medium
3842,Michael Agarwal,39,Female,Single,3,Technical Degree,2,Manager,2,Travel_Frequently,131940,11,0.0,10.0,2.0,9,5,3.0,8.0,0.0,2,No,3,Low
3843,Raj Agarwal,45,Female,Divorced,3,Life Sciences,2,Laboratory Technician,2,Travel_Rarely,50670,11,2.0,10.0,3.0,10,6,3.0,9.0,1.0,28,No,3,Medium
3844,Amit Trivedi,38,Female,Married,4,Life Sciences,2,Sales Executive,3,Travel_Rarely,50790,11,0.0,10.0,3.0,5,3,0.0,2.0,3.0,2,No,3,Medium
3845,Aditya Miller,35,Male,Married,3,Life Sciences,2,Healthcare Representative,3,Travel_Rarely,23210,12,1.0,15.0,0.5,13,7,6.0,0.0,8.5,2,Yes,3,Medium
3846,Sarah Reddy,37,Female,Married,3,Life Sciences,2,Healthcare Representative,2,Travel_Rarely,165835,14,0.0,8.0,4.0,8,4,7.0,7.0,1.0,22,No,3,Low
3847,Meera Johnson,40,Female,Single,3,Technical Degree,2,Healthcare Representative,2,Travel_Rarely,24040,17,0.0,18.0,2.0,4,2,3.0,3.0,6.0,8,No,3,Medium
3848,Shivam Smith,44,Male,Married,2,Marketing,1,Laboratory Technician,1,Travel_Frequently,34520,11,1.0,14.0,2.0,10,6,0.0,2.0,4.0,2,No,3,Medium
3849,Raj Mehta,48,Female,Married,4,Marketing,1,Manager,3,Travel_Frequently,22700,14,2.5,23.0,2.0,2,1,2.0,2.0,2.0,10,No,3,Medium
3850,Amit Joshi,35,Male,Divorced,3,Life Sciences,2,Manager,2,Travel_Rarely,165835,12,0.0,7.0,3.0,2,1,2.0,2.0,6.0,9,Yes,3,Low
3851,Raj Pillai,24,Male,Single,3,Life Sciences,2,Research Scientist,2,Travel_Frequently,54880,22,1.0,6.0,4.5,6,3,1.0,3.0,1.0,15,No,4,High
3852,Rahul Gupta,27,Male,Married,4,Life Sciences,1,Sales Executive,3,Travel_Rarely,165835,14,1.0,5.0,2.0,3,1,0.0,2.0,7.0,10,No,3,Low
3853,Emma Nair,27,Male,Single,3,Life Sciences,2,Research Scientist,1,Travel_Frequently,28110,20,0.0,6.0,3.0,4,2,1.0,2.0,2.0,7,No,4,High
3854,Emily Nair,40,Male,Single,4,Marketing,1,Research Director,1,Travel_Rarely,36330,16,2.0,10.0,0.5,4,2,0.0,3.0,3.0,16,Yes,3,Low
3855,Pooja Trivedi,29,Female,Single,1,Medical,2,Manager,2,Travel_Rarely,41630,15,1.0,8.0,4.0,5,3,1.0,4.0,8.5,20,No,3,Medium
3856,Gaurav Mehta,36,Female,Married,3,Life Sciences,2,Sales Executive,3,Travel_Rarely,21320,20,0.0,9.0,1.0,3,1,0.0,2.0,4.0,23,No,4,High
3857,Meera Brown,25,Male,Divorced,1,Marketing,1,Manufacturing Director,4,Travel_Frequently,139730,14,0.0,7.0,3.0,7,4,0.0,7.0,1.0,5,No,3,Medium
3858,Arjun Pillai,39,Female,Married,3,Marketing,1,Research Director,2,Travel_Rarely,26840,12,0.0,7.0,2.0,5,3,1.0,0.0,4.0,10,No,3,Medium
3859,Sneha Smith,49,Male,Married,2,Life Sciences,1,Research Director,2,Travel_Rarely,108450,24,0.0,27.0,4.0,4,2,1.0,2.0,3.0,4,No,4,High
3860,Nikhil Kumar,50,Male,Divorced,2,Medical,2,Sales Executive,3,Travel_Rarely,43770,12,1.0,19.0,2.0,14,8,1.0,11.0,5.0,2,No,3,Medium
3861,Aarav Rao,20,Female,Single,4,Medical,2,Sales Executive,2,Travel_Rarely,37430,13,1.0,2.0,2.0,2,1,2.0,2.0,1.0,18,No,3,Medium
3862,Zara Sharma,34,Male,Divorced,3,Medical,2,Laboratory Technician,3,Travel_Rarely,41480,11,0.0,11.0,3.0,11,6,7.0,9.0,1.0,10,No,3,Medium
3863,Sarah Agarwal,36,Female,Single,3,Life Sciences,2,Healthcare Representative,2,Travel_Rarely,10510,14,0.0,15.0,2.0,4,2,1.0,3.0,2.0,1,No,3,Low
3864,Aarav Malhotra,49,Female,Married,2,Life Sciences,3,Research Scientist,2,Travel_Rarely,107390,11,2.5,28.5,3.0,15,9,2.0,12.0,2.0,6,No,3,Medium
3865,Dev Miller,36,Male,Married,4,Life Sciences,2,Laboratory Technician,4,Non-Travel,103880,14,0.0,4.0,2.0,3,1,1.0,2.0,0.0,8,No,3,Medium
3866,Riya Malhotra,36,Female,Divorced,2,Medical,2,Healthcare Representative,2,Travel_Rarely,114160,16,0.0,13.0,2.0,5,3,0.0,4.0,6.0,2,No,3,Medium
3867,Gaurav Thakur,54,Male,Married,3,Marketing,1,Laboratory Technician,1,Travel_Rarely,26000,14,0.0,28.5,4.5,10,6,4.0,7.0,3.0,24,No,3,Medium
3868,Aarav Gupta,43,Female,Married,4,Life Sciences,2,Research Scientist,1,Travel_Rarely,24220,11,1.0,14.0,2.0,14,8,6.0,11.0,1.0,2,No,3,Medium
3869,Aryan Trivedi,35,Male,Single,4,Medical,2,Research Director,1,Travel_Frequently,54720,11,1.0,13.0,3.0,11,6,6.0,7.0,3.0,17,Yes,3,Medium
3870,Sneha Rao,38,Male,Married,2,Life Sciences,2,Research Scientist,2,Travel_Frequently,24510,12,1.0,19.0,3.0,13,7,2.0,9.0,7.0,19,No,3,Medium
3871,Arjun Nair,29,Male,Divorced,2,Medical,2,Sales Representative,2,Travel_Rarely,42400,14,0.0,10.0,2.0,10,6,0.0,9.0,1.0,1,No,3,Low
3872,Emily Mehta,33,Male,Divorced,3,Medical,2,Sales Executive,5,Travel_Rarely,109990,18,2.5,6.0,3.0,6,3,0.0,4.0,1.0,7,No,3,Medium
3873,Aryan Kumar,32,Male,Divorced,4,Technical Degree,2,Research Scientist,5,Travel_Rarely,50030,13,0.0,10.0,4.5,9,5,1.0,6.0,0.0,5,No,3,Medium
3874,James Kumar,31,Female,Married,4,Technical Degree,2,Sales Executive,2,Travel_Rarely,127420,11,0.0,10.0,4.0,10,6,0.0,2.0,1.0,28,No,3,Medium
3875,Sanjay Wilson,49,Male,Divorced,4,Medical,2,Laboratory Technician,1,Travel_Rarely,42270,18,0.0,17.0,3.0,2,1,2.0,2.0,4.0,2,No,3,Low
3876,Shivam Pillai,38,Female,Single,2,Medical,1,Sales Executive,1,Travel_Frequently,39170,15,2.5,4.0,2.0,4,2,3.0,3.0,1.0,29,No,3,Medium
3877,Deepika Sharma,47,Male,Divorced,4,Medical,2,Laboratory Technician,3,Travel_Rarely,165835,22,1.0,28.5,2.0,3,1,1.0,2.0,6.0,1,No,4,High
3878,Arjun Miller,49,Male,Single,3,Medical,2,Manufacturing Director,2,Travel_Rarely,23800,13,0.0,23.0,3.0,8,4,0.0,0.0,4.0,21,No,3,Medium
3879,Arjun Sharma,41,Female,Single,4,Life Sciences,2,Manager,4,Travel_Rarely,137260,12,0.0,21.0,4.5,2,1,0.0,2.0,3.0,24,No,3,Medium
3880,James Pillai,20,Male,Single,3,Life Sciences,2,Sales Representative,1,Travel_Rarely,47770,18,1.0,2.0,3.0,2,1,0.0,2.0,1.0,1,No,3,Medium
3881,Kunal Smith,33,Female,Divorced,2,Medical,2,Healthcare Representative,2,Non-Travel,63850,13,0.0,7.0,4.5,6,3,1.0,2.0,1.0,18,No,3,Medium
3882,Raj Garcia,36,Male,Married,2,Technical Degree,2,Sales Executive,3,Travel_Rarely,165835,12,0.0,10.0,2.0,3,1,0.0,2.0,6.0,2,No,3,Low
3883,Priya Smith,44,Female,Divorced,3,Technical Degree,2,Healthcare Representative,3,Travel_Rarely,68610,12,0.0,8.0,2.0,2,1,2.0,2.0,4.0,9,No,3,Medium
3884,Michael Rao,23,Female,Single,3,Life Sciences,3,Laboratory Technician,3,Travel_Rarely,49690,12,0.0,5.0,3.0,5,3,1.0,2.0,1.0,6,Yes,3,Medium
3885,Ishaan Wilson,38,Male,Married,2,Life Sciences,2,Sales Executive,1,Travel_Rarely,165835,11,1.0,7.0,3.0,0,0,0.0,0.0,7.0,11,No,3,Medium
3886,Dev Sharma,53,Male,Married,3,Life Sciences,2,Research Director,4,Travel_Rarely,133200,11,0.0,11.0,2.0,4,2,1.0,2.0,3.0,24,No,3,Medium
3887,Rohit Wilson,48,Male,Married,2,Marketing,1,Healthcare Representative,1,Travel_Frequently,63470,12,1.0,19.0,3.0,9,5,7.0,7.0,2.0,10,Yes,3,Medium
3888,Amit Jones,32,Male,Single,3,Life Sciences,1,Research Scientist,2,Travel_Rarely,27430,19,1.0,1.0,2.0,1,0,0.0,0.0,1.0,1,Yes,3,Medium
3889,James Miller,26,Male,Single,2,Medical,2,Human Resources,1,Non-Travel,108800,23,1.0,7.0,4.5,7,4,5.0,7.0,1.0,18,No,4,High
3890,Nikhil Gupta,55,Male,Divorced,1,Life Sciences,2,Laboratory Technician,5,Travel_Rarely,23420,11,2.0,8.0,2.0,4,2,1.0,2.0,5.0,23,No,3,Low
3891,Raj Singh,34,Female,Married,3,Life Sciences,1,Research Scientist,2,Travel_Rarely,165835,19,1.0,15.0,4.5,15,9,4.0,13.0,1.0,28,No,3,Medium
3892,Emily Agarwal,60,Male,Divorced,4,Medical,1,Manager,1,Travel_Rarely,40250,13,1.0,19.0,4.5,1,0,0.0,0.0,3.0,17,No,3,Medium
3893,Priya Reddy,33,Male,Married,3,Life Sciences,1,Manager,3,Travel_Rarely,97250,11,0.0,14.0,0.5,14,8,2.0,13.0,1.0,3,No,3,Medium
3894,Tanvi Shah,37,Male,Divorced,3,Life Sciences,2,Laboratory Technician,1,Travel_Frequently,119040,12,1.0,6.0,4.0,6,3,1.0,3.0,1.0,13,No,3,Medium
3895,Emily Miller,34,Male,Married,2,Life Sciences,2,Healthcare Representative,1,Travel_Rarely,21770,13,0.0,10.0,4.5,10,6,7.5,7.0,1.0,7,No,3,Medium
3896,Emma Trivedi,23,Male,Divorced,2,Medical,2,Research Scientist,2,Travel_Rarely,75250,14,2.0,3.0,2.0,3,1,0.0,2.0,1.0,12,Yes,3,Medium
3897,Varun Joshi,44,Male,Married,3,Life Sciences,3,Research Scientist,1,Travel_Rarely,48340,14,0.0,9.0,1.0,8,4,6.0,7.0,1.0,1,No,3,Medium
3898,Aditya Pillai,35,Male,Single,3,Life Sciences,2,Sales Executive,3,Travel_Frequently,20420,16,0.0,6.0,2.0,5,3,1.0,4.0,0.0,13,No,3,Medium
3899,Michael Singh,43,Male,Married,4,Life Sciences,2,Sales Executive,2,Travel_Rarely,22200,11,0.0,10.0,2.0,10,6,7.5,8.0,1.0,25,No,3,Medium
3900,Riya Patel,24,Male,Married,3,Life Sciences,2,Sales Executive,3,Travel_Rarely,10520,13,0.0,5.0,3.0,5,3,0.0,4.0,1.0,6,No,3,Medium
3901,Nikhil Singh,41,Male,Single,4,Marketing,1,Research Scientist,1,Travel_Rarely,28210,17,0.0,10.0,3.0,10,6,7.5,7.0,1.0,6,No,3,Medium
3902,Varun Brown,29,Male,Married,2,Life Sciences,2,Research Scientist,2,Travel_Rarely,165835,11,1.0,9.0,2.0,5,3,1.0,2.0,8.5,2,No,3,Medium
3903,Vikram Smith,36,Female,Single,4,Life Sciences,3,Research Scientist,3,Travel_Rarely,41070,11,1.0,17.0,2.0,13,7,6.0,7.0,3.0,1,No,3,Medium
3904,Divya Shah,45,Female,Married,3,Life Sciences,1,Manufacturing Director,2,Non-Travel,83960,15,2.0,25.0,3.0,18,10,7.5,4.0,3.0,2,No,3,Medium
3905,Ananya Nair,24,Female,Married,2,Medical,1,Manager,2,Travel_Rarely,20070,12,0.0,1.0,2.0,1,0,0.0,0.0,1.0,6,Yes,3,Medium
3906,Rahul Agarwal,47,Female,Married,3,Medical,2,Sales Executive,2,Travel_Frequently,165835,11,2.0,25.0,1.0,18,10,7.5,10.0,7.0,1,Yes,3,Medium
3907,Ananya Brown,26,Male,Married,1,Medical,2,Sales Executive,1,Travel_Rarely,106860,14,1.0,3.0,2.0,3,1,0.0,2.0,1.0,9,No,3,Medium
3908,Pooja Garcia,45,Male,Single,4,Life Sciences,2,Research Director,1,Travel_Rarely,29420,22,1.0,21.0,4.0,18,10,7.5,6.0,1.0,1,No,4,High
3909,Raj Shah,32,Male,Married,1,Marketing,1,Laboratory Technician,2,Travel_Frequently,88580,16,1.0,10.0,2.0,5,3,1.0,3.0,6.0,1,No,3,Low
3910,Suresh Brown,31,Male,Married,2,Life Sciences,2,Sales Executive,1,Travel_Rarely,165835,11,2.0,6.0,4.5,5,3,0.0,3.0,1.0,14,No,3,Medium
3911,Arjun Reddy,41,Male,Married,2,Medical,1,Research Scientist,2,Non-Travel,107980,14,2.0,10.0,4.5,3,1,1.0,2.0,2.0,2,No,3,Low
3912,Aditya Rao,40,Male,Married,2,Technical Degree,2,Healthcare Representative,1,Travel_Rarely,23230,16,1.0,18.0,2.0,1,0,0.0,0.0,2.0,22,No,3,Low
3913,Zara Jones,24,Female,Divorced,3,Life Sciences,2,Research Scientist,1,Travel_Rarely,14160,15,1.0,6.0,3.0,6,3,1.0,2.0,1.0,3,No,3,Low
3914,Ishaan Nair,46,Male,Single,3,Medical,2,Sales Executive,4,Travel_Rarely,46150,12,0.0,19.0,3.0,10,6,0.0,9.0,6.0,6,No,3,Medium
3915,Riya Nair,35,Male,Married,4,Life Sciences,1,Laboratory Technician,1,Travel_Rarely,24610,20,1.0,17.0,4.0,7,4,0.0,7.0,2.0,8,No,4,High
3916,Aryan Joshi,30,Male,Married,4,Marketing,1,Laboratory Technician,1,Travel_Rarely,87220,17,1.0,10.0,3.0,10,6,0.0,8.0,1.0,9,No,3,Medium
3917,Neha Reddy,47,Female,Married,2,Life Sciences,2,Sales Executive,2,Non-Travel,39550,12,1.0,4.0,4.5,1,0,0.0,0.0,7.0,3,No,3,Low
3918,David Shah,46,Female,Divorced,4,Technical Degree,2,Sales Executive,3,Travel_Rarely,99570,20,0.0,13.0,1.0,10,6,0.0,3.0,4.0,1,No,4,High
3919,Meera Agarwal,36,Male,Divorced,3,Medical,2,Manufacturing Director,2,Travel_Rarely,33760,20,0.0,16.0,3.0,2,1,2.0,2.0,5.0,1,Yes,4,High
3920,Vivek Pillai,32,Female,Single,3,Medical,2,Research Director,2,Travel_Rarely,88230,13,2.0,10.0,3.0,0,0,0.0,0.0,6.0,26,Yes,3,Low
3921,Rahul Mehta,23,Male,Single,4,Life Sciences,1,Manufacturing Director,3,Travel_Rarely,103220,14,2.0,3.0,2.0,3,1,1.0,2.0,1.0,6,No,3,Low
3922,Michael Jones,31,Male,Single,3,Marketing,1,Sales Executive,2,Travel_Frequently,46210,18,1.0,9.0,3.0,5,3,1.0,4.0,2.0,3,No,3,Medium
3923,Aryan Malhotra,39,Female,Married,3,Life Sciences,2,Manufacturing Director,2,Non-Travel,109760,11,0.0,9.0,3.0,9,5,5.0,8.0,1.0,3,No,3,Medium
3924,Gaurav Miller,32,Male,Married,3,Technical Degree,2,Research Scientist,1,Travel_Rarely,36600,11,2.0,10.0,0.5,4,2,0.0,2.0,3.0,6,No,3,Medium
3925,Akash Mehta,40,Male,Single,3,Life Sciences,1,Manufacturing Director,3,Travel_Rarely,104820,11,1.0,21.0,4.5,18,10,7.5,8.0,1.0,6,No,3,Low
3926,Karan Thakur,45,Male,Married,4,Medical,2,Sales Representative,1,Travel_Rarely,71190,15,0.0,9.0,2.0,5,3,0.0,3.0,4.0,19,No,3,Medium
3927,Divya Shah,30,Male,Single,3,Life Sciences,1,Research Director,1,Travel_Frequently,95820,12,1.0,10.0,2.0,9,5,0.0,7.0,0.0,9,No,3,Medium
3928,Vikram Brown,24,Male,Married,4,Marketing,1,Sales Executive,1,Travel_Frequently,45080,11,1.0,3.0,4.5,2,1,2.0,1.0,0.0,3,No,3,Medium
3929,Ananya Singh,30,Female,Divorced,3,Life Sciences,2,Human Resources,1,Travel_Frequently,22070,14,0.0,6.0,4.0,4,2,1.0,2.0,6.0,10,Yes,3,Medium
3930,Ananya Garcia,31,Male,Married,2,Life Sciences,2,Laboratory Technician,3,Travel_Rarely,77560,15,2.0,6.0,3.0,5,3,0.0,2.0,1.0,3,No,3,Medium
3931,Sneha Shah,27,Male,Single,3,Life Sciences,1,Manager,1,Travel_Rarely,66940,13,1.0,6.0,2.0,6,3,1.0,4.0,1.0,3,No,3,Medium
3932,Zara Thakur,29,Male,Single,3,Marketing,1,Research Scientist,5,Travel_Rarely,36910,13,0.0,2.0,3.0,2,1,2.0,2.0,1.0,4,Yes,3,Medium
3933,Divya Reddy,29,Female,Single,4,Life Sciences,2,Sales Executive,1,Travel_Frequently,23770,21,1.0,10.0,2.0,3,1,0.0,2.0,8.0,8,No,4,High
3934,Tanvi Sharma,30,Male,Divorced,3,Life Sciences,1,Sales Executive,3,Travel_Rarely,23130,11,0.0,12.0,4.5,7,4,1.0,7.0,2.0,7,No,3,Medium
3935,Sara Reddy,34,Female,Married,2,Medical,2,Healthcare Representative,2,Travel_Rarely,165835,11,0.0,6.0,4.5,5,3,1.0,2.0,0.0,1,No,3,Medium
3936,Akash Gupta,33,Male,Single,4,Medical,2,Sales Representative,1,Non-Travel,25960,14,1.0,13.0,4.0,11,6,1.0,7.0,8.0,2,No,3,Medium
3937,Pooja Malhotra,49,Male,Single,4,Marketing,1,Sales Executive,1,Travel_Rarely,47280,11,1.0,8.0,4.0,5,3,0.0,4.0,3.0,3,No,3,Medium
3938,Ishaan Agarwal,33,Male,Single,3,Life Sciences,2,Sales Executive,1,Travel_Rarely,43020,13,0.0,11.0,3.0,0,0,0.0,0.0,2.0,10,Yes,3,Low
3939,Neha Reddy,38,Male,Married,3,Medical,2,Healthcare Representative,1,Travel_Frequently,29790,12,1.0,9.0,3.0,6,3,0.0,5.0,4.0,28,No,3,Medium
3940,Zara Kumar,31,Male,Married,4,Human Resources,3,Laboratory Technician,2,Travel_Rarely,165835,14,2.0,10.0,2.0,1,0,0.0,0.0,2.0,9,Yes,3,Medium
3941,Kunal Verma,29,Female,Divorced,4,Other,2,Sales Representative,2,Travel_Rarely,55930,13,1.0,1.0,3.0,1,0,0.0,0.0,1.0,3,No,3,Medium
3942,David Patel,30,Male,Married,1,Medical,2,Sales Representative,1,Travel_Rarely,104450,18,1.0,10.0,3.0,7,4,1.0,7.0,3.0,2,No,3,Medium
3943,James Patel,32,Female,Single,4,Life Sciences,2,Laboratory Technician,1,Non-Travel,87400,11,1.0,12.0,2.0,7,4,0.0,7.0,2.0,10,No,3,Medium
3944,Karan Trivedi,38,Female,Married,2,Technical Degree,2,Manufacturing Director,1,Travel_Rarely,25140,11,0.0,15.0,2.0,1,0,1.0,0.0,3.0,8,No,3,Medium
3945,James Patel,43,Male,Married,4,Other,2,Sales Executive,3,Travel_Frequently,76550,12,1.0,6.0,3.0,1,0,0.0,0.0,8.5,1,Yes,3,Medium
3946,Dev Garcia,42,Female,Divorced,3,Other,3,Healthcare Representative,1,Travel_Rarely,165835,13,1.0,7.0,3.0,5,3,0.0,4.0,8.0,1,No,3,Low
3947,Karan Mehta,55,Female,Married,2,Life Sciences,2,Sales Executive,1,Travel_Rarely,73510,20,1.0,28.5,3.0,1,0,0.0,0.0,8.0,3,No,4,High
3948,Varun Kumar,33,Male,Divorced,3,Other,2,Research Scientist,1,Non-Travel,108200,12,0.0,11.0,2.0,9,5,1.0,7.0,5.0,14,No,3,Medium
3949,Michael Jones,41,Male,Divorced,3,Medical,2,Sales Representative,1,Travel_Rarely,121690,19,0.0,5.0,2.0,5,3,0.0,4.0,1.0,5,No,3,Medium
3950,Emily Joshi,34,Female,Divorced,4,Medical,2,Research Scientist,1,Non-Travel,165835,21,0.0,15.0,4.5,15,9,0.0,7.0,1.0,7,No,4,High
3951,Ananya Pillai,53,Male,Married,4,Medical,2,Healthcare Representative,2,Non-Travel,20700,13,2.0,27.0,2.0,3,1,0.0,2.0,4.0,10,No,3,Medium
3952,Kavya Miller,43,Female,Single,2,Marketing,1,Laboratory Technician,1,Travel_Rarely,67820,16,1.0,10.0,2.0,9,5,1.0,8.0,0.0,16,No,3,Medium
3953,Shivam Miller,34,Female,Single,2,Life Sciences,1,Sales Executive,5,Travel_Rarely,77790,12,1.0,6.0,2.0,2,1,2.0,2.0,5.0,10,No,3,Medium
3954,Vikram Smith,21,Male,Single,2,Marketing,1,Healthcare Representative,5,Travel_Rarely,27910,14,0.0,1.0,3.0,1,0,1.0,0.0,1.0,1,Yes,3,Medium
3955,Ananya Verma,38,Female,Married,2,Life Sciences,2,Sales Executive,2,Travel_Rarely,32010,11,1.0,5.0,3.0,5,3,0.0,4.0,1.0,8,No,3,Medium
3956,Aditya Thakur,22,Male,Married,3,Other,2,Research Scientist,4,Travel_Rarely,49680,14,0.0,1.0,3.0,1,0,0.0,0.0,1.0,1,Yes,3,Medium
3957,Deepika Wilson,31,Male,Married,5,Life Sciences,2,Sales Executive,5,Travel_Rarely,131200,12,2.0,13.0,4.5,12,7,5.0,7.0,1.0,8,No,3,Medium
3958,Anjali Miller,51,Female,Married,4,Life Sciences,2,Manager,1,Travel_Rarely,40330,14,0.0,15.0,2.0,2,1,2.0,2.0,2.0,1,No,3,Medium
3959,Sneha Kumar,37,Male,Married,1,Life Sciences,2,Sales Executive,2,Travel_Rarely,32910,16,2.5,5.0,2.0,5,3,0.0,3.0,1.0,24,No,3,Low
3960,Akash Nair,46,Female,Divorced,4,Marketing,1,Sales Representative,1,Travel_Rarely,42720,13,0.0,24.0,3.0,2,1,2.0,2.0,7.0,3,No,3,Medium
3961,Kavya Joshi,36,Female,Married,3,Technical Degree,2,Research Scientist,4,Travel_Rarely,50560,12,0.0,15.0,2.0,12,7,5.0,7.0,7.0,27,No,3,Medium
3962,Raj Singh,44,Male,Divorced,4,Life Sciences,1,Research Scientist,1,Travel_Frequently,28440,12,0.0,6.0,2.0,5,3,2.0,3.0,1.0,10,Yes,3,Medium
3963,Anjali Smith,37,Male,Divorced,2,Technical Degree,2,Sales Executive,2,Travel_Rarely,27030,14,0.0,19.0,2.0,10,6,4.0,7.0,2.0,19,No,3,Medium
3964,Olivia Gupta,35,Male,Single,4,Life Sciences,2,Research Scientist,2,Travel_Rarely,19040,22,1.0,10.0,4.0,10,6,7.0,7.0,1.0,15,Yes,4,High
3965,Emma Malhotra,33,Male,Married,5,Medical,2,Laboratory Technician,2,Travel_Rarely,82240,19,0.0,14.0,3.0,10,6,7.0,6.0,6.0,8,No,3,Medium
3966,Kavya Kumar,28,Female,Married,3,Medical,1,Sales Executive,2,Travel_Rarely,47660,12,0.0,5.0,3.0,5,3,0.0,3.0,1.0,9,No,3,Medium
3967,Nikhil Reddy,39,Female,Single,4,Marketing,1,Laboratory Technician,2,Travel_Rarely,26100,12,0.0,9.0,2.0,4,2,2.0,2.0,7.0,3,No,3,Medium
3968,Sneha Singh,46,Male,Single,2,Life Sciences,2,Manufacturing Director,2,Non-Travel,57310,17,0.0,6.0,2.0,2,1,2.0,2.0,8.0,9,No,3,Medium
3969,Deepika Pillai,40,Male,Married,2,Medical,2,Research Director,1,Travel_Rarely,25390,12,1.0,7.0,3.0,4,2,0.0,2.0,4.0,2,No,3,Low
3970,Akash Singh,42,Female,Married,4,Other,2,Laboratory Technician,2,Travel_Rarely,57140,11,0.0,10.0,2.0,0,0,0.0,0.0,5.0,7,No,3,Low
3971,Shivam Miller,35,Female,Divorced,1,Life Sciences,1,Research Director,2,Non-Travel,43230,18,2.5,15.0,3.0,7,4,1.0,7.0,2.0,10,No,3,Medium
3972,Rohit Singh,38,Male,Divorced,4,Marketing,1,Sales Executive,3,Non-Travel,73360,11,0.0,13.0,3.0,11,6,3.0,8.0,5.0,6,No,3,Low
3973,Olivia Shah,34,Male,Married,1,Life Sciences,2,Manufacturing Director,1,Travel_Frequently,134990,23,2.0,11.0,2.0,7,4,0.0,7.0,4.0,2,Yes,4,High
3974,Tanvi Patel,37,Male,Single,3,Life Sciences,2,Laboratory Technician,1,Travel_Rarely,137580,11,1.0,10.0,4.5,10,6,0.0,8.0,1.0,24,Yes,3,Low
3975,Rohit Verma,39,Male,Divorced,1,Medical,2,Healthcare Representative,2,Travel_Frequently,51550,18,1.0,7.0,3.0,2,1,2.0,2.0,2.0,2,No,3,Medium
3976,Sara Mehta,43,Female,Single,5,Medical,3,Sales Executive,3,Non-Travel,22580,18,0.0,7.0,2.0,3,1,1.0,2.0,4.0,8,No,3,Low
3977,David Verma,41,Male,Single,3,Life Sciences,2,Research Scientist,3,Travel_Rarely,35970,13,1.0,11.0,2.0,3,1,1.0,2.0,3.0,3,No,3,Low
3978,Sneha Singh,41,Male,Divorced,1,Technical Degree,2,Laboratory Technician,3,Travel_Rarely,25150,18,0.0,23.0,2.0,18,10,7.5,5.0,0.0,1,No,3,Medium
3979,Suresh Reddy,30,Female,Single,3,Marketing,1,Manager,2,Travel_Rarely,44200,11,0.0,9.0,3.0,7,4,0.0,2.0,8.5,26,No,3,Medium
3980,John Agarwal,26,Female,Married,1,Technical Degree,3,Sales Executive,3,Travel_Rarely,65780,15,2.0,6.0,3.0,5,3,1.0,4.0,0.0,2,Yes,3,Medium
3981,Kunal Kumar,46,Male,Married,3,Medical,2,Sales Executive,1,Travel_Rarely,44220,11,1.0,13.0,2.0,9,5,3.0,7.0,4.0,10,Yes,3,Medium
3982,Sanjay Rao,40,Female,Divorced,2,Medical,1,Sales Executive,3,Travel_Rarely,102740,18,0.0,12.0,3.0,5,3,0.0,3.0,4.0,27,No,3,Medium
3983,Akash Thakur,34,Male,Married,3,Life Sciences,2,Laboratory Technician,2,Travel_Rarely,53430,14,0.0,10.0,4.5,10,6,4.0,8.0,1.0,2,No,3,Medium
3984,Dev Mehta,58,Male,Divorced,4,Medical,2,Laboratory Technician,1,Non-Travel,23760,12,1.0,28.5,3.0,16,9,7.5,14.0,4.0,2,No,3,Low
3985,Aarav Nair,35,Female,Married,1,Technical Degree,2,Manufacturing Director,3,Travel_Rarely,53460,14,0.0,6.0,3.0,5,3,0.0,3.0,0.0,8,No,3,Medium
3986,Dev Verma,47,Female,Divorced,5,Medical,2,Research Scientist,2,Travel_Rarely,28270,14,1.0,28.0,3.0,18,10,7.5,10.0,8.0,19,No,3,Medium
3987,Nikhil Mehta,40,Male,Divorced,4,Life Sciences,2,Manager,2,Travel_Rarely,165835,13,1.0,15.0,3.0,7,4,7.0,7.0,2.0,1,No,3,Low
3988,Anjali Rao,54,Male,Married,4,Medical,1,Research Scientist,1,Travel_Rarely,31310,14,0.0,14.0,3.0,7,4,1.0,7.0,4.0,27,No,3,Medium
3989,Akash Wilson,31,Female,Married,4,Other,1,Manufacturing Director,3,Travel_Frequently,25520,18,0.0,9.0,2.0,3,1,2.0,2.0,2.0,8,No,3,Low
3990,Priya Wilson,28,Male,Married,2,Life Sciences,1,Manager,3,Travel_Rarely,44770,15,0.0,3.0,4.5,3,1,1.0,2.0,1.0,1,No,3,Medium
3991,Michael Wilson,38,Female,Married,3,Medical,2,Manufacturing Director,2,Travel_Rarely,64740,13,2.0,20.0,3.0,4,2,0.0,3.0,2.0,19,No,3,Low
3992,Riya Pillai,26,Female,Single,3,Marketing,1,Healthcare Representative,1,Travel_Rarely,30330,12,0.0,5.0,2.0,5,3,1.0,2.0,1.0,8,No,3,Medium
3993,Tanvi Kumar,58,Female,Married,4,Technical Degree,2,Sales Representative,1,Travel_Frequently,29360,13,1.0,23.0,3.0,2,1,2.0,2.0,2.0,10,No,3,Medium
3994,Emily Malhotra,18,Male,Single,3,Life Sciences,2,Sales Representative,3,Non-Travel,165835,24,2.0,0.0,4.0,0,0,0.0,0.0,1.0,2,No,4,High
3995,Aarav Mehta,31,Male,Married,3,Life Sciences,2,Laboratory Technician,3,Travel_Rarely,21680,14,1.0,2.0,2.0,1,0,0.0,0.0,0.0,2,Yes,3,Medium
3996,Divya Sharma,29,Male,Divorced,2,Medical,2,Manager,1,Travel_Rarely,28530,14,1.0,4.0,4.5,2,1,2.0,0.0,4.0,8,Yes,3,Low
3997,Sneha Kumar,45,Male,Married,4,Technical Degree,1,Research Scientist,1,Non-Travel,165835,15,0.0,10.0,3.0,8,4,5.0,7.0,4.0,1,No,3,Medium
3998,Emily Rao,36,Female,Married,3,Technical Degree,1,Laboratory Technician,5,Travel_Rarely,22900,11,0.0,15.0,4.5,1,0,0.0,0.0,4.0,2,No,3,Medium
3999,Tanvi Malhotra,43,Male,Married,3,Medical,1,Research Director,1,Travel_Frequently,36000,23,0.0,7.0,2.0,7,4,7.0,7.0,1.0,8,No,4,High
4000,Anjali Patel,27,Male,Single,4,Life Sciences,1,Research Scientist,5,Travel_Frequently,21070,13,0.0,6.0,2.0,5,3,0.0,2.0,0.0,8,No,3,Medium
4001,Shivam Smith,29,Male,Married,2,Medical,2,Human Resources,1,Travel_Frequently,41150,11,0.0,11.0,1.0,11,6,3.0,10.0,1.0,6,No,3,Medium
4002,Gaurav Malhotra,32,Male,Single,4,Life Sciences,1,Sales Executive,4,Travel_Frequently,43270,13,0.0,4.0,4.0,0,0,0.0,0.0,8.0,9,No,3,Medium
4003,Emma Jones,42,Male,Married,3,Medical,2,Manager,1,Non-Travel,165835,18,0.0,10.0,2.0,6,3,3.0,3.0,3.0,11,No,3,Medium
4004,Neha Gupta,47,Female,Single,2,Life Sciences,1,Manager,5,Travel_Rarely,31960,14,1.0,7.0,3.0,2,1,2.0,0.0,4.0,2,No,3,Medium
4005,Ishaan Shah,46,Female,Divorced,3,Life Sciences,3,Laboratory Technician,1,Travel_Rarely,165835,21,0.0,12.0,2.0,9,5,4.0,7.0,3.0,1,No,4,High
4006,Rohit Patel,28,Male,Divorced,3,Life Sciences,2,Sales Executive,1,Non-Travel,89660,16,1.0,3.0,3.0,3,1,2.0,2.0,1.0,7,No,3,Medium
4007,Akash Reddy,29,Female,Divorced,3,Medical,2,Manufacturing Director,1,Travel_Rarely,22100,11,1.0,11.0,4.0,7,4,1.0,6.0,8.0,16,No,3,Medium
4008,Zara Singh,42,Female,Single,4,Medical,1,Research Director,2,Travel_Rarely,45390,17,1.0,8.0,4.5,0,0,0.0,0.0,4.0,2,No,3,Medium
4009,Neha Patel,32,Male,Single,1,Medical,2,Laboratory Technician,2,Travel_Rarely,27410,11,0.0,7.0,3.0,2,1,2.0,2.0,7.0,1,Yes,3,Medium
4010,Divya Trivedi,46,Male,Divorced,1,Life Sciences,2,Laboratory Technician,2,Travel_Rarely,34910,14,0.0,25.0,0.5,18,10,2.0,8.0,2.0,23,No,3,Low
4011,Ishaan Gupta,27,Female,Married,3,Life Sciences,1,Research Scientist,5,Travel_Rarely,45410,14,2.0,9.0,4.0,9,5,5.0,8.0,1.0,2,No,3,Medium
4012,Olivia Patel,29,Male,Married,2,Medical,2,Sales Executive,3,Travel_Rarely,26780,25,1.0,1.0,3.0,1,0,0.0,0.0,1.0,1,No,4,High
4013,Deepika Miller,43,Male,Married,3,Life Sciences,2,Manufacturing Director,1,Travel_Rarely,73790,13,2.0,21.0,3.0,16,9,6.0,14.0,7.0,1,No,3,Low
4014,Riya Verma,48,Female,Married,3,Life Sciences,2,Manager,2,Travel_Rarely,62720,14,0.0,28.5,3.0,18,10,7.5,9.0,4.0,2,No,3,Medium
4015,Nikhil Thakur,29,Female,Single,2,Life Sciences,2,Laboratory Technician,1,Travel_Frequently,52200,17,0.0,1.0,3.0,1,0,1.0,0.0,1.0,13,Yes,3,Medium
4016,Divya Shah,46,Female,Married,4,Medical,2,Sales Representative,2,Travel_Rarely,27430,25,1.0,14.0,1.0,8,4,0.0,7.0,5.0,4,Yes,4,High
4017,Shivam Gupta,27,Male,Married,4,Medical,2,Healthcare Representative,3,Travel_Frequently,49980,20,2.0,8.0,3.0,7,4,7.0,3.0,0.0,16,No,4,High
4018,Zara Rao,39,Male,Divorced,3,Technical Degree,2,Healthcare Representative,3,Travel_Rarely,102520,13,1.0,7.0,3.0,2,1,2.0,2.0,8.0,2,No,3,Medium
4019,John Kumar,55,Female,Married,3,Life Sciences,2,Human Resources,1,Travel_Rarely,27810,13,1.0,19.0,2.0,5,3,0.0,4.0,8.0,2,No,3,Medium
4020,Karan Johnson,28,Male,Married,2,Life Sciences,2,Laboratory Technician,2,Travel_Rarely,68520,18,1.0,1.0,2.0,1,0,0.0,0.0,1.0,29,No,3,Medium
4021,Sarah Mehta,30,Female,Single,4,Life Sciences,1,Sales Executive,2,Travel_Rarely,49500,12,2.0,1.0,3.0,1,0,0.0,0.0,1.0,12,Yes,3,Medium
4022,Olivia Patel,22,Female,Single,2,Life Sciences,2,Laboratory Technician,2,Travel_Rarely,35790,19,2.5,1.0,3.0,1,0,0.0,0.0,1.0,16,Yes,3,Medium
4023,Neha Joshi,36,Male,Married,3,Life Sciences,2,Sales Executive,1,Travel_Rarely,131910,14,1.0,10.0,2.0,10,6,1.0,7.0,1.0,11,No,3,Medium
4024,Nikhil Garcia,31,Female,Divorced,4,Life Sciences,2,Manager,5,Travel_Rarely,103770,14,0.0,10.0,2.0,10,6,0.0,2.0,1.0,2,No,3,Medium
4025,Varun Williams,34,Female,Married,2,Technical Degree,1,Sales Executive,1,Travel_Rarely,22350,14,1.0,9.0,2.0,5,3,1.0,0.0,2.0,14,No,3,Medium
4026,Divya Miller,29,Female,Single,5,Life Sciences,2,Sales Executive,1,Travel_Rarely,105020,12,0.0,11.0,4.0,3,1,1.0,2.0,3.0,5,No,3,Medium
4027,Nikhil Agarwal,37,Male,Married,2,Medical,2,Manufacturing Director,1,Travel_Rarely,20110,13,0.0,16.0,4.0,5,3,0.0,4.0,5.0,7,No,3,Medium
4028,Tanvi Agarwal,35,Male,Married,1,Technical Degree,1,Laboratory Technician,2,Travel_Rarely,18590,25,1.0,4.0,2.0,3,1,0.0,2.0,0.0,2,No,4,High
4029,Sanjay Reddy,45,Female,Married,3,Medical,2,Sales Executive,2,Travel_Rarely,37600,14,1.0,10.0,2.0,9,5,3.0,8.0,0.0,3,No,3,Medium
4030,Shivam Garcia,36,Female,Single,3,Medical,2,Manufacturing Director,4,Travel_Frequently,165835,17,1.0,10.0,4.5,10,6,0.0,8.0,1.0,5,No,3,Low
4031,Meera Reddy,40,Male,Divorced,3,Other,2,Sales Executive,1,Travel_Rarely,68330,13,0.0,22.0,3.0,18,10,7.5,14.5,2.0,3,No,3,Low
4032,Aryan Malhotra,26,Male,Married,2,Life Sciences,2,Human Resources,2,Travel_Rarely,68120,13,0.0,1.0,2.0,1,0,1.0,0.0,1.0,26,No,3,Low
4033,Vivek Agarwal,27,Male,Single,3,Technical Degree,2,Manufacturing Director,2,Travel_Rarely,51710,20,1.0,9.0,1.0,8,4,0.0,7.0,0.0,4,No,4,High
4034,Dev Shah,48,Male,Divorced,3,Life Sciences,2,Research Director,2,Travel_Frequently,165835,14,0.0,24.0,2.0,18,10,4.0,7.0,3.0,2,No,3,Medium
4035,Zara Singh,44,Male,Married,2,Medical,1,Manager,4,Travel_Rarely,165835,12,1.0,10.0,0.5,2,1,2.0,2.0,2.0,1,No,3,Low
4036,Akash Nair,34,Female,Married,2,Life Sciences,2,Sales Representative,1,Non-Travel,36920,12,1.0,5.0,4.5,5,3,3.0,0.0,1.0,27,Yes,3,Medium
4037,Sneha Joshi,56,Female,Single,2,Medical,3,Sales Executive,5,Travel_Rarely,25590,21,0.0,5.0,3.0,4,2,1.0,0.0,1.0,1,Yes,4,High
4038,James Jones,36,Female,Married,3,Technical Degree,2,Healthcare Representative,3,Travel_Rarely,25170,14,0.0,12.0,3.0,4,2,1.0,3.0,2.0,13,No,3,Low
4039,Raj Nair,41,Female,Married,3,Life Sciences,2,Sales Executive,1,Travel_Rarely,66230,18,0.0,14.0,3.0,5,3,1.0,4.0,5.0,5,No,3,Medium
4040,Aditya Brown,42,Female,Married,3,Technical Degree,2,Sales Executive,2,Travel_Rarely,165835,12,1.0,18.0,4.0,13,7,5.0,7.0,8.5,7,No,3,Medium
4041,Sarah Rao,31,Female,Divorced,4,Life Sciences,1,Sales Executive,1,Travel_Rarely,161240,23,1.0,8.0,2.0,5,3,1.0,4.0,2.0,9,No,4,High
4042,Raj Johnson,34,Female,Married,1,Life Sciences,2,Laboratory Technician,3,Travel_Rarely,25850,12,0.0,9.0,4.5,4,2,0.0,1.0,3.0,8,No,3,Medium
4043,Suresh Singh,31,Female,Divorced,2,Life Sciences,1,Manufacturing Director,3,Travel_Rarely,165835,21,2.0,4.0,3.0,2,1,2.0,2.0,8.0,25,No,4,High
4044,Sneha Miller,26,Male,Married,2,Life Sciences,1,Healthcare Representative,2,Travel_Frequently,83800,14,0.0,8.0,3.0,7,4,7.0,7.0,0.0,16,No,3,Medium
4045,Vikram Reddy,45,Female,Single,4,Life Sciences,2,Manager,2,Travel_Frequently,29940,18,1.0,12.0,2.0,4,2,0.0,3.0,4.0,8,No,3,Medium
4046,Raj Gupta,33,Female,Single,3,Life Sciences,1,Sales Executive,5,Travel_Rarely,12230,13,1.0,10.0,3.0,10,6,0.0,9.0,1.0,1,No,3,Medium
4047,Sneha Gupta,28,Male,Married,3,Life Sciences,1,Research Scientist,4,Travel_Frequently,11180,11,0.0,7.0,3.0,7,4,0.0,7.0,1.0,8,No,3,Medium
4048,Kavya Gupta,29,Male,Single,4,Human Resources,3,Sales Executive,2,Travel_Frequently,28750,11,0.0,1.0,3.0,1,0,0.0,0.0,1.0,2,Yes,3,Medium
4049,Kavya Nair,39,Female,Married,5,Medical,2,Sales Representative,2,Non-Travel,165835,19,1.0,10.0,4.0,3,1,1.0,2.0,6.0,8,No,3,Medium
4050,Amit Smith,27,Male,Married,2,Technical Degree,1,Healthcare Representative,2,Travel_Rarely,135770,12,1.0,6.0,2.0,5,3,1.0,2.0,1.0,3,No,3,Low
4051,Nikhil Miller,34,Female,Married,4,Life Sciences,2,Manufacturing Director,2,Travel_Frequently,26250,12,2.5,16.0,4.0,15,9,6.0,11.0,1.0,9,No,3,Medium
4052,Aryan Agarwal,28,Male,Single,3,Technical Degree,2,Research Director,1,Travel_Rarely,165835,16,1.0,6.0,4.0,2,1,2.0,2.0,3.0,25,Yes,3,Medium
4053,Aryan Shah,47,Male,Married,4,Medical,2,Research Scientist,1,Non-Travel,45380,11,0.0,16.0,3.0,8,4,1.0,7.0,8.0,1,No,3,Medium
4054,Rahul Rao,56,Female,Married,3,Technical Degree,2,Sales Executive,2,Travel_Rarely,165835,14,0.0,6.0,4.5,0,0,0.0,0.0,4.0,4,No,3,Medium
4055,Sneha Brown,39,Female,Married,3,Other,2,Laboratory Technician,1,Travel_Rarely,105120,12,1.0,10.0,2.0,10,6,7.0,9.0,1.0,1,No,3,Low
4056,Karan Jones,38,Female,Divorced,2,Medical,2,Manager,1,Travel_Frequently,44440,13,0.0,20.0,2.0,18,10,0.0,7.0,1.0,4,No,3,Medium
4057,Aryan Joshi,58,Male,Married,3,Marketing,1,Sales Representative,5,Travel_Rarely,21540,21,1.0,28.5,3.0,1,0,0.0,0.0,4.0,5,No,4,High
4058,Karan Miller,32,Male,Single,3,Life Sciences,2,Laboratory Technician,2,Travel_Frequently,165835,17,1.0,8.0,2.0,4,2,0.0,3.0,3.0,9,Yes,3,Medium
4059,Anjali Nair,38,Female,Divorced,4,Life Sciences,2,Sales Representative,1,Travel_Rarely,44900,21,1.0,10.0,1.0,5,3,0.0,3.0,2.0,3,No,4,High
4060,Nikhil Brown,49,Male,Married,4,Life Sciences,1,Research Scientist,2,Travel_Frequently,35060,11,1.0,28.0,4.0,5,3,4.0,3.0,3.0,11,No,3,Medium
4061,Priya Wilson,42,Female,Divorced,3,Life Sciences,1,Sales Executive,1,Travel_Rarely,23720,12,1.0,14.0,3.0,0,0,0.0,0.0,3.0,1,No,3,Medium
4062,Varun Smith,27,Male,Married,1,Life Sciences,1,Laboratory Technician,4,Travel_Frequently,102310,13,1.0,1.0,2.0,1,0,0.0,0.0,1.0,8,Yes,3,Low
4063,Vikram Patel,35,Male,Married,1,Medical,2,Sales Executive,1,Travel_Rarely,54100,18,0.0,6.0,4.0,5,3,0.0,4.0,0.0,25,No,3,Low
4064,Pooja Thakur,28,Male,Single,1,Medical,2,Research Scientist,3,Non-Travel,79780,16,2.0,5.0,2.0,5,3,1.0,4.0,1.0,21,No,3,Medium
4065,Deepika Kumar,31,Male,Divorced,1,Medical,1,Sales Executive,1,Non-Travel,38670,11,1.0,4.0,4.0,4,2,2.0,3.0,1.0,23,No,3,Medium
4066,Anjali Williams,36,Male,Married,3,Life Sciences,2,Research Scientist,2,Non-Travel,28380,19,2.0,5.0,4.5,5,3,0.0,2.0,1.0,1,No,3,Low
4067,Sneha Joshi,34,Male,Single,3,Marketing,1,Healthcare Representative,4,Travel_Rarely,46950,16,1.0,14.0,2.0,14,8,2.0,1.0,1.0,2,No,3,Medium
4068,Varun Smith,34,Female,Divorced,3,Technical Degree,2,Research Director,1,Travel_Rarely,33390,16,0.0,9.0,2.0,8,4,1.0,1.0,1.0,19,No,3,Medium
4069,James Garcia,26,Male,Single,2,Life Sciences,2,Research Scientist,2,Travel_Rarely,20800,13,0.0,8.0,4.5,7,4,7.0,6.0,0.0,2,No,3,Medium
4070,Michael Patel,29,Male,Married,4,Other,2,Laboratory Technician,2,Travel_Rarely,20960,22,0.0,6.0,2.0,5,3,0.0,2.0,0.0,2,No,4,High
4071,Vivek Nair,32,Male,Divorced,1,Life Sciences,2,Manager,3,Non-Travel,62090,17,1.0,9.0,4.5,5,3,1.0,2.0,5.0,3,No,3,Medium
4072,Neha Agarwal,31,Female,Married,5,Technical Degree,2,Human Resources,2,Travel_Frequently,165835,14,1.0,10.0,2.0,10,6,7.5,7.0,1.0,25,No,3,Medium
4073,Sanjay Pillai,28,Female,Divorced,5,Life Sciences,1,Sales Representative,2,Travel_Rarely,165835,15,1.0,6.0,2.0,4,2,0.0,3.0,5.0,7,Yes,3,Medium
4074,Olivia Patel,38,Male,Single,2,Technical Degree,2,Sales Representative,3,Travel_Rarely,23720,12,0.0,20.0,3.0,1,0,0.0,0.0,4.0,9,No,3,Low
4075,Ananya Sharma,35,Male,Married,3,Life Sciences,2,Sales Representative,2,Travel_Rarely,48830,18,1.0,10.0,1.0,10,6,0.0,9.0,1.0,5,No,3,Medium
4076,James Pillai,27,Female,Single,3,Life Sciences,1,Manager,1,Travel_Rarely,39040,15,0.0,7.0,2.0,7,4,0.0,7.0,1.0,2,No,3,Medium
4077,Nikhil Agarwal,32,Female,Single,1,Medical,2,Research Scientist,2,Travel_Rarely,46270,17,1.0,8.0,2.0,1,0,0.0,0.0,8.0,8,No,3,Medium
4078,Nikhil Thakur,31,Male,Married,1,Other,2,Sales Executive,3,Travel_Frequently,70940,14,1.0,10.0,2.0,10,6,0.0,8.0,1.0,2,Yes,3,Medium
4079,Akash Singh,53,Male,Single,3,Medical,2,Research Scientist,1,Travel_Rarely,34230,15,1.0,15.0,4.0,2,1,2.0,2.0,6.0,18,Yes,3,Low
4080,Emma Rao,54,Male,Married,3,Other,2,Research Scientist,3,Travel_Rarely,66740,17,1.0,9.0,2.0,4,2,2.0,3.0,3.0,14,No,3,Low
4081,Aryan Nair,33,Female,Divorced,4,Medical,2,Sales Executive,4,Travel_Frequently,165835,14,2.5,9.0,2.0,9,5,2.0,8.0,1.0,2,No,3,Medium
4082,Kavya Gupta,43,Male,Married,3,Medical,2,Research Scientist,1,Travel_Rarely,90940,12,1.0,10.0,0.5,10,6,0.0,9.0,1.0,3,No,3,Medium
4083,Ishaan Johnson,38,Female,Married,5,Medical,2,Sales Executive,4,Travel_Frequently,84460,14,0.0,7.0,3.0,6,3,1.0,2.0,0.0,2,No,3,Medium
4084,Ananya Joshi,55,Male,Married,3,Marketing,1,Laboratory Technician,2,Travel_Rarely,119160,15,1.0,28.5,3.0,10,6,1.0,4.0,4.0,9,No,3,Medium
4085,Priya Shah,31,Male,Divorced,3,Other,1,Manufacturing Director,1,Travel_Rarely,45340,13,0.0,1.0,2.0,1,0,0.0,0.0,1.0,6,No,3,Medium
4086,Michael Miller,39,Male,Single,3,Life Sciences,2,Sales Executive,2,Travel_Rarely,98520,12,1.0,21.0,4.5,18,10,7.5,10.0,0.0,4,No,3,Low
4087,Ishaan Shah,42,Female,Single,4,Life Sciences,2,Research Scientist,2,Non-Travel,61510,13,1.0,20.0,3.0,18,10,3.0,7.0,1.0,10,No,3,Medium
4088,Aarav Trivedi,31,Male,Married,2,Life Sciences,2,Healthcare Representative,2,Non-Travel,23020,14,0.0,13.0,3.0,11,6,4.0,8.0,4.0,14,No,3,Medium
4089,Arjun Verma,54,Female,Single,3,Medical,2,Human Resources,2,Travel_Rarely,23620,13,1.0,9.0,2.0,5,3,1.0,4.0,6.0,1,No,3,Medium
4090,Sneha Patel,24,Male,Single,4,Other,2,Manufacturing Director,1,Travel_Rarely,165835,11,2.0,4.0,4.5,4,2,1.0,2.0,1.0,5,No,3,Low
4091,Priya Kumar,23,Male,Single,3,Life Sciences,2,Research Scientist,2,Travel_Rarely,165835,11,1.0,5.0,2.0,5,3,1.0,4.0,1.0,7,No,3,Medium
4092,Vikram Williams,40,Female,Married,3,Medical,2,Research Scientist,3,Travel_Frequently,165835,21,0.0,10.0,1.0,10,6,7.5,4.0,1.0,21,No,4,High
4093,Rohit Brown,40,Female,Married,1,Medical,2,Research Scientist,5,Travel_Rarely,35440,18,2.5,15.0,3.0,11,6,5.0,10.0,3.0,8,No,3,Low
4094,Nikhil Patel,25,Female,Married,5,Medical,1,Laboratory Technician,2,Travel_Rarely,85000,12,0.0,6.0,2.0,2,1,1.0,2.0,4.0,20,No,3,Medium
4095,Arjun Mehta,30,Male,Married,4,Life Sciences,3,Research Scientist,2,Travel_Rarely,46610,11,0.0,12.0,3.0,12,7,1.0,7.0,1.0,20,No,3,Medium
4096,Deepika Malhotra,25,Male,Divorced,2,Medical,2,Sales Executive,5,Travel_Rarely,41030,15,1.0,7.0,2.0,2,1,0.0,2.0,6.0,7,No,3,Medium
4097,Dev Thakur,47,Male,Single,4,Life Sciences,2,Sales Executive,2,Travel_Rarely,42490,13,1.0,25.0,2.0,17,10,7.5,11.0,2.0,1,No,3,Low
4098,Arjun Trivedi,33,Male,Divorced,3,Life Sciences,2,Research Scientist,2,Non-Travel,140260,12,0.0,1.0,4.0,1,0,0.0,0.0,1.0,1,No,3,Medium
4099,Kavya Smith,38,Female,Married,3,Life Sciences,2,Sales Executive,2,Travel_Rarely,68930,17,0.0,16.0,3.0,15,9,5.0,8.0,0.0,19,No,3,Medium
4100,Raj Garcia,31,Female,Married,4,Medical,2,Sales Executive,3,Travel_Rarely,61250,13,1.0,3.0,3.0,2,1,1.0,2.0,0.0,10,No,3,Medium
4101,Nikhil Joshi,38,Male,Married,4,Other,2,Research Scientist,2,Travel_Frequently,36690,19,0.0,10.0,2.0,8,4,7.0,7.0,2.0,1,No,3,Medium
4102,Sanjay Agarwal,42,Male,Divorced,3,Medical,2,Laboratory Technician,2,Travel_Rarely,100080,19,1.0,9.0,3.0,4,2,1.0,2.0,6.0,6,No,3,Low
4103,Nikhil Shah,41,Male,Married,2,Medical,1,Healthcare Representative,1,Travel_Rarely,23870,17,1.0,12.0,1.0,5,3,1.0,0.0,3.0,2,No,3,Medium
4104,Priya Joshi,47,Male,Married,2,Medical,2,Sales Executive,1,Non-Travel,46390,11,1.0,14.0,2.0,13,7,5.0,12.0,0.0,21,No,3,Low
4105,Karan Garcia,35,Male,Married,3,Life Sciences,2,Healthcare Representative,2,Travel_Rarely,78980,15,0.0,5.0,2.0,2,1,2.0,2.0,7.0,4,No,3,Medium
4106,Suresh Kumar,22,Male,Single,1,Human Resources,3,Sales Executive,2,Travel_Rarely,25340,11,0.0,4.0,1.0,3,1,1.0,2.0,0.0,12,No,3,Medium
4107,John Smith,35,Female,Single,3,Medical,2,Sales Executive,2,Travel_Rarely,131420,25,2.0,10.0,4.0,10,6,0.0,8.0,1.0,9,No,4,High
4108,Akash Johnson,33,Male,Married,4,Medical,1,Healthcare Representative,3,Travel_Rarely,16110,14,0.0,10.0,2.0,9,5,7.5,1.0,0.0,3,No,3,Medium
4109,Sanjay Garcia,32,Male,Single,2,Technical Degree,2,Manufacturing Director,3,Travel_Rarely,53630,13,0.0,6.0,4.0,6,3,4.0,1.0,1.0,3,No,3,Medium
4110,Rahul Reddy,40,Male,Married,4,Medical,2,Research Director,2,Travel_Rarely,50710,17,1.0,8.0,3.0,1,0,0.0,0.0,8.0,1,No,3,Low
4111,Karan Malhotra,32,Male,Married,2,Medical,2,Sales Executive,3,Travel_Rarely,136950,13,0.0,3.0,3.0,2,1,2.0,2.0,0.0,1,No,3,Medium
4112,Sara Brown,39,Male,Single,4,Life Sciences,2,Sales Executive,1,Travel_Rarely,134020,14,1.0,18.0,1.0,7,4,1.0,7.0,7.0,4,No,3,Medium
4113,Sarah Williams,38,Female,Married,4,Medical,1,Research Director,2,Travel_Rarely,20290,11,1.0,20.0,3.0,18,10,1.0,11.0,3.0,20,No,3,Medium
4114,Sara Reddy,32,Male,Married,3,Life Sciences,2,Manager,2,Travel_Rarely,63770,12,2.0,14.0,3.0,14,8,5.0,7.0,1.0,18,No,3,Medium
4115,Kavya Williams,37,Female,Married,3,Life Sciences,2,Sales Executive,4,Travel_Rarely,54290,17,1.0,16.0,3.0,16,9,6.0,8.0,1.0,1,No,3,Medium
4116,Karan Gupta,25,Female,Divorced,4,Medical,2,Manufacturing Director,2,Travel_Rarely,27850,21,0.0,6.0,2.0,5,3,0.0,4.0,0.0,2,No,4,High
4117,Michael Thakur,52,Male,Divorced,4,Other,2,Manager,1,Non-Travel,46140,16,1.0,16.0,3.0,9,5,0.0,0.0,2.0,2,No,3,Medium
4118,Kunal Jones,44,Female,Single,1,Life Sciences,2,Sales Representative,1,Travel_Rarely,26100,15,0.0,6.0,2.0,4,2,1.0,2.0,6.0,8,No,3,Medium
4119,John Joshi,21,Male,Single,5,Medical,1,Research Scientist,3,Travel_Rarely,66870,19,2.5,2.0,0.5,2,1,1.0,2.0,1.0,10,No,3,Medium
4120,Raj Reddy,39,Female,Single,4,Life Sciences,2,Research Director,2,Non-Travel,47240,12,1.0,21.0,4.0,6,3,1.0,3.0,2.0,3,No,3,Medium
4121,Tanvi Miller,23,Female,Married,4,Life Sciences,2,Manufacturing Director,2,Travel_Frequently,61790,11,0.0,1.0,3.0,1,0,1.0,0.0,1.0,2,Yes,3,Medium
4122,Riya Williams,36,Female,Married,3,Life Sciences,2,Laboratory Technician,2,Travel_Rarely,61200,19,0.0,10.0,2.0,9,5,3.0,4.0,0.0,24,No,3,Medium
4123,Sanjay Garcia,36,Male,Divorced,1,Medical,2,Sales Executive,2,Travel_Frequently,105960,15,0.0,18.0,3.0,4,2,0.0,2.0,7.0,16,No,3,Medium
4124,Neha Nair,56,Male,Divorced,1,Life Sciences,2,Sales Executive,1,Non-Travel,54670,20,0.0,13.0,4.5,13,7,1.0,9.0,1.0,8,No,4,High
4125,Nikhil Wilson,29,Male,Married,4,Medical,2,Sales Representative,2,Travel_Rarely,29960,25,0.0,4.0,4.0,2,1,2.0,2.0,8.5,9,Yes,4,High
4126,Sara Singh,42,Male,Married,1,Life Sciences,2,Research Scientist,3,Travel_Rarely,99980,24,2.0,24.0,3.0,18,10,4.0,14.0,5.0,17,No,4,High
4127,Aditya Reddy,56,Male,Married,4,Other,1,Sales Executive,2,Travel_Rarely,40780,24,1.0,14.0,3.0,10,6,7.5,8.0,8.0,10,Yes,4,High
4128,Zara Rao,41,Female,Married,4,Life Sciences,2,Healthcare Representative,1,Travel_Rarely,109200,15,1.0,21.0,3.0,18,10,0.0,10.0,0.0,13,No,3,Medium
4129,Rohit Williams,34,Female,Married,3,Medical,1,Laboratory Technician,1,Travel_Rarely,62320,13,1.0,8.0,3.0,8,4,1.0,7.0,1.0,1,No,3,Medium
4130,Raj Garcia,36,Female,Divorced,1,Medical,1,Human Resources,1,Non-Travel,132470,14,0.0,15.0,3.0,15,9,7.5,11.0,1.0,1,No,3,Medium
4131,Shivam Johnson,41,Male,Divorced,5,Medical,2,Healthcare Representative,1,Travel_Rarely,40810,13,0.0,14.0,3.0,5,3,0.0,4.0,2.0,1,No,3,Medium
4132,Vivek Trivedi,32,Female,Single,4,Life Sciences,1,Research Scientist,2,Travel_Rarely,57690,11,0.0,4.0,3.0,4,2,1.0,2.0,1.0,9,No,3,Medium
4133,Akash Pillai,35,Female,Single,3,Medical,2,Healthcare Representative,2,Travel_Rarely,23940,16,1.0,9.0,3.0,9,5,1.0,7.0,1.0,16,No,3,Medium
4134,Arjun Reddy,38,Male,Married,3,Medical,2,Sales Representative,3,Travel_Rarely,39040,22,0.0,10.0,3.0,10,6,1.0,9.0,1.0,23,No,4,High
4135,Arjun Reddy,50,Female,Divorced,2,Life Sciences,1,Laboratory Technician,2,Travel_Frequently,165835,14,1.0,12.0,2.0,6,3,0.0,1.0,7.0,4,Yes,3,Medium
4136,Kavya Sharma,36,Male,Married,4,Life Sciences,2,Healthcare Representative,1,Travel_Rarely,29500,14,0.0,8.0,1.0,6,3,0.0,0.0,4.0,22,No,3,Medium
4137,Anjali Reddy,45,Male,Single,3,Life Sciences,1,Laboratory Technician,1,Travel_Rarely,36290,16,1.0,8.0,2.0,5,3,0.0,1.0,8.0,24,No,3,Medium
4138,Amit Jones,40,Male,Single,4,Life Sciences,1,Research Scientist,1,Travel_Rarely,93620,11,1.0,8.0,4.5,2,1,2.0,2.0,2.0,10,No,3,Medium
4139,Vikram Smith,35,Male,Married,2,Life Sciences,1,Manufacturing Director,2,Travel_Frequently,32290,25,0.0,10.0,2.0,10,6,0.0,2.0,1.0,7,No,4,High
4140,Aryan Williams,40,Male,Married,4,Life Sciences,2,Manager,1,Travel_Rarely,35780,14,1.0,20.0,2.0,5,3,0.0,2.0,2.0,17,No,3,Medium
4141,Shivam Nair,35,Male,Married,1,Life Sciences,3,Research Scientist,2,Travel_Rarely,79880,18,0.0,4.0,3.0,4,2,1.0,1.0,1.0,14,No,3,Medium
4142,Aarav Shah,29,Male,Married,3,Medical,2,Sales Executive,3,Travel_Rarely,42840,11,0.0,10.0,4.5,4,2,0.0,3.0,4.0,1,No,3,Medium
4143,Zara Sharma,29,Male,Single,3,Medical,2,Sales Representative,2,Travel_Rarely,75530,19,0.0,5.0,3.0,5,3,0.0,4.0,1.0,5,No,3,Low
4144,Akash Nair,50,Male,Divorced,3,Medical,2,Research Scientist,1,Travel_Rarely,165835,15,2.0,20.0,1.0,3,1,2.0,0.0,4.0,17,Yes,3,Medium
4145,Rahul Rao,39,Male,Married,3,Medical,1,Sales Executive,2,Travel_Rarely,165835,11,0.0,21.0,3.0,18,10,7.5,6.0,0.0,25,No,3,Medium
4146,Nikhil Gupta,31,Female,Single,4,Life Sciences,2,Sales Executive,4,Non-Travel,147320,12,0.0,10.0,3.0,9,5,1.0,7.0,0.0,8,No,3,Low
4147,Akash Sharma,26,Male,Single,4,Medical,2,Manager,2,Travel_Rarely,92780,20,0.0,5.0,3.0,4,2,0.0,0.0,0.0,11,No,4,High
4148,Ananya Smith,36,Male,Married,1,Technical Degree,2,Sales Executive,1,Travel_Frequently,13590,12,0.0,17.0,2.0,5,3,0.0,3.0,4.0,5,No,3,Medium
4149,Vivek Pillai,39,Female,Married,1,Medical,2,Research Scientist,1,Travel_Rarely,47790,14,2.0,9.0,3.0,7,4,1.0,7.0,4.0,2,No,3,Medium
4150,Amit Pillai,27,Male,Married,2,Medical,2,Laboratory Technician,1,Travel_Rarely,164220,20,1.0,6.0,3.0,6,3,0.0,3.0,1.0,8,No,4,High
4151,Olivia Gupta,49,Male,Married,1,Medical,2,Healthcare Representative,3,Travel_Frequently,29960,18,1.0,17.0,2.0,9,5,0.0,8.0,2.0,6,No,3,Medium
4152,Rahul Shah,34,Female,Married,3,Medical,1,Sales Executive,1,Travel_Rarely,12610,14,1.0,6.0,4.5,4,2,1.0,2.0,2.0,4,No,3,Medium
4153,Kavya Pillai,41,Female,Single,2,Life Sciences,2,Research Scientist,1,Travel_Rarely,20990,12,1.0,8.0,2.0,6,3,0.0,5.0,8.0,7,Yes,3,Medium
4154,Priya Rao,49,Female,Married,4,Life Sciences,1,Manufacturing Director,2,Travel_Frequently,58100,21,1.0,10.0,2.0,10,6,1.0,7.0,1.0,1,No,4,High
4155,Tanvi Thakur,37,Male,Single,3,Life Sciences,2,Sales Executive,1,Travel_Rarely,56470,19,0.0,7.0,2.0,0,0,0.0,0.0,6.0,2,Yes,3,Medium
4156,Akash Sharma,33,Male,Married,2,Medical,2,Research Scientist,2,Travel_Frequently,34200,14,0.0,8.0,3.0,8,4,3.0,0.0,1.0,10,No,3,Medium
4157,Neha Garcia,27,Female,Married,4,Medical,1,Manufacturing Director,4,Travel_Rarely,44000,17,1.0,6.0,3.0,2,1,2.0,2.0,8.5,5,No,3,Low
4158,Aditya Verma,32,Female,Single,2,Medical,2,Research Scientist,2,Travel_Frequently,35000,16,1.0,8.0,2.0,7,4,3.0,6.0,0.0,9,No,3,Medium
4159,Suresh Rao,59,Female,Married,2,Marketing,1,Sales Representative,5,Travel_Rarely,20660,12,1.0,12.0,3.0,1,0,0.0,0.0,4.0,2,No,3,Low
4160,Dev Mehta,30,Male,Divorced,4,Medical,2,Laboratory Technician,2,Travel_Rarely,165835,17,2.0,1.0,2.0,1,0,0.0,0.0,1.0,11,No,3,Medium
4161,Sneha Shah,38,Male,Single,4,Life Sciences,1,Healthcare Representative,2,Travel_Frequently,41620,15,1.0,10.0,1.0,9,5,1.0,8.0,0.0,18,No,3,Medium
4162,Shivam Joshi,36,Male,Married,3,Life Sciences,2,Sales Executive,1,Travel_Rarely,92040,23,1.0,17.0,2.0,7,4,7.0,7.0,6.0,7,No,4,High
4163,Raj Jones,35,Male,Married,4,Human Resources,3,Manager,2,Travel_Rarely,32940,11,0.0,6.0,2.0,5,3,0.0,3.0,0.0,3,No,3,Low
4164,Karan Nair,29,Male,Single,4,Life Sciences,1,Laboratory Technician,2,Travel_Rarely,21270,11,1.0,10.0,3.0,9,5,0.0,8.0,0.0,29,No,3,Medium
4165,Aryan Trivedi,31,Male,Divorced,2,Medical,2,Laboratory Technician,2,Travel_Rarely,39750,15,1.0,5.0,3.0,5,3,4.0,3.0,1.0,2,No,3,Low
4166,Aditya Gupta,34,Male,Divorced,3,Technical Degree,2,Laboratory Technician,1,Travel_Rarely,107930,11,2.5,3.0,1.0,2,1,1.0,2.0,0.0,28,No,3,Medium
4167,Tanvi Sharma,28,Male,Single,4,Life Sciences,2,Research Director,5,Travel_Rarely,100960,13,0.0,6.0,2.0,4,2,0.0,3.0,5.0,1,Yes,3,Medium
4168,Olivia Pillai,29,Female,Divorced,2,Life Sciences,2,Laboratory Technician,4,Travel_Rarely,36460,14,0.0,10.0,3.0,10,6,7.5,8.0,1.0,16,No,3,Medium
4169,Neha Shah,32,Female,Divorced,3,Human Resources,3,Research Director,2,Travel_Rarely,74460,19,0.0,7.0,3.0,6,3,0.0,5.0,0.0,22,No,3,Low
4170,Shivam Rao,22,Female,Divorced,3,Life Sciences,2,Sales Executive,3,Non-Travel,108510,16,1.0,1.0,2.0,1,0,0.0,0.0,1.0,8,No,3,Medium
4171,Sarah Wilson,53,Male,Married,3,Medical,2,Manager,2,Travel_Rarely,21090,13,0.0,28.5,3.0,18,10,3.0,7.0,2.0,11,No,3,Medium
4172,Deepika Smith,38,Female,Single,3,Life Sciences,2,Manufacturing Director,1,Travel_Rarely,37220,14,0.0,6.0,0.5,3,1,1.0,2.0,5.0,29,No,3,Medium
4173,Ishaan Wilson,24,Male,Divorced,5,Life Sciences,2,Research Scientist,3,Non-Travel,93800,16,0.0,5.0,2.0,4,2,1.0,3.0,0.0,1,No,3,Low
4174,Divya Joshi,36,Male,Single,3,Life Sciences,2,Research Director,1,Travel_Rarely,54860,12,1.0,10.0,2.0,5,3,0.0,3.0,7.0,1,Yes,3,Medium
4175,Tanvi Williams,34,Male,Single,3,Marketing,1,Research Scientist,4,Travel_Rarely,27420,11,1.0,13.0,2.0,12,7,2.0,11.0,0.0,24,No,3,Low
4176,Anjali Shah,21,Male,Single,3,Life Sciences,1,Manufacturing Director,2,Travel_Rarely,137570,12,1.0,0.0,3.0,0,0,0.0,0.0,1.0,2,No,3,Medium
4177,Kavya Trivedi,34,Female,Single,2,Marketing,1,Research Scientist,2,Travel_Rarely,84630,13,0.0,8.0,2.0,4,2,1.0,3.0,2.0,15,Yes,3,Low
4178,Riya Wilson,53,Male,Divorced,1,Life Sciences,1,Human Resources,5,Travel_Rarely,31620,15,0.0,26.0,4.0,14,8,4.0,8.0,4.0,2,No,3,Medium
4179,Emma Agarwal,32,Female,Single,3,Medical,2,Manufacturing Director,2,Travel_Frequently,165835,13,0.0,10.0,2.0,10,6,6.0,7.0,1.0,10,Yes,3,Low
4180,Suresh Garcia,42,Male,Married,3,Technical Degree,2,Laboratory Technician,2,Travel_Rarely,66510,20,0.0,10.0,4.5,9,5,4.0,2.0,0.0,10,No,4,High
4181,Aryan Johnson,44,Female,Married,1,Life Sciences,2,Manufacturing Director,1,Travel_Rarely,23450,15,2.0,24.0,0.5,18,10,5.0,14.5,3.0,3,No,3,Medium
4182,Vivek Singh,46,Female,Single,3,Life Sciences,1,Research Scientist,1,Travel_Rarely,34200,13,2.0,22.0,3.0,2,1,2.0,1.0,3.0,2,No,3,Low
4183,Michael Smith,33,Male,Single,3,Medical,1,Manufacturing Director,1,Travel_Rarely,43730,14,0.0,7.0,3.0,1,0,0.0,0.0,4.0,3,No,3,Medium
4184,Kavya Reddy,44,Male,Married,3,Life Sciences,3,Healthcare Representative,5,Travel_Rarely,47590,21,0.0,9.0,2.0,4,2,1.0,3.0,2.0,26,No,4,High
4185,Rahul Garcia,30,Female,Single,4,Technical Degree,2,Research Scientist,1,Travel_Rarely,53010,16,1.0,10.0,3.0,10,6,1.0,8.0,1.0,1,No,3,Medium
4186,John Brown,39,Male,Married,4,Medical,3,Sales Executive,1,Travel_Rarely,36730,14,1.0,19.0,3.0,1,0,0.0,0.0,3.0,1,Yes,3,Medium
4187,Sneha Kumar,24,Male,Married,5,Human Resources,3,Sales Executive,3,Travel_Rarely,47680,11,1.0,6.0,2.0,2,1,2.0,0.0,2.0,2,Yes,3,Medium
4188,David Singh,43,Female,Divorced,5,Technical Degree,1,Research Director,1,Travel_Rarely,12740,19,0.0,6.0,3.0,5,3,1.0,4.0,1.0,9,No,3,Medium
4189,Aryan Verma,50,Male,Married,4,Medical,2,Research Director,1,Travel_Rarely,49000,11,0.0,3.0,3.0,3,1,0.0,2.0,1.0,12,Yes,3,Low
4190,Emma Reddy,35,Male,Married,4,Marketing,1,Manufacturing Director,3,Travel_Rarely,104660,13,0.0,2.0,1.0,2,1,2.0,2.0,1.0,2,No,3,Medium
4191,Divya Kumar,36,Female,Married,1,Life Sciences,2,Sales Executive,4,Travel_Rarely,165835,12,1.0,6.0,2.0,1,0,0.0,0.0,8.5,25,No,3,Low
4192,Neha Johnson,33,Male,Married,2,Marketing,1,Human Resources,4,Travel_Frequently,29090,11,0.0,10.0,2.0,5,3,1.0,3.0,2.0,9,No,3,Low
4193,Olivia Shah,35,Male,Divorced,1,Medical,2,Research Scientist,1,Travel_Rarely,57650,14,1.0,1.0,2.0,1,0,0.0,0.0,1.0,10,No,3,Medium
4194,Sara Brown,27,Female,Divorced,2,Marketing,1,Research Scientist,3,Travel_Rarely,45990,15,1.0,1.0,3.0,1,0,0.0,0.0,1.0,8,No,3,Medium
4195,Sarah Gupta,26,Male,Single,3,Marketing,1,Manager,2,Travel_Rarely,24040,12,0.0,1.0,4.5,1,0,0.0,1.0,1.0,4,Yes,3,Low
4196,Olivia Reddy,27,Male,Single,3,Life Sciences,1,Healthcare Representative,4,Travel_Frequently,31720,20,1.0,9.0,1.0,9,5,1.0,7.0,1.0,24,No,4,High
4197,David Kumar,30,Male,Single,4,Medical,2,Research Scientist,1,Travel_Frequently,20330,14,1.0,12.0,3.0,12,7,3.0,7.0,1.0,1,No,3,Medium
4198,Ananya Garcia,41,Male,Married,4,Marketing,1,Sales Executive,2,Travel_Rarely,102090,13,1.0,23.0,2.0,18,10,7.5,8.0,1.0,20,Yes,3,Medium
4199,Sneha Patel,34,Female,Single,2,Technical Degree,2,Research Scientist,1,Non-Travel,86200,13,1.0,10.0,2.0,9,5,7.5,7.0,0.0,7,No,3,Medium
4200,Sarah Kumar,37,Female,Married,3,Life Sciences,2,Sales Executive,3,Travel_Rarely,20640,16,0.0,8.0,3.0,1,0,0.0,0.0,4.0,17,No,3,Low
4201,Suresh Mehta,46,Male,Single,3,Technical Degree,2,Sales Executive,3,Travel_Frequently,40350,14,1.0,14.0,2.0,9,5,0.0,8.0,4.0,20,No,3,Medium
4202,Amit Brown,35,Female,Married,4,Medical,2,Research Scientist,3,Travel_Rarely,38380,16,1.0,1.0,2.0,1,0,0.0,1.0,1.0,8,No,3,Medium
4203,Emily Kumar,48,Female,Single,4,Technical Degree,2,Sales Executive,1,Travel_Rarely,45910,16,0.0,23.0,4.5,1,0,0.0,0.0,8.5,2,Yes,3,Low
4204,Ananya Trivedi,28,Male,Single,1,Medical,2,Sales Executive,1,Travel_Rarely,25610,22,1.0,2.0,3.0,2,1,2.0,2.0,1.0,10,Yes,4,High
4205,Aditya Johnson,44,Female,Divorced,1,Medical,2,Research Scientist,3,Travel_Rarely,15630,12,2.0,9.0,3.0,4,2,1.0,3.0,5.0,1,No,3,Low
4206,David Johnson,35,Female,Married,4,Technical Degree,2,Manufacturing Director,3,Non-Travel,48980,15,2.0,10.0,2.0,4,2,2.0,3.0,2.0,5,No,3,Medium
4207,Dev Patel,26,Female,Married,4,Life Sciences,2,Sales Executive,3,Travel_Rarely,47890,20,1.0,5.0,2.0,2,1,0.0,0.0,7.0,4,No,4,High
4208,Suresh Verma,33,Female,Single,4,Life Sciences,1,Human Resources,1,Travel_Frequently,31800,14,1.0,15.0,2.0,15,9,7.5,12.0,1.0,29,No,3,Medium
4209,Riya Rao,35,Male,Married,3,Medical,2,Manufacturing Director,3,Travel_Frequently,65490,20,0.0,9.0,3.0,9,5,1.0,8.0,1.0,15,No,4,High
4210,Vikram Mehta,35,Female,Married,2,Life Sciences,3,Laboratory Technician,1,Travel_Rarely,63880,13,0.0,4.0,4.5,2,1,2.0,2.0,3.0,3,No,3,Low
4211,Vikram Smith,31,Female,Divorced,2,Life Sciences,1,Research Scientist,2,Travel_Rarely,112440,12,1.0,10.0,3.0,7,4,1.0,7.0,3.0,10,No,3,Medium
4212,Divya Malhotra,37,Male,Divorced,3,Marketing,1,Human Resources,4,Travel_Rarely,160320,13,0.0,7.0,2.0,7,4,0.0,7.0,1.0,4,No,3,Medium
4213,Akash Rao,32,Male,Married,3,Other,2,Sales Executive,2,Travel_Rarely,23620,11,0.0,9.0,2.0,9,5,7.0,8.0,1.0,21,No,3,Medium
4214,Gaurav Kumar,38,Male,Single,3,Medical,2,Manufacturing Director,2,Travel_Frequently,163280,17,2.5,10.0,2.0,10,6,7.5,9.0,1.0,25,No,3,Medium
4215,Rohit Thakur,50,Female,Divorced,4,Marketing,1,Research Scientist,4,Travel_Rarely,83760,14,2.5,28.5,2.0,18,10,7.5,8.0,5.0,2,No,3,Medium
4216,Amit Patel,59,Male,Single,3,Technical Degree,2,Laboratory Technician,1,Travel_Rarely,165835,11,0.0,28.0,4.5,18,10,7.0,9.0,7.0,1,No,3,Low
4217,Amit Agarwal,36,Female,Divorced,2,Marketing,1,Sales Executive,2,Travel_Rarely,86060,14,2.0,17.0,3.0,17,10,7.5,8.0,1.0,1,No,3,Medium
4218,Kavya Verma,55,Male,Divorced,3,Medical,2,Research Scientist,3,Travel_Rarely,22720,17,1.0,21.0,2.0,5,3,0.0,2.0,2.0,7,No,3,Medium
4219,Deepika Wilson,36,Female,Single,3,Life Sciences,2,Laboratory Technician,2,Travel_Frequently,20180,13,0.0,6.0,4.5,6,3,0.0,3.0,1.0,3,No,3,Medium
4220,Divya Smith,45,Female,Divorced,2,Medical,2,Sales Executive,1,Travel_Rarely,70830,12,1.0,25.0,4.5,1,0,0.0,0.0,2.0,1,No,3,Medium
4221,Priya Patel,35,Female,Married,3,Other,3,Sales Representative,2,Travel_Frequently,40840,13,1.0,5.0,3.0,3,1,1.0,2.0,4.0,9,No,3,Low
4222,Karan Sharma,36,Male,Married,2,Life Sciences,1,Laboratory Technician,4,Travel_Rarely,144110,18,2.5,2.0,2.0,1,0,0.0,0.0,0.0,7,Yes,3,Medium
4223,Vikram Malhotra,59,Male,Single,4,Life Sciences,2,Research Scientist,3,Travel_Frequently,23080,19,1.0,20.0,4.0,4,2,1.0,3.0,7.0,10,No,3,Low
4224,Rahul Singh,29,Female,Married,4,Life Sciences,2,Sales Representative,1,Travel_Rarely,48410,11,0.0,6.0,3.0,5,3,0.0,4.0,0.0,28,No,3,Medium
4225,James Mehta,31,Female,Single,2,Medical,2,Sales Executive,3,Travel_Rarely,42850,21,1.0,1.0,2.0,1,0,1.0,0.0,1.0,3,No,4,High
4226,Rohit Jones,32,Male,Married,4,Life Sciences,1,Manufacturing Director,2,Travel_Rarely,97150,15,1.0,10.0,1.0,10,6,0.0,9.0,1.0,3,No,3,Low
4227,Tanvi Trivedi,36,Male,Married,3,Life Sciences,2,Sales Representative,2,Travel_Rarely,43200,17,0.0,5.0,2.0,1,0,0.0,0.0,2.0,2,No,3,Medium
4228,Sarah Patel,31,Female,Single,3,Medical,2,Research Director,2,Travel_Rarely,21320,18,0.0,11.0,3.0,11,6,1.0,8.0,1.0,27,No,3,Medium
4229,John Shah,35,Male,Single,4,Medical,2,Healthcare Representative,2,Travel_Rarely,101240,14,1.0,16.0,2.0,15,9,2.0,8.0,0.0,2,No,3,Medium
4230,Neha Gupta,45,Female,Married,3,Human Resources,3,Sales Executive,1,Travel_Rarely,54730,13,0.0,17.0,3.0,0,0,0.0,0.0,4.0,14,No,3,Medium
4231,Vikram Wilson,37,Female,Single,3,Life Sciences,2,Sales Executive,3,Travel_Rarely,52070,17,2.5,16.0,3.0,5,3,0.0,2.0,4.0,1,No,3,Medium
4232,Suresh Sharma,46,Male,Divorced,3,Medical,2,Manager,3,Travel_Rarely,164370,15,1.0,16.0,0.5,4,2,0.0,2.0,8.0,9,No,3,Medium
4233,Priya Johnson,30,Male,Married,3,Life Sciences,1,Human Resources,4,Travel_Rarely,22960,18,1.0,10.0,2.0,10,6,3.0,0.0,1.0,18,No,3,Medium
4234,Neha Williams,35,Female,Single,4,Life Sciences,2,Human Resources,3,Travel_Rarely,40690,13,0.0,6.0,4.5,6,3,0.0,4.0,1.0,20,No,3,Medium
4235,Tanvi Verma,55,Female,Married,3,Life Sciences,2,Laboratory Technician,2,Travel_Rarely,74410,12,1.0,24.0,4.0,1,0,1.0,0.0,3.0,2,No,3,Medium
4236,Riya Patel,38,Male,Divorced,1,Marketing,1,Laboratory Technician,2,Non-Travel,24300,13,2.0,17.0,2.0,13,7,1.0,9.0,7.0,11,No,3,Medium
4237,Priya Nair,34,Male,Married,2,Medical,2,Research Scientist,1,Travel_Rarely,58780,14,0.0,5.0,1.0,5,3,1.0,3.0,1.0,8,No,3,Low
4238,Zara Jones,56,Male,Single,1,Medical,3,Sales Executive,2,Travel_Rarely,26440,11,1.0,28.5,2.0,6,3,0.0,2.0,4.0,2,No,3,Medium
4239,Pooja Shah,23,Male,Divorced,3,Medical,2,Laboratory Technician,2,Travel_Rarely,64390,22,2.5,3.0,2.0,0,0,0.0,0.0,3.0,10,No,4,High
4240,Sara Agarwal,51,Female,Married,4,Life Sciences,2,Manufacturing Director,5,Travel_Rarely,24510,17,0.0,10.0,2.0,4,2,0.0,3.0,3.0,29,No,3,Medium
4241,Shivam Williams,30,Male,Married,2,Technical Degree,1,Sales Representative,1,Travel_Rarely,63920,21,1.0,11.0,2.0,11,6,7.5,8.0,1.0,8,No,4,High
4242,Olivia Brown,46,Female,Single,2,Medical,1,Research Scientist,2,Travel_Rarely,97140,22,0.0,9.0,0.5,9,5,4.0,7.0,1.0,1,Yes,4,High
4243,Anjali Rao,40,Male,Married,3,Medical,2,Healthcare Representative,1,Travel_Frequently,60770,16,2.0,22.0,2.0,18,10,7.5,11.0,1.0,6,No,3,Low
4244,Pooja Reddy,51,Female,Single,4,Life Sciences,2,Sales Representative,5,Travel_Rarely,24500,12,1.0,11.0,2.0,10,6,1.0,0.0,0.0,8,No,3,Medium
4245,Raj Smith,30,Male,Divorced,3,Life Sciences,2,Manufacturing Director,1,Travel_Rarely,92500,12,2.5,11.0,0.5,11,6,2.0,7.0,1.0,9,No,3,Medium
4246,Nikhil Gupta,46,Male,Married,1,Medical,2,Laboratory Technician,1,Travel_Frequently,20740,15,1.0,21.0,3.0,10,6,7.5,5.0,2.0,12,No,3,Low
4247,Pooja Jones,32,Male,Single,3,Marketing,1,Research Scientist,1,Travel_Rarely,101690,14,0.0,12.0,4.5,11,6,5.0,7.0,1.0,15,No,3,Medium
4248,Karan Sharma,54,Female,Married,1,Medical,2,Laboratory Technician,1,Travel_Rarely,48550,25,1.0,16.0,2.0,4,2,0.0,3.0,8.5,25,No,4,High
4249,John Patel,24,Male,Married,2,Marketing,1,Research Scientist,2,Travel_Rarely,40870,20,2.5,4.0,1.0,3,1,0.0,2.0,0.0,6,No,4,High
4250,Sanjay Brown,28,Male,Married,4,Medical,1,Laboratory Technician,2,Non-Travel,23670,13,0.0,5.0,2.0,5,3,0.0,4.0,1.0,9,No,3,Medium
4251,Gaurav Malhotra,58,Male,Single,4,Life Sciences,2,Sales Executive,2,Travel_Rarely,29720,14,0.0,28.5,2.0,18,10,1.0,8.0,0.0,8,No,3,Medium
4252,Ishaan Singh,44,Female,Married,2,Medical,2,Research Scientist,1,Non-Travel,165835,16,0.0,17.0,3.0,3,1,1.0,2.0,4.0,23,No,3,Medium
4253,Arjun Patel,37,Male,Divorced,3,Human Resources,3,Healthcare Representative,2,Travel_Rarely,54840,17,0.0,7.0,4.0,3,1,0.0,2.0,4.0,9,Yes,3,Medium
4254,Pooja Shah,32,Female,Single,2,Human Resources,3,Sales Representative,1,Travel_Rarely,20610,15,1.0,1.0,2.0,1,0,0.0,0.0,1.0,12,No,3,Medium
4255,Aarav Jones,20,Female,Single,4,Life Sciences,1,Healthcare Representative,2,Travel_Frequently,99240,22,0.0,1.0,3.0,1,0,1.0,0.0,1.0,4,Yes,4,High
4256,Suresh Verma,34,Male,Single,4,Other,2,Laboratory Technician,4,Travel_Rarely,41980,22,1.0,16.0,2.0,16,9,2.0,10.0,1.0,1,No,4,High
4257,Emily Sharma,37,Male,Divorced,2,Life Sciences,1,Research Scientist,1,Non-Travel,68150,20,1.0,17.0,3.0,1,0,0.0,0.0,5.0,24,No,4,High
4258,Rohit Rao,59,Male,Married,2,Life Sciences,2,Sales Executive,2,Non-Travel,47230,14,0.0,28.5,0.5,3,1,2.0,2.0,8.5,12,No,3,Medium
4259,Rahul Miller,50,Male,Married,4,Medical,2,Research Scientist,4,Travel_Frequently,61420,13,2.0,28.0,3.0,8,4,0.0,7.0,3.0,3,No,3,Low
4260,David Gupta,25,Male,Single,1,Marketing,1,Research Director,2,Travel_Rarely,82370,13,0.0,6.0,4.5,6,3,0.0,3.0,1.0,10,Yes,3,Medium
4261,Rohit Miller,25,Male,Married,3,Technical Degree,2,Laboratory Technician,1,Travel_Rarely,88530,22,1.0,2.0,3.0,2,1,2.0,1.0,1.0,26,No,4,High
4262,Varun Garcia,22,Male,Single,1,Life Sciences,2,Sales Representative,1,Travel_Rarely,165835,12,1.0,1.0,2.0,0,0,0.0,0.0,1.0,2,No,3,Medium
4263,Nikhil Joshi,51,Female,Single,3,Life Sciences,2,Sales Executive,1,Travel_Frequently,20730,14,1.0,23.0,4.0,13,7,7.5,8.0,3.0,1,No,3,Low
4264,Rahul Brown,34,Female,Single,4,Life Sciences,3,Sales Executive,5,Travel_Frequently,55620,15,0.0,9.0,3.0,9,5,0.0,6.0,1.0,4,Yes,3,Medium
4265,David Smith,54,Male,Single,3,Life Sciences,2,Laboratory Technician,1,Non-Travel,165835,17,0.0,23.0,4.5,5,3,4.0,4.0,2.0,9,No,3,Medium
4266,Tanvi Reddy,24,Male,Married,1,Life Sciences,2,Laboratory Technician,2,Travel_Rarely,34070,13,1.0,6.0,4.0,5,3,1.0,2.0,0.0,2,No,3,Medium
4267,Karan Pillai,34,Female,Divorced,3,Marketing,1,Sales Representative,2,Travel_Rarely,50630,12,1.0,12.0,2.0,1,0,0.0,0.0,6.0,4,No,3,Medium
4268,Rahul Brown,37,Male,Single,1,Technical Degree,1,Laboratory Technician,1,Travel_Rarely,46390,12,2.0,12.0,3.0,5,3,1.0,3.0,2.0,6,No,3,Medium
4269,Riya Williams,34,Male,Single,2,Medical,1,Healthcare Representative,2,Travel_Rarely,48760,21,1.0,14.0,3.0,11,6,5.0,8.0,2.0,9,No,4,High
4270,Aditya Johnson,36,Male,Married,3,Medical,3,Research Scientist,1,Travel_Frequently,26900,11,0.0,10.0,1.0,9,5,2.0,8.0,0.0,7,No,3,Medium
4271,Rahul Wilson,36,Female,Divorced,3,Medical,2,Manufacturing Director,2,Travel_Rarely,165835,13,0.0,7.0,4.5,1,0,0.0,0.0,5.0,1,No,3,Medium
4272,Priya Rao,43,Male,Married,4,Life Sciences,2,Sales Executive,1,Travel_Frequently,24080,12,1.0,25.0,3.0,18,10,4.0,12.0,1.0,3,No,3,Medium
4273,Anjali Brown,30,Female,Divorced,3,Life Sciences,2,Healthcare Representative,3,Travel_Frequently,28140,24,0.0,10.0,2.0,10,6,0.0,9.0,1.0,10,No,4,High
4274,Tanvi Jones,33,Male,Married,3,Life Sciences,1,Sales Executive,2,Non-Travel,112450,21,0.0,8.0,3.0,7,4,0.0,7.0,0.0,7,No,4,High
4275,Amit Mehta,56,Male,Married,3,Life Sciences,2,Laboratory Technician,2,Travel_Rarely,33120,19,0.0,7.0,1.0,5,3,4.0,3.0,8.5,15,Yes,3,Low
4276,Michael Verma,51,Female,Single,2,Other,2,Sales Representative,2,Travel_Rarely,165835,14,1.0,23.0,2.0,18,10,7.5,14.5,7.0,3,No,3,Medium
4277,Rahul Pillai,31,Female,Married,4,Technical Degree,2,Sales Executive,3,Travel_Rarely,21410,20,0.0,12.0,2.0,7,4,7.0,7.0,4.0,2,Yes,4,High
4278,Emma Jones,26,Female,Married,3,Medical,1,Manager,2,Travel_Rarely,57690,19,0.0,5.0,4.0,5,3,4.0,3.0,1.0,17,No,3,Low
4279,Sarah Joshi,58,Female,Married,2,Medical,1,Research Scientist,1,Travel_Rarely,43850,13,1.0,28.5,2.0,18,10,7.5,6.0,1.0,2,Yes,3,Medium
4280,Sanjay Smith,19,Male,Single,2,Life Sciences,2,Manager,1,Travel_Rarely,53320,23,1.0,0.0,2.0,0,0,0.0,0.0,1.0,5,Yes,4,High
4281,John Sharma,22,Male,Married,4,Technical Degree,1,Sales Executive,1,Travel_Rarely,46630,13,1.0,3.0,1.0,2,1,2.0,1.0,0.0,29,No,3,Medium
4282,Olivia Malhotra,49,Female,Married,3,Life Sciences,2,Sales Executive,1,Travel_Rarely,47240,11,1.0,16.0,3.0,15,9,5.0,11.0,1.0,2,No,3,Low
4283,Anjali Trivedi,43,Male,Single,2,Life Sciences,1,Sales Executive,1,Travel_Frequently,32110,13,0.0,18.0,2.0,3,1,1.0,2.0,4.0,2,No,3,Medium
4284,Vivek Singh,50,Male,Single,4,Life Sciences,2,Sales Executive,2,Travel_Frequently,53770,14,1.0,16.0,3.0,2,1,2.0,1.0,4.0,19,No,3,Medium
4285,Aditya Garcia,31,Female,Married,1,Medical,2,Sales Executive,2,Travel_Rarely,40660,22,0.0,4.0,2.0,2,1,2.0,2.0,3.0,15,Yes,4,High
4286,Emma Singh,41,Male,Divorced,2,Other,2,Manufacturing Director,1,Travel_Rarely,52080,11,2.5,12.0,2.0,9,5,0.0,7.0,3.0,17,No,3,Medium
4287,Sarah Garcia,26,Male,Married,4,Life Sciences,2,Sales Executive,2,Travel_Rarely,48770,13,1.0,8.0,4.5,8,4,5.0,7.0,1.0,17,No,3,Medium
4288,Olivia Mehta,36,Male,Divorced,1,Human Resources,3,Research Scientist,2,Travel_Rarely,31170,21,1.0,7.0,2.0,3,1,0.0,1.0,6.0,25,No,4,High
4289,Rohit Wilson,51,Female,Single,3,Life Sciences,2,Manager,1,Travel_Frequently,15690,11,0.0,18.0,2.0,4,2,0.0,3.0,2.0,6,Yes,3,Medium
4290,Sarah Trivedi,39,Female,Married,3,Life Sciences,2,Research Scientist,1,Travel_Rarely,165835,13,1.0,17.0,3.0,15,9,5.0,9.0,4.0,7,No,3,Medium
4291,Deepika Kumar,25,Female,Married,1,Medical,1,Research Scientist,3,Travel_Rarely,30690,14,1.0,6.0,3.0,2,1,2.0,2.0,2.0,29,No,3,Low
4292,Gaurav Verma,30,Male,Married,1,Medical,2,Laboratory Technician,2,Travel_Rarely,104350,11,0.0,12.0,4.5,11,6,4.0,7.0,0.0,21,No,3,Medium
4293,Deepika Verma,32,Female,Single,4,Life Sciences,2,Research Director,2,Travel_Rarely,41480,15,0.0,10.0,0.5,5,3,0.0,4.0,7.0,2,Yes,3,Low
4294,Vikram Thakur,45,Female,Single,1,Technical Degree,2,Healthcare Representative,2,Travel_Rarely,57680,23,1.0,9.0,4.0,6,3,0.0,3.0,5.0,2,No,4,High
4295,Raj Brown,38,Female,Single,4,Life Sciences,2,Research Director,2,Travel_Rarely,50420,16,1.0,19.0,4.0,3,1,2.0,2.0,3.0,7,No,3,Medium
4296,Neha Pillai,30,Female,Single,3,Marketing,1,Laboratory Technician,2,Travel_Rarely,57700,16,1.0,5.0,2.0,5,3,0.0,4.0,1.0,13,No,3,Medium
4297,Deepika Rao,32,Male,Divorced,3,Marketing,1,Laboratory Technician,3,Travel_Frequently,77560,21,0.0,9.0,3.0,8,4,0.0,7.0,0.0,2,No,4,High
4298,Aryan Thakur,30,Female,Divorced,3,Medical,2,Sales Executive,3,Travel_Rarely,103060,13,0.0,8.0,4.5,3,1,2.0,2.0,5.0,1,No,3,Medium
4299,Olivia Shah,30,Male,Single,3,Medical,1,Research Scientist,2,Travel_Rarely,39360,11,1.0,6.0,3.0,5,3,1.0,2.0,0.0,9,No,3,Medium
4300,Ishaan Smith,41,Female,Divorced,2,Medical,1,Manufacturing Director,3,Travel_Frequently,79450,12,1.0,21.0,4.5,7,4,7.0,7.0,4.0,10,No,3,Low
4301,James Rao,41,Male,Married,4,Medical,2,Research Scientist,4,Travel_Rarely,57430,12,2.5,7.0,2.0,5,3,1.0,4.0,2.0,10,No,3,Medium
4302,Divya Smith,19,Female,Single,3,Other,2,Manufacturing Director,5,Travel_Rarely,152020,18,2.5,1.0,2.0,1,0,0.0,0.0,1.0,1,No,3,Low
4303,Deepika Wilson,40,Male,Divorced,4,Medical,2,Manufacturing Director,2,Travel_Frequently,54400,12,1.0,20.0,2.0,18,10,2.0,13.0,1.0,26,No,3,Medium
4304,Karan Malhotra,35,Female,Married,1,Marketing,1,Laboratory Technician,3,Travel_Rarely,37600,14,2.5,10.0,2.0,10,6,0.0,6.0,1.0,8,No,3,Medium
4305,Varun Sharma,53,Female,Married,2,Life Sciences,1,Manufacturing Director,5,Travel_Rarely,35170,12,1.0,13.0,1.0,7,4,4.0,5.0,2.0,14,No,3,Low
4306,Deepika Singh,45,Male,Divorced,4,Technical Degree,1,Research Scientist,1,Travel_Rarely,25800,17,2.5,20.0,3.0,17,10,0.0,14.5,8.0,1,No,3,Low
4307,Meera Shah,32,Female,Single,2,Life Sciences,1,Manufacturing Director,1,Travel_Frequently,21660,19,1.0,9.0,4.0,9,5,3.0,7.0,1.0,2,No,3,Medium
4308,Aryan Malhotra,29,Male,Married,4,Technical Degree,2,Healthcare Representative,3,Non-Travel,58690,11,1.0,10.0,4.5,10,6,0.0,9.0,1.0,10,No,3,Medium
4309,Vivek Miller,51,Female,Married,3,Other,2,Research Director,3,Travel_Rarely,80080,15,1.0,10.0,4.0,1,0,0.0,0.0,2.0,1,No,3,Medium
4310,Aarav Trivedi,58,Female,Married,3,Marketing,1,Research Scientist,1,Travel_Rarely,52060,11,2.5,9.0,4.0,1,0,0.0,0.0,4.0,3,No,3,Low
4311,Aditya Shah,40,Male,Married,2,Technical Degree,2,Laboratory Technician,4,Travel_Rarely,52950,18,0.0,15.0,4.0,12,7,2.0,11.0,7.0,11,No,3,Medium
4312,Michael Williams,34,Male,Married,4,Marketing,1,Manufacturing Director,2,Travel_Frequently,164130,16,0.0,6.0,1.0,4,2,1.0,2.0,6.0,24,No,3,Medium
4313,Divya Gupta,22,Male,Married,3,Medical,2,Laboratory Technician,1,Travel_Rarely,132690,25,1.0,2.0,2.0,2,1,2.0,2.0,1.0,3,No,4,High
4314,Vivek Brown,27,Male,Divorced,3,Medical,2,Healthcare Representative,1,Non-Travel,27830,16,1.0,6.0,2.0,2,1,2.0,2.0,6.0,3,No,3,Medium
4315,Ishaan Sharma,28,Male,Married,4,Life Sciences,1,Healthcare Representative,2,Travel_Rarely,54330,13,1.0,5.0,4.0,5,3,0.0,2.0,1.0,4,No,3,Medium
4316,Pooja Trivedi,57,Male,Divorced,3,Life Sciences,2,Manufacturing Director,2,Travel_Rarely,20130,14,1.0,12.0,4.5,5,3,1.0,4.0,3.0,3,No,3,Medium
4317,Pooja Miller,27,Male,Divorced,3,Life Sciences,2,Manufacturing Director,1,Non-Travel,139660,19,0.0,1.0,1.0,1,0,0.0,1.0,1.0,2,No,3,Medium
4318,Zara Williams,50,Female,Single,3,Life Sciences,2,Manufacturing Director,2,Travel_Rarely,43740,15,1.0,21.0,4.5,5,3,4.0,4.0,3.0,4,No,3,Medium
4319,Aarav Jones,41,Male,Divorced,4,Marketing,1,Laboratory Technician,4,Travel_Rarely,68420,12,1.0,13.0,3.0,9,5,1.0,8.0,4.0,7,No,3,Medium
4320,Vikram Nair,30,Female,Married,4,Human Resources,3,Manager,1,Travel_Rarely,165835,12,1.0,12.0,0.5,10,6,7.0,4.0,2.0,1,No,3,Medium
4321,Sanjay Brown,38,Male,Single,1,Medical,1,Laboratory Technician,2,Travel_Rarely,165835,16,0.0,12.0,0.5,8,4,0.0,7.0,4.0,1,No,3,Medium
4322,Sarah Shah,32,Female,Single,3,Medical,2,Manufacturing Director,1,Travel_Rarely,45810,14,1.0,8.0,3.0,5,3,1.0,4.0,3.0,20,No,3,Medium
4323,Aditya Trivedi,27,Male,Married,4,Medical,2,Healthcare Representative,2,Travel_Rarely,47350,13,0.0,6.0,2.0,5,3,1.0,1.0,0.0,5,No,3,Medium
4324,Suresh Verma,19,Male,Single,2,Life Sciences,2,Healthcare Representative,2,Travel_Frequently,41870,22,1.0,1.0,4.0,0,0,0.0,0.0,0.0,10,Yes,4,High
4325,James Mehta,36,Female,Single,3,Marketing,1,Research Director,2,Travel_Frequently,55050,21,2.0,13.0,3.0,8,4,7.0,2.0,4.0,25,No,4,High
4326,Sarah Shah,30,Female,Divorced,3,Medical,1,Sales Executive,1,Non-Travel,54700,18,1.0,12.0,2.0,12,7,6.0,10.0,1.0,1,No,3,Medium
4327,Karan Verma,45,Male,Divorced,2,Medical,2,Sales Executive,2,Travel_Rarely,54760,13,1.0,9.0,3.0,5,3,0.0,3.0,4.0,24,No,3,Medium
4328,Aarav Johnson,56,Male,Divorced,3,Life Sciences,2,Manager,4,Travel_Rarely,25870,12,0.0,19.0,2.0,2,1,2.0,2.0,4.0,4,No,3,Low
4329,Meera Jones,33,Male,Single,2,Medical,2,Sales Executive,1,Travel_Rarely,24400,18,2.5,4.0,4.0,3,1,0.0,2.0,0.0,2,No,3,Medium
4330,Dev Miller,19,Male,Single,2,Life Sciences,2,Sales Executive,2,Travel_Rarely,159720,21,0.0,1.0,2.0,1,0,1.0,0.0,1.0,8,Yes,4,High
4331,Emma Kumar,46,Female,Divorced,3,Technical Degree,2,Laboratory Technician,2,Travel_Rarely,153790,12,0.0,24.0,1.0,18,10,7.5,7.0,1.0,10,No,3,Low
4332,Shivam Miller,38,Male,Single,4,Life Sciences,1,Manufacturing Director,1,Travel_Rarely,70820,14,0.0,2.0,3.0,2,1,2.0,1.0,1.0,4,No,3,Medium
4333,Karan Verma,31,Male,Married,5,Life Sciences,1,Sales Representative,2,Travel_Rarely,27280,11,0.0,7.0,3.0,4,2,0.0,2.0,8.0,2,No,3,Medium
4334,Michael Rao,34,Female,Single,3,Marketing,1,Manager,2,Travel_Rarely,53680,14,1.0,9.0,2.0,3,1,1.0,2.0,2.0,9,No,3,Medium
4335,Aditya Jones,41,Male,Single,4,Life Sciences,2,Laboratory Technician,5,Travel_Rarely,53470,24,1.0,4.0,1.0,4,2,0.0,2.0,1.0,18,Yes,4,High
4336,Suresh Verma,50,Male,Married,4,Marketing,1,Sales Executive,3,Travel_Rarely,31950,11,0.0,5.0,4.0,3,1,0.0,2.0,2.0,19,No,3,Medium
4337,Gaurav Sharma,53,Male,Divorced,2,Life Sciences,1,Manager,1,Travel_Rarely,39890,13,0.0,5.0,2.0,4,2,1.0,3.0,1.0,1,No,3,Medium
4338,John Sharma,33,Male,Married,3,Life Sciences,2,Human Resources,1,Travel_Rarely,33060,11,2.5,8.0,4.5,8,4,1.0,6.0,1.0,4,No,3,Medium
4339,Zara Reddy,40,Female,Married,3,Life Sciences,2,Sales Executive,2,Travel_Rarely,70050,20,2.0,21.0,2.0,18,10,7.5,9.0,1.0,11,No,4,High
4340,Sanjay Brown,55,Female,Single,1,Life Sciences,2,Laboratory Technician,2,Travel_Rarely,26550,17,0.0,28.5,0.5,18,10,2.0,14.5,8.0,6,No,3,Medium
4341,Sarah Singh,34,Female,Married,4,Other,3,Research Scientist,1,Travel_Frequently,13930,11,2.0,10.0,4.0,10,6,1.0,9.0,1.0,7,No,3,Medium
4342,Aarav Singh,51,Male,Single,2,Human Resources,3,Sales Representative,2,Travel_Rarely,25700,18,0.0,21.0,2.0,7,4,1.0,0.0,3.0,4,No,3,Medium
4343,Suresh Thakur,52,Female,Married,4,Medical,2,Sales Representative,2,Travel_Rarely,35370,11,1.0,28.5,3.0,18,10,7.5,9.0,0.0,2,No,3,Medium
4344,Amit Mehta,27,Male,Single,3,Marketing,1,Research Scientist,1,Travel_Rarely,39860,12,2.0,7.0,3.0,7,4,0.0,3.0,1.0,15,No,3,Medium
4345,Riya Johnson,35,Female,Married,4,Life Sciences,2,Research Director,2,Travel_Rarely,108830,12,0.0,8.0,3.0,1,0,0.0,1.0,3.0,2,Yes,3,Medium
4346,Kavya Miller,43,Male,Divorced,2,Medical,2,Healthcare Representative,1,Non-Travel,20280,20,1.0,7.0,2.0,5,3,2.0,2.0,4.0,6,No,4,High
4347,Olivia Williams,45,Female,Married,2,Medical,2,Sales Executive,1,Non-Travel,95250,19,0.0,22.0,3.0,18,10,7.5,8.0,8.5,9,No,3,Medium
4348,Pooja Jones,37,Female,Married,3,Life Sciences,2,Research Scientist,1,Travel_Rarely,29290,12,0.0,8.0,2.0,8,4,1.0,7.0,1.0,7,No,3,Low
4349,Varun Reddy,35,Male,Single,3,Other,2,Research Director,2,Travel_Frequently,22750,13,0.0,10.0,2.0,6,3,1.0,2.0,5.0,1,No,3,Medium
4350,Pooja Brown,42,Male,Divorced,1,Technical Degree,2,Sales Executive,2,Non-Travel,78790,11,1.0,11.0,2.0,5,3,0.0,2.0,2.0,1,No,3,Medium
4351,Riya Patel,38,Male,Married,2,Marketing,1,Research Scientist,5,Travel_Rarely,49300,14,0.0,14.0,0.5,1,0,0.0,0.0,8.5,8,No,3,Medium
4352,Olivia Verma,38,Female,Married,1,Human Resources,3,Manufacturing Director,1,Travel_Rarely,78470,14,1.0,9.0,3.0,7,4,1.0,7.0,3.0,25,No,3,Medium
4353,Suresh Agarwal,27,Male,Married,4,Medical,2,Manager,1,Travel_Frequently,44010,13,0.0,6.0,4.0,2,1,2.0,0.0,5.0,13,No,3,Low
4354,Sanjay Verma,49,Female,Divorced,1,Other,2,Sales Executive,2,Non-Travel,92410,19,1.0,7.0,4.5,7,4,1.0,7.0,1.0,23,No,3,Medium
4355,Rahul Garcia,34,Male,Divorced,2,Medical,2,Sales Representative,4,Travel_Frequently,29740,23,0.0,5.0,2.0,5,3,2.0,0.0,1.0,7,No,4,High
4356,Divya Smith,40,Female,Married,3,Medical,2,Laboratory Technician,1,Travel_Rarely,45020,12,2.0,15.0,0.5,7,4,3.0,7.0,8.0,23,No,3,Medium
4357,Emily Miller,38,Female,Married,4,Life Sciences,1,Research Scientist,3,Travel_Rarely,107480,15,0.0,17.0,3.0,1,0,0.0,0.0,7.0,6,Yes,3,Low
4358,Raj Joshi,29,Female,Married,2,Life Sciences,1,Research Scientist,2,Travel_Rarely,15550,19,2.0,10.0,2.0,10,6,1.0,9.0,1.0,10,Yes,3,Medium
4359,Tanvi Reddy,22,Female,Divorced,3,Life Sciences,2,Healthcare Representative,4,Travel_Rarely,129360,11,2.0,4.0,3.0,4,2,2.0,2.0,1.0,1,No,3,Medium
4360,Sara Johnson,36,Female,Single,3,Life Sciences,2,Laboratory Technician,2,Travel_Frequently,23050,17,0.0,8.0,3.0,8,4,1.0,7.0,1.0,1,No,3,Medium
4361,Tanvi Gupta,40,Male,Married,2,Life Sciences,2,Manufacturing Director,1,Non-Travel,165835,22,0.0,5.0,2.0,3,1,0.0,2.0,8.5,28,No,4,High
4362,Vikram Shah,46,Male,Divorced,1,Medical,2,Research Scientist,5,Travel_Rarely,34330,18,0.0,17.0,3.0,4,2,0.0,3.0,7.0,25,No,3,Medium
4363,Emma Agarwal,32,Male,Married,3,Medical,2,Healthcare Representative,1,Travel_Rarely,34770,11,0.0,14.0,2.0,14,8,7.5,8.0,1.0,5,Yes,3,Medium
4364,Sarah Wilson,30,Male,Single,4,Life Sciences,2,Healthcare Representative,2,Non-Travel,64300,12,1.0,12.0,2.0,11,6,5.0,8.0,1.0,17,No,3,Medium
4365,Olivia Johnson,27,Female,Single,2,Medical,2,Laboratory Technician,1,Travel_Frequently,65160,19,1.0,7.0,4.0,7,4,0.0,7.0,1.0,18,No,3,Medium
4366,Sanjay Kumar,51,Female,Married,1,Medical,2,Manufacturing Director,1,Travel_Rarely,39070,13,0.0,16.0,2.0,10,6,4.0,7.0,5.0,2,No,3,Low
4367,Meera Rao,30,Female,Single,4,Life Sciences,2,Research Scientist,2,Travel_Rarely,55620,13,0.0,8.0,3.0,5,3,0.0,4.0,5.0,10,Yes,3,Medium
4368,Vivek Thakur,41,Male,Single,3,Life Sciences,2,Human Resources,2,Travel_Rarely,68830,19,2.0,16.0,3.0,1,0,0.0,0.0,3.0,1,No,3,Medium
4369,Nikhil Singh,30,Male,Single,2,Medical,1,Healthcare Representative,2,Travel_Frequently,28620,14,0.0,9.0,2.0,6,3,0.0,1.0,5.0,3,Yes,3,Low
4370,Tanvi Pillai,29,Male,Single,3,Life Sciences,2,Sales Executive,1,Travel_Rarely,49780,13,0.0,7.0,3.0,6,3,1.0,5.0,0.0,2,Yes,3,Medium
4371,Aditya Joshi,45,Female,Single,3,Medical,2,Research Scientist,2,Non-Travel,103680,12,2.0,23.0,2.0,18,10,7.5,8.0,6.0,2,No,3,Medium
4372,Michael Kumar,54,Female,Married,2,Marketing,1,Laboratory Technician,2,Travel_Rarely,61340,19,0.0,16.0,2.0,6,3,0.0,5.0,2.0,8,No,3,Medium
4373,Neha Reddy,36,Male,Single,4,Life Sciences,2,Healthcare Representative,1,Travel_Rarely,67350,25,2.0,16.0,3.0,13,7,3.0,7.0,8.0,16,No,4,High
4374,Amit Patel,33,Female,Married,1,Other,1,Sales Executive,3,Travel_Rarely,32950,22,2.0,7.0,2.0,3,1,1.0,1.0,6.0,9,No,4,High
4375,Emma Thakur,37,Male,Divorced,4,Life Sciences,1,Laboratory Technician,2,Travel_Frequently,52380,15,1.0,10.0,4.5,10,6,0.0,7.0,1.0,2,No,3,Medium
4376,Dev Patel,38,Male,Divorced,2,Medical,2,Laboratory Technician,4,Travel_Rarely,64720,12,0.0,17.0,4.0,16,9,5.0,13.0,0.0,1,No,3,Low
4377,Nikhil Johnson,31,Female,Married,1,Medical,1,Research Scientist,3,Non-Travel,96100,11,1.0,6.0,2.0,5,3,1.0,4.0,0.0,4,No,3,Medium
4378,Varun Patel,59,Female,Married,3,Life Sciences,2,Manager,3,Travel_Rarely,165835,13,0.0,7.0,2.0,1,0,0.0,0.0,3.0,5,No,3,Medium
4379,Varun Garcia,37,Female,Divorced,3,Marketing,1,Laboratory Technician,2,Travel_Frequently,97560,19,0.0,13.0,2.0,9,5,5.0,8.0,4.0,2,No,3,Medium
4380,Dev Sharma,29,Female,Married,4,Medical,1,Sales Executive,1,Travel_Frequently,49680,19,2.5,11.0,4.0,11,6,4.0,1.0,1.0,15,No,3,Medium
4381,John Shah,35,Female,Single,3,Life Sciences,2,Sales Executive,1,Travel_Frequently,21450,13,0.0,10.0,4.5,10,6,0.0,8.0,1.0,19,No,3,Medium
4382,Vivek Malhotra,29,Female,Single,1,Life Sciences,2,Research Scientist,1,Travel_Rarely,21800,21,0.0,4.0,2.0,4,2,0.0,1.0,1.0,7,Yes,4,High
4383,Ishaan Mehta,52,Female,Single,2,Medical,2,Manager,4,Travel_Rarely,83460,14,0.0,6.0,4.5,2,1,2.0,2.0,7.0,1,No,3,Medium
4384,Dev Rao,42,Female,Married,4,Life Sciences,2,Sales Executive,2,Travel_Rarely,34450,11,2.0,22.0,2.0,18,10,7.5,14.5,1.0,7,No,3,Medium
4385,Ananya Jones,59,Male,Married,4,Technical Degree,2,Healthcare Representative,1,Travel_Rarely,27600,11,0.0,7.0,3.0,2,1,2.0,2.0,8.0,4,No,3,Medium
4386,Rahul Garcia,50,Male,Divorced,2,Life Sciences,2,Sales Executive,2,Travel_Rarely,62940,23,1.0,28.5,2.0,7,4,0.0,6.0,3.0,11,No,4,High
4387,Rahul Joshi,33,Male,Married,4,Marketing,1,Research Scientist,1,Travel_Rarely,71400,21,0.0,8.0,2.0,5,3,0.0,4.0,5.0,11,Yes,4,High
4388,Raj Singh,43,Female,Married,3,Marketing,1,Manufacturing Director,2,Travel_Rarely,29320,24,0.0,22.0,3.0,17,10,1.0,9.0,5.0,1,No,4,High
4389,James Johnson,33,Male,Married,3,Life Sciences,1,Manager,2,Travel_Rarely,51470,11,0.0,13.0,2.0,9,5,1.0,7.0,7.0,1,Yes,3,Low
4390,Arjun Thakur,52,Male,Single,3,Technical Degree,2,Sales Executive,1,Non-Travel,45070,14,0.0,28.5,3.0,18,10,7.5,12.0,1.0,2,No,3,Medium
4391,Riya Mehta,32,Female,Married,4,Life Sciences,3,Manufacturing Director,3,Travel_Rarely,85640,16,1.0,6.0,2.0,4,2,1.0,2.0,2.0,13,No,3,Medium
4392,Anjali Williams,32,Male,Single,1,Life Sciences,1,Healthcare Representative,3,Travel_Rarely,24680,11,0.0,4.0,2.0,3,1,1.0,2.0,0.0,23,Yes,3,Medium
4393,Gaurav Reddy,39,Male,Divorced,4,Life Sciences,1,Research Director,2,Travel_Rarely,81610,12,1.0,7.0,2.0,3,1,1.0,2.0,7.0,26,No,3,Medium
4394,Divya Agarwal,32,Male,Married,4,Marketing,1,Research Scientist,4,Non-Travel,21090,13,1.0,4.0,3.0,3,1,2.0,2.0,0.0,2,No,3,Medium
4395,Akash Malhotra,41,Female,Divorced,3,Life Sciences,1,Laboratory Technician,2,Travel_Rarely,52940,15,0.0,17.0,3.0,1,0,0.0,0.0,2.0,29,No,3,Low
4396,Riya Pillai,40,Male,Divorced,3,Life Sciences,2,Manufacturing Director,1,Travel_Rarely,27180,14,1.0,9.0,4.0,9,5,4.0,7.0,2.0,2,No,3,Medium
4397,Sara Patel,45,Female,Married,1,Life Sciences,2,Sales Representative,2,Travel_Rarely,58110,14,0.0,25.0,4.0,18,10,1.0,7.0,0.0,18,No,3,Medium
4398,Nikhil Johnson,31,Male,Divorced,4,Medical,2,Research Scientist,1,Travel_Frequently,24370,14,1.0,9.0,3.0,2,1,2.0,2.0,8.5,7,No,3,Medium
4399,Kavya Singh,33,Female,Married,4,Life Sciences,2,Sales Executive,1,Travel_Rarely,27660,12,1.0,2.0,2.0,2,1,0.0,2.0,1.0,2,No,3,Medium
4400,Emily Williams,34,Female,Married,3,Other,2,Sales Executive,1,Travel_Rarely,165835,13,0.0,13.0,3.0,11,6,5.0,9.0,6.0,26,No,3,Medium
4401,Suresh Williams,37,Female,Married,5,Medical,2,Manufacturing Director,2,Travel_Rarely,30550,14,2.5,17.0,3.0,3,1,0.0,2.0,2.0,22,No,3,Low
4402,Vivek Johnson,45,Male,Married,1,Marketing,1,Research Scientist,3,Travel_Frequently,22890,13,0.0,9.0,3.0,3,1,0.0,2.0,4.0,21,No,3,Low
4403,Rahul Sharma,37,Male,Divorced,3,Marketing,1,Laboratory Technician,1,Travel_Frequently,40010,11,1.0,17.0,2.0,1,0,0.0,0.0,6.0,2,Yes,3,Medium
4404,Sanjay Gupta,39,Female,Single,3,Medical,2,Manufacturing Director,1,Travel_Frequently,129650,19,1.0,20.0,2.0,18,10,7.5,8.0,0.0,22,No,3,Medium
4405,Vivek Rao,29,Female,Single,3,Other,1,Human Resources,2,Travel_Rarely,35390,18,0.0,6.0,2.0,6,3,1.0,5.0,1.0,4,No,3,Medium
4406,Sarah Thakur,42,Female,Single,4,Medical,2,Research Scientist,1,Travel_Rarely,60290,17,1.0,10.0,4.5,3,1,0.0,2.0,3.0,5,No,3,Medium
4407,Riya Garcia,29,Male,Divorced,4,Medical,2,Laboratory Technician,1,Travel_Rarely,26790,15,0.0,10.0,2.0,3,1,0.0,2.0,2.0,2,No,3,Medium
4408,Priya Nair,25,Male,Married,2,Life Sciences,2,Sales Executive,2,Travel_Rarely,37020,20,0.0,5.0,4.0,4,2,1.0,2.0,0.0,25,No,4,High
4409,Kunal Jones,42,Male,Divorced,2,Medical,1,Laboratory Technician,1,Travel_Rarely,23980,14,1.0,10.0,2.0,9,5,7.0,8.0,0.0,18,No,3,Medium
4410,Vikram Patel,40,Male,Divorced,3,Medical,2,Laboratory Technician,2,Travel_Rarely,54680,12,0.0,10.0,4.5,18,10,3.0,9.0,0.0,28,No,3,Medium
